model,wave_id,order_id,assigned_rider_id,persona_name,create_time,promise_deliver_time,finish_time,is_on_time,fee,actual_duration_s,actual_distance_m,pickup_lon,pickup_lat,delivery_lon,delivery_lat
nearest_baseline,nearest_baseline_w000024,6000000000000000215,1,Full-time Workhorse,2020-02-15T08:22:02+08:00,2020-02-15T10:45:00+08:00,2020-02-15T08:42:09+08:00,True,6.0,1329.0,5038.0,116.642803,39.920638,116.627457,39.919826
nearest_baseline,nearest_baseline_w000053,6000000000000000579,1,Full-time Workhorse,2020-02-15T08:55:43+08:00,2020-02-15T11:15:00+08:00,2020-02-15T09:20:27+08:00,True,6.0,1827.0,7113.0,116.642803,39.920638,116.627157,39.920666
nearest_baseline,nearest_baseline_w000112,6000000000000000461,1,Full-time Workhorse,2020-02-15T09:36:29+08:00,2020-02-15T12:06:29+08:00,2020-02-15T09:49:44+08:00,True,3.0,1184.0,4433.0,116.625171,39.926247,116.634367,39.929096
nearest_baseline,nearest_baseline_w000149,6000000000000000645,1,Full-time Workhorse,2020-02-15T09:50:17+08:00,2020-02-15T12:20:17+08:00,2020-02-15T10:01:22+08:00,True,3.0,682.0,2342.0,116.625171,39.926247,116.634577,39.928716
nearest_baseline,nearest_baseline_w000180,6000000000000000749,1,Full-time Workhorse,2020-02-15T10:07:42+08:00,2020-02-15T10:49:42+08:00,2020-02-15T10:25:42+08:00,True,3.0,942.0,3425.0,116.62917600000002,39.922566,116.634347,39.929076
nearest_baseline,nearest_baseline_w000239,6000000000000001287,1,Full-time Workhorse,2020-02-15T10:45:00+08:00,2020-02-15T11:30:00+08:00,2020-02-15T10:52:58+08:00,True,3.0,778.0,2740.0,116.630037,39.924566,116.632577,39.930146
nearest_baseline,nearest_baseline_w000283,6000000000000001063,1,Full-time Workhorse,2020-02-15T10:46:42+08:00,2020-02-15T11:34:42+08:00,2020-02-15T11:12:21+08:00,True,3.0,741.0,2589.0,116.630037,39.924566,116.637807,39.927626
nearest_baseline,nearest_baseline_w000334,6000000000000002032,1,Full-time Workhorse,2020-02-15T11:08:43+08:00,2020-02-15T12:11:43+08:00,2020-02-15T11:39:59+08:00,True,6.0,1199.0,4498.0,116.630037,39.924566,116.627887,39.941836
nearest_baseline,nearest_baseline_w001034,6000000000000006160,1,Full-time Workhorse,2020-02-15T16:42:09+08:00,2020-02-15T17:24:09+08:00,2020-02-15T17:10:01+08:00,True,3.0,1801.0,7006.0,116.629789,39.925544,116.630747,39.921036
nearest_baseline,nearest_baseline_w001102,6000000000000006859,1,Full-time Workhorse,2020-02-15T17:12:32+08:00,2020-02-15T18:00:32+08:00,2020-02-15T17:40:17+08:00,True,6.0,1217.0,4569.0,116.637717,39.927835,116.647777,39.921156
nearest_baseline,nearest_baseline_w001169,6000000000000006877,1,Full-time Workhorse,2020-02-15T17:21:18+08:00,2020-02-15T18:17:18+08:00,2020-02-15T17:58:29+08:00,True,3.0,509.0,1620.0,116.642763,39.920949,116.647427,39.917176
nearest_baseline,nearest_baseline_w001204,6000000000000007043,1,Full-time Workhorse,2020-02-15T18:04:05+08:00,2020-02-15T19:03:05+08:00,2020-02-15T18:25:20+08:00,True,3.0,1520.0,5832.0,116.62934,39.923075,116.634347,39.928356
nearest_baseline,nearest_baseline_w001261,6000000000000008181,1,Full-time Workhorse,2020-02-15T18:38:02+08:00,2020-02-15T19:28:02+08:00,2020-02-15T18:43:31+08:00,True,3.0,811.0,2882.0,116.637717,39.927835,116.645997,39.925016
nearest_baseline,nearest_baseline_w001343,6000000000000008119,1,Full-time Workhorse,2020-02-15T19:05:21+08:00,2020-02-15T20:02:21+08:00,2020-02-15T19:36:57+08:00,True,6.0,2217.0,8739.0,116.66643,39.920401,116.691977,39.910646
nearest_baseline,nearest_baseline_w001416,6000000000000008598,1,Full-time Workhorse,2020-02-15T19:46:36+08:00,2020-02-15T20:26:36+08:00,2020-02-15T20:14:20+08:00,True,3.0,2060.0,8083.0,116.688017,39.906071,116.687077,39.904456
nearest_baseline,nearest_baseline_w000014,6000000000000000216,2,Full-time Workhorse,2020-02-15T08:25:38+08:00,2020-02-15T10:45:00+08:00,2020-02-15T08:34:19+08:00,True,6.0,859.0,3077.0,116.640281,40.125318,116.623777,40.129876
nearest_baseline,nearest_baseline_w000101,6000000000000000745,2,Full-time Workhorse,2020-02-15T09:27:47+08:00,2020-02-15T12:26:47+08:00,2020-02-15T09:42:38+08:00,True,6.0,1358.0,5155.0,116.640281,40.125318,116.624137,40.131706
nearest_baseline,nearest_baseline_w000167,6000000000000000953,2,Full-time Workhorse,2020-02-15T10:04:08+08:00,2020-02-15T10:34:08+08:00,2020-02-15T10:26:11+08:00,True,6.0,1571.0,6046.0,116.640705,40.125447,116.661007,40.125886
nearest_baseline,nearest_baseline_w000229,6000000000000001373,2,Full-time Workhorse,2020-02-15T10:32:54+08:00,2020-02-15T12:00:00+08:00,2020-02-15T10:50:09+08:00,True,6.0,1209.0,4535.0,116.642834,40.126848,116.62864700000002,40.130856
nearest_baseline,nearest_baseline_w000292,6000000000000001910,2,Full-time Workhorse,2020-02-15T11:04:00+08:00,2020-02-15T14:04:00+08:00,2020-02-15T11:27:30+08:00,True,6.0,1650.0,6377.0,116.640281,40.125318,116.654337,40.103676
nearest_baseline,nearest_baseline_w000428,6000000000000003207,2,Full-time Workhorse,2020-02-15T12:09:49+08:00,2020-02-15T13:03:49+08:00,2020-02-15T12:32:36+08:00,True,6.0,1956.0,7653.0,116.655264,40.106647,116.621377,40.105876
nearest_baseline,nearest_baseline_w000544,6000000000000003599,2,Full-time Workhorse,2020-02-15T12:29:05+08:00,2020-02-15T14:59:05+08:00,2020-02-15T13:11:34+08:00,True,6.0,1894.0,7393.0,116.639234,40.111142,116.621737,40.104156
nearest_baseline,nearest_baseline_w001160,6000000000000007108,2,Full-time Workhorse,2020-02-15T17:43:43+08:00,2020-02-15T18:36:43+08:00,2020-02-15T18:06:38+08:00,True,6.0,1598.0,6161.0,116.637597,40.116886,116.621987,40.106866
nearest_baseline,nearest_baseline_w001206,6000000000000007254,2,Full-time Workhorse,2020-02-15T17:50:47+08:00,2020-02-15T18:42:48+08:00,2020-02-15T18:16:57+08:00,True,3.0,417.0,1236.0,116.621664,40.106851,116.621377,40.105836
nearest_baseline,nearest_baseline_w000056,6000000000000000252,3,Full-time Workhorse,2020-02-15T08:59:30+08:00,2020-02-15T09:53:30+08:00,2020-02-15T09:19:52+08:00,True,6.0,1792.0,6967.0,116.453639,39.920846,116.444577,39.898106
nearest_baseline,nearest_baseline_w000092,6000000000000000258,3,Full-time Workhorse,2020-02-15T09:10:32+08:00,2020-02-15T09:40:32+08:00,2020-02-15T09:29:52+08:00,True,3.0,592.0,1967.0,116.45064800000002,39.896061,116.454867,39.897226
nearest_baseline,nearest_baseline_w000110,6000000000000000451,3,Full-time Workhorse,2020-02-15T09:12:10+08:00,2020-02-15T09:42:11+08:00,2020-02-15T09:36:52+08:00,True,3.0,412.0,1219.0,116.45064800000002,39.896061,116.450077,39.899146
nearest_baseline,nearest_baseline_w000133,6000000000000000530,3,Full-time Workhorse,2020-02-15T09:15:03+08:00,2020-02-15T12:15:03+08:00,2020-02-15T10:05:14+08:00,True,6.0,1514.0,5808.0,116.452478,39.884308,116.468137,39.897316
nearest_baseline,nearest_baseline_w000185,6000000000000000824,3,Full-time Workhorse,2020-02-15T10:04:12+08:00,2020-02-15T10:43:12+08:00,2020-02-15T10:32:52+08:00,True,6.0,1372.0,5214.0,116.45922600000002,39.890149,116.437217,39.878096
nearest_baseline,nearest_baseline_w000241,6000000000000000986,3,Full-time Workhorse,2020-02-15T10:34:57+08:00,2020-02-15T11:40:57+08:00,2020-02-15T11:02:45+08:00,True,6.0,1365.0,5185.0,116.444694,39.879636,116.437697,39.895686
nearest_baseline,nearest_baseline_w000320,6000000000000001465,3,Full-time Workhorse,2020-02-15T11:06:46+08:00,2020-02-15T11:36:46+08:00,2020-02-15T11:23:19+08:00,True,3.0,799.0,2829.0,116.455577,39.890346,116.460547,39.887786
nearest_baseline,nearest_baseline_w000349,6000000000000001923,3,Full-time Workhorse,2020-02-15T11:01:23+08:00,2020-02-15T11:37:23+08:00,2020-02-15T11:41:50+08:00,False,3.0,710.0,2461.0,116.459747,39.890366,116.462327,39.897746
nearest_baseline,nearest_baseline_w000403,6000000000000001913,3,Full-time Workhorse,2020-02-15T11:35:19+08:00,2020-02-15T12:17:19+08:00,2020-02-15T11:56:48+08:00,True,3.0,408.0,1201.0,116.464637,39.899875,116.460367,39.900266
nearest_baseline,nearest_baseline_w000430,6000000000000002622,3,Full-time Workhorse,2020-02-15T11:38:29+08:00,2020-02-15T12:20:29+08:00,2020-02-15T12:11:54+08:00,True,3.0,714.0,2476.0,116.464637,39.899875,116.460367,39.900266
nearest_baseline,nearest_baseline_w000485,6000000000000003108,3,Full-time Workhorse,2020-02-15T11:59:22+08:00,2020-02-15T12:51:22+08:00,2020-02-15T12:46:10+08:00,True,3.0,1570.0,6038.0,116.452714,39.904197,116.449077,39.897186
nearest_baseline,nearest_baseline_w000592,6000000000000003889,3,Full-time Workhorse,2020-02-15T13:05:44+08:00,2020-02-15T13:35:45+08:00,2020-02-15T13:16:50+08:00,True,3.0,410.0,1207.0,116.45064800000002,39.896061,116.454477,39.899896
nearest_baseline,nearest_baseline_w000624,6000000000000003520,3,Full-time Workhorse,2020-02-15T13:00:18+08:00,2020-02-15T13:39:18+08:00,2020-02-15T13:25:36+08:00,True,3.0,336.0,896.0,116.448123,39.898774,116.448627,39.899286
nearest_baseline,nearest_baseline_w000640,6000000000000004000,3,Full-time Workhorse,2020-02-15T13:02:15+08:00,2020-02-15T13:40:15+08:00,2020-02-15T13:33:00+08:00,True,3.0,180.0,246.0,116.448123,39.898774,116.448627,39.899286
nearest_baseline,nearest_baseline_w000664,6000000000000004115,3,Full-time Workhorse,2020-02-15T13:18:12+08:00,2020-02-15T14:00:12+08:00,2020-02-15T13:46:42+08:00,True,3.0,402.0,1177.0,116.450481,39.894417,116.450107,39.893796
nearest_baseline,nearest_baseline_w000680,6000000000000004350,3,Full-time Workhorse,2020-02-15T13:22:46+08:00,2020-02-15T14:08:46+08:00,2020-02-15T13:53:58+08:00,True,3.0,238.0,489.0,116.450481,39.894417,116.45005700000002,39.893276
nearest_baseline,nearest_baseline_w000701,6000000000000004594,3,Full-time Workhorse,2020-02-15T13:40:43+08:00,2020-02-15T14:18:43+08:00,2020-02-15T14:03:46+08:00,True,3.0,226.0,442.0,116.450679,39.894508,116.449887,39.894386
nearest_baseline,nearest_baseline_w000721,6000000000000004722,3,Full-time Workhorse,2020-02-15T13:52:24+08:00,2020-02-15T14:35:24+08:00,2020-02-15T14:20:29+08:00,True,6.0,629.0,2122.0,116.450679,39.894508,116.444127,39.884896
nearest_baseline,nearest_baseline_w000767,6000000000000004795,3,Full-time Workhorse,2020-02-15T14:02:57+08:00,2020-02-15T14:49:57+08:00,2020-02-15T14:48:19+08:00,True,6.0,1099.0,4081.0,116.44576800000002,39.884215,116.475277,39.895546
nearest_baseline,nearest_baseline_w000817,6000000000000004816,3,Full-time Workhorse,2020-02-15T14:29:15+08:00,2020-02-15T15:19:15+08:00,2020-02-15T15:08:01+08:00,True,6.0,1081.0,4003.0,116.483266,39.899346,116.462517,39.897646
nearest_baseline,nearest_baseline_w000857,6000000000000005241,3,Full-time Workhorse,2020-02-15T14:56:58+08:00,2020-02-15T15:26:58+08:00,2020-02-15T15:21:19+08:00,True,3.0,679.0,2331.0,116.45064800000002,39.896061,116.449237,39.897106
nearest_baseline,nearest_baseline_w000893,6000000000000005517,3,Full-time Workhorse,2020-02-15T15:12:12+08:00,2020-02-15T15:42:13+08:00,2020-02-15T15:39:39+08:00,True,3.0,579.0,1913.0,116.450157,39.892116,116.454697,39.891036
nearest_baseline,nearest_baseline_w000909,6000000000000005686,3,Full-time Workhorse,2020-02-15T15:14:13+08:00,2020-02-15T15:44:13+08:00,2020-02-15T15:53:32+08:00,False,3.0,812.0,2885.0,116.450157,39.892116,116.450517,39.883996
nearest_baseline,nearest_baseline_w000942,6000000000000005377,3,Full-time Workhorse,2020-02-15T15:33:58+08:00,2020-02-15T16:11:58+08:00,2020-02-15T16:10:17+08:00,True,3.0,617.0,2072.0,116.451929,39.884293,116.443367,39.881366
nearest_baseline,nearest_baseline_w000979,6000000000000005748,3,Full-time Workhorse,2020-02-15T15:57:43+08:00,2020-02-15T16:33:43+08:00,2020-02-15T16:35:17+08:00,False,6.0,917.0,3318.0,116.44576800000002,39.884215,116.457167,39.893896
nearest_baseline,nearest_baseline_w001017,6000000000000006130,3,Full-time Workhorse,2020-02-15T16:23:51+08:00,2020-02-15T16:53:51+08:00,2020-02-15T16:47:34+08:00,True,3.0,454.0,1390.0,116.452933,39.893163,116.455067,39.895396
nearest_baseline,nearest_baseline_w001038,6000000000000005779,3,Full-time Workhorse,2020-02-15T16:24:18+08:00,2020-02-15T16:54:19+08:00,2020-02-15T16:55:39+08:00,False,3.0,339.0,915.0,116.45099,39.894333,116.449287,39.894396
nearest_baseline,nearest_baseline_w001065,6000000000000005968,3,Full-time Workhorse,2020-02-15T16:43:55+08:00,2020-02-15T17:21:55+08:00,2020-02-15T17:19:31+08:00,True,6.0,1171.0,4380.0,116.44576800000002,39.884215,116.427117,39.881016
nearest_baseline,nearest_baseline_w001114,6000000000000006991,3,Full-time Workhorse,2020-02-15T17:12:26+08:00,2020-02-15T17:48:26+08:00,2020-02-15T17:36:46+08:00,True,3.0,1006.0,3690.0,116.437744,39.891373,116.436927,39.893076
nearest_baseline,nearest_baseline_w001141,6000000000000006467,3,Full-time Workhorse,2020-02-15T17:16:25+08:00,2020-02-15T17:55:25+08:00,2020-02-15T17:47:18+08:00,True,3.0,438.0,1323.0,116.438879,39.891925,116.439277,39.885946
nearest_baseline,nearest_baseline_w001168,6000000000000007245,3,Full-time Workhorse,2020-02-15T17:44:51+08:00,2020-02-15T18:27:51+08:00,2020-02-15T18:04:41+08:00,True,6.0,881.0,3169.0,116.44116,39.882763,116.428557,39.873876
nearest_baseline,nearest_baseline_w001224,6000000000000006964,3,Full-time Workhorse,2020-02-15T17:40:46+08:00,2020-02-15T18:31:46+08:00,2020-02-15T18:33:22+08:00,False,6.0,1402.0,5343.0,116.425405,39.865176,116.421027,39.844976
nearest_baseline,nearest_baseline_w001287,6000000000000007774,3,Full-time Workhorse,2020-02-15T18:42:51+08:00,2020-02-15T19:14:51+08:00,2020-02-15T18:50:26+08:00,True,3.0,626.0,2109.0,116.412947,39.840366,116.416287,39.846006
nearest_baseline,nearest_baseline_w001325,6000000000000007799,3,Full-time Workhorse,2020-02-15T18:57:38+08:00,2020-02-15T19:39:38+08:00,2020-02-15T19:15:41+08:00,True,6.0,941.0,3423.0,116.420153,39.845391,116.437227,39.837826
nearest_baseline,nearest_baseline_w001367,6000000000000007960,3,Full-time Workhorse,2020-02-15T19:12:03+08:00,2020-02-15T19:46:03+08:00,2020-02-15T19:44:10+08:00,True,3.0,1450.0,5542.0,116.439057,39.840946,116.438207,39.842146
nearest_baseline,nearest_baseline_w001446,6000000000000008589,3,Full-time Workhorse,2020-02-15T19:37:57+08:00,2020-02-15T20:28:57+08:00,2020-02-15T20:10:28+08:00,True,3.0,1228.0,4620.0,116.417238,39.844604,116.422057,39.840516
nearest_baseline,nearest_baseline_w000051,6000000000000000504,4,Full-time Workhorse,2020-02-15T08:41:49+08:00,2020-02-15T09:15:49+08:00,2020-02-15T09:09:31+08:00,True,6.0,1171.0,4382.0,116.493135,39.914461,116.50664700000002,39.920116
nearest_baseline,nearest_baseline_w000079,6000000000000000453,4,Full-time Workhorse,2020-02-15T09:17:21+08:00,2020-02-15T10:22:21+08:00,2020-02-15T09:43:35+08:00,True,6.0,2015.0,7895.0,116.491742,39.924739,116.464527,39.909736
nearest_baseline,nearest_baseline_w000137,6000000000000000743,4,Full-time Workhorse,2020-02-15T09:55:56+08:00,2020-02-15T10:25:56+08:00,2020-02-15T10:02:40+08:00,True,3.0,760.0,2667.0,116.46676,39.911872,116.468607,39.905586
nearest_baseline,nearest_baseline_w000223,6000000000000001261,4,Full-time Workhorse,2020-02-15T10:20:31+08:00,2020-02-15T10:50:31+08:00,2020-02-15T10:46:29+08:00,True,3.0,989.0,3619.0,116.461445,39.913318,116.464107,39.908956
nearest_baseline,nearest_baseline_w000271,6000000000000000762,4,Full-time Workhorse,2020-02-15T10:21:00+08:00,2020-02-15T10:51:01+08:00,2020-02-15T11:14:44+08:00,False,6.0,1484.0,5682.0,116.472207,39.919326,116.469347,39.928336
nearest_baseline,nearest_baseline_w000326,6000000000000001849,4,Full-time Workhorse,2020-02-15T11:06:36+08:00,2020-02-15T11:46:36+08:00,2020-02-15T11:25:13+08:00,True,3.0,313.0,803.0,116.467901,39.925326,116.467777,39.924806
nearest_baseline,nearest_baseline_w000357,6000000000000001680,4,Full-time Workhorse,2020-02-15T11:23:27+08:00,2020-02-15T11:53:27+08:00,2020-02-15T11:35:36+08:00,True,3.0,336.0,898.0,116.464198,39.929763,116.465127,39.929866
nearest_baseline,nearest_baseline_w000374,6000000000000002169,4,Full-time Workhorse,2020-02-15T11:21:29+08:00,2020-02-15T12:05:29+08:00,2020-02-15T11:45:52+08:00,True,3.0,352.0,967.0,116.467341,39.931301,116.468607,39.927536
nearest_baseline,nearest_baseline_w000406,6000000000000002301,4,Full-time Workhorse,2020-02-15T11:39:59+08:00,2020-02-15T12:32:59+08:00,2020-02-15T12:06:29+08:00,True,6.0,989.0,3623.0,116.467341,39.931301,116.494007,39.932276
nearest_baseline,nearest_baseline_w000457,6000000000000002655,4,Full-time Workhorse,2020-02-15T12:06:06+08:00,2020-02-15T12:53:06+08:00,2020-02-15T12:22:39+08:00,True,3.0,759.0,2660.0,116.49112,39.937725,116.492437,39.930266
nearest_baseline,nearest_baseline_w000503,6000000000000003431,4,Full-time Workhorse,2020-02-15T12:17:46+08:00,2020-02-15T13:04:46+08:00,2020-02-15T12:48:04+08:00,True,3.0,1084.0,4016.0,116.489465,39.93027,116.496397,39.931046
nearest_baseline,nearest_baseline_w000556,6000000000000003144,4,Full-time Workhorse,2020-02-15T12:27:23+08:00,2020-02-15T13:16:23+08:00,2020-02-15T13:04:39+08:00,True,3.0,879.0,3164.0,116.491702,39.925601,116.488267,39.929776
nearest_baseline,nearest_baseline_w000603,6000000000000003877,4,Full-time Workhorse,2020-02-15T12:49:05+08:00,2020-02-15T13:42:05+08:00,2020-02-15T13:33:04+08:00,True,6.0,1384.0,5268.0,116.49112,39.937725,116.507767,39.920216
nearest_baseline,nearest_baseline_w000656,6000000000000004360,4,Full-time Workhorse,2020-02-15T13:27:12+08:00,2020-02-15T14:03:12+08:00,2020-02-15T14:01:04+08:00,True,6.0,1264.0,4770.0,116.50734,39.920737,116.508677,39.944086
nearest_baseline,nearest_baseline_w000733,6000000000000004874,4,Full-time Workhorse,2020-02-15T14:07:04+08:00,2020-02-15T17:07:04+08:00,2020-02-15T14:22:38+08:00,True,6.0,758.0,2656.0,116.512228,39.939599,116.521877,39.945256
nearest_baseline,nearest_baseline_w000779,6000000000000005227,4,Full-time Workhorse,2020-02-15T14:13:11+08:00,2020-02-15T17:13:11+08:00,2020-02-15T14:49:10+08:00,True,6.0,1150.0,4295.0,116.512228,39.939599,116.492617,39.939576
nearest_baseline,nearest_baseline_w000818,6000000000000004758,4,Full-time Workhorse,2020-02-15T14:35:47+08:00,2020-02-15T15:47:47+08:00,2020-02-15T15:04:50+08:00,True,6.0,890.0,3208.0,116.495335,39.932599,116.488407,39.924326
nearest_baseline,nearest_baseline_w000858,6000000000000005425,4,Full-time Workhorse,2020-02-15T15:18:00+08:00,2020-02-15T15:48:00+08:00,2020-02-15T15:26:41+08:00,True,6.0,1001.0,3672.0,116.495134,39.914462,116.490287,39.922656
nearest_baseline,nearest_baseline_w000899,6000000000000005563,4,Full-time Workhorse,2020-02-15T15:13:33+08:00,2020-02-15T16:14:33+08:00,2020-02-15T15:42:03+08:00,True,6.0,723.0,2513.0,116.489807,39.915506,116.501797,39.912266
nearest_baseline,nearest_baseline_w000936,6000000000000005538,4,Full-time Workhorse,2020-02-15T15:38:17+08:00,2020-02-15T16:18:17+08:00,2020-02-15T16:04:36+08:00,True,3.0,876.0,3149.0,116.489708,39.914563,116.499937,39.916536
nearest_baseline,nearest_baseline_w000973,6000000000000005547,4,Full-time Workhorse,2020-02-15T15:44:33+08:00,2020-02-15T16:34:33+08:00,2020-02-15T16:27:47+08:00,True,3.0,1067.0,3949.0,116.508379,39.923987,116.513117,39.919416
nearest_baseline,nearest_baseline_w001008,6000000000000006078,4,Full-time Workhorse,2020-02-15T16:26:34+08:00,2020-02-15T17:23:34+08:00,2020-02-15T17:02:23+08:00,True,6.0,1943.0,7597.0,116.507775,39.923937,116.507577,39.944856
nearest_baseline,nearest_baseline_w001094,6000000000000007017,4,Full-time Workhorse,2020-02-15T17:07:21+08:00,2020-02-15T20:06:21+08:00,2020-02-15T17:37:13+08:00,True,6.0,1633.0,6304.0,116.491472,39.932166,116.513767,39.922006
nearest_baseline,nearest_baseline_w001147,6000000000000006665,4,Full-time Workhorse,2020-02-15T17:24:31+08:00,2020-02-15T18:25:31+08:00,2020-02-15T18:06:11+08:00,True,10.0,1571.0,6044.0,116.507333,39.920738,116.542587,39.920266
nearest_baseline,nearest_baseline_w001209,6000000000000007658,4,Full-time Workhorse,2020-02-15T17:51:13+08:00,2020-02-15T18:37:13+08:00,2020-02-15T18:18:25+08:00,True,3.0,505.0,1604.0,116.543591,39.91971,116.544247,39.916476
nearest_baseline,nearest_baseline_w001232,6000000000000007668,4,Full-time Workhorse,2020-02-15T17:56:12+08:00,2020-02-15T19:08:12+08:00,2020-02-15T18:31:57+08:00,True,6.0,717.0,2488.0,116.545654,39.915477,116.557627,39.905376
nearest_baseline,nearest_baseline_w001293,6000000000000008099,4,Full-time Workhorse,2020-02-15T18:34:34+08:00,2020-02-15T19:19:34+08:00,2020-02-15T18:58:09+08:00,True,3.0,1089.0,4035.0,116.5584,39.915093,116.564157,39.919906
nearest_baseline,nearest_baseline_w001322,6000000000000008129,4,Full-time Workhorse,2020-02-15T19:09:10+08:00,2020-02-15T20:23:10+08:00,2020-02-15T19:21:27+08:00,True,6.0,1287.0,4860.0,116.565649,39.922496,116.594657,39.915556
nearest_baseline,nearest_baseline_w001400,6000000000000008916,4,Full-time Workhorse,2020-02-15T19:31:09+08:00,2020-02-15T20:31:09+08:00,2020-02-15T19:45:40+08:00,True,3.0,940.0,3419.0,116.591737,39.925177,116.586547,39.926066
nearest_baseline,nearest_baseline_w001430,6000000000000008608,4,Full-time Workhorse,2020-02-15T19:56:14+08:00,2020-02-15T20:51:14+08:00,2020-02-15T20:01:09+08:00,True,3.0,669.0,2291.0,116.585739,39.92365,116.592067,39.926026
nearest_baseline,nearest_baseline_w000073,6000000000000000514,5,Full-time Workhorse,2020-02-15T09:13:09+08:00,2020-02-15T09:53:10+08:00,2020-02-15T09:18:44+08:00,True,3.0,524.0,1684.0,116.481895,39.913428,116.483007,39.911986
nearest_baseline,nearest_baseline_w000086,6000000000000000229,5,Full-time Workhorse,2020-02-15T09:16:27+08:00,2020-02-15T09:55:28+08:00,2020-02-15T09:27:21+08:00,True,3.0,441.0,1341.0,116.481895,39.913428,116.481207,39.911486
nearest_baseline,nearest_baseline_w000109,6000000000000000314,5,Full-time Workhorse,2020-02-15T09:10:11+08:00,2020-02-15T09:58:11+08:00,2020-02-15T09:48:37+08:00,True,3.0,1117.0,4154.0,116.481895,39.913428,116.492067,39.916186
nearest_baseline,nearest_baseline_w000136,6000000000000000638,5,Full-time Workhorse,2020-02-15T09:39:04+08:00,2020-02-15T10:30:04+08:00,2020-02-15T10:05:27+08:00,True,3.0,927.0,3363.0,116.494054,39.915226,116.486727,39.910376
nearest_baseline,nearest_baseline_w000181,6000000000000001108,5,Full-time Workhorse,2020-02-15T10:17:09+08:00,2020-02-15T11:31:09+08:00,2020-02-15T10:36:07+08:00,True,3.0,1567.0,6027.0,116.486914,39.917948,116.478927,39.921796
nearest_baseline,nearest_baseline_w000234,6000000000000000769,5,Full-time Workhorse,2020-02-15T10:24:05+08:00,2020-02-15T11:09:05+08:00,2020-02-15T10:54:07+08:00,True,6.0,847.0,3029.0,116.47898,39.918639,116.495157,39.924526
nearest_baseline,nearest_baseline_w000290,6000000000000000978,5,Full-time Workhorse,2020-02-15T10:30:50+08:00,2020-02-15T11:20:50+08:00,2020-02-15T11:18:02+08:00,True,6.0,1082.0,4009.0,116.494054,39.915226,116.510967,39.914976
nearest_baseline,nearest_baseline_w000331,6000000000000001881,5,Full-time Workhorse,2020-02-15T11:20:18+08:00,2020-02-15T12:01:18+08:00,2020-02-15T11:31:57+08:00,True,3.0,717.0,2490.0,116.503155,39.914895,116.498647,39.912276
nearest_baseline,nearest_baseline_w000383,6000000000000002093,5,Full-time Workhorse,2020-02-15T11:34:33+08:00,2020-02-15T12:16:33+08:00,2020-02-15T11:57:56+08:00,True,3.0,1076.0,3980.0,116.50435,39.91497,116.505917,39.906276
nearest_baseline,nearest_baseline_w000448,6000000000000002469,5,Full-time Workhorse,2020-02-15T11:44:15+08:00,2020-02-15T12:40:15+08:00,2020-02-15T12:23:16+08:00,True,6.0,1396.0,5317.0,116.494054,39.915226,116.494007,39.932276
nearest_baseline,nearest_baseline_w000532,6000000000000003610,5,Full-time Workhorse,2020-02-15T12:36:28+08:00,2020-02-15T13:19:28+08:00,2020-02-15T12:52:39+08:00,True,3.0,759.0,2662.0,116.49112,39.937725,116.491017,39.931106
nearest_baseline,nearest_baseline_w000578,6000000000000003303,5,Full-time Workhorse,2020-02-15T12:39:48+08:00,2020-02-15T13:41:48+08:00,2020-02-15T13:23:56+08:00,True,6.0,1436.0,5485.0,116.491702,39.925601,116.467867,39.928706
nearest_baseline,nearest_baseline_w000650,6000000000000004012,5,Full-time Workhorse,2020-02-15T13:10:27+08:00,2020-02-15T13:48:27+08:00,2020-02-15T13:42:27+08:00,True,3.0,747.0,2614.0,116.46405,39.920323,116.464937,39.922666
nearest_baseline,nearest_baseline_w000695,6000000000000004435,5,Full-time Workhorse,2020-02-15T13:32:02+08:00,2020-02-15T14:23:02+08:00,2020-02-15T14:03:37+08:00,True,3.0,817.0,2902.0,116.45671000000002,39.930163,116.456397,39.934086
nearest_baseline,nearest_baseline_w000730,6000000000000004975,5,Full-time Workhorse,2020-02-15T13:46:33+08:00,2020-02-15T16:15:00+08:00,2020-02-15T14:21:58+08:00,True,6.0,718.0,2492.0,116.45776,39.930611,116.473267,39.932396
nearest_baseline,nearest_baseline_w000785,6000000000000005278,5,Full-time Workhorse,2020-02-15T14:02:25+08:00,2020-02-15T17:02:25+08:00,2020-02-15T14:44:08+08:00,True,3.0,848.0,3034.0,116.478038,39.918249,116.473307,39.913006
nearest_baseline,nearest_baseline_w000811,6000000000000004707,5,Full-time Workhorse,2020-02-15T14:23:49+08:00,2020-02-15T15:14:49+08:00,2020-02-15T15:05:14+08:00,True,6.0,914.0,3307.0,116.471286,39.914835,116.487987,39.916886
nearest_baseline,nearest_baseline_w000850,6000000000000005339,5,Full-time Workhorse,2020-02-15T14:53:27+08:00,2020-02-15T15:49:27+08:00,2020-02-15T15:23:49+08:00,True,6.0,829.0,2951.0,116.481502,39.915072,116.493777,39.911226
nearest_baseline,nearest_baseline_w000887,6000000000000005564,5,Full-time Workhorse,2020-02-15T15:15:41+08:00,2020-02-15T15:57:41+08:00,2020-02-15T15:41:39+08:00,True,6.0,699.0,2413.0,116.49568,39.914159,116.489407,39.922866
nearest_baseline,nearest_baseline_w000931,6000000000000005637,5,Full-time Workhorse,2020-02-15T15:24:03+08:00,2020-02-15T16:36:03+08:00,2020-02-15T16:15:19+08:00,True,6.0,1519.0,5829.0,116.486914,39.917948,116.502397,39.908666
nearest_baseline,nearest_baseline_w000995,6000000000000006011,5,Full-time Workhorse,2020-02-15T16:24:12+08:00,2020-02-15T17:12:12+08:00,2020-02-15T16:55:07+08:00,True,3.0,2107.0,8280.0,116.507775,39.923937,116.502537,39.930106
nearest_baseline,nearest_baseline_w001059,6000000000000006430,5,Full-time Workhorse,2020-02-15T17:02:37+08:00,2020-02-15T18:14:37+08:00,2020-02-15T17:12:43+08:00,True,6.0,763.0,2681.0,116.495335,39.932599,116.495797,39.921256
nearest_baseline,nearest_baseline_w001104,6000000000000006876,5,Full-time Workhorse,2020-02-15T17:20:01+08:00,2020-02-15T18:14:01+08:00,2020-02-15T17:37:00+08:00,True,3.0,1020.0,3748.0,116.486896,39.927424,116.476607,39.923826
nearest_baseline,nearest_baseline_w001154,6000000000000007479,5,Full-time Workhorse,2020-02-15T17:38:15+08:00,2020-02-15T18:17:15+08:00,2020-02-15T17:59:19+08:00,True,3.0,1159.0,4328.0,116.486246,39.927424,116.496547,39.929236
nearest_baseline,nearest_baseline_w001192,6000000000000007016,5,Full-time Workhorse,2020-02-15T17:34:19+08:00,2020-02-15T18:10:19+08:00,2020-02-15T18:18:52+08:00,False,3.0,1132.0,4214.0,116.491768,39.926461,116.488527,39.927096
nearest_baseline,nearest_baseline_w001234,6000000000000007335,5,Full-time Workhorse,2020-02-15T17:52:39+08:00,2020-02-15T18:23:39+08:00,2020-02-15T18:35:51+08:00,False,3.0,951.0,3466.0,116.486282,39.929118,116.487627,39.930126
nearest_baseline,nearest_baseline_w001296,6000000000000008064,5,Full-time Workhorse,2020-02-15T18:16:13+08:00,2020-02-15T19:02:13+08:00,2020-02-15T19:00:11+08:00,True,6.0,1211.0,4544.0,116.474561,39.924617,116.463497,39.934556
nearest_baseline,nearest_baseline_w001359,6000000000000008197,5,Full-time Workhorse,2020-02-15T18:47:37+08:00,2020-02-15T19:36:37+08:00,2020-02-15T19:27:43+08:00,True,6.0,1063.0,3927.0,116.461885,39.943634,116.477727,39.959886
nearest_baseline,nearest_baseline_w001388,6000000000000008775,5,Full-time Workhorse,2020-02-15T19:33:33+08:00,2020-02-15T20:29:33+08:00,2020-02-15T19:55:36+08:00,True,6.0,1536.0,5897.0,116.480944,39.958944,116.503247,39.943416
nearest_baseline,nearest_baseline_w000211,6000000000000001118,6,Full-time Workhorse,2020-02-15T10:37:53+08:00,2020-02-15T11:15:00+08:00,2020-02-15T10:52:16+08:00,True,3.0,1336.0,5068.0,116.260887,40.013524,116.269777,40.010896
nearest_baseline,nearest_baseline_w000296,6000000000000000914,6,Full-time Workhorse,2020-02-15T10:34:06+08:00,2020-02-15T12:45:00+08:00,2020-02-15T11:30:07+08:00,True,6.0,1807.0,7028.0,116.258213,40.020021,116.244277,40.041406
nearest_baseline,nearest_baseline_w000386,6000000000000002522,6,Full-time Workhorse,2020-02-15T11:24:13+08:00,2020-02-15T12:29:13+08:00,2020-02-15T11:55:33+08:00,True,6.0,933.0,3387.0,116.242437,40.046631,116.235707,40.061706
nearest_baseline,nearest_baseline_w000442,6000000000000003007,6,Full-time Workhorse,2020-02-15T11:40:31+08:00,2020-02-15T12:33:31+08:00,2020-02-15T12:19:15+08:00,True,3.0,1155.0,4311.0,116.233316,40.071362,116.240787,40.064546
nearest_baseline,nearest_baseline_w000487,6000000000000003101,6,Full-time Workhorse,2020-02-15T11:58:05+08:00,2020-02-15T12:33:05+08:00,2020-02-15T12:39:35+08:00,False,3.0,1175.0,4399.0,116.239082,40.072874,116.240787,40.064546
nearest_baseline,nearest_baseline_w000538,6000000000000003127,6,Full-time Workhorse,2020-02-15T12:12:23+08:00,2020-02-15T12:49:23+08:00,2020-02-15T12:58:25+08:00,False,6.0,1105.0,4107.0,116.239082,40.072874,116.244987,40.081946
nearest_baseline,nearest_baseline_w000581,6000000000000003637,6,Full-time Workhorse,2020-02-15T12:48:24+08:00,2020-02-15T13:28:24+08:00,2020-02-15T13:17:25+08:00,True,6.0,1045.0,3852.0,116.251831,40.08469,116.233437,40.076326
nearest_baseline,nearest_baseline_w000620,6000000000000004086,6,Full-time Workhorse,2020-02-15T13:01:47+08:00,2020-02-15T13:31:47+08:00,2020-02-15T13:35:41+08:00,False,6.0,941.0,3423.0,116.237724,40.073266,116.240787,40.064546
nearest_baseline,nearest_baseline_w000672,6000000000000003931,6,Full-time Workhorse,2020-02-15T13:12:46+08:00,2020-02-15T13:52:46+08:00,2020-02-15T13:59:32+08:00,False,6.0,1172.0,4386.0,116.239082,40.072874,116.235837,40.061976
nearest_baseline,nearest_baseline_w000716,6000000000000004373,6,Full-time Workhorse,2020-02-15T13:35:04+08:00,2020-02-15T14:09:04+08:00,2020-02-15T14:20:27+08:00,False,6.0,1227.0,4611.0,116.239082,40.072874,116.245587,40.085506
nearest_baseline,nearest_baseline_w000783,6000000000000004620,6,Full-time Workhorse,2020-02-15T14:03:21+08:00,2020-02-15T14:44:21+08:00,2020-02-15T14:55:01+08:00,False,6.0,1501.0,5753.0,116.239082,40.072874,116.211607,40.074436
nearest_baseline,nearest_baseline_w001108,6000000000000006751,6,Full-time Workhorse,2020-02-15T17:28:27+08:00,2020-02-15T18:21:27+08:00,2020-02-15T17:37:28+08:00,True,3.0,1048.0,3866.0,116.20831,40.064022,116.206997,40.071716
nearest_baseline,nearest_baseline_w001144,6000000000000007241,6,Full-time Workhorse,2020-02-15T17:41:01+08:00,2020-02-15T18:27:01+08:00,2020-02-15T17:53:31+08:00,True,3.0,811.0,2878.0,116.211032,40.074285,116.215807,40.077746
nearest_baseline,nearest_baseline_w001189,6000000000000007637,6,Full-time Workhorse,2020-02-15T17:42:56+08:00,2020-02-15T18:33:56+08:00,2020-02-15T18:13:33+08:00,True,3.0,813.0,2886.0,116.211456,40.076132,116.213367,40.072546
nearest_baseline,nearest_baseline_w001272,6000000000000008225,6,Full-time Workhorse,2020-02-15T18:19:55+08:00,2020-02-15T19:26:55+08:00,2020-02-15T18:53:34+08:00,True,6.0,1414.0,5391.0,116.20831,40.064022,116.221177,40.071456
nearest_baseline,nearest_baseline_w001340,6000000000000008457,6,Full-time Workhorse,2020-02-15T18:56:56+08:00,2020-02-15T19:26:56+08:00,2020-02-15T19:19:15+08:00,True,6.0,1155.0,4311.0,116.239999,40.073555,116.241167,40.063746
nearest_baseline,nearest_baseline_w001426,6000000000000008982,6,Full-time Workhorse,2020-02-15T19:44:11+08:00,2020-02-15T20:22:11+08:00,2020-02-15T19:58:38+08:00,True,6.0,1118.0,4157.0,116.242236,40.048368,116.258577,40.049746
nearest_baseline,nearest_baseline_w000033,6000000000000000349,7,Full-time Workhorse,2020-02-15T08:46:27+08:00,2020-02-15T10:15:00+08:00,2020-02-15T09:01:13+08:00,True,6.0,1273.0,4802.0,116.282846,39.865513,116.294467,39.879526
nearest_baseline,nearest_baseline_w000081,6000000000000000253,7,Full-time Workhorse,2020-02-15T09:03:05+08:00,2020-02-15T10:15:00+08:00,2020-02-15T09:26:54+08:00,True,3.0,1014.0,3722.0,116.283869,39.868915,116.291887,39.867496
nearest_baseline,nearest_baseline_w000196,6000000000000001349,7,Full-time Workhorse,2020-02-15T10:19:28+08:00,2020-02-15T11:29:28+08:00,2020-02-15T10:36:42+08:00,True,6.0,1602.0,6176.0,116.306411,39.881194,116.326657,39.893716
nearest_baseline,nearest_baseline_w000243,6000000000000001360,7,Full-time Workhorse,2020-02-15T10:24:26+08:00,2020-02-15T11:09:26+08:00,2020-02-15T10:48:28+08:00,True,3.0,508.0,1618.0,116.331312,39.887745,116.326927,39.888366
nearest_baseline,nearest_baseline_w000255,6000000000000001190,7,Full-time Workhorse,2020-02-15T10:25:41+08:00,2020-02-15T11:14:41+08:00,2020-02-15T10:59:34+08:00,True,3.0,574.0,1892.0,116.331312,39.887745,116.323907,39.882216
nearest_baseline,nearest_baseline_w000281,6000000000000001276,7,Full-time Workhorse,2020-02-15T10:38:27+08:00,2020-02-15T11:20:27+08:00,2020-02-15T11:10:45+08:00,True,3.0,645.0,2186.0,116.316981,39.881294,116.317047,39.887826
nearest_baseline,nearest_baseline_w000327,6000000000000001727,7,Full-time Workhorse,2020-02-15T11:03:09+08:00,2020-02-15T11:45:09+08:00,2020-02-15T11:32:41+08:00,True,3.0,761.0,2669.0,116.31338900000002,39.891034,116.313177,39.898796
nearest_baseline,nearest_baseline_w000376,6000000000000002049,7,Full-time Workhorse,2020-02-15T11:14:34+08:00,2020-02-15T11:59:34+08:00,2020-02-15T11:55:02+08:00,True,6.0,902.0,3257.0,116.31140200000002,39.895694,116.292767,39.895546
nearest_baseline,nearest_baseline_w000437,6000000000000001516,7,Full-time Workhorse,2020-02-15T11:30:08+08:00,2020-02-15T12:26:08+08:00,2020-02-15T12:17:55+08:00,True,6.0,1075.0,3980.0,116.299668,39.893111,116.308977,39.885386
nearest_baseline,nearest_baseline_w000474,6000000000000003021,7,Full-time Workhorse,2020-02-15T11:58:15+08:00,2020-02-15T12:37:15+08:00,2020-02-15T12:34:51+08:00,True,3.0,891.0,3213.0,116.307737,39.883016,116.312257,39.882136
nearest_baseline,nearest_baseline_w000535,6000000000000002960,7,Full-time Workhorse,2020-02-15T12:11:58+08:00,2020-02-15T12:58:58+08:00,2020-02-15T12:56:28+08:00,True,6.0,988.0,3616.0,116.321768,39.883747,116.310297,39.878216
nearest_baseline,nearest_baseline_w000580,6000000000000003918,7,Full-time Workhorse,2020-02-15T12:48:26+08:00,2020-02-15T13:23:26+08:00,2020-02-15T13:08:23+08:00,True,3.0,503.0,1597.0,116.302604,39.878356,116.303527,39.880096
nearest_baseline,nearest_baseline_w000593,6000000000000004240,7,Full-time Workhorse,2020-02-15T13:05:10+08:00,2020-02-15T13:56:10+08:00,2020-02-15T13:28:44+08:00,True,6.0,1124.0,4185.0,116.304244,39.882553,116.288907,39.863436
nearest_baseline,nearest_baseline_w000643,6000000000000004357,7,Full-time Workhorse,2020-02-15T13:26:02+08:00,2020-02-15T15:00:00+08:00,2020-02-15T13:53:24+08:00,True,6.0,1404.0,5350.0,116.295037,39.865266,116.260947,39.865196
nearest_baseline,nearest_baseline_w000720,6000000000000004728,7,Full-time Workhorse,2020-02-15T13:55:08+08:00,2020-02-15T14:47:08+08:00,2020-02-15T14:17:52+08:00,True,3.0,1072.0,3966.0,116.24185500000002,39.874994,116.238997,39.873046
nearest_baseline,nearest_baseline_w000746,6000000000000004696,7,Full-time Workhorse,2020-02-15T14:17:28+08:00,2020-02-15T15:14:28+08:00,2020-02-15T14:35:59+08:00,True,6.0,959.0,3494.0,116.24185500000002,39.874994,116.249567,39.887466
nearest_baseline,nearest_baseline_w000808,6000000000000004752,7,Full-time Workhorse,2020-02-15T14:18:43+08:00,2020-02-15T15:16:43+08:00,2020-02-15T15:05:49+08:00,True,6.0,1549.0,5954.0,116.24185500000002,39.874994,116.252757,39.890176
nearest_baseline,nearest_baseline_w000863,6000000000000005510,7,Full-time Workhorse,2020-02-15T15:06:42+08:00,2020-02-15T16:15:42+08:00,2020-02-15T15:27:44+08:00,True,3.0,1064.0,3934.0,116.244966,39.905969,116.251407,39.907396
nearest_baseline,nearest_baseline_w000894,6000000000000005683,7,Full-time Workhorse,2020-02-15T15:10:18+08:00,2020-02-15T15:48:18+08:00,2020-02-15T15:44:36+08:00,True,3.0,876.0,3150.0,116.244992,39.906222,116.254557,39.907046
nearest_baseline,nearest_baseline_w000945,6000000000000006049,7,Full-time Workhorse,2020-02-15T16:07:05+08:00,2020-02-15T16:58:05+08:00,2020-02-15T16:13:58+08:00,True,6.0,838.0,2993.0,116.255341,39.904313,116.245787,39.891846
nearest_baseline,nearest_baseline_w000982,6000000000000006473,7,Full-time Workhorse,2020-02-15T16:03:41+08:00,2020-02-15T19:03:41+08:00,2020-02-15T16:38:59+08:00,True,6.0,1139.0,4244.0,116.241422,39.889506,116.259847,39.903866
nearest_baseline,nearest_baseline_w001023,6000000000000005763,7,Full-time Workhorse,2020-02-15T16:13:05+08:00,2020-02-15T16:59:05+08:00,2020-02-15T16:59:48+08:00,False,6.0,1188.0,4450.0,116.254673,39.89927,116.229017,39.889016
nearest_baseline,nearest_baseline_w001068,6000000000000005966,7,Full-time Workhorse,2020-02-15T16:42:35+08:00,2020-02-15T17:16:35+08:00,2020-02-15T17:14:24+08:00,True,6.0,864.0,3103.0,116.24532,39.888758,116.257177,39.893856
nearest_baseline,nearest_baseline_w001111,6000000000000007066,7,Full-time Workhorse,2020-02-15T17:14:48+08:00,2020-02-15T18:39:00+08:00,2020-02-15T17:45:34+08:00,True,6.0,1534.0,5893.0,116.259382,39.882491,116.236927,39.864016
nearest_baseline,nearest_baseline_w001278,6000000000000007783,7,Full-time Workhorse,2020-02-15T18:48:15+08:00,2020-02-15T19:38:15+08:00,2020-02-15T18:57:50+08:00,True,6.0,1070.0,3957.0,116.237783,39.864326,116.262797,39.865246
nearest_baseline,nearest_baseline_w001342,6000000000000008445,7,Full-time Workhorse,2020-02-15T18:48:07+08:00,2020-02-15T19:20:07+08:00,2020-02-15T19:18:08+08:00,True,3.0,1088.0,4035.0,116.282846,39.865513,116.279717,39.861046
nearest_baseline,nearest_baseline_w000027,6000000000000000381,8,Full-time Workhorse,2020-02-15T08:35:48+08:00,2020-02-15T09:28:48+08:00,2020-02-15T08:51:40+08:00,True,6.0,1300.0,4917.0,116.279369,39.958476,116.294577,39.938706
nearest_baseline,nearest_baseline_w000193,6000000000000000829,8,Full-time Workhorse,2020-02-15T10:12:50+08:00,2020-02-15T10:59:50+08:00,2020-02-15T10:42:30+08:00,True,6.0,1950.0,7626.0,116.307277,39.950036,116.304587,39.937446
nearest_baseline,nearest_baseline_w000261,6000000000000001413,8,Full-time Workhorse,2020-02-15T10:53:47+08:00,2020-02-15T11:25:55+08:00,2020-02-15T11:05:11+08:00,True,3.0,911.0,3298.0,116.297227,39.941976,116.291317,39.936606
nearest_baseline,nearest_baseline_w000310,6000000000000001580,8,Full-time Workhorse,2020-02-15T11:09:08+08:00,2020-02-15T11:50:20+08:00,2020-02-15T11:29:26+08:00,True,6.0,1166.0,4358.0,116.297227,39.941976,116.303657,39.930016
nearest_baseline,nearest_baseline_w000354,6000000000000001652,8,Full-time Workhorse,2020-02-15T11:13:12+08:00,2020-02-15T12:04:15+08:00,2020-02-15T11:42:23+08:00,True,6.0,743.0,2596.0,116.299687,39.932746,116.313887,39.932016
nearest_baseline,nearest_baseline_w000396,6000000000000001901,8,Full-time Workhorse,2020-02-15T11:29:02+08:00,2020-02-15T12:12:10+08:00,2020-02-15T11:59:46+08:00,True,6.0,586.0,1942.0,116.314607,39.932116,116.329577,39.937726
nearest_baseline,nearest_baseline_w000423,6000000000000002791,8,Full-time Workhorse,2020-02-15T11:39:21+08:00,2020-02-15T12:23:21+08:00,2020-02-15T12:20:03+08:00,True,6.0,1203.0,4513.0,116.33193,39.937938,116.358507,39.950116
nearest_baseline,nearest_baseline_w000512,6000000000000003269,8,Full-time Workhorse,2020-02-15T12:13:52+08:00,2020-02-15T12:47:52+08:00,2020-02-15T12:41:54+08:00,True,3.0,714.0,2474.0,116.353706,39.941668,116.351417,39.942476
nearest_baseline,nearest_baseline_w000577,6000000000000003622,8,Full-time Workhorse,2020-02-15T12:40:30+08:00,2020-02-15T13:28:30+08:00,2020-02-15T13:16:11+08:00,True,6.0,971.0,3548.0,116.353967,39.938066,116.360167,39.916646
nearest_baseline,nearest_baseline_w000629,6000000000000003989,8,Full-time Workhorse,2020-02-15T12:54:02+08:00,2020-02-15T13:28:02+08:00,2020-02-15T13:30:01+08:00,False,3.0,601.0,2007.0,116.351018,39.916312,116.347797,39.920996
nearest_baseline,nearest_baseline_w000678,6000000000000004274,8,Full-time Workhorse,2020-02-15T13:18:40+08:00,2020-02-15T13:50:40+08:00,2020-02-15T13:55:52+08:00,False,6.0,952.0,3465.0,116.348517,39.907678,116.335207,39.906976
nearest_baseline,nearest_baseline_w000713,6000000000000004372,8,Full-time Workhorse,2020-02-15T13:34:41+08:00,2020-02-15T14:07:41+08:00,2020-02-15T14:14:39+08:00,False,6.0,879.0,3166.0,116.347977,39.906916,116.358217,39.897536
nearest_baseline,nearest_baseline_w000749,6000000000000004959,8,Full-time Workhorse,2020-02-15T14:04:05+08:00,2020-02-15T14:45:05+08:00,2020-02-15T14:39:29+08:00,True,6.0,1169.0,4371.0,116.353703,39.89785,116.358327,39.876036
nearest_baseline,nearest_baseline_w000790,6000000000000005101,8,Full-time Workhorse,2020-02-15T14:22:05+08:00,2020-02-15T15:06:05+08:00,2020-02-15T15:01:05+08:00,True,6.0,1265.0,4771.0,116.355308,39.877295,116.341047,39.894386
nearest_baseline,nearest_baseline_w000847,6000000000000005570,8,Full-time Workhorse,2020-02-15T15:17:50+08:00,2020-02-15T16:09:50+08:00,2020-02-15T15:25:27+08:00,True,6.0,927.0,3361.0,116.34339,39.893493,116.331787,39.891846
nearest_baseline,nearest_baseline_w000905,6000000000000005210,8,Full-time Workhorse,2020-02-15T15:20:38+08:00,2020-02-15T15:50:38+08:00,2020-02-15T15:49:18+08:00,True,6.0,1158.0,4323.0,116.349201,39.896337,116.365787,39.894546
nearest_baseline,nearest_baseline_w000940,6000000000000005364,8,Full-time Workhorse,2020-02-15T15:21:31+08:00,2020-02-15T15:56:31+08:00,2020-02-15T16:10:00+08:00,False,6.0,1200.0,4503.0,116.351183,39.887967,116.344367,39.896546
nearest_baseline,nearest_baseline_w000960,6000000000000005808,8,Full-time Workhorse,2020-02-15T15:40:19+08:00,2020-02-15T16:27:19+08:00,2020-02-15T16:29:03+08:00,False,6.0,1143.0,4263.0,116.342826,39.894091,116.327467,39.892386
nearest_baseline,nearest_baseline_w001000,6000000000000006083,8,Full-time Workhorse,2020-02-15T16:27:58+08:00,2020-02-15T17:13:58+08:00,2020-02-15T16:46:10+08:00,True,6.0,970.0,3540.0,116.330308,39.891783,116.343277,39.879536
nearest_baseline,nearest_baseline_w001036,6000000000000006087,8,Full-time Workhorse,2020-02-15T16:29:30+08:00,2020-02-15T17:09:30+08:00,2020-02-15T16:53:29+08:00,True,3.0,209.0,370.0,116.343601,39.877731,116.343037,39.879096
nearest_baseline,nearest_baseline_w001093,6000000000000005964,8,Full-time Workhorse,2020-02-15T16:41:06+08:00,2020-02-15T17:14:06+08:00,2020-02-15T17:27:33+08:00,False,3.0,1053.0,3887.0,116.332306,39.887726,116.331017,39.894606
nearest_baseline,nearest_baseline_w001133,6000000000000006901,8,Full-time Workhorse,2020-02-15T17:08:29+08:00,2020-02-15T18:02:29+08:00,2020-02-15T17:52:12+08:00,True,6.0,1332.0,5049.0,116.335681,39.886558,116.351737,39.901616
nearest_baseline,nearest_baseline_w001190,6000000000000006947,8,Full-time Workhorse,2020-02-15T17:30:25+08:00,2020-02-15T18:21:25+08:00,2020-02-15T18:18:38+08:00,True,6.0,1118.0,4157.0,116.354626,39.898649,116.345967,39.918296
nearest_baseline,nearest_baseline_w001239,6000000000000007593,8,Full-time Workhorse,2020-02-15T17:54:21+08:00,2020-02-15T18:30:21+08:00,2020-02-15T18:33:39+08:00,False,6.0,819.0,2915.0,116.347776,39.922938,116.331027,39.927536
nearest_baseline,nearest_baseline_w001298,6000000000000007856,8,Full-time Workhorse,2020-02-15T18:33:20+08:00,2020-02-15T19:04:20+08:00,2020-02-15T18:56:27+08:00,True,3.0,987.0,3611.0,116.347776,39.922938,116.350547,39.928066
nearest_baseline,nearest_baseline_w001328,6000000000000007768,8,Full-time Workhorse,2020-02-15T18:37:19+08:00,2020-02-15T19:11:19+08:00,2020-02-15T19:16:26+08:00,False,6.0,986.0,3609.0,116.347776,39.922938,116.332277,39.924556
nearest_baseline,nearest_baseline_w001391,6000000000000008917,8,Full-time Workhorse,2020-02-15T19:31:33+08:00,2020-02-15T20:10:33+08:00,2020-02-15T19:54:00+08:00,True,3.0,1440.0,5499.0,116.334979,39.920349,116.32993700000002,39.915596
nearest_baseline,nearest_baseline_w001450,6000000000000008726,8,Full-time Workhorse,2020-02-15T19:52:10+08:00,2020-02-15T20:46:10+08:00,2020-02-15T20:25:00+08:00,True,6.0,1500.0,5751.0,116.334675,39.911191,116.312107,39.920846
nearest_baseline,nearest_baseline_w000082,6000000000000000353,9,Full-time Workhorse,2020-02-15T09:10:56+08:00,2020-02-15T09:52:56+08:00,2020-02-15T09:25:14+08:00,True,3.0,914.0,3306.0,116.223847,40.220772,116.23224700000002,40.219296
nearest_baseline,nearest_baseline_w000113,6000000000000000361,9,Full-time Workhorse,2020-02-15T09:37:33+08:00,2020-02-15T10:12:33+08:00,2020-02-15T09:44:25+08:00,True,6.0,865.0,3104.0,116.223847,40.220772,116.224377,40.208516
nearest_baseline,nearest_baseline_w000152,6000000000000000808,9,Full-time Workhorse,2020-02-15T09:44:46+08:00,2020-02-15T10:30:46+08:00,2020-02-15T10:03:19+08:00,True,3.0,799.0,2827.0,116.229677,40.219166,116.224107,40.213806
nearest_baseline,nearest_baseline_w000174,6000000000000001113,9,Full-time Workhorse,2020-02-15T10:19:59+08:00,2020-02-15T11:11:59+08:00,2020-02-15T10:36:54+08:00,True,10.0,1614.0,6225.0,116.224309,40.208972,116.258287,40.228066
nearest_baseline,nearest_baseline_w000311,6000000000000001654,9,Full-time Workhorse,2020-02-15T11:14:01+08:00,2020-02-15T11:55:01+08:00,2020-02-15T11:24:23+08:00,True,3.0,863.0,3094.0,116.254081,40.221115,116.254177,40.216156
nearest_baseline,nearest_baseline_w000355,6000000000000002074,9,Full-time Workhorse,2020-02-15T11:25:45+08:00,2020-02-15T12:13:46+08:00,2020-02-15T11:42:49+08:00,True,3.0,769.0,2703.0,116.254081,40.221115,116.253587,40.229276
nearest_baseline,nearest_baseline_w000414,6000000000000001495,9,Full-time Workhorse,2020-02-15T11:23:15+08:00,2020-02-15T12:17:15+08:00,2020-02-15T12:10:41+08:00,True,6.0,1241.0,4668.0,116.254081,40.221115,116.225887,40.219596
nearest_baseline,nearest_baseline_w000473,6000000000000002961,9,Full-time Workhorse,2020-02-15T12:12:09+08:00,2020-02-15T12:47:09+08:00,2020-02-15T12:30:17+08:00,True,3.0,617.0,2074.0,116.223847,40.220772,116.214727,40.219796
nearest_baseline,nearest_baseline_w000527,6000000000000003042,9,Full-time Workhorse,2020-02-15T12:16:56+08:00,2020-02-15T13:03:56+08:00,2020-02-15T13:00:16+08:00,True,6.0,1216.0,4566.0,116.21815,40.223265,116.231277,40.207916
nearest_baseline,nearest_baseline_w000830,6000000000000005417,9,Full-time Workhorse,2020-02-15T15:08:10+08:00,2020-02-15T16:15:00+08:00,2020-02-15T15:13:51+08:00,True,6.0,831.0,2962.0,116.228992,40.211453,116.231097,40.227756
nearest_baseline,nearest_baseline_w000883,6000000000000005503,9,Full-time Workhorse,2020-02-15T15:02:36+08:00,2020-02-15T15:44:36+08:00,2020-02-15T15:40:32+08:00,True,6.0,1232.0,4634.0,116.227967,40.211171,116.228877,40.225076
nearest_baseline,nearest_baseline_w000925,6000000000000005745,9,Full-time Workhorse,2020-02-15T15:44:59+08:00,2020-02-15T16:26:59+08:00,2020-02-15T15:56:33+08:00,True,3.0,393.0,1139.0,116.226725,40.223306,116.22933700000002,40.226906
nearest_baseline,nearest_baseline_w000952,6000000000000005392,9,Full-time Workhorse,2020-02-15T15:48:23+08:00,2020-02-15T16:26:23+08:00,2020-02-15T16:14:55+08:00,True,3.0,895.0,3227.0,116.223519,40.223315,116.22933700000002,40.226906
nearest_baseline,nearest_baseline_w000986,6000000000000006118,9,Full-time Workhorse,2020-02-15T16:07:27+08:00,2020-02-15T16:53:27+08:00,2020-02-15T16:38:09+08:00,True,6.0,1089.0,4034.0,116.227808,40.219445,116.210927,40.217586
nearest_baseline,nearest_baseline_w001029,6000000000000006259,9,Full-time Workhorse,2020-02-15T16:26:27+08:00,2020-02-15T17:28:27+08:00,2020-02-15T17:05:27+08:00,True,10.0,1527.0,5863.0,116.222792,40.221324,116.258737,40.226846
nearest_baseline,nearest_baseline_w001197,6000000000000007060,9,Full-time Workhorse,2020-02-15T18:08:30+08:00,2020-02-15T19:04:30+08:00,2020-02-15T18:15:42+08:00,True,3.0,942.0,3425.0,116.254081,40.221115,116.256867,40.229396
nearest_baseline,nearest_baseline_w001246,6000000000000008158,9,Full-time Workhorse,2020-02-15T18:20:15+08:00,2020-02-15T19:16:16+08:00,2020-02-15T18:37:45+08:00,True,6.0,1065.0,3936.0,116.254081,40.221115,116.253137,40.234206
nearest_baseline,nearest_baseline_w001339,6000000000000008523,9,Full-time Workhorse,2020-02-15T19:02:30+08:00,2020-02-15T19:59:30+08:00,2020-02-15T19:23:23+08:00,True,6.0,1403.0,5344.0,116.254081,40.221115,116.234157,40.211556
nearest_baseline,nearest_baseline_w001385,6000000000000008385,9,Full-time Workhorse,2020-02-15T19:15:09+08:00,2020-02-15T19:48:09+08:00,2020-02-15T19:37:38+08:00,True,3.0,458.0,1407.0,116.234639,40.213592,116.234187,40.216866
nearest_baseline,nearest_baseline_w001424,6000000000000008140,9,Full-time Workhorse,2020-02-15T19:17:31+08:00,2020-02-15T20:02:31+08:00,2020-02-15T20:07:59+08:00,False,6.0,1679.0,6497.0,116.21815,40.223265,116.223207,40.199216
nearest_baseline,nearest_baseline_w000118,6000000000000000679,10,Full-time Workhorse,2020-02-15T09:31:20+08:00,2020-02-15T12:31:20+08:00,2020-02-15T09:41:15+08:00,True,3.0,675.0,2314.0,116.309383,39.844365,116.308777,39.847316
nearest_baseline,nearest_baseline_w000140,6000000000000000741,10,Full-time Workhorse,2020-02-15T09:52:02+08:00,2020-02-15T10:36:02+08:00,2020-02-15T10:00:36+08:00,True,3.0,636.0,2147.0,116.311233,39.843761,116.30741700000002,39.851866
nearest_baseline,nearest_baseline_w000176,6000000000000000695,10,Full-time Workhorse,2020-02-15T10:18:01+08:00,2020-02-15T10:58:01+08:00,2020-02-15T10:17:25+08:00,True,3.0,445.0,1351.0,116.310481,39.846895,116.30638700000002,39.847496
nearest_baseline,nearest_baseline_w000200,6000000000000001050,10,Full-time Workhorse,2020-02-15T10:29:00+08:00,2020-02-15T11:04:00+08:00,2020-02-15T10:25:06+08:00,True,3.0,306.0,776.0,116.310219,39.847394,116.308717,39.845346
nearest_baseline,nearest_baseline_w000210,6000000000000001053,10,Full-time Workhorse,2020-02-15T10:33:30+08:00,2020-02-15T11:18:30+08:00,2020-02-15T10:36:57+08:00,True,3.0,417.0,1236.0,116.310481,39.846895,116.305347,39.845236
nearest_baseline,nearest_baseline_w000236,6000000000000000793,10,Full-time Workhorse,2020-02-15T10:38:31+08:00,2020-02-15T11:19:31+08:00,2020-02-15T10:50:33+08:00,True,3.0,633.0,2138.0,116.309405,39.847654,116.314827,39.839896
nearest_baseline,nearest_baseline_w000280,6000000000000001549,10,Full-time Workhorse,2020-02-15T10:59:03+08:00,2020-02-15T11:43:03+08:00,2020-02-15T11:09:35+08:00,True,3.0,575.0,1893.0,116.312273,39.843898,116.312457,39.839116
nearest_baseline,nearest_baseline_w000307,6000000000000001650,10,Full-time Workhorse,2020-02-15T11:12:59+08:00,2020-02-15T11:52:59+08:00,2020-02-15T11:23:11+08:00,True,3.0,791.0,2796.0,116.307887,39.843653,116.312687,39.836906
nearest_baseline,nearest_baseline_w000360,6000000000000002355,10,Full-time Workhorse,2020-02-15T11:32:18+08:00,2020-02-15T12:21:18+08:00,2020-02-15T11:49:36+08:00,True,6.0,1176.0,4403.0,116.310259,39.843509,116.297817,39.850326
nearest_baseline,nearest_baseline_w000398,6000000000000002305,10,Full-time Workhorse,2020-02-15T11:33:43+08:00,2020-02-15T12:31:43+08:00,2020-02-15T12:06:09+08:00,True,6.0,969.0,3540.0,116.298455,39.849971,116.322217,39.849216
nearest_baseline,nearest_baseline_w000464,6000000000000003130,10,Full-time Workhorse,2020-02-15T12:14:30+08:00,2020-02-15T12:52:30+08:00,2020-02-15T12:19:59+08:00,True,3.0,599.0,1997.0,116.310481,39.846895,116.310977,39.842926
nearest_baseline,nearest_baseline_w000471,6000000000000002755,10,Full-time Workhorse,2020-02-15T12:06:23+08:00,2020-02-15T12:48:23+08:00,2020-02-15T12:30:55+08:00,True,3.0,655.0,2230.0,116.310259,39.843509,116.300057,39.842106
nearest_baseline,nearest_baseline_w000531,6000000000000002584,10,Full-time Workhorse,2020-02-15T12:13:15+08:00,2020-02-15T12:53:15+08:00,2020-02-15T12:49:46+08:00,True,3.0,586.0,1941.0,116.303781,39.846645,116.306207,39.846446
nearest_baseline,nearest_baseline_w000550,6000000000000004047,10,Full-time Workhorse,2020-02-15T12:54:43+08:00,2020-02-15T16:15:00+08:00,2020-02-15T12:59:33+08:00,True,3.0,573.0,1889.0,116.309383,39.844365,116.305347,39.845236
nearest_baseline,nearest_baseline_w000610,6000000000000004277,10,Full-time Workhorse,2020-02-15T13:16:09+08:00,2020-02-15T14:01:09+08:00,2020-02-15T13:32:31+08:00,True,6.0,1351.0,5130.0,116.298705,39.856634,116.279717,39.861046
nearest_baseline,nearest_baseline_w000717,6000000000000004797,10,Full-time Workhorse,2020-02-15T14:03:33+08:00,2020-02-15T14:45:33+08:00,2020-02-15T14:17:16+08:00,True,6.0,1036.0,3817.0,116.295037,39.865266,116.298567,39.876486
nearest_baseline,nearest_baseline_w000748,6000000000000004921,10,Full-time Workhorse,2020-02-15T14:24:20+08:00,2020-02-15T14:59:20+08:00,2020-02-15T14:36:03+08:00,True,6.0,963.0,3516.0,116.294116,39.877107,116.298327,39.864026
nearest_baseline,nearest_baseline_w000786,6000000000000005168,10,Full-time Workhorse,2020-02-15T14:47:05+08:00,2020-02-15T15:24:05+08:00,2020-02-15T14:47:57+08:00,True,3.0,477.0,1486.0,116.298371,39.863315,116.297257,39.858196
nearest_baseline,nearest_baseline_w000813,6000000000000004867,10,Full-time Workhorse,2020-02-15T14:32:36+08:00,2020-02-15T15:24:36+08:00,2020-02-15T15:00:43+08:00,True,3.0,643.0,2181.0,116.299606,39.863589,116.294457,39.865266
nearest_baseline,nearest_baseline_w000844,6000000000000005470,10,Full-time Workhorse,2020-02-15T15:14:45+08:00,2020-02-15T15:49:45+08:00,2020-02-15T15:18:04+08:00,True,3.0,484.0,1517.0,116.29482,39.865081,116.287187,39.868646
nearest_baseline,nearest_baseline_w000872,6000000000000005317,10,Full-time Workhorse,2020-02-15T15:19:08+08:00,2020-02-15T15:56:08+08:00,2020-02-15T15:42:27+08:00,True,6.0,1347.0,5114.0,116.294956,39.86506,116.302717,39.882546
nearest_baseline,nearest_baseline_w000938,6000000000000006067,10,Full-time Workhorse,2020-02-15T15:50:25+08:00,2020-02-15T18:15:00+08:00,2020-02-15T16:18:02+08:00,True,6.0,1682.0,6512.0,116.316153,39.881403,116.334947,39.869356
nearest_baseline,nearest_baseline_w000993,6000000000000005908,10,Full-time Workhorse,2020-02-15T15:55:45+08:00,2020-02-15T16:41:46+08:00,2020-02-15T16:37:44+08:00,True,6.0,1064.0,3933.0,116.343601,39.877731,116.336757,39.869866
nearest_baseline,nearest_baseline_w001028,6000000000000006318,10,Full-time Workhorse,2020-02-15T16:18:01+08:00,2020-02-15T17:06:01+08:00,2020-02-15T16:52:13+08:00,True,3.0,733.0,2557.0,116.343601,39.877731,116.343057,39.883556
nearest_baseline,nearest_baseline_w001058,6000000000000005950,10,Full-time Workhorse,2020-02-15T16:32:13+08:00,2020-02-15T17:14:13+08:00,2020-02-15T17:17:34+08:00,False,6.0,1054.0,3888.0,116.348251,39.888003,116.357237,39.899886
nearest_baseline,nearest_baseline_w001106,6000000000000006495,10,Full-time Workhorse,2020-02-15T16:50:47+08:00,2020-02-15T17:46:47+08:00,2020-02-15T17:37:10+08:00,True,6.0,1030.0,3793.0,116.348517,39.907678,116.371667,39.906596
nearest_baseline,nearest_baseline_w001150,6000000000000006924,10,Full-time Workhorse,2020-02-15T17:12:06+08:00,2020-02-15T18:03:15+08:00,2020-02-15T17:59:02+08:00,True,6.0,1142.0,4261.0,116.363147,39.908616,116.371527,39.925706
nearest_baseline,nearest_baseline_w001203,6000000000000007667,10,Full-time Workhorse,2020-02-15T17:55:45+08:00,2020-02-15T18:28:45+08:00,2020-02-15T18:17:21+08:00,True,3.0,1041.0,3838.0,116.352288,39.924338,116.350657,39.926406
nearest_baseline,nearest_baseline_w001237,6000000000000007472,10,Full-time Workhorse,2020-02-15T18:05:19+08:00,2020-02-15T18:37:19+08:00,2020-02-15T18:34:37+08:00,True,3.0,877.0,3154.0,116.34864,39.922954,116.341877,39.925286
nearest_baseline,nearest_baseline_w001290,6000000000000007519,10,Full-time Workhorse,2020-02-15T18:12:32+08:00,2020-02-15T18:53:32+08:00,2020-02-15T18:55:07+08:00,False,6.0,907.0,3277.0,116.349294,39.918768,116.342707,39.927756
nearest_baseline,nearest_baseline_w001355,6000000000000007772,10,Full-time Workhorse,2020-02-15T18:41:21+08:00,2020-02-15T19:17:21+08:00,2020-02-15T19:26:26+08:00,False,6.0,986.0,3610.0,116.347776,39.922938,116.330257,39.930696
nearest_baseline,nearest_baseline_w001403,6000000000000008555,10,Full-time Workhorse,2020-02-15T19:00:11+08:00,2020-02-15T19:43:11+08:00,2020-02-15T19:49:23+08:00,False,6.0,1163.0,4344.0,116.320017,39.938226,116.324927,39.923586
nearest_baseline,nearest_baseline_w001439,6000000000000008974,10,Full-time Workhorse,2020-02-15T19:36:47+08:00,2020-02-15T20:10:47+08:00,2020-02-15T19:58:54+08:00,True,3.0,534.0,1724.0,116.334979,39.920349,116.335217,39.920236
nearest_baseline,nearest_baseline_w000207,6000000000000001189,11,Full-time Workhorse,2020-02-15T10:24:24+08:00,2020-02-15T11:20:24+08:00,2020-02-15T10:38:24+08:00,True,6.0,1104.0,4099.0,116.161448,39.922389,116.173747,39.911846
nearest_baseline,nearest_baseline_w000235,6000000000000001199,11,Full-time Workhorse,2020-02-15T10:32:29+08:00,2020-02-15T12:30:00+08:00,2020-02-15T10:57:41+08:00,True,6.0,1061.0,3921.0,116.168628,39.911481,116.157587,39.935186
nearest_baseline,nearest_baseline_w000394,6000000000000002120,11,Full-time Workhorse,2020-02-15T11:42:20+08:00,2020-02-15T12:22:20+08:00,2020-02-15T11:54:31+08:00,True,3.0,871.0,3130.0,116.161448,39.922389,116.157617,39.926256
nearest_baseline,nearest_baseline_w000434,6000000000000002377,11,Full-time Workhorse,2020-02-15T11:43:46+08:00,2020-02-15T12:24:47+08:00,2020-02-15T12:11:17+08:00,True,3.0,677.0,2321.0,116.161448,39.922389,116.155057,39.925506
nearest_baseline,nearest_baseline_w000484,6000000000000002786,11,Full-time Workhorse,2020-02-15T12:22:31+08:00,2020-02-15T13:16:31+08:00,2020-02-15T12:38:27+08:00,True,6.0,1107.0,4114.0,116.162977,39.922126,116.169357,39.909266
nearest_baseline,nearest_baseline_w000528,6000000000000003405,11,Full-time Workhorse,2020-02-15T12:49:17+08:00,2020-02-15T13:41:17+08:00,2020-02-15T12:59:32+08:00,True,6.0,1172.0,4382.0,116.168269,39.913843,116.152917,39.934076
nearest_baseline,nearest_baseline_w001243,6000000000000008208,11,Full-time Workhorse,2020-02-15T18:25:22+08:00,2020-02-15T21:25:22+08:00,2020-02-15T18:53:17+08:00,True,3.0,1997.0,7820.0,116.150689,39.926924,116.150397,39.924386
nearest_baseline,nearest_baseline_w001321,6000000000000008627,11,Full-time Workhorse,2020-02-15T18:46:57+08:00,2020-02-15T21:46:57+08:00,2020-02-15T19:24:02+08:00,True,3.0,1442.0,5507.0,116.150689,39.926924,116.150397,39.924386
nearest_baseline,nearest_baseline_w001387,6000000000000008983,11,Full-time Workhorse,2020-02-15T19:15:15+08:00,2020-02-15T22:15:15+08:00,2020-02-15T19:55:48+08:00,True,3.0,1548.0,5952.0,116.150689,39.926924,116.158127,39.925686
nearest_baseline,nearest_baseline_w000059,6000000000000000449,12,Full-time Workhorse,2020-02-15T09:09:02+08:00,2020-02-15T09:39:02+08:00,2020-02-15T09:10:42+08:00,True,3.0,642.0,2177.0,116.314724,39.952683,116.306437,39.955736
nearest_baseline,nearest_baseline_w000093,6000000000000000628,12,Full-time Workhorse,2020-02-15T09:26:26+08:00,2020-02-15T09:56:26+08:00,2020-02-15T09:33:53+08:00,True,3.0,833.0,2972.0,116.314724,39.952683,116.307357,39.951786
nearest_baseline,nearest_baseline_w000126,6000000000000000362,12,Full-time Workhorse,2020-02-15T09:39:09+08:00,2020-02-15T10:09:10+08:00,2020-02-15T09:58:29+08:00,True,6.0,1109.0,4123.0,116.314724,39.952683,116.301337,39.945716
nearest_baseline,nearest_baseline_w000166,6000000000000000644,12,Full-time Workhorse,2020-02-15T09:47:47+08:00,2020-02-15T10:17:47+08:00,2020-02-15T10:20:42+08:00,False,6.0,1242.0,4678.0,116.314724,39.952683,116.314817,39.942296
nearest_baseline,nearest_baseline_w000224,6000000000000000500,12,Full-time Workhorse,2020-02-15T10:12:03+08:00,2020-02-15T11:00:03+08:00,2020-02-15T10:53:02+08:00,True,6.0,1382.0,5257.0,116.307277,39.950036,116.305167,39.935246
nearest_baseline,nearest_baseline_w000288,6000000000000001536,12,Full-time Workhorse,2020-02-15T10:53:47+08:00,2020-02-15T11:33:06+08:00,2020-02-15T11:19:40+08:00,True,3.0,1180.0,4416.0,116.297227,39.941976,116.287627,39.939276
nearest_baseline,nearest_baseline_w000337,6000000000000002030,12,Full-time Workhorse,2020-02-15T11:05:51+08:00,2020-02-15T11:56:59+08:00,2020-02-15T11:45:20+08:00,True,6.0,1520.0,5832.0,116.297227,39.941976,116.322377,39.929256
nearest_baseline,nearest_baseline_w000409,6000000000000002984,12,Full-time Workhorse,2020-02-15T11:43:02+08:00,2020-02-15T12:13:02+08:00,2020-02-15T11:56:46+08:00,True,3.0,406.0,1193.0,116.327354,39.933619,116.328497,39.932946
nearest_baseline,nearest_baseline_w000422,6000000000000002378,12,Full-time Workhorse,2020-02-15T11:44:20+08:00,2020-02-15T12:14:21+08:00,2020-02-15T12:07:51+08:00,True,6.0,471.0,1461.0,116.327354,39.933619,116.323817,39.924796
nearest_baseline,nearest_baseline_w000465,6000000000000003352,12,Full-time Workhorse,2020-02-15T12:18:42+08:00,2020-02-15T13:09:42+08:00,2020-02-15T12:36:02+08:00,True,6.0,1562.0,6010.0,116.334979,39.920349,116.305827,39.930006
nearest_baseline,nearest_baseline_w000541,6000000000000003433,12,Full-time Workhorse,2020-02-15T12:10:56+08:00,2020-02-15T13:29:04+08:00,2020-02-15T13:00:50+08:00,True,6.0,1250.0,4706.0,116.317997,39.936496,116.334647,39.935696
nearest_baseline,nearest_baseline_w000599,6000000000000003644,12,Full-time Workhorse,2020-02-15T12:55:42+08:00,2020-02-15T13:33:42+08:00,2020-02-15T13:37:55+08:00,False,3.0,1675.0,6479.0,116.337582,39.942021,116.348807,39.941046
nearest_baseline,nearest_baseline_w000675,6000000000000004268,12,Full-time Workhorse,2020-02-15T13:16:09+08:00,2020-02-15T14:11:09+08:00,2020-02-15T14:12:03+08:00,False,6.0,1923.0,7512.0,116.346607,39.951596,116.340697,39.967846
nearest_baseline,nearest_baseline_w000765,6000000000000005012,12,Full-time Workhorse,2020-02-15T14:00:59+08:00,2020-02-15T14:45:59+08:00,2020-02-15T14:35:59+08:00,True,3.0,959.0,3495.0,116.323589,39.974057,116.317307,39.974226
nearest_baseline,nearest_baseline_w000802,6000000000000004476,12,Full-time Workhorse,2020-02-15T14:12:12+08:00,2020-02-15T15:01:12+08:00,2020-02-15T14:58:41+08:00,True,6.0,1121.0,4171.0,116.319952,39.966076,116.31041700000002,39.971946
nearest_baseline,nearest_baseline_w000837,6000000000000005126,12,Full-time Workhorse,2020-02-15T14:48:15+08:00,2020-02-15T15:36:15+08:00,2020-02-15T15:25:31+08:00,True,6.0,1531.0,5878.0,116.315814,39.967344,116.341997,39.975056
nearest_baseline,nearest_baseline_w000896,6000000000000005802,12,Full-time Workhorse,2020-02-15T15:34:45+08:00,2020-02-15T16:11:45+08:00,2020-02-15T15:48:18+08:00,True,6.0,1098.0,4073.0,116.345236,39.98082,116.351177,39.994536
nearest_baseline,nearest_baseline_w000947,6000000000000005884,12,Full-time Workhorse,2020-02-15T16:07:47+08:00,2020-02-15T18:37:47+08:00,2020-02-15T16:14:09+08:00,True,3.0,849.0,3039.0,116.34586600000002,39.992699,116.353407,39.988356
nearest_baseline,nearest_baseline_w000985,6000000000000005770,12,Full-time Workhorse,2020-02-15T16:20:46+08:00,2020-02-15T16:57:46+08:00,2020-02-15T16:36:52+08:00,True,3.0,1012.0,3715.0,116.355541,39.9812,116.360387,39.986906
nearest_baseline,nearest_baseline_w001067,6000000000000006712,12,Full-time Workhorse,2020-02-15T17:00:01+08:00,2020-02-15T17:52:01+08:00,2020-02-15T17:15:05+08:00,True,3.0,905.0,3270.0,116.371691,39.979492,116.366887,39.980746
nearest_baseline,nearest_baseline_w001096,6000000000000006803,12,Full-time Workhorse,2020-02-15T16:54:25+08:00,2020-02-15T19:54:25+08:00,2020-02-15T17:33:14+08:00,True,6.0,794.0,2807.0,116.3717,39.979481,116.359317,39.984296
nearest_baseline,nearest_baseline_w001152,6000000000000007475,12,Full-time Workhorse,2020-02-15T17:36:05+08:00,2020-02-15T18:21:05+08:00,2020-02-15T17:58:32+08:00,True,6.0,1112.0,4132.0,116.360244,39.976449,116.367727,39.965856
nearest_baseline,nearest_baseline_w001184,6000000000000007396,12,Full-time Workhorse,2020-02-15T17:32:06+08:00,2020-02-15T18:02:06+08:00,2020-02-15T18:12:20+08:00,False,6.0,740.0,2584.0,116.368327,39.966436,116.365347,39.976626
nearest_baseline,nearest_baseline_w001242,6000000000000007927,12,Full-time Workhorse,2020-02-15T18:23:23+08:00,2020-02-15T18:53:23+08:00,2020-02-15T18:28:43+08:00,True,3.0,523.0,1679.0,116.35596,39.97676,116.356147,39.978526
nearest_baseline,nearest_baseline_w001258,6000000000000008170,12,Full-time Workhorse,2020-02-15T18:26:55+08:00,2020-02-15T19:12:55+08:00,2020-02-15T18:49:45+08:00,True,6.0,1185.0,4435.0,116.354236,39.980466,116.368337,39.961996
nearest_baseline,nearest_baseline_w001312,6000000000000007925,12,Full-time Workhorse,2020-02-15T18:20:07+08:00,2020-02-15T19:00:07+08:00,2020-02-15T19:08:55+08:00,False,6.0,1135.0,4231.0,116.360812,39.967915,116.348547,39.980156
nearest_baseline,nearest_baseline_w001344,6000000000000007956,12,Full-time Workhorse,2020-02-15T19:04:51+08:00,2020-02-15T19:39:51+08:00,2020-02-15T19:18:49+08:00,True,3.0,529.0,1707.0,116.349338,39.980475,116.355877,39.978656
nearest_baseline,nearest_baseline_w001368,6000000000000008459,12,Full-time Workhorse,2020-02-15T18:58:41+08:00,2020-02-15T19:33:41+08:00,2020-02-15T19:28:53+08:00,True,3.0,533.0,1723.0,116.360129,39.977534,116.361587,39.976256
nearest_baseline,nearest_baseline_w001401,6000000000000008483,12,Full-time Workhorse,2020-02-15T19:16:00+08:00,2020-02-15T20:01:00+08:00,2020-02-15T19:49:57+08:00,True,6.0,1197.0,4486.0,116.349874,39.980474,116.328327,39.978766
nearest_baseline,nearest_baseline_w001445,6000000000000008850,12,Full-time Workhorse,2020-02-15T19:38:32+08:00,2020-02-15T20:08:32+08:00,2020-02-15T20:13:49+08:00,False,6.0,1429.0,5457.0,116.349338,39.980475,116.358967,39.987786
nearest_baseline,nearest_baseline_w000084,6000000000000000225,13,Full-time Workhorse,2020-02-15T09:14:59+08:00,2020-02-15T09:55:59+08:00,2020-02-15T09:32:06+08:00,True,3.0,1326.0,5027.0,116.354905,39.836519,116.364567,39.837356
nearest_baseline,nearest_baseline_w000125,6000000000000000325,13,Full-time Workhorse,2020-02-15T09:30:00+08:00,2020-02-15T10:31:01+08:00,2020-02-15T09:57:57+08:00,True,6.0,1077.0,3989.0,116.359472,39.833364,116.375997,39.832606
nearest_baseline,nearest_baseline_w000168,6000000000000000597,13,Full-time Workhorse,2020-02-15T09:41:49+08:00,2020-02-15T10:19:49+08:00,2020-02-15T10:24:47+08:00,False,6.0,1487.0,5698.0,116.355675,39.833761,116.378387,39.840646
nearest_baseline,nearest_baseline_w000230,6000000000000000822,13,Full-time Workhorse,2020-02-15T10:02:47+08:00,2020-02-15T10:49:47+08:00,2020-02-15T10:48:21+08:00,True,6.0,1101.0,4086.0,116.360752,39.845855,116.368127,39.835506
nearest_baseline,nearest_baseline_w000263,6000000000000000858,13,Full-time Workhorse,2020-02-15T10:40:04+08:00,2020-02-15T11:13:04+08:00,2020-02-15T11:01:26+08:00,True,3.0,686.0,2362.0,116.35823200000002,39.834056,116.359317,39.831946
nearest_baseline,nearest_baseline_w000300,6000000000000001077,13,Full-time Workhorse,2020-02-15T10:51:07+08:00,2020-02-15T11:37:07+08:00,2020-02-15T11:20:07+08:00,True,3.0,607.0,2029.0,116.359314,39.833427,116.355377,39.836696
nearest_baseline,nearest_baseline_w000364,6000000000000001736,13,Full-time Workhorse,2020-02-15T11:07:09+08:00,2020-02-15T11:45:09+08:00,2020-02-15T11:48:15+08:00,False,6.0,1095.0,4064.0,116.360507,39.845136,116.375407,39.838406
nearest_baseline,nearest_baseline_w000420,6000000000000001883,13,Full-time Workhorse,2020-02-15T11:21:45+08:00,2020-02-15T11:57:45+08:00,2020-02-15T12:02:34+08:00,False,3.0,754.0,2641.0,116.376159,39.85093,116.373577,39.843626
nearest_baseline,nearest_baseline_w000454,6000000000000003079,13,Full-time Workhorse,2020-02-15T11:48:26+08:00,2020-02-15T12:35:26+08:00,2020-02-15T12:26:09+08:00,True,3.0,969.0,3537.0,116.372091,39.849139,116.370767,39.857596
nearest_baseline,nearest_baseline_w000517,6000000000000003362,13,Full-time Workhorse,2020-02-15T12:28:00+08:00,2020-02-15T13:09:00+08:00,2020-02-15T12:43:08+08:00,True,3.0,788.0,2782.0,116.385248,39.855706,116.386727,39.854706
nearest_baseline,nearest_baseline_w000558,6000000000000003992,13,Full-time Workhorse,2020-02-15T12:55:29+08:00,2020-02-15T13:29:29+08:00,2020-02-15T12:59:56+08:00,True,3.0,596.0,1986.0,116.37723,39.85059,116.380157,39.848026
nearest_baseline,nearest_baseline_w000588,6000000000000003604,13,Full-time Workhorse,2020-02-15T12:31:09+08:00,2020-02-15T13:26:09+08:00,2020-02-15T13:21:48+08:00,True,6.0,1308.0,4951.0,116.372748,39.855409,116.403237,39.855666
nearest_baseline,nearest_baseline_w000653,6000000000000004013,13,Full-time Workhorse,2020-02-15T13:10:54+08:00,2020-02-15T13:51:54+08:00,2020-02-15T13:39:40+08:00,True,3.0,580.0,1917.0,116.406204,39.844709,116.407977,39.840656
nearest_baseline,nearest_baseline_w000671,6000000000000004335,13,Full-time Workhorse,2020-02-15T13:15:54+08:00,2020-02-15T13:52:54+08:00,2020-02-15T13:48:53+08:00,True,3.0,533.0,1723.0,116.417916,39.843888,116.418147,39.846396
nearest_baseline,nearest_baseline_w000681,6000000000000004045,13,Full-time Workhorse,2020-02-15T13:24:07+08:00,2020-02-15T13:58:07+08:00,2020-02-15T13:56:38+08:00,True,3.0,398.0,1159.0,116.417747,39.845378,116.418147,39.846396
nearest_baseline,nearest_baseline_w000700,6000000000000004461,13,Full-time Workhorse,2020-02-15T13:50:07+08:00,2020-02-15T14:24:07+08:00,2020-02-15T14:11:34+08:00,True,3.0,694.0,2392.0,116.417747,39.845378,116.409517,39.850756
nearest_baseline,nearest_baseline_w000750,6000000000000005084,13,Full-time Workhorse,2020-02-15T14:09:14+08:00,2020-02-15T14:45:14+08:00,2020-02-15T14:36:24+08:00,True,3.0,984.0,3601.0,116.414873,39.853234,116.421587,39.851536
nearest_baseline,nearest_baseline_w000788,6000000000000005037,13,Full-time Workhorse,2020-02-15T14:23:30+08:00,2020-02-15T15:02:30+08:00,2020-02-15T14:51:48+08:00,True,3.0,708.0,2449.0,116.421986,39.853433,116.430387,39.855326
nearest_baseline,nearest_baseline_w000832,6000000000000005499,13,Full-time Workhorse,2020-02-15T15:00:48+08:00,2020-02-15T15:41:48+08:00,2020-02-15T15:11:06+08:00,True,3.0,666.0,2273.0,116.424435,39.857538,116.434187,39.856876
nearest_baseline,nearest_baseline_w000877,6000000000000005314,13,Full-time Workhorse,2020-02-15T15:12:40+08:00,2020-02-15T16:03:40+08:00,2020-02-15T15:40:19+08:00,True,6.0,1219.0,4579.0,116.423173,39.848155,116.411207,39.848026
nearest_baseline,nearest_baseline_w000941,6000000000000005449,13,Full-time Workhorse,2020-02-15T15:45:09+08:00,2020-02-15T16:23:09+08:00,2020-02-15T16:03:51+08:00,True,3.0,831.0,2965.0,116.42388400000002,39.857407,116.425057,39.852316
nearest_baseline,nearest_baseline_w000959,6000000000000005887,13,Full-time Workhorse,2020-02-15T16:11:31+08:00,2020-02-15T16:47:31+08:00,2020-02-15T16:20:02+08:00,True,3.0,602.0,2007.0,116.421986,39.853433,116.418347,39.852496
nearest_baseline,nearest_baseline_w000997,6000000000000005768,13,Full-time Workhorse,2020-02-15T16:17:00+08:00,2020-02-15T17:17:01+08:00,2020-02-15T16:37:58+08:00,True,3.0,478.0,1493.0,116.418266,39.852973,116.415307,39.847696
nearest_baseline,nearest_baseline_w001052,6000000000000006638,13,Full-time Workhorse,2020-02-15T16:57:19+08:00,2020-02-15T17:32:19+08:00,2020-02-15T17:00:33+08:00,True,3.0,633.0,2136.0,116.404757,39.839606,116.408227,39.843056
nearest_baseline,nearest_baseline_w001084,6000000000000006311,13,Full-time Workhorse,2020-02-15T17:02:23+08:00,2020-02-15T17:53:23+08:00,2020-02-15T17:25:37+08:00,True,6.0,937.0,3406.0,116.412947,39.840366,116.390787,39.850066
nearest_baseline,nearest_baseline_w001134,6000000000000007398,13,Full-time Workhorse,2020-02-15T17:32:53+08:00,2020-02-15T18:14:53+08:00,2020-02-15T17:50:08+08:00,True,3.0,1208.0,4536.0,116.387161,39.858947,116.376347,39.860696
nearest_baseline,nearest_baseline_w001185,6000000000000007192,13,Full-time Workhorse,2020-02-15T17:40:14+08:00,2020-02-15T18:10:14+08:00,2020-02-15T18:15:33+08:00,False,3.0,933.0,3385.0,116.377022,39.859722,116.375427,39.860976
nearest_baseline,nearest_baseline_w001231,6000000000000007378,13,Full-time Workhorse,2020-02-15T18:09:48+08:00,2020-02-15T18:47:48+08:00,2020-02-15T18:35:51+08:00,True,3.0,951.0,3464.0,116.377226,39.86138,116.370177,39.861286
nearest_baseline,nearest_baseline_w001295,6000000000000008237,13,Full-time Workhorse,2020-02-15T18:23:04+08:00,2020-02-15T19:08:04+08:00,2020-02-15T19:05:33+08:00,True,6.0,1533.0,5884.0,116.378965,39.869538,116.382687,39.882916
nearest_baseline,nearest_baseline_w001348,6000000000000008104,13,Full-time Workhorse,2020-02-15T18:44:00+08:00,2020-02-15T19:31:00+08:00,2020-02-15T19:18:04+08:00,True,3.0,484.0,1515.0,116.38509,39.883956,116.387737,39.890606
nearest_baseline,nearest_baseline_w001405,6000000000000008715,13,Full-time Workhorse,2020-02-15T19:33:44+08:00,2020-02-15T20:17:44+08:00,2020-02-15T19:48:06+08:00,True,6.0,1086.0,4027.0,116.403805,39.898633,116.414357,39.891986
nearest_baseline,nearest_baseline_w001460,6000000000000008645,13,Full-time Workhorse,2020-02-15T19:40:01+08:00,2020-02-15T20:25:01+08:00,2020-02-15T20:14:56+08:00,True,3.0,896.0,3232.0,116.396501,39.891326,116.406577,39.892926
nearest_baseline,nearest_baseline_w000061,6000000000000000308,14,Full-time Workhorse,2020-02-15T09:02:44+08:00,2020-02-15T09:32:45+08:00,2020-02-15T09:14:35+08:00,True,6.0,875.0,3148.0,116.480582,39.969483,116.470547,39.964276
nearest_baseline,nearest_baseline_w000100,6000000000000000626,14,Full-time Workhorse,2020-02-15T09:26:09+08:00,2020-02-15T10:48:09+08:00,2020-02-15T09:43:17+08:00,True,6.0,1397.0,5321.0,116.453947,39.961052,116.437837,39.962346
nearest_baseline,nearest_baseline_w000138,6000000000000000418,14,Full-time Workhorse,2020-02-15T09:21:31+08:00,2020-02-15T12:20:31+08:00,2020-02-15T10:13:50+08:00,True,6.0,1430.0,5462.0,116.435008,39.965337,116.417317,39.982376
nearest_baseline,nearest_baseline_w000202,6000000000000001188,14,Full-time Workhorse,2020-02-15T10:23:19+08:00,2020-02-15T12:53:19+08:00,2020-02-15T10:42:46+08:00,True,6.0,1366.0,5191.0,116.407064,39.980573,116.433327,39.981976
nearest_baseline,nearest_baseline_w000294,6000000000000001557,14,Full-time Workhorse,2020-02-15T11:01:19+08:00,2020-02-15T11:42:19+08:00,2020-02-15T11:26:33+08:00,True,6.0,1593.0,6137.0,116.422237,39.989346,116.404927,39.976456
nearest_baseline,nearest_baseline_w000344,6000000000000001949,14,Full-time Workhorse,2020-02-15T11:12:03+08:00,2020-02-15T11:54:03+08:00,2020-02-15T11:39:18+08:00,True,3.0,558.0,1824.0,116.403651,39.97669,116.403567,39.984396
nearest_baseline,nearest_baseline_w000380,6000000000000001655,14,Full-time Workhorse,2020-02-15T11:14:14+08:00,2020-02-15T11:58:14+08:00,2020-02-15T11:49:25+08:00,True,3.0,565.0,1856.0,116.399187,39.982024,116.403317,39.984426
nearest_baseline,nearest_baseline_w000404,6000000000000002187,14,Full-time Workhorse,2020-02-15T11:24:40+08:00,2020-02-15T12:07:40+08:00,2020-02-15T12:12:37+08:00,False,6.0,1357.0,5154.0,116.406793,39.985754,116.398247,39.993056
nearest_baseline,nearest_baseline_w000492,6000000000000002577,14,Full-time Workhorse,2020-02-15T12:08:40+08:00,2020-02-15T12:43:40+08:00,2020-02-15T12:44:50+08:00,False,3.0,1490.0,5708.0,116.406793,39.985754,116.407947,39.985626
nearest_baseline,nearest_baseline_w000552,6000000000000003146,14,Full-time Workhorse,2020-02-15T12:27:49+08:00,2020-02-15T12:57:49+08:00,2020-02-15T12:59:39+08:00,False,3.0,579.0,1915.0,116.413329,39.988372,116.413567,39.982126
nearest_baseline,nearest_baseline_w000571,6000000000000003065,14,Full-time Workhorse,2020-02-15T12:41:29+08:00,2020-02-15T13:23:29+08:00,2020-02-15T13:11:38+08:00,True,6.0,698.0,2411.0,116.413313,39.979773,116.413607,39.988966
nearest_baseline,nearest_baseline_w000617,6000000000000003998,14,Full-time Workhorse,2020-02-15T12:59:40+08:00,2020-02-15T13:29:40+08:00,2020-02-15T13:34:13+08:00,False,3.0,853.0,3054.0,116.411188,39.987236,116.411657,39.991866
nearest_baseline,nearest_baseline_w000660,6000000000000004137,14,Full-time Workhorse,2020-02-15T13:34:36+08:00,2020-02-15T14:04:36+08:00,2020-02-15T13:52:28+08:00,True,3.0,748.0,2614.0,116.413329,39.988372,116.414227,39.994256
nearest_baseline,nearest_baseline_w000702,6000000000000004145,14,Full-time Workhorse,2020-02-15T13:37:08+08:00,2020-02-15T16:15:00+08:00,2020-02-15T14:10:47+08:00,True,3.0,647.0,2197.0,116.416174,39.995581,116.422307,39.991556
nearest_baseline,nearest_baseline_w000758,6000000000000004858,14,Full-time Workhorse,2020-02-15T14:27:07+08:00,2020-02-15T15:01:07+08:00,2020-02-15T14:29:44+08:00,True,3.0,584.0,1936.0,116.412054,39.992106,116.414457,39.993406
nearest_baseline,nearest_baseline_w000774,6000000000000004918,14,Full-time Workhorse,2020-02-15T14:19:04+08:00,2020-02-15T14:55:04+08:00,2020-02-15T14:47:12+08:00,True,6.0,1032.0,3800.0,116.412847,39.998046,116.421387,39.984266
nearest_baseline,nearest_baseline_w000820,6000000000000005297,14,Full-time Workhorse,2020-02-15T14:53:17+08:00,2020-02-15T15:27:17+08:00,2020-02-15T15:03:01+08:00,True,3.0,781.0,2752.0,116.411606,39.98756,116.412487,39.981146
nearest_baseline,nearest_baseline_w000849,6000000000000005312,14,Full-time Workhorse,2020-02-15T15:11:40+08:00,2020-02-15T15:55:40+08:00,2020-02-15T15:24:16+08:00,True,6.0,856.0,3066.0,116.407213,39.980035,116.423727,39.977576
nearest_baseline,nearest_baseline_w000904,6000000000000005472,14,Full-time Workhorse,2020-02-15T15:19:42+08:00,2020-02-15T17:49:42+08:00,2020-02-15T15:46:49+08:00,True,6.0,1009.0,3704.0,116.407064,39.980573,116.421367,39.976716
nearest_baseline,nearest_baseline_w000932,6000000000000005607,14,Full-time Workhorse,2020-02-15T15:55:36+08:00,2020-02-15T16:32:36+08:00,2020-02-15T16:01:20+08:00,True,3.0,680.0,2335.0,116.414021,39.978124,116.410667,39.976896
nearest_baseline,nearest_baseline_w000958,6000000000000005457,14,Full-time Workhorse,2020-02-15T15:49:46+08:00,2020-02-15T16:40:46+08:00,2020-02-15T16:21:42+08:00,True,6.0,702.0,2424.0,116.410635,39.976882,116.424947,39.965776
nearest_baseline,nearest_baseline_w001005,6000000000000005751,14,Full-time Workhorse,2020-02-15T16:01:09+08:00,2020-02-15T16:43:09+08:00,2020-02-15T16:42:26+08:00,True,6.0,746.0,2607.0,116.428297,39.96149,116.419517,39.955036
nearest_baseline,nearest_baseline_w001037,6000000000000005847,14,Full-time Workhorse,2020-02-15T16:27:15+08:00,2020-02-15T16:57:16+08:00,2020-02-15T17:01:59+08:00,False,6.0,719.0,2494.0,116.422517,39.956316,116.422437,39.966686
nearest_baseline,nearest_baseline_w001080,6000000000000006706,14,Full-time Workhorse,2020-02-15T16:58:48+08:00,2020-02-15T17:55:48+08:00,2020-02-15T17:26:57+08:00,True,6.0,1017.0,3735.0,116.42563,39.966434,116.440597,39.950066
nearest_baseline,nearest_baseline_w001123,6000000000000006798,14,Full-time Workhorse,2020-02-15T17:17:59+08:00,2020-02-15T17:52:59+08:00,2020-02-15T17:41:50+08:00,True,6.0,710.0,2458.0,116.445074,39.949573,116.433327,39.952476
nearest_baseline,nearest_baseline_w001166,6000000000000007413,14,Full-time Workhorse,2020-02-15T17:42:29+08:00,2020-02-15T18:20:29+08:00,2020-02-15T18:01:08+08:00,True,3.0,668.0,2283.0,116.435178,39.955209,116.440767,39.959196
nearest_baseline,nearest_baseline_w001211,6000000000000007356,14,Full-time Workhorse,2020-02-15T18:00:45+08:00,2020-02-15T18:33:45+08:00,2020-02-15T18:18:03+08:00,True,3.0,483.0,1513.0,116.437203,39.957749,116.439607,39.956606
nearest_baseline,nearest_baseline_w001233,6000000000000007204,14,Full-time Workhorse,2020-02-15T17:51:38+08:00,2020-02-15T18:36:38+08:00,2020-02-15T18:25:58+08:00,True,3.0,358.0,993.0,116.438497,39.958256,116.444727,39.960386
nearest_baseline,nearest_baseline_w001263,6000000000000007042,14,Full-time Workhorse,2020-02-15T18:04:41+08:00,2020-02-15T18:43:41+08:00,2020-02-15T18:43:16+08:00,True,6.0,796.0,2816.0,116.44751,39.957154,116.430007,39.958466
nearest_baseline,nearest_baseline_w001306,6000000000000008024,14,Full-time Workhorse,2020-02-15T18:36:12+08:00,2020-02-15T19:15:12+08:00,2020-02-15T19:08:09+08:00,True,3.0,1089.0,4036.0,116.429222,39.954006,116.438667,39.957776
nearest_baseline,nearest_baseline_w001345,6000000000000008554,14,Full-time Workhorse,2020-02-15T19:00:06+08:00,2020-02-15T19:37:06+08:00,2020-02-15T19:22:21+08:00,True,6.0,741.0,2588.0,116.440257,39.957399,116.452227,39.956056
nearest_baseline,nearest_baseline_w001386,6000000000000008632,14,Full-time Workhorse,2020-02-15T19:20:24+08:00,2020-02-15T19:53:24+08:00,2020-02-15T19:50:15+08:00,True,6.0,1215.0,4563.0,116.454667,39.957306,116.444037,39.947906
nearest_baseline,nearest_baseline_w001457,6000000000000008653,14,Full-time Workhorse,2020-02-15T19:55:20+08:00,2020-02-15T20:37:20+08:00,2020-02-15T20:15:18+08:00,True,6.0,918.0,3325.0,116.436007,39.955315,116.441307,39.946676
nearest_baseline,nearest_baseline_w000088,6000000000000000666,15,Full-time Workhorse,2020-02-15T09:21:17+08:00,2020-02-15T11:30:00+08:00,2020-02-15T09:34:46+08:00,True,6.0,886.0,3190.0,116.630922,39.904028,116.657547,39.909476
nearest_baseline,nearest_baseline_w000154,6000000000000001353,15,Full-time Workhorse,2020-02-15T09:51:15+08:00,2020-02-15T12:50:15+08:00,2020-02-15T10:12:51+08:00,True,6.0,1371.0,5213.0,116.642803,39.920638,116.632457,39.927636
nearest_baseline,nearest_baseline_w000212,6000000000000001368,15,Full-time Workhorse,2020-02-15T10:31:45+08:00,2020-02-15T11:32:45+08:00,2020-02-15T10:50:03+08:00,True,6.0,1203.0,4513.0,116.629789,39.925544,116.603977,39.927376
nearest_baseline,nearest_baseline_w000277,6000000000000001370,15,Full-time Workhorse,2020-02-15T10:32:15+08:00,2020-02-15T11:35:16+08:00,2020-02-15T11:23:42+08:00,True,6.0,1422.0,5423.0,116.603267,39.923401,116.571217,39.929746
nearest_baseline,nearest_baseline_w000347,6000000000000002327,15,Full-time Workhorse,2020-02-15T11:20:15+08:00,2020-02-15T12:15:15+08:00,2020-02-15T11:45:43+08:00,True,6.0,943.0,3431.0,116.573162,39.9277,116.590407,39.926116
nearest_baseline,nearest_baseline_w000399,6000000000000002630,15,Full-time Workhorse,2020-02-15T11:46:37+08:00,2020-02-15T12:42:37+08:00,2020-02-15T12:05:45+08:00,True,6.0,945.0,3437.0,116.588998,39.925425,116.586767,39.912616
nearest_baseline,nearest_baseline_w000467,6000000000000002545,15,Full-time Workhorse,2020-02-15T11:47:10+08:00,2020-02-15T12:41:10+08:00,2020-02-15T12:25:24+08:00,True,3.0,924.0,3352.0,116.58965200000002,39.923559,116.597417,39.918976
nearest_baseline,nearest_baseline_w000509,6000000000000002893,15,Full-time Workhorse,2020-02-15T12:15:13+08:00,2020-02-15T13:27:13+08:00,2020-02-15T12:47:35+08:00,True,6.0,1055.0,3897.0,116.592045,39.924216,116.605657,39.927456
nearest_baseline,nearest_baseline_w000560,6000000000000003866,15,Full-time Workhorse,2020-02-15T12:42:19+08:00,2020-02-15T13:39:19+08:00,2020-02-15T13:09:27+08:00,True,6.0,1167.0,4363.0,116.592477,39.924216,116.608037,39.925436
nearest_baseline,nearest_baseline_w000615,6000000000000003388,15,Full-time Workhorse,2020-02-15T12:40:53+08:00,2020-02-15T13:43:53+08:00,2020-02-15T13:28:33+08:00,True,6.0,1113.0,4135.0,116.588736,39.9241,116.60724700000002,39.927686
nearest_baseline,nearest_baseline_w000886,6000000000000005539,15,Full-time Workhorse,2020-02-15T15:38:48+08:00,2020-02-15T16:39:48+08:00,2020-02-15T15:46:53+08:00,True,6.0,1013.0,3719.0,116.606246,39.925367,116.587037,39.921726
nearest_baseline,nearest_baseline_w000924,6000000000000005546,15,Full-time Workhorse,2020-02-15T15:44:28+08:00,2020-02-15T16:52:28+08:00,2020-02-15T16:04:37+08:00,True,6.0,877.0,3154.0,116.589153,39.923324,116.563967,39.921766
nearest_baseline,nearest_baseline_w000969,6000000000000005715,15,Full-time Workhorse,2020-02-15T15:48:01+08:00,2020-02-15T16:42:01+08:00,2020-02-15T16:30:31+08:00,True,6.0,1231.0,4632.0,116.5584,39.915093,116.540967,39.904756
nearest_baseline,nearest_baseline_w001018,6000000000000005893,15,Full-time Workhorse,2020-02-15T16:18:45+08:00,2020-02-15T16:48:45+08:00,2020-02-15T16:57:22+08:00,False,3.0,1042.0,3838.0,116.541297,39.908466,116.538467,39.904376
nearest_baseline,nearest_baseline_w001072,6000000000000006337,15,Full-time Workhorse,2020-02-15T16:40:40+08:00,2020-02-15T17:27:40+08:00,2020-02-15T17:24:45+08:00,True,6.0,1485.0,5691.0,116.543591,39.91971,116.529497,39.916376
nearest_baseline,nearest_baseline_w001130,6000000000000006685,15,Full-time Workhorse,2020-02-15T17:28:20+08:00,2020-02-15T18:17:20+08:00,2020-02-15T17:48:43+08:00,True,6.0,1123.0,4179.0,116.538487,39.914767,116.536907,39.904266
nearest_baseline,nearest_baseline_w001171,6000000000000006944,15,Full-time Workhorse,2020-02-15T17:27:46+08:00,2020-02-15T18:11:46+08:00,2020-02-15T18:11:05+08:00,True,6.0,1265.0,4771.0,116.541297,39.908466,116.528717,39.912346
nearest_baseline,nearest_baseline_w001250,6000000000000007525,15,Full-time Workhorse,2020-02-15T18:14:10+08:00,2020-02-15T19:18:10+08:00,2020-02-15T18:39:01+08:00,True,6.0,1141.0,4254.0,116.541672,39.915172,116.548237,39.906586
nearest_baseline,nearest_baseline_w001284,6000000000000007293,15,Full-time Workhorse,2020-02-15T18:23:08+08:00,2020-02-15T19:21:08+08:00,2020-02-15T19:03:22+08:00,True,6.0,1402.0,5339.0,116.541297,39.908466,116.550107,39.918946
nearest_baseline,nearest_baseline_w001350,6000000000000008520,15,Full-time Workhorse,2020-02-15T18:58:09+08:00,2020-02-15T19:51:09+08:00,2020-02-15T19:22:30+08:00,True,6.0,750.0,2627.0,116.551064,39.916399,116.551067,39.903386
nearest_baseline,nearest_baseline_w001404,6000000000000008571,15,Full-time Workhorse,2020-02-15T19:17:49+08:00,2020-02-15T20:05:49+08:00,2020-02-15T19:53:08+08:00,True,6.0,1388.0,5283.0,116.5584,39.915093,116.577657,39.912546
nearest_baseline,nearest_baseline_w001449,6000000000000008657,15,Full-time Workhorse,2020-02-15T19:54:35+08:00,2020-02-15T21:04:35+08:00,2020-02-15T20:21:43+08:00,True,6.0,1303.0,4928.0,116.572369,39.912828,116.559807,39.933216
nearest_baseline,nearest_baseline_w000050,6000000000000000185,16,Lunch-Peak Specialist,2020-02-15T08:52:51+08:00,2020-02-15T10:15:00+08:00,2020-02-15T09:02:04+08:00,True,3.0,724.0,2517.0,116.464308,39.996491,116.474497,39.997726
nearest_baseline,nearest_baseline_w000076,6000000000000000576,16,Lunch-Peak Specialist,2020-02-15T09:17:33+08:00,2020-02-15T11:30:00+08:00,2020-02-15T09:34:11+08:00,True,6.0,1451.0,5543.0,116.472431,39.989322,116.449137,40.006416
nearest_baseline,nearest_baseline_w000164,6000000000000000681,16,Lunch-Peak Specialist,2020-02-15T10:03:21+08:00,2020-02-15T10:42:21+08:00,2020-02-15T10:13:37+08:00,True,3.0,817.0,2902.0,116.456816,40.001275,116.460447,40.007766
nearest_baseline,nearest_baseline_w000205,6000000000000001346,16,Lunch-Peak Specialist,2020-02-15T10:18:49+08:00,2020-02-15T12:15:00+08:00,2020-02-15T10:40:38+08:00,True,6.0,1238.0,4656.0,116.464058,39.996812,116.460707,40.007596
nearest_baseline,nearest_baseline_w000269,6000000000000000834,16,Lunch-Peak Specialist,2020-02-15T10:20:59+08:00,2020-02-15T11:05:59+08:00,2020-02-15T11:07:27+08:00,False,6.0,1047.0,3862.0,116.464308,39.996491,116.477947,39.995796
nearest_baseline,nearest_baseline_w000309,6000000000000001302,16,Lunch-Peak Specialist,2020-02-15T11:00:44+08:00,2020-02-15T11:45:44+08:00,2020-02-15T11:24:04+08:00,True,6.0,844.0,3019.0,116.475471,39.989342,116.471607,40.000516
nearest_baseline,nearest_baseline_w000359,6000000000000001486,16,Lunch-Peak Specialist,2020-02-15T11:21:42+08:00,2020-02-15T11:57:42+08:00,2020-02-15T11:45:13+08:00,True,6.0,913.0,3306.0,116.478326,39.996603,116.488207,39.990356
nearest_baseline,nearest_baseline_w000419,6000000000000002170,16,Lunch-Peak Specialist,2020-02-15T11:21:40+08:00,2020-02-15T12:04:40+08:00,2020-02-15T12:06:31+08:00,False,3.0,991.0,3631.0,116.472431,39.989322,116.478707,39.982746
nearest_baseline,nearest_baseline_w000456,6000000000000002471,16,Lunch-Peak Specialist,2020-02-15T11:45:08+08:00,2020-02-15T12:33:08+08:00,2020-02-15T12:32:05+08:00,True,6.0,1325.0,5020.0,116.47185100000002,39.985261,116.445407,39.996416
nearest_baseline,nearest_baseline_w000523,6000000000000003218,16,Lunch-Peak Specialist,2020-02-15T12:12:18+08:00,2020-02-15T12:52:18+08:00,2020-02-15T12:58:53+08:00,False,3.0,1133.0,4220.0,116.445209,39.995614,116.449067,40.000606
nearest_baseline,nearest_baseline_w000583,6000000000000003505,16,Lunch-Peak Specialist,2020-02-15T12:52:06+08:00,2020-02-15T13:36:06+08:00,2020-02-15T13:28:43+08:00,True,6.0,1723.0,6678.0,116.444004,39.99566,116.453327,40.021046
nearest_baseline,nearest_baseline_w000654,6000000000000004439,16,Lunch-Peak Specialist,2020-02-15T13:08:16+08:00,2020-02-15T16:08:16+08:00,2020-02-15T13:54:47+08:00,True,6.0,1487.0,5698.0,116.459667,40.010011,116.473387,39.998686
nearest_baseline,nearest_baseline_w000709,6000000000000004202,16,Lunch-Peak Specialist,2020-02-15T13:30:04+08:00,2020-02-15T14:01:04+08:00,2020-02-15T14:11:47+08:00,False,6.0,707.0,2446.0,116.472134,39.995587,116.466287,40.003956
nearest_baseline,nearest_baseline_w000764,6000000000000005107,16,Lunch-Peak Specialist,2020-02-15T14:27:18+08:00,2020-02-15T15:10:18+08:00,2020-02-15T14:40:51+08:00,True,6.0,1251.0,4711.0,116.461613,39.991332,116.459107,39.978286
nearest_baseline,nearest_baseline_w000824,6000000000000005401,16,Lunch-Peak Specialist,2020-02-15T14:53:07+08:00,2020-02-15T15:23:07+08:00,2020-02-15T15:20:44+08:00,True,6.0,1844.0,7181.0,116.473284,39.97545,116.475827,39.961426
nearest_baseline,nearest_baseline_w000989,6000000000000006085,16,Lunch-Peak Specialist,2020-02-15T16:29:14+08:00,2020-02-15T17:05:14+08:00,2020-02-15T16:38:23+08:00,True,6.0,1103.0,4096.0,116.481428,39.968821,116.493857,39.959986
nearest_baseline,nearest_baseline_w001024,6000000000000005951,16,Lunch-Peak Specialist,2020-02-15T16:32:23+08:00,2020-02-15T17:20:23+08:00,2020-02-15T16:58:12+08:00,True,6.0,1092.0,4048.0,116.485302,39.962237,116.461977,39.977796
nearest_baseline,nearest_baseline_w001066,6000000000000006556,16,Lunch-Peak Specialist,2020-02-15T16:47:25+08:00,2020-02-15T17:27:25+08:00,2020-02-15T17:12:45+08:00,True,3.0,765.0,2689.0,116.464766,39.988321,116.468697,39.984936
nearest_baseline,nearest_baseline_w001098,6000000000000006708,16,Lunch-Peak Specialist,2020-02-15T16:58:24+08:00,2020-02-15T17:29:24+08:00,2020-02-15T17:30:34+08:00,False,3.0,634.0,2142.0,116.47224,39.988907,116.471677,39.986416
nearest_baseline,nearest_baseline_w001143,6000000000000006468,16,Lunch-Peak Specialist,2020-02-15T17:16:27+08:00,2020-02-15T17:54:27+08:00,2020-02-15T17:50:40+08:00,True,3.0,640.0,2168.0,116.472585,39.989308,116.471587,39.995746
nearest_baseline,nearest_baseline_w001216,6000000000000007666,16,Lunch-Peak Specialist,2020-02-15T17:55:16+08:00,2020-02-15T18:36:16+08:00,2020-02-15T18:25:45+08:00,True,6.0,945.0,3437.0,116.47156,39.989923,116.457517,39.996196
nearest_baseline,nearest_baseline_w001281,6000000000000007148,16,Lunch-Peak Specialist,2020-02-15T18:14:31+08:00,2020-02-15T19:10:31+08:00,2020-02-15T18:55:29+08:00,True,6.0,929.0,3372.0,116.458116,39.992577,116.448127,39.980036
nearest_baseline,nearest_baseline_w001338,6000000000000008021,16,Lunch-Peak Specialist,2020-02-15T18:34:26+08:00,2020-02-15T19:18:26+08:00,2020-02-15T19:22:31+08:00,False,6.0,1351.0,5132.0,116.437347,39.970847,116.430127,39.958636
nearest_baseline,nearest_baseline_w001384,6000000000000008834,16,Lunch-Peak Specialist,2020-02-15T19:17:51+08:00,2020-02-15T20:10:51+08:00,2020-02-15T19:48:03+08:00,True,6.0,1083.0,4013.0,116.430113,39.957018,116.427067,39.976346
nearest_baseline,nearest_baseline_w001441,6000000000000008655,16,Lunch-Peak Specialist,2020-02-15T19:27:35+08:00,2020-02-15T22:27:35+08:00,2020-02-15T20:06:03+08:00,True,3.0,963.0,3511.0,116.435008,39.965337,116.441437,39.964596
nearest_baseline,nearest_baseline_w000040,6000000000000000300,17,Lunch-Peak Specialist,2020-02-15T08:47:30+08:00,2020-02-15T09:36:30+08:00,2020-02-15T08:56:45+08:00,True,6.0,1005.0,3688.0,116.361367,39.945046,116.373167,39.947046
nearest_baseline,nearest_baseline_w000063,6000000000000000392,17,Lunch-Peak Specialist,2020-02-15T08:52:55+08:00,2020-02-15T09:36:55+08:00,2020-02-15T09:18:09+08:00,True,6.0,1089.0,4040.0,116.362648,39.942124,116.379957,39.950756
nearest_baseline,nearest_baseline_w000104,6000000000000000568,17,Lunch-Peak Specialist,2020-02-15T09:07:03+08:00,2020-02-15T09:58:03+08:00,2020-02-15T09:41:18+08:00,True,3.0,1278.0,4827.0,116.392068,39.962294,116.385937,39.969466
nearest_baseline,nearest_baseline_w000142,6000000000000000324,17,Lunch-Peak Specialist,2020-02-15T09:27:40+08:00,2020-02-15T10:22:40+08:00,2020-02-15T10:09:37+08:00,True,6.0,1177.0,4404.0,116.391397,39.967252,116.397217,39.954296
nearest_baseline,nearest_baseline_w000188,6000000000000000732,17,Lunch-Peak Specialist,2020-02-15T09:42:51+08:00,2020-02-15T10:15:51+08:00,2020-02-15T10:23:47+08:00,False,3.0,827.0,2944.0,116.407781,39.963194,116.400267,39.961216
nearest_baseline,nearest_baseline_w000215,6000000000000000434,17,Lunch-Peak Specialist,2020-02-15T10:00:37+08:00,2020-02-15T11:00:00+08:00,2020-02-15T10:49:36+08:00,True,6.0,1176.0,4399.0,116.400863,39.96448,116.395207,39.940606
nearest_baseline,nearest_baseline_w000254,6000000000000001422,17,Lunch-Peak Specialist,2020-02-15T10:58:36+08:00,2020-02-15T11:34:36+08:00,2020-02-15T10:57:21+08:00,True,3.0,441.0,1340.0,116.396897,39.938745,116.395707,39.943786
nearest_baseline,nearest_baseline_w000278,6000000000000001088,17,Lunch-Peak Specialist,2020-02-15T10:54:56+08:00,2020-02-15T11:34:56+08:00,2020-02-15T11:07:58+08:00,True,3.0,478.0,1492.0,116.392843,39.940046,116.388697,39.942166
nearest_baseline,nearest_baseline_w000302,6000000000000001078,17,Lunch-Peak Specialist,2020-02-15T10:51:12+08:00,2020-02-15T11:30:00+08:00,2020-02-15T11:25:11+08:00,True,6.0,911.0,3293.0,116.388517,39.939966,116.370697,39.937666
nearest_baseline,nearest_baseline_w000353,6000000000000001739,17,Lunch-Peak Specialist,2020-02-15T11:09:16+08:00,2020-02-15T11:52:16+08:00,2020-02-15T11:45:10+08:00,True,6.0,910.0,3290.0,116.370176,39.934216,116.35630700000002,39.943296
nearest_baseline,nearest_baseline_w000407,6000000000000001893,17,Lunch-Peak Specialist,2020-02-15T11:26:05+08:00,2020-02-15T12:01:05+08:00,2020-02-15T12:03:52+08:00,False,3.0,832.0,2968.0,116.361367,39.945046,116.354237,39.946576
nearest_baseline,nearest_baseline_w000455,6000000000000003162,17,Lunch-Peak Specialist,2020-02-15T11:54:03+08:00,2020-02-15T12:26:03+08:00,2020-02-15T12:22:02+08:00,True,3.0,722.0,2509.0,116.36162,39.946191,116.361117,39.950566
nearest_baseline,nearest_baseline_w000514,6000000000000002942,17,Lunch-Peak Specialist,2020-02-15T12:02:43+08:00,2020-02-15T12:35:43+08:00,2020-02-15T12:40:01+08:00,False,3.0,601.0,2004.0,116.369076,39.958963,116.367787,39.961546
nearest_baseline,nearest_baseline_w000548,6000000000000003068,17,Lunch-Peak Specialist,2020-02-15T12:44:34+08:00,2020-02-15T13:14:34+08:00,2020-02-15T12:59:38+08:00,True,3.0,578.0,1908.0,116.369076,39.958963,116.369707,39.953276
nearest_baseline,nearest_baseline_w000568,6000000000000002699,17,Lunch-Peak Specialist,2020-02-15T12:42:03+08:00,2020-02-15T13:22:03+08:00,2020-02-15T13:10:32+08:00,True,3.0,632.0,2130.0,116.36829,39.953745,116.36409700000002,39.960596
nearest_baseline,nearest_baseline_w000635,6000000000000003495,17,Lunch-Peak Specialist,2020-02-15T12:50:01+08:00,2020-02-15T13:36:01+08:00,2020-02-15T13:46:54+08:00,False,6.0,1614.0,6225.0,116.361123,39.946227,116.371007,39.928436
nearest_baseline,nearest_baseline_w000687,6000000000000004382,17,Lunch-Peak Specialist,2020-02-15T13:44:18+08:00,2020-02-15T14:17:18+08:00,2020-02-15T14:04:28+08:00,True,6.0,868.0,3117.0,116.369461,39.924885,116.369347,39.914366
nearest_baseline,nearest_baseline_w000739,6000000000000004225,17,Lunch-Peak Specialist,2020-02-15T13:48:35+08:00,2020-02-15T14:43:35+08:00,2020-02-15T14:33:49+08:00,True,6.0,1429.0,5458.0,116.36442,39.908428,116.337617,39.925096
nearest_baseline,nearest_baseline_w000801,6000000000000004932,17,Lunch-Peak Specialist,2020-02-15T14:30:49+08:00,2020-02-15T15:03:49+08:00,2020-02-15T14:57:31+08:00,True,6.0,1051.0,3880.0,116.342152,39.917611,116.328017,39.908626
nearest_baseline,nearest_baseline_w000840,6000000000000004865,17,Lunch-Peak Specialist,2020-02-15T14:31:49+08:00,2020-02-15T15:17:49+08:00,2020-02-15T15:19:33+08:00,False,6.0,1173.0,4390.0,116.337442,39.913143,116.314427,39.903986
nearest_baseline,nearest_baseline_w000866,6000000000000005190,17,Lunch-Peak Specialist,2020-02-15T15:06:31+08:00,2020-02-15T15:40:31+08:00,2020-02-15T15:33:18+08:00,True,3.0,798.0,2827.0,116.314483,39.90599,116.308087,39.899916
nearest_baseline,nearest_baseline_w001074,6000000000000006909,17,Lunch-Peak Specialist,2020-02-15T17:03:54+08:00,2020-02-15T17:50:54+08:00,2020-02-15T17:19:17+08:00,True,3.0,1157.0,4320.0,116.291588,39.888338,116.29268700000002,39.883236
nearest_baseline,nearest_baseline_w001113,6000000000000006880,17,Lunch-Peak Specialist,2020-02-15T17:23:49+08:00,2020-02-15T18:35:49+08:00,2020-02-15T17:44:29+08:00,True,6.0,1469.0,5620.0,116.307397,39.878141,116.327777,39.868056
nearest_baseline,nearest_baseline_w001181,6000000000000007433,17,Lunch-Peak Specialist,2020-02-15T17:48:17+08:00,2020-02-15T18:35:17+08:00,2020-02-15T18:04:59+08:00,True,3.0,899.0,3246.0,116.344388,39.869751,116.351827,39.863116
nearest_baseline,nearest_baseline_w001221,6000000000000007342,17,Lunch-Peak Specialist,2020-02-15T17:56:48+08:00,2020-02-15T18:32:48+08:00,2020-02-15T18:25:54+08:00,True,6.0,954.0,3477.0,116.354537,39.870916,116.360797,39.862496
nearest_baseline,nearest_baseline_w001267,6000000000000007057,17,Lunch-Peak Specialist,2020-02-15T18:07:30+08:00,2020-02-15T18:55:31+08:00,2020-02-15T18:46:49+08:00,True,6.0,1009.0,3703.0,116.367485,39.865179,116.371007,39.878106
nearest_baseline,nearest_baseline_w001308,6000000000000008273,17,Lunch-Peak Specialist,2020-02-15T18:42:06+08:00,2020-02-15T19:23:06+08:00,2020-02-15T19:04:27+08:00,True,6.0,867.0,3111.0,116.377736,39.879389,116.380807,39.889786
nearest_baseline,nearest_baseline_w001354,6000000000000007867,17,Lunch-Peak Specialist,2020-02-15T18:40:29+08:00,2020-02-15T19:33:29+08:00,2020-02-15T19:20:11+08:00,True,3.0,611.0,2044.0,116.384591,39.894163,116.377037,39.892196
nearest_baseline,nearest_baseline_w001398,6000000000000008580,17,Lunch-Peak Specialist,2020-02-15T19:29:10+08:00,2020-02-15T20:01:10+08:00,2020-02-15T19:43:11+08:00,True,3.0,791.0,2793.0,116.365271,39.894124,116.369547,39.897016
nearest_baseline,nearest_baseline_w001433,6000000000000008587,17,Lunch-Peak Specialist,2020-02-15T19:33:27+08:00,2020-02-15T20:21:27+08:00,2020-02-15T20:15:33+08:00,True,10.0,1533.0,5889.0,116.368573,39.901199,116.352107,39.931166
nearest_baseline,nearest_baseline_w000047,6000000000000000260,18,Lunch-Peak Specialist,2020-02-15T08:48:25+08:00,2020-02-15T10:45:00+08:00,2020-02-15T08:58:04+08:00,True,3.0,1084.0,4017.0,116.316153,39.881403,116.318417,39.881506
nearest_baseline,nearest_baseline_w000145,6000000000000000818,18,Lunch-Peak Specialist,2020-02-15T09:59:33+08:00,2020-02-15T10:45:00+08:00,2020-02-15T10:00:56+08:00,True,3.0,656.0,2234.0,116.315807,39.876166,116.323407,39.880126
nearest_baseline,nearest_baseline_w000179,6000000000000000698,18,Lunch-Peak Specialist,2020-02-15T10:19:40+08:00,2020-02-15T11:06:40+08:00,2020-02-15T10:21:23+08:00,True,3.0,683.0,2344.0,116.315807,39.876166,116.323187,39.879306
nearest_baseline,nearest_baseline_w000225,6000000000000001201,18,Lunch-Peak Specialist,2020-02-15T10:33:10+08:00,2020-02-15T11:11:10+08:00,2020-02-15T10:43:39+08:00,True,3.0,819.0,2909.0,116.327545,39.888423,116.324487,39.886766
nearest_baseline,nearest_baseline_w000256,6000000000000001197,18,Lunch-Peak Specialist,2020-02-15T10:31:06+08:00,2020-02-15T11:17:06+08:00,2020-02-15T11:02:46+08:00,True,6.0,766.0,2691.0,116.321689,39.88319,116.323177,39.893176
nearest_baseline,nearest_baseline_w000303,6000000000000001448,18,Lunch-Peak Specialist,2020-02-15T10:52:11+08:00,2020-02-15T11:40:11+08:00,2020-02-15T11:41:39+08:00,False,3.0,1899.0,7413.0,116.318689,39.895397,116.321547,39.901046
nearest_baseline,nearest_baseline_w000410,6000000000000001786,18,Lunch-Peak Specialist,2020-02-15T11:21:47+08:00,2020-02-15T11:58:47+08:00,2020-02-15T12:14:33+08:00,False,6.0,1473.0,5635.0,116.318387,39.895736,116.315547,39.904666
nearest_baseline,nearest_baseline_w000491,6000000000000002881,18,Lunch-Peak Specialist,2020-02-15T12:13:10+08:00,2020-02-15T12:43:10+08:00,2020-02-15T12:51:17+08:00,False,3.0,1877.0,7319.0,116.318387,39.895736,116.318727,39.891876
nearest_baseline,nearest_baseline_w000574,6000000000000003849,18,Lunch-Peak Specialist,2020-02-15T12:35:47+08:00,2020-02-15T13:05:47+08:00,2020-02-15T13:10:06+08:00,False,3.0,606.0,2024.0,116.313927,39.890206,116.313667,39.890356
nearest_baseline,nearest_baseline_w000627,6000000000000003887,18,Lunch-Peak Specialist,2020-02-15T13:04:59+08:00,2020-02-15T13:41:59+08:00,2020-02-15T13:46:07+08:00,False,6.0,1567.0,6026.0,116.318387,39.895736,116.321787,39.883466
nearest_baseline,nearest_baseline_w000693,6000000000000004278,18,Lunch-Peak Specialist,2020-02-15T13:22:03+08:00,2020-02-15T14:01:03+08:00,2020-02-15T14:11:13+08:00,False,6.0,1273.0,4803.0,116.331217,39.888086,116.337027,39.898776
nearest_baseline,nearest_baseline_w000759,6000000000000005011,18,Lunch-Peak Specialist,2020-02-15T14:00:54+08:00,2020-02-15T15:00:55+08:00,2020-02-15T14:37:49+08:00,True,3.0,1069.0,3952.0,116.326144,39.896858,116.332957,39.897156
nearest_baseline,nearest_baseline_w000800,6000000000000004828,18,Lunch-Peak Specialist,2020-02-15T14:46:47+08:00,2020-02-15T15:47:47+08:00,2020-02-15T15:01:57+08:00,True,6.0,1317.0,4986.0,116.342826,39.894091,116.371087,39.888816
nearest_baseline,nearest_baseline_w000853,6000000000000005561,18,Lunch-Peak Specialist,2020-02-15T15:09:17+08:00,2020-02-15T15:45:17+08:00,2020-02-15T15:19:47+08:00,True,3.0,587.0,1947.0,116.364971,39.89271,116.365667,39.895696
nearest_baseline,nearest_baseline_w000864,6000000000000005461,18,Lunch-Peak Specialist,2020-02-15T14:59:32+08:00,2020-02-15T15:29:32+08:00,2020-02-15T15:25:42+08:00,True,3.0,342.0,925.0,116.364226,39.895926,116.369217,39.892416
nearest_baseline,nearest_baseline_w000890,6000000000000005199,18,Lunch-Peak Specialist,2020-02-15T15:13:26+08:00,2020-02-15T15:56:26+08:00,2020-02-15T15:39:13+08:00,True,3.0,553.0,1802.0,116.365442,39.895522,116.370497,39.896626
nearest_baseline,nearest_baseline_w000912,6000000000000005732,18,Lunch-Peak Specialist,2020-02-15T15:26:19+08:00,2020-02-15T16:03:19+08:00,2020-02-15T15:55:46+08:00,True,6.0,946.0,3441.0,116.368573,39.901199,116.375287,39.890066
nearest_baseline,nearest_baseline_w000944,6000000000000005598,18,Lunch-Peak Specialist,2020-02-15T15:48:18+08:00,2020-02-15T16:35:18+08:00,2020-02-15T16:16:59+08:00,True,6.0,1019.0,3746.0,116.375177,39.887696,116.370637,39.896006
nearest_baseline,nearest_baseline_w000980,6000000000000006111,18,Lunch-Peak Specialist,2020-02-15T15:55:45+08:00,2020-02-15T16:47:45+08:00,2020-02-15T16:30:25+08:00,True,6.0,625.0,2106.0,116.366335,39.894443,116.366027,39.884196
nearest_baseline,nearest_baseline_w001030,6000000000000005726,18,Lunch-Peak Specialist,2020-02-15T16:11:22+08:00,2020-02-15T16:58:22+08:00,2020-02-15T16:58:50+08:00,False,6.0,1130.0,4209.0,116.364226,39.895926,116.357517,39.880176
nearest_baseline,nearest_baseline_w001063,6000000000000006496,18,Lunch-Peak Specialist,2020-02-15T16:50:59+08:00,2020-02-15T17:29:59+08:00,2020-02-15T17:16:20+08:00,True,3.0,980.0,3582.0,116.354848,39.870939,116.349597,39.869326
nearest_baseline,nearest_baseline_w001097,6000000000000006456,18,Lunch-Peak Specialist,2020-02-15T17:10:09+08:00,2020-02-15T17:58:09+08:00,2020-02-15T17:38:45+08:00,True,6.0,1125.0,4185.0,116.354537,39.870916,116.344327,39.855266
nearest_baseline,nearest_baseline_w001149,6000000000000006725,18,Lunch-Peak Specialist,2020-02-15T17:11:30+08:00,2020-02-15T18:05:30+08:00,2020-02-15T18:03:25+08:00,True,6.0,1405.0,5354.0,116.34855,39.849979,116.370267,39.839496
nearest_baseline,nearest_baseline_w001222,6000000000000007323,18,Lunch-Peak Specialist,2020-02-15T17:44:39+08:00,2020-02-15T18:24:39+08:00,2020-02-15T18:22:40+08:00,True,3.0,760.0,2664.0,116.360056,39.837346,116.361127,39.835956
nearest_baseline,nearest_baseline_w001262,6000000000000007040,18,Lunch-Peak Specialist,2020-02-15T18:03:17+08:00,2020-02-15T19:01:17+08:00,2020-02-15T18:50:37+08:00,True,6.0,1237.0,4652.0,116.359314,39.833427,116.377537,39.838406
nearest_baseline,nearest_baseline_w001341,6000000000000008266,18,Lunch-Peak Specialist,2020-02-15T18:38:19+08:00,2020-02-15T19:10:19+08:00,2020-02-15T19:17:57+08:00,False,3.0,1077.0,3985.0,116.360507,39.845136,116.367897,39.844196
nearest_baseline,nearest_baseline_w001370,6000000000000008045,18,Lunch-Peak Specialist,2020-02-15T18:50:10+08:00,2020-02-15T19:30:10+08:00,2020-02-15T19:31:15+08:00,False,6.0,675.0,2313.0,116.360883,39.845825,116.361437,39.836256
nearest_baseline,nearest_baseline_w001423,6000000000000008528,18,Lunch-Peak Specialist,2020-02-15T19:11:33+08:00,2020-02-15T19:48:33+08:00,2020-02-15T19:53:21+08:00,False,3.0,801.0,2835.0,116.363757,39.849936,116.363927,39.845686
nearest_baseline,nearest_baseline_w001461,6000000000000008787,18,Lunch-Peak Specialist,2020-02-15T19:49:26+08:00,2020-02-15T20:30:26+08:00,2020-02-15T20:22:18+08:00,True,6.0,1338.0,5077.0,116.34496,39.844625,116.329987,39.832916
nearest_baseline,nearest_baseline_w000119,6000000000000000460,19,Lunch-Peak Specialist,2020-02-15T09:36:26+08:00,2020-02-15T10:28:26+08:00,2020-02-15T09:46:29+08:00,True,3.0,989.0,3620.0,116.33506,39.731032,116.339277,39.726226
nearest_baseline,nearest_baseline_w000190,6000000000000000751,19,Lunch-Peak Specialist,2020-02-15T10:14:58+08:00,2020-02-15T11:30:00+08:00,2020-02-15T10:28:35+08:00,True,6.0,1115.0,4148.0,116.323246,39.722024,116.324387,39.735786
nearest_baseline,nearest_baseline_w000274,6000000000000001834,19,Lunch-Peak Specialist,2020-02-15T10:59:56+08:00,2020-02-15T12:01:56+08:00,2020-02-15T11:14:31+08:00,True,6.0,1471.0,5627.0,116.326435,39.749185,116.304197,39.754076
nearest_baseline,nearest_baseline_w000325,6000000000000001886,19,Lunch-Peak Specialist,2020-02-15T11:22:40+08:00,2020-02-15T12:15:40+08:00,2020-02-15T11:38:27+08:00,True,3.0,1107.0,4116.0,116.306793,39.756064,116.303067,39.753296
nearest_baseline,nearest_baseline_w000395,6000000000000002992,19,Lunch-Peak Specialist,2020-02-15T11:45:19+08:00,2020-02-15T12:30:19+08:00,2020-02-15T12:05:10+08:00,True,6.0,1510.0,5791.0,116.321348,39.752737,116.304117,39.755566
nearest_baseline,nearest_baseline_w000498,6000000000000002759,19,Lunch-Peak Specialist,2020-02-15T12:07:06+08:00,2020-02-15T12:37:07+08:00,2020-02-15T12:44:12+08:00,False,6.0,1452.0,5551.0,116.323829,39.762961,116.306587,39.764586
nearest_baseline,nearest_baseline_w000611,6000000000000003930,19,Lunch-Peak Specialist,2020-02-15T13:11:45+08:00,2020-02-15T13:41:45+08:00,2020-02-15T13:34:31+08:00,True,6.0,1471.0,5630.0,116.323829,39.762961,116.308777,39.760676
nearest_baseline,nearest_baseline_w000677,6000000000000004194,19,Lunch-Peak Specialist,2020-02-15T13:24:01+08:00,2020-02-15T13:54:01+08:00,2020-02-15T13:52:50+08:00,True,3.0,770.0,2708.0,116.323829,39.762961,116.324467,39.756596
nearest_baseline,nearest_baseline_w000712,6000000000000003960,19,Lunch-Peak Specialist,2020-02-15T13:40:21+08:00,2020-02-15T14:16:21+08:00,2020-02-15T14:09:59+08:00,True,3.0,599.0,1998.0,116.328459,39.749963,116.328647,39.747936
nearest_baseline,nearest_baseline_w000725,6000000000000004152,19,Lunch-Peak Specialist,2020-02-15T13:43:55+08:00,2020-02-15T14:31:55+08:00,2020-02-15T14:19:56+08:00,True,6.0,596.0,1982.0,116.328459,39.749963,116.329007,39.740796
nearest_baseline,nearest_baseline_w000762,6000000000000005104,19,Lunch-Peak Specialist,2020-02-15T14:24:04+08:00,2020-02-15T15:30:04+08:00,2020-02-15T14:54:26+08:00,True,10.0,2066.0,8108.0,116.321147,39.729815,116.360027,39.733296
nearest_baseline,nearest_baseline_w001161,6000000000000007107,19,Lunch-Peak Specialist,2020-02-15T17:43:35+08:00,2020-02-15T18:46:35+08:00,2020-02-15T18:09:58+08:00,True,6.0,1798.0,6993.0,116.337301,39.730917,116.345347,39.715596
nearest_baseline,nearest_baseline_w001228,6000000000000007113,19,Lunch-Peak Specialist,2020-02-15T17:48:25+08:00,2020-02-15T18:24:25+08:00,2020-02-15T18:35:39+08:00,False,6.0,1539.0,5912.0,116.323479,39.721558,116.318577,39.732176
nearest_baseline,nearest_baseline_w001289,6000000000000008039,19,Lunch-Peak Specialist,2020-02-15T18:46:12+08:00,2020-02-15T19:44:13+08:00,2020-02-15T19:02:14+08:00,True,6.0,1334.0,5059.0,116.32914900000002,39.729821,116.344587,39.715606
nearest_baseline,nearest_baseline_w001364,6000000000000007887,19,Lunch-Peak Specialist,2020-02-15T18:54:02+08:00,2020-02-15T19:48:02+08:00,2020-02-15T19:27:56+08:00,True,3.0,1076.0,3985.0,116.33506,39.731032,116.339257,39.726196
nearest_baseline,nearest_baseline_w001394,6000000000000008845,19,Lunch-Peak Specialist,2020-02-15T19:29:37+08:00,2020-02-15T20:14:37+08:00,2020-02-15T19:43:30+08:00,True,3.0,810.0,2875.0,116.333443,39.730735,116.323027,39.727926
nearest_baseline,nearest_baseline_w001428,6000000000000008649,19,Lunch-Peak Specialist,2020-02-15T19:52:50+08:00,2020-02-15T20:38:50+08:00,2020-02-15T20:06:25+08:00,True,6.0,985.0,3604.0,116.321784,39.72944,116.338597,39.740636
nearest_baseline,nearest_baseline_w000018,6000000000000000554,20,Lunch-Peak Specialist,2020-02-15T08:21:43+08:00,2020-02-15T09:11:43+08:00,2020-02-15T08:33:39+08:00,True,6.0,819.0,2912.0,116.286864,40.032712,116.283167,40.043256
nearest_baseline,nearest_baseline_w000286,6000000000000002134,20,Lunch-Peak Specialist,2020-02-15T11:07:40+08:00,2020-02-15T11:50:40+08:00,2020-02-15T11:12:07+08:00,True,3.0,727.0,2529.0,116.291958,40.042893,116.285097,40.048296
nearest_baseline,nearest_baseline_w000338,6000000000000002227,20,Lunch-Peak Specialist,2020-02-15T11:06:49+08:00,2020-02-15T11:46:49+08:00,2020-02-15T11:37:32+08:00,True,6.0,1052.0,3883.0,116.293209,40.053724,116.302467,40.046936
nearest_baseline,nearest_baseline_w000391,6000000000000001585,20,Lunch-Peak Specialist,2020-02-15T11:13:18+08:00,2020-02-15T11:50:18+08:00,2020-02-15T11:54:29+08:00,False,3.0,869.0,3120.0,116.293209,40.053724,116.295127,40.050536
nearest_baseline,nearest_baseline_w000429,6000000000000002200,20,Lunch-Peak Specialist,2020-02-15T11:31:30+08:00,2020-02-15T12:25:30+08:00,2020-02-15T12:14:28+08:00,True,6.0,868.0,3120.0,116.291484,40.052133,116.301717,40.063566
nearest_baseline,nearest_baseline_w000478,6000000000000002429,20,Lunch-Peak Specialist,2020-02-15T12:07:18+08:00,2020-02-15T12:50:18+08:00,2020-02-15T12:26:39+08:00,True,3.0,399.0,1162.0,116.30531,40.065128,116.305977,40.064566
nearest_baseline,nearest_baseline_w000501,6000000000000002424,20,Lunch-Peak Specialist,2020-02-15T12:06:03+08:00,2020-02-15T12:53:03+08:00,2020-02-15T12:49:22+08:00,True,6.0,1162.0,4341.0,116.30728,40.066116,116.300417,40.050676
nearest_baseline,nearest_baseline_w000557,6000000000000003613,20,Lunch-Peak Specialist,2020-02-15T12:38:26+08:00,2020-02-15T13:15:26+08:00,2020-02-15T13:07:55+08:00,True,3.0,1075.0,3978.0,116.290371,40.052052,116.301027,40.049856
nearest_baseline,nearest_baseline_w000600,6000000000000003402,20,Lunch-Peak Specialist,2020-02-15T12:48:10+08:00,2020-02-15T13:24:10+08:00,2020-02-15T13:22:56+08:00,True,3.0,776.0,2734.0,116.293209,40.053724,116.300227,40.050536
nearest_baseline,nearest_baseline_w000692,6000000000000004502,20,Lunch-Peak Specialist,2020-02-15T13:28:45+08:00,2020-02-15T14:07:45+08:00,2020-02-15T14:07:15+08:00,True,6.0,1035.0,3812.0,116.291484,40.052133,116.303907,40.062306
nearest_baseline,nearest_baseline_w000738,6000000000000004623,20,Lunch-Peak Specialist,2020-02-15T13:55:03+08:00,2020-02-15T14:53:03+08:00,2020-02-15T14:42:16+08:00,True,6.0,1936.0,7565.0,116.296088,40.065187,116.293747,40.078296
nearest_baseline,nearest_baseline_w000823,6000000000000004768,20,Lunch-Peak Specialist,2020-02-15T14:53:25+08:00,2020-02-15T15:36:25+08:00,2020-02-15T15:03:00+08:00,True,6.0,780.0,2749.0,116.306459,40.082356,116.309567,40.072456
nearest_baseline,nearest_baseline_w000845,6000000000000005260,20,Lunch-Peak Specialist,2020-02-15T15:03:30+08:00,2020-02-15T15:50:30+08:00,2020-02-15T15:17:39+08:00,True,3.0,459.0,1412.0,116.309608,40.072971,116.312287,40.064586
nearest_baseline,nearest_baseline_w000902,6000000000000005422,20,Lunch-Peak Specialist,2020-02-15T15:07:16+08:00,2020-02-15T16:13:16+08:00,2020-02-15T15:49:34+08:00,True,6.0,1174.0,4392.0,116.30906,40.075243,116.332917,40.071696
nearest_baseline,nearest_baseline_w000927,6000000000000005551,20,Lunch-Peak Specialist,2020-02-15T15:48:39+08:00,2020-02-15T16:25:39+08:00,2020-02-15T16:02:52+08:00,True,6.0,772.0,2717.0,116.328332,40.071139,116.331597,40.081256
nearest_baseline,nearest_baseline_w000967,6000000000000005727,20,Lunch-Peak Specialist,2020-02-15T16:15:44+08:00,2020-02-15T16:55:44+08:00,2020-02-15T16:27:02+08:00,True,6.0,1022.0,3759.0,116.323341,40.078574,116.326977,40.090396
nearest_baseline,nearest_baseline_w001007,6000000000000006091,20,Lunch-Peak Specialist,2020-02-15T16:31:16+08:00,2020-02-15T17:10:16+08:00,2020-02-15T16:44:59+08:00,True,6.0,899.0,3248.0,116.33404,40.087635,116.349777,40.088356
nearest_baseline,nearest_baseline_w001046,6000000000000006208,20,Lunch-Peak Specialist,2020-02-15T16:37:49+08:00,2020-02-15T17:21:49+08:00,2020-02-15T17:02:19+08:00,True,6.0,739.0,2581.0,116.348128,40.081539,116.354947,40.073616
nearest_baseline,nearest_baseline_w001088,6000000000000006614,20,Lunch-Peak Specialist,2020-02-15T16:44:54+08:00,2020-02-15T17:30:54+08:00,2020-02-15T17:23:43+08:00,True,3.0,823.0,2931.0,116.348438,40.080964,116.350277,40.072746
nearest_baseline,nearest_baseline_w001120,6000000000000006845,20,Lunch-Peak Specialist,2020-02-15T17:02:29+08:00,2020-02-15T17:45:29+08:00,2020-02-15T17:40:02+08:00,True,6.0,602.0,2006.0,116.349112,40.071893,116.358167,40.081236
nearest_baseline,nearest_baseline_w001170,6000000000000007093,20,Lunch-Peak Specialist,2020-02-15T17:29:27+08:00,2020-02-15T18:05:27+08:00,2020-02-15T18:00:10+08:00,True,3.0,610.0,2042.0,116.351783,40.080607,116.349577,40.085326
nearest_baseline,nearest_baseline_w001212,6000000000000007459,20,Lunch-Peak Specialist,2020-02-15T18:02:32+08:00,2020-02-15T18:49:32+08:00,2020-02-15T18:29:06+08:00,True,6.0,1146.0,4274.0,116.348128,40.081539,116.342427,40.065796
nearest_baseline,nearest_baseline_w001270,6000000000000007536,20,Lunch-Peak Specialist,2020-02-15T18:16:28+08:00,2020-02-15T18:56:28+08:00,2020-02-15T18:58:33+08:00,False,3.0,1713.0,6637.0,116.348469,40.072231,116.344157,40.064316
nearest_baseline,nearest_baseline_w001337,6000000000000008501,20,Lunch-Peak Specialist,2020-02-15T18:45:41+08:00,2020-02-15T19:29:41+08:00,2020-02-15T19:23:27+08:00,True,3.0,1407.0,5362.0,116.348555,40.072101,116.358017,40.071276
nearest_baseline,nearest_baseline_w001402,6000000000000007962,20,Lunch-Peak Specialist,2020-02-15T19:13:38+08:00,2020-02-15T19:56:38+08:00,2020-02-15T19:47:06+08:00,True,3.0,1026.0,3774.0,116.351783,40.080607,116.346507,40.076536
nearest_baseline,nearest_baseline_w001431,6000000000000008912,20,Lunch-Peak Specialist,2020-02-15T19:23:51+08:00,2020-02-15T20:08:51+08:00,2020-02-15T20:00:33+08:00,True,6.0,633.0,2136.0,116.344643,40.079313,116.329377,40.081406
nearest_baseline,nearest_baseline_w000044,6000000000000000559,21,Lunch-Peak Specialist,2020-02-15T08:49:21+08:00,2020-02-15T10:15:00+08:00,2020-02-15T08:56:46+08:00,True,3.0,1006.0,3692.0,116.345988,40.08017,116.351167,40.077466
nearest_baseline,nearest_baseline_w000123,6000000000000000371,21,Lunch-Peak Specialist,2020-02-15T09:49:22+08:00,2020-02-15T10:33:22+08:00,2020-02-15T09:53:22+08:00,True,6.0,802.0,2842.0,116.348128,40.081539,116.361127,40.078376
nearest_baseline,nearest_baseline_w000159,6000000000000000603,21,Lunch-Peak Specialist,2020-02-15T09:48:29+08:00,2020-02-15T10:27:29+08:00,2020-02-15T10:15:38+08:00,True,6.0,938.0,3410.0,116.357252,40.073895,116.364297,40.085386
nearest_baseline,nearest_baseline_w000206,6000000000000000478,21,Lunch-Peak Specialist,2020-02-15T09:57:45+08:00,2020-02-15T10:40:45+08:00,2020-02-15T10:40:27+08:00,True,6.0,1227.0,4611.0,116.357252,40.073895,116.337817,40.063306
nearest_baseline,nearest_baseline_w000270,6000000000000001375,21,Lunch-Peak Specialist,2020-02-15T10:33:25+08:00,2020-02-15T11:27:25+08:00,2020-02-15T11:16:06+08:00,True,6.0,1566.0,6026.0,116.348261,40.071948,116.33763700000002,40.089886
nearest_baseline,nearest_baseline_w000342,6000000000000001487,21,Lunch-Peak Specialist,2020-02-15T11:21:42+08:00,2020-02-15T12:12:42+08:00,2020-02-15T11:38:40+08:00,True,6.0,1120.0,4165.0,116.336583,40.07912,116.357977,40.081606
nearest_baseline,nearest_baseline_w000382,6000000000000001787,21,Lunch-Peak Specialist,2020-02-15T11:22:05+08:00,2020-02-15T12:08:05+08:00,2020-02-15T11:51:16+08:00,True,3.0,676.0,2319.0,116.351783,40.080607,116.362807,40.083666
nearest_baseline,nearest_baseline_w000446,6000000000000003163,21,Lunch-Peak Specialist,2020-02-15T11:54:23+08:00,2020-02-15T12:48:23+08:00,2020-02-15T12:24:07+08:00,True,6.0,1447.0,5529.0,116.348128,40.081539,116.323707,40.066256
nearest_baseline,nearest_baseline_w000520,6000000000000002431,21,Lunch-Peak Specialist,2020-02-15T12:03:10+08:00,2020-02-15T12:52:10+08:00,2020-02-15T12:50:30+08:00,True,3.0,1230.0,4624.0,116.307391,40.066076,116.302177,40.061276
nearest_baseline,nearest_baseline_w000582,6000000000000003508,21,Lunch-Peak Specialist,2020-02-15T12:48:15+08:00,2020-02-15T13:29:15+08:00,2020-02-15T13:08:47+08:00,True,3.0,527.0,1697.0,116.307391,40.066076,116.305027,40.067996
nearest_baseline,nearest_baseline_w000595,6000000000000003996,21,Lunch-Peak Specialist,2020-02-15T12:58:19+08:00,2020-02-15T13:36:19+08:00,2020-02-15T13:17:05+08:00,True,3.0,425.0,1270.0,116.306917,40.065504,116.305027,40.067996
nearest_baseline,nearest_baseline_w000618,6000000000000004348,21,Lunch-Peak Specialist,2020-02-15T13:22:36+08:00,2020-02-15T13:57:36+08:00,2020-02-15T13:27:25+08:00,True,3.0,445.0,1352.0,116.306881,40.06552,116.313027,40.059956
nearest_baseline,nearest_baseline_w000649,6000000000000004109,21,Lunch-Peak Specialist,2020-02-15T13:11:41+08:00,2020-02-15T13:54:41+08:00,2020-02-15T13:42:02+08:00,True,3.0,722.0,2509.0,116.306753,40.065459,116.313797,40.058426
nearest_baseline,nearest_baseline_w000694,6000000000000003962,21,Lunch-Peak Specialist,2020-02-15T13:46:37+08:00,2020-02-15T14:25:37+08:00,2020-02-15T14:16:18+08:00,True,3.0,1578.0,6075.0,116.305761,40.064876,116.294417,40.066676
nearest_baseline,nearest_baseline_w000803,6000000000000005236,21,Lunch-Peak Specialist,2020-02-15T14:46:00+08:00,2020-02-15T15:19:00+08:00,2020-02-15T15:00:08+08:00,True,3.0,1208.0,4533.0,116.306857,40.065475,116.300137,40.064586
nearest_baseline,nearest_baseline_w000851,6000000000000005228,21,Lunch-Peak Specialist,2020-02-15T14:43:15+08:00,2020-02-15T15:20:15+08:00,2020-02-15T15:27:15+08:00,False,3.0,1035.0,3810.0,116.307198,40.065888,116.299667,40.062346
nearest_baseline,nearest_baseline_w000921,6000000000000005361,21,Lunch-Peak Specialist,2020-02-15T15:15:29+08:00,2020-02-15T16:13:29+08:00,2020-02-15T16:11:10+08:00,True,6.0,1870.0,7294.0,116.30906,40.075243,116.324547,40.081286
nearest_baseline,nearest_baseline_w000977,6000000000000005925,21,Lunch-Peak Specialist,2020-02-15T16:13:21+08:00,2020-02-15T16:58:21+08:00,2020-02-15T16:28:39+08:00,True,3.0,519.0,1661.0,116.323341,40.078574,116.321707,40.072246
nearest_baseline,nearest_baseline_w001003,6000000000000006323,21,Lunch-Peak Specialist,2020-02-15T16:21:53+08:00,2020-02-15T16:58:53+08:00,2020-02-15T16:44:59+08:00,True,6.0,899.0,3249.0,116.326609,40.07442,116.330997,40.088086
nearest_baseline,nearest_baseline_w001050,6000000000000006254,21,Lunch-Peak Specialist,2020-02-15T16:20:34+08:00,2020-02-15T16:58:34+08:00,2020-02-15T17:04:03+08:00,False,3.0,843.0,3011.0,116.323341,40.078574,116.322327,40.072376
nearest_baseline,nearest_baseline_w001082,6000000000000006439,21,Lunch-Peak Specialist,2020-02-15T17:04:32+08:00,2020-02-15T17:42:32+08:00,2020-02-15T17:27:36+08:00,True,3.0,1056.0,3898.0,116.327267,40.070896,116.322717,40.068186
nearest_baseline,nearest_baseline_w001125,6000000000000006581,21,Lunch-Peak Specialist,2020-02-15T17:00:08+08:00,2020-02-15T17:44:08+08:00,2020-02-15T17:47:06+08:00,False,3.0,1026.0,3775.0,116.327267,40.070896,116.333717,40.068366
nearest_baseline,nearest_baseline_w001177,6000000000000006932,21,Lunch-Peak Specialist,2020-02-15T17:20:23+08:00,2020-02-15T18:03:23+08:00,2020-02-15T18:05:22+08:00,False,6.0,922.0,3341.0,116.336357,40.078986,116.323467,40.073496
nearest_baseline,nearest_baseline_w001207,6000000000000007718,21,Lunch-Peak Specialist,2020-02-15T17:56:46+08:00,2020-02-15T18:51:46+08:00,2020-02-15T18:26:37+08:00,True,3.0,997.0,3654.0,116.324115,40.073532,116.322977,40.067676
nearest_baseline,nearest_baseline_w001265,6000000000000007125,21,Lunch-Peak Specialist,2020-02-15T18:01:14+08:00,2020-02-15T18:51:14+08:00,2020-02-15T18:48:41+08:00,True,6.0,1121.0,4170.0,116.326197,40.071816,116.337407,40.066806
nearest_baseline,nearest_baseline_w001313,6000000000000008336,21,Lunch-Peak Specialist,2020-02-15T18:35:02+08:00,2020-02-15T19:15:02+08:00,2020-02-15T19:10:12+08:00,True,3.0,1212.0,4549.0,116.348261,40.071948,116.357957,40.073796
nearest_baseline,nearest_baseline_w001372,6000000000000008453,21,Lunch-Peak Specialist,2020-02-15T18:54:56+08:00,2020-02-15T19:44:56+08:00,2020-02-15T19:37:18+08:00,True,6.0,1038.0,3824.0,116.348747,40.074475,116.370877,40.076876
nearest_baseline,nearest_baseline_w001427,6000000000000008859,21,Lunch-Peak Specialist,2020-02-15T19:45:07+08:00,2020-02-15T20:27:07+08:00,2020-02-15T20:03:55+08:00,True,6.0,1435.0,5477.0,116.348568,40.072136,116.357147,40.085476
nearest_baseline,nearest_baseline_w000020,6000000000000000377,22,Lunch-Peak Specialist,2020-02-15T08:25:33+08:00,2020-02-15T09:12:33+08:00,2020-02-15T08:47:15+08:00,True,3.0,1635.0,6312.0,116.332098,40.006788,116.339267,40.012586
nearest_baseline,nearest_baseline_w000160,6000000000000000690,22,Lunch-Peak Specialist,2020-02-15T10:08:18+08:00,2020-02-15T10:45:00+08:00,2020-02-15T10:12:51+08:00,True,3.0,771.0,2713.0,116.343574,40.008209,116.344417,40.005586
nearest_baseline,nearest_baseline_w000214,6000000000000001208,22,Lunch-Peak Specialist,2020-02-15T10:38:55+08:00,2020-02-15T11:23:55+08:00,2020-02-15T10:39:19+08:00,True,3.0,559.0,1832.0,116.34405,40.008794,116.340197,40.000746
nearest_baseline,nearest_baseline_w000248,6000000000000001526,22,Lunch-Peak Specialist,2020-02-15T10:39:54+08:00,2020-02-15T11:34:54+08:00,2020-02-15T10:51:13+08:00,True,3.0,673.0,2303.0,116.343005,40.011263,116.344047,40.012716
nearest_baseline,nearest_baseline_w000279,6000000000000001601,22,Lunch-Peak Specialist,2020-02-15T11:05:28+08:00,2020-02-15T12:11:28+08:00,2020-02-15T11:24:09+08:00,True,10.0,1449.0,5538.0,116.344248,40.008293,116.311367,39.998026
nearest_baseline,nearest_baseline_w000370,6000000000000001742,22,Lunch-Peak Specialist,2020-02-15T11:10:22+08:00,2020-02-15T11:51:22+08:00,2020-02-15T12:00:21+08:00,False,6.0,1821.0,7085.0,116.324293,39.992498,116.337547,40.015996
nearest_baseline,nearest_baseline_w000469,6000000000000002805,22,Lunch-Peak Specialist,2020-02-15T11:44:05+08:00,2020-02-15T12:14:05+08:00,2020-02-15T12:32:28+08:00,False,6.0,1348.0,5114.0,116.343057,40.003686,116.337777,40.012756
nearest_baseline,nearest_baseline_w000534,6000000000000003774,22,Lunch-Peak Specialist,2020-02-15T12:38:08+08:00,2020-02-15T13:28:08+08:00,2020-02-15T13:15:01+08:00,True,6.0,2101.0,8256.0,116.332098,40.006788,116.362747,40.005826
nearest_baseline,nearest_baseline_w000648,6000000000000003822,22,Lunch-Peak Specialist,2020-02-15T13:16:59+08:00,2020-02-15T14:12:59+08:00,2020-02-15T13:49:28+08:00,True,6.0,1168.0,4363.0,116.371476,40.00766,116.364607,40.015016
nearest_baseline,nearest_baseline_w000685,6000000000000004460,22,Lunch-Peak Specialist,2020-02-15T13:49:32+08:00,2020-02-15T14:38:32+08:00,2020-02-15T14:19:53+08:00,True,6.0,1793.0,6971.0,116.361954,40.012778,116.358287,39.995936
nearest_baseline,nearest_baseline_w000766,6000000000000004733,22,Lunch-Peak Specialist,2020-02-15T13:59:24+08:00,2020-02-15T14:33:24+08:00,2020-02-15T14:32:30+08:00,True,3.0,750.0,2624.0,116.355541,39.9812,116.356967,39.980496
nearest_baseline,nearest_baseline_w000795,6000000000000005293,22,Lunch-Peak Specialist,2020-02-15T14:35:43+08:00,2020-02-15T15:24:43+08:00,2020-02-15T14:56:55+08:00,True,6.0,1015.0,3728.0,116.34955,39.980442,116.363367,39.979366
nearest_baseline,nearest_baseline_w000836,6000000000000004941,22,Lunch-Peak Specialist,2020-02-15T14:41:09+08:00,2020-02-15T18:15:00+08:00,2020-02-15T15:12:34+08:00,True,3.0,754.0,2644.0,116.369013,39.975134,116.363597,39.970306
nearest_baseline,nearest_baseline_w000871,6000000000000005200,22,Lunch-Peak Specialist,2020-02-15T15:13:43+08:00,2020-02-15T17:43:43+08:00,2020-02-15T15:30:18+08:00,True,3.0,618.0,2077.0,116.369014,39.975133,116.36691700000002,39.980966
nearest_baseline,nearest_baseline_w000910,6000000000000006181,22,Lunch-Peak Specialist,2020-02-15T15:41:34+08:00,2020-02-15T18:41:34+08:00,2020-02-15T15:53:31+08:00,True,3.0,811.0,2879.0,116.3717,39.979481,116.362367,39.980556
nearest_baseline,nearest_baseline_w000954,6000000000000005999,22,Lunch-Peak Specialist,2020-02-15T15:44:25+08:00,2020-02-15T18:44:25+08:00,2020-02-15T16:10:15+08:00,True,3.0,615.0,2064.0,116.3717,39.979481,116.373467,39.977916
nearest_baseline,nearest_baseline_w001002,6000000000000006541,22,Lunch-Peak Specialist,2020-02-15T16:37:00+08:00,2020-02-15T17:20:00+08:00,2020-02-15T16:41:31+08:00,True,3.0,691.0,2378.0,116.370471,39.975366,116.37779700000002,39.971356
nearest_baseline,nearest_baseline_w001045,6000000000000006544,22,Lunch-Peak Specialist,2020-02-15T16:41:21+08:00,2020-02-15T17:22:21+08:00,2020-02-15T17:03:20+08:00,True,3.0,800.0,2833.0,116.370471,39.975366,116.378587,39.971016
nearest_baseline,nearest_baseline_w001087,6000000000000006843,22,Lunch-Peak Specialist,2020-02-15T16:59:31+08:00,2020-02-15T17:47:31+08:00,2020-02-15T17:27:19+08:00,True,6.0,1039.0,3831.0,116.370296,39.975288,116.378047,39.963026
nearest_baseline,nearest_baseline_w001119,6000000000000006858,22,Lunch-Peak Specialist,2020-02-15T17:11:17+08:00,2020-02-15T17:57:17+08:00,2020-02-15T17:42:22+08:00,True,6.0,742.0,2593.0,116.377997,39.962196,116.391487,39.963836
nearest_baseline,nearest_baseline_w001167,6000000000000007310,22,Lunch-Peak Specialist,2020-02-15T17:34:24+08:00,2020-02-15T18:10:24+08:00,2020-02-15T17:57:20+08:00,True,3.0,440.0,1334.0,116.391413,39.967226,116.390037,39.963746
nearest_baseline,nearest_baseline_w001223,6000000000000007383,22,Lunch-Peak Specialist,2020-02-15T18:13:54+08:00,2020-02-15T18:47:54+08:00,2020-02-15T18:20:43+08:00,True,3.0,643.0,2177.0,116.40052,39.966067,116.403337,39.965486
nearest_baseline,nearest_baseline_w001257,6000000000000008495,22,Lunch-Peak Specialist,2020-02-15T18:39:09+08:00,2020-02-15T19:16:09+08:00,2020-02-15T18:42:09+08:00,True,6.0,729.0,2535.0,116.40052,39.966067,116.409197,39.959126
nearest_baseline,nearest_baseline_w001301,6000000000000007943,22,Lunch-Peak Specialist,2020-02-15T18:53:14+08:00,2020-02-15T19:32:14+08:00,2020-02-15T18:57:58+08:00,True,3.0,478.0,1495.0,116.407537,39.960876,116.401927,39.956896
nearest_baseline,nearest_baseline_w001329,6000000000000008280,22,Lunch-Peak Specialist,2020-02-15T19:00:54+08:00,2020-02-15T19:38:54+08:00,2020-02-15T19:09:23+08:00,True,3.0,563.0,1847.0,116.407537,39.960876,116.403857,39.956176
nearest_baseline,nearest_baseline_w001358,6000000000000008282,22,Lunch-Peak Specialist,2020-02-15T19:01:35+08:00,2020-02-15T19:47:35+08:00,2020-02-15T19:27:32+08:00,True,3.0,1052.0,3883.0,116.41502,39.954592,116.417437,39.947936
nearest_baseline,nearest_baseline_w001397,6000000000000008642,22,Lunch-Peak Specialist,2020-02-15T19:26:52+08:00,2020-02-15T20:06:52+08:00,2020-02-15T19:51:13+08:00,True,3.0,1273.0,4805.0,116.406187,39.950046,116.400267,39.946756
nearest_baseline,nearest_baseline_w000022,6000000000000000207,23,Lunch-Peak Specialist,2020-02-15T08:22:36+08:00,2020-02-15T09:15:00+08:00,2020-02-15T08:42:00+08:00,True,6.0,1320.0,5001.0,116.400042,39.991122,116.398627,40.006966
nearest_baseline,nearest_baseline_w000054,6000000000000000649,23,Lunch-Peak Specialist,2020-02-15T08:44:13+08:00,2020-02-15T11:45:00+08:00,2020-02-15T09:10:16+08:00,True,3.0,1216.0,4570.0,116.386252,39.99971,116.396037,39.998436
nearest_baseline,nearest_baseline_w000087,6000000000000000571,23,Lunch-Peak Specialist,2020-02-15T09:13:02+08:00,2020-02-15T09:55:03+08:00,2020-02-15T09:31:05+08:00,True,3.0,665.0,2269.0,116.398901,39.996912,116.402897,40.001126
nearest_baseline,nearest_baseline_w000124,6000000000000000636,23,Lunch-Peak Specialist,2020-02-15T09:35:58+08:00,2020-02-15T10:34:58+08:00,2020-02-15T10:01:25+08:00,True,6.0,1285.0,4855.0,116.405292,40.005857,116.408967,39.979086
nearest_baseline,nearest_baseline_w000178,6000000000000000947,23,Lunch-Peak Specialist,2020-02-15T09:56:47+08:00,2020-02-15T10:29:47+08:00,2020-02-15T10:21:34+08:00,True,3.0,694.0,2389.0,116.406753,39.985226,116.404047,39.981076
nearest_baseline,nearest_baseline_w000221,6000000000000001094,23,Lunch-Peak Specialist,2020-02-15T10:05:40+08:00,2020-02-15T10:54:40+08:00,2020-02-15T10:46:03+08:00,True,6.0,963.0,3511.0,116.406793,39.985754,116.432007,39.980876
nearest_baseline,nearest_baseline_w000268,6000000000000001297,23,Lunch-Peak Specialist,2020-02-15T10:55:26+08:00,2020-02-15T11:49:26+08:00,2020-02-15T11:11:29+08:00,True,6.0,1289.0,4869.0,116.438154,39.970538,116.419607,39.961706
nearest_baseline,nearest_baseline_w000341,6000000000000002249,23,Lunch-Peak Specialist,2020-02-15T11:14:19+08:00,2020-02-15T11:52:19+08:00,2020-02-15T11:32:33+08:00,True,3.0,753.0,2638.0,116.430049,39.955605,116.433657,39.950346
nearest_baseline,nearest_baseline_w000381,6000000000000001485,23,Lunch-Peak Specialist,2020-02-15T11:21:34+08:00,2020-02-15T12:14:34+08:00,2020-02-15T11:58:12+08:00,True,6.0,1092.0,4049.0,116.435083,39.945804,116.424267,39.960256
nearest_baseline,nearest_baseline_w000443,6000000000000002002,23,Lunch-Peak Specialist,2020-02-15T11:37:48+08:00,2020-02-15T12:30:48+08:00,2020-02-15T12:18:11+08:00,True,6.0,1091.0,4046.0,116.435299,39.954888,116.445347,39.967616
nearest_baseline,nearest_baseline_w000495,6000000000000002520,23,Lunch-Peak Specialist,2020-02-15T12:02:29+08:00,2020-02-15T12:43:29+08:00,2020-02-15T12:41:56+08:00,True,3.0,1316.0,4984.0,116.45690700000002,39.960136,116.462187,39.964446
nearest_baseline,nearest_baseline_w000554,6000000000000003587,23,Lunch-Peak Specialist,2020-02-15T12:20:10+08:00,2020-02-15T13:10:10+08:00,2020-02-15T13:12:32+08:00,False,6.0,1352.0,5135.0,116.45690700000002,39.960136,116.440027,39.955146
nearest_baseline,nearest_baseline_w000619,6000000000000003711,23,Lunch-Peak Specialist,2020-02-15T12:53:34+08:00,2020-02-15T13:37:34+08:00,2020-02-15T13:31:39+08:00,True,6.0,699.0,2412.0,116.435178,39.955209,116.439877,39.946456
nearest_baseline,nearest_baseline_w000676,6000000000000004328,23,Lunch-Peak Specialist,2020-02-15T13:12:01+08:00,2020-02-15T13:50:01+08:00,2020-02-15T13:55:22+08:00,False,3.0,922.0,3343.0,116.437203,39.957749,116.432237,39.955856
nearest_baseline,nearest_baseline_w000705,6000000000000004226,23,Lunch-Peak Specialist,2020-02-15T13:48:41+08:00,2020-02-15T14:25:41+08:00,2020-02-15T14:07:37+08:00,True,3.0,457.0,1402.0,116.435299,39.954888,116.436007,39.954446
nearest_baseline,nearest_baseline_w000722,6000000000000005015,23,Lunch-Peak Specialist,2020-02-15T14:01:43+08:00,2020-02-15T14:40:43+08:00,2020-02-15T14:15:42+08:00,True,3.0,342.0,925.0,116.435178,39.955209,116.440607,39.952506
nearest_baseline,nearest_baseline_w000747,6000000000000004478,23,Lunch-Peak Specialist,2020-02-15T14:13:10+08:00,2020-02-15T14:50:10+08:00,2020-02-15T14:25:20+08:00,True,3.0,320.0,834.0,116.444664,39.951461,116.444507,39.951286
nearest_baseline,nearest_baseline_w000772,6000000000000004936,23,Lunch-Peak Specialist,2020-02-15T14:33:43+08:00,2020-02-15T15:03:43+08:00,2020-02-15T14:38:26+08:00,True,3.0,506.0,1608.0,116.442024,39.947447,116.434997,39.951366
nearest_baseline,nearest_baseline_w000806,6000000000000005041,23,Lunch-Peak Specialist,2020-02-15T14:26:22+08:00,2020-02-15T14:59:22+08:00,2020-02-15T14:55:40+08:00,True,3.0,940.0,3415.0,116.44161,39.961696,116.448747,39.967396
nearest_baseline,nearest_baseline_w000833,6000000000000004996,23,Lunch-Peak Specialist,2020-02-15T14:33:42+08:00,2020-02-15T15:15:42+08:00,2020-02-15T15:20:55+08:00,False,6.0,1255.0,4731.0,116.441683,39.967167,116.450217,39.987386
nearest_baseline,nearest_baseline_w000900,6000000000000006116,23,Lunch-Peak Specialist,2020-02-15T15:33:14+08:00,2020-02-15T18:32:14+08:00,2020-02-15T15:52:34+08:00,True,6.0,1354.0,5144.0,116.450694,39.9779,116.469707,39.984276
nearest_baseline,nearest_baseline_w000965,6000000000000006062,23,Lunch-Peak Specialist,2020-02-15T16:18:28+08:00,2020-02-15T16:59:28+08:00,2020-02-15T16:24:38+08:00,True,6.0,878.0,3158.0,116.473513,39.990056,116.466717,40.007476
nearest_baseline,nearest_baseline_w001016,6000000000000006088,23,Lunch-Peak Specialist,2020-02-15T16:29:45+08:00,2020-02-15T17:15:45+08:00,2020-02-15T16:52:39+08:00,True,6.0,1359.0,5159.0,116.471469,39.99554,116.474097,39.975346
nearest_baseline,nearest_baseline_w001061,6000000000000006404,23,Lunch-Peak Specialist,2020-02-15T16:42:30+08:00,2020-02-15T17:13:30+08:00,2020-02-15T17:19:53+08:00,False,6.0,1193.0,4467.0,116.479437,39.968717,116.477117,39.959706
nearest_baseline,nearest_baseline_w001109,6000000000000007222,23,Lunch-Peak Specialist,2020-02-15T17:28:00+08:00,2020-02-15T18:00:00+08:00,2020-02-15T17:45:13+08:00,True,6.0,1513.0,5802.0,116.480647,39.970666,116.480387,39.983436
nearest_baseline,nearest_baseline_w001163,6000000000000006886,23,Lunch-Peak Specialist,2020-02-15T17:25:34+08:00,2020-02-15T17:59:34+08:00,2020-02-15T17:55:12+08:00,True,3.0,312.0,803.0,116.479517,39.983058,116.476107,39.982626
nearest_baseline,nearest_baseline_w001195,6000000000000007007,23,Lunch-Peak Specialist,2020-02-15T17:30:46+08:00,2020-02-15T18:07:46+08:00,2020-02-15T18:15:30+08:00,False,6.0,930.0,3374.0,116.474284,39.988934,116.467127,39.981476
nearest_baseline,nearest_baseline_w001245,6000000000000007814,23,Lunch-Peak Specialist,2020-02-15T18:02:13+08:00,2020-02-15T18:44:13+08:00,2020-02-15T18:38:49+08:00,True,6.0,1129.0,4206.0,116.468042,39.989419,116.461237,40.001226
nearest_baseline,nearest_baseline_w001286,6000000000000008014,23,Lunch-Peak Specialist,2020-02-15T18:29:17+08:00,2020-02-15T19:02:17+08:00,2020-02-15T18:58:52+08:00,True,6.0,1132.0,4216.0,116.468197,39.995916,116.479917,39.985216
nearest_baseline,nearest_baseline_w001336,6000000000000008052,23,Lunch-Peak Specialist,2020-02-15T18:53:25+08:00,2020-02-15T19:31:25+08:00,2020-02-15T19:12:08+08:00,True,3.0,728.0,2533.0,116.47156,39.989923,116.473597,39.987256
nearest_baseline,nearest_baseline_w001376,6000000000000008309,23,Lunch-Peak Specialist,2020-02-15T19:15:05+08:00,2020-02-15T20:05:05+08:00,2020-02-15T19:45:12+08:00,True,6.0,1512.0,5799.0,116.460367,39.990946,116.445637,39.997466
nearest_baseline,nearest_baseline_w001437,6000000000000008792,23,Lunch-Peak Specialist,2020-02-15T19:59:58+08:00,2020-02-15T20:35:58+08:00,2020-02-15T20:12:45+08:00,True,3.0,1365.0,5188.0,116.451626,39.999642,116.450537,39.997436
nearest_baseline,nearest_baseline_w000042,6000000000000000572,24,Lunch-Peak Specialist,2020-02-15T08:44:23+08:00,2020-02-15T13:45:00+08:00,2020-02-15T09:00:39+08:00,True,6.0,1239.0,4661.0,116.306018,39.97894,116.313437,39.967206
nearest_baseline,nearest_baseline_w000077,6000000000000000586,24,Lunch-Peak Specialist,2020-02-15T09:02:42+08:00,2020-02-15T12:02:42+08:00,2020-02-15T09:27:10+08:00,True,6.0,1030.0,3792.0,116.323448,39.971733,116.308777,39.980966
nearest_baseline,nearest_baseline_w000116,6000000000000000189,24,Lunch-Peak Specialist,2020-02-15T09:11:05+08:00,2020-02-15T09:51:05+08:00,2020-02-15T09:46:31+08:00,True,3.0,991.0,3630.0,116.29547,39.980442,116.292297,39.974446
nearest_baseline,nearest_baseline_w000147,6000000000000001024,24,Lunch-Peak Specialist,2020-02-15T09:56:57+08:00,2020-02-15T10:45:00+08:00,2020-02-15T10:07:52+08:00,True,6.0,1072.0,3964.0,116.285284,39.971981,116.287567,39.962896
nearest_baseline,nearest_baseline_w000169,6000000000000000414,24,Lunch-Peak Specialist,2020-02-15T09:46:47+08:00,2020-02-15T10:43:47+08:00,2020-02-15T10:22:02+08:00,True,6.0,722.0,2508.0,116.287321,39.962601,116.289167,39.944776
nearest_baseline,nearest_baseline_w000231,6000000000000001298,24,Lunch-Peak Specialist,2020-02-15T10:18:33+08:00,2020-02-15T11:54:00+08:00,2020-02-15T10:48:57+08:00,True,6.0,1137.0,4236.0,116.280654,39.957785,116.268037,39.950186
nearest_baseline,nearest_baseline_w000265,6000000000000001152,24,Lunch-Peak Specialist,2020-02-15T10:55:10+08:00,2020-02-15T11:55:11+08:00,2020-02-15T11:21:09+08:00,True,6.0,1869.0,7286.0,116.261605,39.943214,116.258517,39.931826
nearest_baseline,nearest_baseline_w000369,6000000000000002229,24,Lunch-Peak Specialist,2020-02-15T11:07:25+08:00,2020-02-15T11:54:25+08:00,2020-02-15T11:41:47+08:00,True,3.0,707.0,2447.0,116.244066,39.930045,116.242167,39.932186
nearest_baseline,nearest_baseline_w000402,6000000000000002536,24,Lunch-Peak Specialist,2020-02-15T11:43:44+08:00,2020-02-15T12:23:44+08:00,2020-02-15T12:07:14+08:00,True,3.0,1034.0,3809.0,116.243907,39.929996,116.242487,39.922416
nearest_baseline,nearest_baseline_w000460,6000000000000002011,24,Lunch-Peak Specialist,2020-02-15T11:40:54+08:00,2020-02-15T12:35:54+08:00,2020-02-15T12:33:11+08:00,True,6.0,1391.0,5293.0,116.24423,39.929229,116.263637,39.916646
nearest_baseline,nearest_baseline_w000540,6000000000000003704,24,Lunch-Peak Specialist,2020-02-15T12:45:59+08:00,2020-02-15T13:17:59+08:00,2020-02-15T12:51:59+08:00,True,3.0,719.0,2497.0,116.250944,39.917018,116.253347,39.917026
nearest_baseline,nearest_baseline_w000570,6000000000000003873,24,Lunch-Peak Specialist,2020-02-15T12:47:03+08:00,2020-02-15T13:23:03+08:00,2020-02-15T13:08:58+08:00,True,3.0,538.0,1741.0,116.250944,39.917018,116.254727,39.916706
nearest_baseline,nearest_baseline_w000594,6000000000000003818,24,Lunch-Peak Specialist,2020-02-15T13:15:11+08:00,2020-02-15T13:45:11+08:00,2020-02-15T13:21:47+08:00,True,6.0,707.0,2444.0,116.251137,39.916536,116.253487,39.904066
nearest_baseline,nearest_baseline_w000641,6000000000000004146,24,Lunch-Peak Specialist,2020-02-15T13:37:37+08:00,2020-02-15T14:24:37+08:00,2020-02-15T13:44:35+08:00,True,6.0,875.0,3146.0,116.254861,39.904022,116.228087,39.897016
nearest_baseline,nearest_baseline_w000698,6000000000000004533,24,Lunch-Peak Specialist,2020-02-15T13:55:39+08:00,2020-02-15T14:25:39+08:00,2020-02-15T14:01:16+08:00,True,3.0,676.0,2317.0,116.214966,39.905178,116.218117,39.903826
nearest_baseline,nearest_baseline_w000735,6000000000000004703,24,Lunch-Peak Specialist,2020-02-15T14:19:36+08:00,2020-02-15T14:52:36+08:00,2020-02-15T14:20:52+08:00,True,3.0,652.0,2220.0,116.224682,39.90211,116.229757,39.901476
nearest_baseline,nearest_baseline_w000771,6000000000000005113,24,Lunch-Peak Specialist,2020-02-15T14:33:48+08:00,2020-02-15T15:13:48+08:00,2020-02-15T14:42:47+08:00,True,6.0,767.0,2696.0,116.225899,39.901857,116.214987,39.893516
nearest_baseline,nearest_baseline_w000826,6000000000000004878,24,Lunch-Peak Specialist,2020-02-15T14:40:43+08:00,2020-02-15T15:22:43+08:00,2020-02-15T15:16:57+08:00,True,6.0,1617.0,6238.0,116.227034,39.903247,116.223547,39.922166
nearest_baseline,nearest_baseline_w000884,6000000000000005404,24,Lunch-Peak Specialist,2020-02-15T14:54:19+08:00,2020-02-15T15:36:19+08:00,2020-02-15T15:52:14+08:00,False,3.0,1934.0,7557.0,116.24423,39.929229,116.234727,39.932256
nearest_baseline,nearest_baseline_w001019,6000000000000006228,24,Lunch-Peak Specialist,2020-02-15T16:45:42+08:00,2020-02-15T19:00:00+08:00,2020-02-15T17:10:21+08:00,True,6.0,1821.0,7086.0,116.23716,39.928156,116.258667,39.942316
nearest_baseline,nearest_baseline_w001118,6000000000000006726,24,Lunch-Peak Specialist,2020-02-15T17:12:42+08:00,2020-02-15T17:59:42+08:00,2020-02-15T17:51:11+08:00,True,6.0,1871.0,7296.0,116.243907,39.929996,116.254967,39.920726
nearest_baseline,nearest_baseline_w001198,6000000000000007366,24,Lunch-Peak Specialist,2020-02-15T18:06:59+08:00,2020-02-15T18:50:59+08:00,2020-02-15T18:11:12+08:00,True,3.0,672.0,2302.0,116.254166,39.927445,116.249017,39.929166
nearest_baseline,nearest_baseline_w001238,6000000000000007275,24,Lunch-Peak Specialist,2020-02-15T18:05:30+08:00,2020-02-15T19:13:30+08:00,2020-02-15T18:37:07+08:00,True,6.0,1027.0,3776.0,116.243792,39.929568,116.219287,39.926376
nearest_baseline,nearest_baseline_w000083,6000000000000000673,25,Lunch-Peak Specialist,2020-02-15T09:06:40+08:00,2020-02-15T12:06:40+08:00,2020-02-15T09:25:48+08:00,True,3.0,948.0,3448.0,116.452478,39.884308,116.453977,39.889216
nearest_baseline,nearest_baseline_w000108,6000000000000000592,25,Lunch-Peak Specialist,2020-02-15T09:35:48+08:00,2020-02-15T10:10:48+08:00,2020-02-15T09:39:07+08:00,True,6.0,547.0,1780.0,116.455452,39.889015,116.461137,39.880036
nearest_baseline,nearest_baseline_w000128,6000000000000000574,25,Lunch-Peak Specialist,2020-02-15T09:16:54+08:00,2020-02-15T10:45:00+08:00,2020-02-15T10:01:36+08:00,True,6.0,1296.0,4898.0,116.468374,39.883906,116.442707,39.883246
nearest_baseline,nearest_baseline_w000189,6000000000000000538,25,Lunch-Peak Specialist,2020-02-15T09:55:33+08:00,2020-02-15T10:25:33+08:00,2020-02-15T10:26:57+08:00,False,6.0,1017.0,3735.0,116.452933,39.893163,116.466657,39.888636
nearest_baseline,nearest_baseline_w000220,6000000000000000896,25,Lunch-Peak Specialist,2020-02-15T10:16:33+08:00,2020-02-15T10:58:33+08:00,2020-02-15T10:45:33+08:00,True,6.0,933.0,3388.0,116.468527,39.893047,116.455047,39.893506
nearest_baseline,nearest_baseline_w000252,6000000000000001271,25,Lunch-Peak Specialist,2020-02-15T10:31:07+08:00,2020-02-15T11:01:07+08:00,2020-02-15T11:07:08+08:00,False,6.0,1028.0,3785.0,116.452933,39.893163,116.453067,39.875036
nearest_baseline,nearest_baseline_w000299,6000000000000001395,25,Lunch-Peak Specialist,2020-02-15T10:44:59+08:00,2020-02-15T11:43:59+08:00,2020-02-15T11:24:13+08:00,True,6.0,853.0,3054.0,116.453648,39.875413,116.439707,39.875916
nearest_baseline,nearest_baseline_w000343,6000000000000001641,25,Lunch-Peak Specialist,2020-02-15T11:09:03+08:00,2020-02-15T11:52:03+08:00,2020-02-15T11:44:05+08:00,True,6.0,845.0,3021.0,116.440076,39.875063,116.444037,39.888496
nearest_baseline,nearest_baseline_w000411,6000000000000001496,25,Lunch-Peak Specialist,2020-02-15T11:23:24+08:00,2020-02-15T11:53:24+08:00,2020-02-15T12:04:08+08:00,False,6.0,848.0,3032.0,116.450157,39.892116,116.445877,39.881076
nearest_baseline,nearest_baseline_w000451,6000000000000002716,25,Lunch-Peak Specialist,2020-02-15T11:46:20+08:00,2020-02-15T12:25:20+08:00,2020-02-15T12:19:36+08:00,True,3.0,576.0,1898.0,116.446276,39.879354,116.441297,39.871506
nearest_baseline,nearest_baseline_w000489,6000000000000002659,25,Lunch-Peak Specialist,2020-02-15T12:06:38+08:00,2020-02-15T12:36:38+08:00,2020-02-15T12:30:18+08:00,True,3.0,618.0,2078.0,116.446276,39.879354,116.448727,39.880966
nearest_baseline,nearest_baseline_w000524,6000000000000003128,25,Lunch-Peak Specialist,2020-02-15T12:13:40+08:00,2020-02-15T12:57:40+08:00,2020-02-15T12:47:57+08:00,True,3.0,477.0,1490.0,116.45011,39.880896,116.444777,39.882506
nearest_baseline,nearest_baseline_w000549,6000000000000003301,25,Lunch-Peak Specialist,2020-02-15T12:38:17+08:00,2020-02-15T13:22:17+08:00,2020-02-15T13:13:08+08:00,True,6.0,1388.0,5282.0,116.441168,39.881283,116.463737,39.883976
nearest_baseline,nearest_baseline_w000628,6000000000000004010,25,Lunch-Peak Specialist,2020-02-15T13:10:09+08:00,2020-02-15T13:56:09+08:00,2020-02-15T13:38:37+08:00,True,6.0,1117.0,4152.0,116.457597,39.879304,116.445047,39.877826
nearest_baseline,nearest_baseline_w000662,6000000000000004437,25,Lunch-Peak Specialist,2020-02-15T13:35:45+08:00,2020-02-15T14:08:45+08:00,2020-02-15T13:49:57+08:00,True,3.0,597.0,1989.0,116.440076,39.875063,116.433987,39.880016
nearest_baseline,nearest_baseline_w000691,6000000000000004148,25,Lunch-Peak Specialist,2020-02-15T13:38:53+08:00,2020-02-15T14:08:53+08:00,2020-02-15T14:04:26+08:00,True,3.0,866.0,3106.0,116.440076,39.875063,116.438417,39.878886
nearest_baseline,nearest_baseline_w000727,6000000000000004789,25,Lunch-Peak Specialist,2020-02-15T14:01:23+08:00,2020-02-15T14:48:23+08:00,2020-02-15T14:33:29+08:00,True,10.0,1409.0,5368.0,116.436401,39.880615,116.477447,39.868426
nearest_baseline,nearest_baseline_w000799,6000000000000005220,25,Lunch-Peak Specialist,2020-02-15T14:31:17+08:00,2020-02-15T15:14:17+08:00,2020-02-15T14:51:18+08:00,True,3.0,678.0,2324.0,116.478363,39.876507,116.477027,39.868666
nearest_baseline,nearest_baseline_w000843,6000000000000005289,25,Lunch-Peak Specialist,2020-02-15T14:40:39+08:00,2020-02-15T15:28:39+08:00,2020-02-15T15:15:48+08:00,True,3.0,948.0,3449.0,116.464881,39.875722,116.465687,39.881476
nearest_baseline,nearest_baseline_w000876,6000000000000005347,25,Lunch-Peak Specialist,2020-02-15T15:00:43+08:00,2020-02-15T15:49:43+08:00,2020-02-15T15:40:30+08:00,True,6.0,1230.0,4622.0,116.455387,39.890386,116.463457,39.870576
nearest_baseline,nearest_baseline_w000935,6000000000000005535,25,Lunch-Peak Specialist,2020-02-15T15:35:10+08:00,2020-02-15T16:41:10+08:00,2020-02-15T16:06:49+08:00,True,6.0,1009.0,3701.0,116.45885,39.879072,116.453337,39.889876
nearest_baseline,nearest_baseline_w000961,6000000000000006179,25,Lunch-Peak Specialist,2020-02-15T16:10:25+08:00,2020-02-15T16:40:25+08:00,2020-02-15T16:20:37+08:00,True,3.0,637.0,2155.0,116.452933,39.893163,116.454367,39.896246
nearest_baseline,nearest_baseline_w001001,6000000000000005993,25,Lunch-Peak Specialist,2020-02-15T16:10:01+08:00,2020-02-15T16:40:01+08:00,2020-02-15T16:37:55+08:00,True,3.0,475.0,1483.0,116.45064800000002,39.896061,116.457717,39.897596
nearest_baseline,nearest_baseline_w001062,6000000000000006511,25,Lunch-Peak Specialist,2020-02-15T17:06:43+08:00,2020-02-15T17:36:43+08:00,2020-02-15T17:13:16+08:00,True,3.0,796.0,2817.0,116.453382,39.905913,116.455257,39.905766
nearest_baseline,nearest_baseline_w001095,6000000000000007075,25,Lunch-Peak Specialist,2020-02-15T17:18:51+08:00,2020-02-15T17:48:52+08:00,2020-02-15T17:25:30+08:00,True,3.0,330.0,874.0,116.453382,39.905913,116.454837,39.905876
nearest_baseline,nearest_baseline_w001131,6000000000000006661,25,Lunch-Peak Specialist,2020-02-15T17:21:04+08:00,2020-02-15T18:05:04+08:00,2020-02-15T17:37:40+08:00,True,3.0,460.0,1419.0,116.464392,39.908248,116.466477,39.909746
nearest_baseline,nearest_baseline_w001142,6000000000000006373,25,Lunch-Peak Specialist,2020-02-15T17:14:51+08:00,2020-02-15T17:44:51+08:00,2020-02-15T17:47:28+08:00,False,3.0,448.0,1369.0,116.464508,39.908307,116.463377,39.907276
nearest_baseline,nearest_baseline_w001178,6000000000000006682,25,Lunch-Peak Specialist,2020-02-15T17:36:53+08:00,2020-02-15T18:23:53+08:00,2020-02-15T18:10:09+08:00,True,6.0,1209.0,4538.0,116.463086,39.895824,116.455237,39.882556
nearest_baseline,nearest_baseline_w001236,6000000000000007505,25,Lunch-Peak Specialist,2020-02-15T17:58:41+08:00,2020-02-15T18:33:41+08:00,2020-02-15T18:25:02+08:00,True,3.0,302.0,759.0,116.457597,39.879304,116.457317,39.878036
nearest_baseline,nearest_baseline_w001275,6000000000000008173,25,Lunch-Peak Specialist,2020-02-15T18:27:32+08:00,2020-02-15T18:57:32+08:00,2020-02-15T18:39:46+08:00,True,3.0,586.0,1943.0,116.45922600000002,39.890149,116.460277,39.889136
nearest_baseline,nearest_baseline_w001283,6000000000000007992,25,Lunch-Peak Specialist,2020-02-15T18:16:01+08:00,2020-02-15T19:13:01+08:00,2020-02-15T18:57:15+08:00,True,6.0,1035.0,3813.0,116.464487,39.892818,116.486267,39.895686
nearest_baseline,nearest_baseline_w001327,6000000000000008294,25,Lunch-Peak Specialist,2020-02-15T19:06:46+08:00,2020-02-15T19:53:46+08:00,2020-02-15T19:20:53+08:00,True,6.0,1253.0,4720.0,116.487824,39.90041,116.497797,39.874766
nearest_baseline,nearest_baseline_w001420,6000000000000008932,25,Lunch-Peak Specialist,2020-02-15T19:41:19+08:00,2020-02-15T20:37:19+08:00,2020-02-15T19:55:34+08:00,True,6.0,934.0,3394.0,116.500166,39.865507,116.500687,39.856206
nearest_baseline,nearest_baseline_w000025,6000000000000000290,26,Lunch-Peak Specialist,2020-02-15T08:34:29+08:00,2020-02-15T09:04:30+08:00,2020-02-15T08:39:50+08:00,True,3.0,590.0,1961.0,116.493135,39.914461,116.492017,39.909496
nearest_baseline,nearest_baseline_w000034,6000000000000000558,26,Lunch-Peak Specialist,2020-02-15T08:35:45+08:00,2020-02-15T09:08:46+08:00,2020-02-15T08:56:11+08:00,True,6.0,971.0,3544.0,116.493135,39.914461,116.496707,39.923686
nearest_baseline,nearest_baseline_w000062,6000000000000000619,26,Lunch-Peak Specialist,2020-02-15T09:07:19+08:00,2020-02-15T09:56:19+08:00,2020-02-15T09:11:18+08:00,True,3.0,678.0,2328.0,116.489247,39.9225,116.489767,39.930146
nearest_baseline,nearest_baseline_w000094,6000000000000000405,26,Lunch-Peak Specialist,2020-02-15T09:27:30+08:00,2020-02-15T10:19:30+08:00,2020-02-15T09:34:27+08:00,True,6.0,867.0,3116.0,116.489247,39.9225,116.478327,39.911236
nearest_baseline,nearest_baseline_w000122,6000000000000000191,26,Lunch-Peak Specialist,2020-02-15T09:18:10+08:00,2020-02-15T10:07:10+08:00,2020-02-15T09:48:53+08:00,True,3.0,533.0,1721.0,116.481895,39.913428,116.483057,39.912456
nearest_baseline,nearest_baseline_w000148,6000000000000000268,26,Lunch-Peak Specialist,2020-02-15T09:34:35+08:00,2020-02-15T10:21:35+08:00,2020-02-15T10:07:57+08:00,True,6.0,1077.0,3989.0,116.486367,39.906436,116.494757,39.895106
nearest_baseline,nearest_baseline_w000175,6000000000000000729,26,Lunch-Peak Specialist,2020-02-15T09:42:14+08:00,2020-02-15T10:12:14+08:00,2020-02-15T10:19:33+08:00,False,3.0,573.0,1888.0,116.491245,39.891022,116.489267,39.893526
nearest_baseline,nearest_baseline_w000199,6000000000000000907,26,Lunch-Peak Specialist,2020-02-15T10:28:55+08:00,2020-02-15T10:58:55+08:00,2020-02-15T10:34:00+08:00,True,3.0,840.0,3001.0,116.491245,39.891022,116.497267,39.896956
nearest_baseline,nearest_baseline_w000262,6000000000000001535,26,Lunch-Peak Specialist,2020-02-15T10:53:54+08:00,2020-02-15T11:23:55+08:00,2020-02-15T11:03:12+08:00,True,3.0,792.0,2802.0,116.491245,39.891022,116.494557,39.895456
nearest_baseline,nearest_baseline_w000319,6000000000000001953,26,Lunch-Peak Specialist,2020-02-15T11:14:32+08:00,2020-02-15T12:12:32+08:00,2020-02-15T11:33:15+08:00,True,6.0,1395.0,5313.0,116.477378,39.896605,116.463527,39.880316
nearest_baseline,nearest_baseline_w000389,6000000000000001870,26,Lunch-Peak Specialist,2020-02-15T11:17:09+08:00,2020-02-15T12:00:09+08:00,2020-02-15T11:59:46+08:00,True,6.0,1186.0,4441.0,116.454976,39.875258,116.472117,39.869956
nearest_baseline,nearest_baseline_w000447,6000000000000002915,26,Lunch-Peak Specialist,2020-02-15T11:50:50+08:00,2020-02-15T12:34:50+08:00,2020-02-15T12:13:57+08:00,True,3.0,837.0,2985.0,116.457491,39.873148,116.458797,39.878496
nearest_baseline,nearest_baseline_w000483,6000000000000002643,26,Lunch-Peak Specialist,2020-02-15T11:53:45+08:00,2020-02-15T12:33:45+08:00,2020-02-15T12:32:02+08:00,True,3.0,722.0,2509.0,116.452081,39.883094,116.452007,39.889246
nearest_baseline,nearest_baseline_w000529,6000000000000003601,26,Lunch-Peak Specialist,2020-02-15T12:30:27+08:00,2020-02-15T13:03:27+08:00,2020-02-15T12:49:32+08:00,True,3.0,572.0,1885.0,116.458552,39.890743,116.455477,39.889716
nearest_baseline,nearest_baseline_w000547,6000000000000003763,26,Lunch-Peak Specialist,2020-02-15T12:31:09+08:00,2020-02-15T13:10:09+08:00,2020-02-15T12:57:41+08:00,True,3.0,461.0,1419.0,116.455446,39.89042,116.446527,39.893856
nearest_baseline,nearest_baseline_w000573,6000000000000004067,26,Lunch-Peak Specialist,2020-02-15T12:52:08+08:00,2020-02-15T13:22:09+08:00,2020-02-15T13:13:08+08:00,True,6.0,788.0,2784.0,116.450157,39.892116,116.465117,39.889156
nearest_baseline,nearest_baseline_w000651,6000000000000004101,26,Lunch-Peak Specialist,2020-02-15T13:02:53+08:00,2020-02-15T13:43:53+08:00,2020-02-15T13:45:22+08:00,False,3.0,922.0,3344.0,116.451973,39.889367,116.455027,39.889336
nearest_baseline,nearest_baseline_w000682,6000000000000004048,26,Lunch-Peak Specialist,2020-02-15T13:24:34+08:00,2020-02-15T14:07:34+08:00,2020-02-15T14:01:59+08:00,True,6.0,719.0,2494.0,116.455387,39.890386,116.471717,39.898806
nearest_baseline,nearest_baseline_w000737,6000000000000003964,26,Lunch-Peak Specialist,2020-02-15T13:47:40+08:00,2020-02-15T14:29:40+08:00,2020-02-15T14:20:01+08:00,True,3.0,601.0,2003.0,116.469583,39.892722,116.476227,39.893236
nearest_baseline,nearest_baseline_w000782,6000000000000004692,26,Lunch-Peak Specialist,2020-02-15T14:11:58+08:00,2020-02-15T14:49:58+08:00,2020-02-15T14:47:50+08:00,True,6.0,1070.0,3959.0,116.462053,39.892023,116.471717,39.898806
nearest_baseline,nearest_baseline_w000856,6000000000000005464,26,Lunch-Peak Specialist,2020-02-15T15:01:18+08:00,2020-02-15T15:40:18+08:00,2020-02-15T15:23:49+08:00,True,3.0,829.0,2954.0,116.483266,39.899346,116.478497,39.892926
nearest_baseline,nearest_baseline_w000903,6000000000000005860,26,Lunch-Peak Specialist,2020-02-15T15:08:34+08:00,2020-02-15T18:08:34+08:00,2020-02-15T15:49:07+08:00,True,3.0,1147.0,4276.0,116.464045,39.89318,116.455147,39.894136
nearest_baseline,nearest_baseline_w000928,6000000000000005666,26,Lunch-Peak Specialist,2020-02-15T15:52:46+08:00,2020-02-15T16:22:46+08:00,2020-02-15T15:57:54+08:00,True,3.0,474.0,1476.0,116.450157,39.892116,116.453247,39.886736
nearest_baseline,nearest_baseline_w000962,6000000000000006038,26,Lunch-Peak Specialist,2020-02-15T15:58:56+08:00,2020-02-15T16:40:56+08:00,2020-02-15T16:34:21+08:00,True,10.0,1461.0,5588.0,116.45922600000002,39.890149,116.494517,39.897796
nearest_baseline,nearest_baseline_w001032,6000000000000006490,26,Lunch-Peak Specialist,2020-02-15T16:49:38+08:00,2020-02-15T17:28:38+08:00,2020-02-15T16:59:19+08:00,True,6.0,1159.0,4326.0,116.477875,39.892471,116.494537,39.897326
nearest_baseline,nearest_baseline_w001075,6000000000000006504,26,Lunch-Peak Specialist,2020-02-15T16:56:49+08:00,2020-02-15T18:05:49+08:00,2020-02-15T17:29:30+08:00,True,6.0,1770.0,6877.0,116.486376,39.914054,116.515177,39.921486
nearest_baseline,nearest_baseline_w001126,6000000000000007159,26,Lunch-Peak Specialist,2020-02-15T17:22:58+08:00,2020-02-15T18:10:58+08:00,2020-02-15T17:46:39+08:00,True,3.0,999.0,3664.0,116.508466,39.922514,116.504307,39.925106
nearest_baseline,nearest_baseline_w001165,6000000000000006897,26,Lunch-Peak Specialist,2020-02-15T17:29:05+08:00,2020-02-15T18:23:05+08:00,2020-02-15T18:00:21+08:00,True,3.0,621.0,2088.0,116.506887,39.922802,116.502577,39.928186
nearest_baseline,nearest_baseline_w001217,6000000000000007193,26,Lunch-Peak Specialist,2020-02-15T17:41:48+08:00,2020-02-15T18:30:48+08:00,2020-02-15T18:22:19+08:00,True,3.0,739.0,2583.0,116.507775,39.923937,116.501527,39.926456
nearest_baseline,nearest_baseline_w001269,6000000000000007457,26,Lunch-Peak Specialist,2020-02-15T18:02:15+08:00,2020-02-15T18:59:15+08:00,2020-02-15T18:47:39+08:00,True,6.0,1059.0,3913.0,116.508208,39.923382,116.496287,39.911666
nearest_baseline,nearest_baseline_w001303,6000000000000008217,26,Lunch-Peak Specialist,2020-02-15T18:49:53+08:00,2020-02-15T19:42:53+08:00,2020-02-15T19:01:45+08:00,True,3.0,705.0,2439.0,116.494967,39.915156,116.487667,39.910666
nearest_baseline,nearest_baseline_w001352,6000000000000008141,26,Lunch-Peak Specialist,2020-02-15T19:17:55+08:00,2020-02-15T19:57:55+08:00,2020-02-15T19:32:58+08:00,True,6.0,1378.0,5244.0,116.486367,39.906436,116.494707,39.893316
nearest_baseline,nearest_baseline_w001418,6000000000000007975,26,Lunch-Peak Specialist,2020-02-15T19:26:45+08:00,2020-02-15T20:30:45+08:00,2020-02-15T20:04:52+08:00,True,10.0,1492.0,5714.0,116.489049,39.899226,116.501887,39.872786
nearest_baseline,nearest_baseline_w000019,6000000000000000242,27,Lunch-Peak Specialist,2020-02-15T08:29:20+08:00,2020-02-15T10:15:00+08:00,2020-02-15T08:46:15+08:00,True,6.0,1575.0,6060.0,116.408074,39.961742,116.432497,39.968486
nearest_baseline,nearest_baseline_w000058,6000000000000000563,27,Lunch-Peak Specialist,2020-02-15T08:30:01+08:00,2020-02-15T10:45:00+08:00,2020-02-15T09:14:54+08:00,True,6.0,1494.0,5726.0,116.450694,39.9779,116.454227,39.988116
nearest_baseline,nearest_baseline_w000098,6000000000000000411,27,Lunch-Peak Specialist,2020-02-15T09:14:31+08:00,2020-02-15T12:14:31+08:00,2020-02-15T09:44:59+08:00,True,6.0,1499.0,5746.0,116.450694,39.9779,116.449667,40.001166
nearest_baseline,nearest_baseline_w000143,6000000000000000651,27,Lunch-Peak Specialist,2020-02-15T09:59:44+08:00,2020-02-15T10:56:44+08:00,2020-02-15T10:20:48+08:00,True,6.0,1848.0,7199.0,116.455367,39.998946,116.450567,40.019286
nearest_baseline,nearest_baseline_w000318,6000000000000002022,27,Lunch-Peak Specialist,2020-02-15T11:14:39+08:00,2020-02-15T14:14:39+08:00,2020-02-15T11:38:25+08:00,True,6.0,1705.0,6604.0,116.459667,40.010011,116.477177,39.996136
nearest_baseline,nearest_baseline_w000384,6000000000000001659,27,Lunch-Peak Specialist,2020-02-15T11:14:47+08:00,2020-02-15T12:11:47+08:00,2020-02-15T11:59:20+08:00,True,6.0,1160.0,4333.0,116.470225,39.99603,116.486897,39.990546
nearest_baseline,nearest_baseline_w000445,6000000000000002400,27,Lunch-Peak Specialist,2020-02-15T11:51:43+08:00,2020-02-15T12:27:43+08:00,2020-02-15T12:13:47+08:00,True,3.0,827.0,2945.0,116.472585,39.989308,116.467667,39.989686
nearest_baseline,nearest_baseline_w000479,6000000000000003087,27,Lunch-Peak Specialist,2020-02-15T11:51:34+08:00,2020-02-15T12:36:34+08:00,2020-02-15T12:31:38+08:00,True,3.0,698.0,2409.0,116.472431,39.989322,116.478747,39.983336
nearest_baseline,nearest_baseline_w000539,6000000000000003342,27,Lunch-Peak Specialist,2020-02-15T12:16:07+08:00,2020-02-15T12:57:07+08:00,2020-02-15T13:01:40+08:00,False,6.0,1300.0,4915.0,116.479595,39.973622,116.482317,39.987796
nearest_baseline,nearest_baseline_w000601,6000000000000003390,27,Lunch-Peak Specialist,2020-02-15T12:41:38+08:00,2020-02-15T13:27:38+08:00,2020-02-15T13:31:21+08:00,False,6.0,1281.0,4838.0,116.472585,39.989308,116.446467,39.989376
nearest_baseline,nearest_baseline_w000673,6000000000000004588,27,Lunch-Peak Specialist,2020-02-15T13:38:25+08:00,2020-02-15T14:08:25+08:00,2020-02-15T13:56:07+08:00,True,3.0,967.0,3529.0,116.458558,39.992094,116.463447,39.995166
nearest_baseline,nearest_baseline_w000711,6000000000000004660,27,Lunch-Peak Specialist,2020-02-15T13:38:06+08:00,2020-02-15T14:08:06+08:00,2020-02-15T14:08:54+08:00,False,3.0,534.0,1726.0,116.459054,39.991274,116.458727,39.992286
nearest_baseline,nearest_baseline_w000723,6000000000000004448,27,Lunch-Peak Specialist,2020-02-15T13:42:14+08:00,2020-02-15T14:24:14+08:00,2020-02-15T14:23:27+08:00,True,6.0,807.0,2866.0,116.459057,39.991076,116.473387,39.987646
nearest_baseline,nearest_baseline_w000769,6000000000000005086,27,Lunch-Peak Specialist,2020-02-15T14:10:01+08:00,2020-02-15T15:00:01+08:00,2020-02-15T14:48:34+08:00,True,6.0,1114.0,4140.0,116.472074,39.98896,116.446997,39.996876
nearest_baseline,nearest_baseline_w000810,6000000000000005226,27,Lunch-Peak Specialist,2020-02-15T14:42:51+08:00,2020-02-15T15:25:51+08:00,2020-02-15T15:06:22+08:00,True,6.0,982.0,3591.0,116.448093,39.995475,116.460887,39.987966
nearest_baseline,nearest_baseline_w000860,6000000000000005531,27,Lunch-Peak Specialist,2020-02-15T14:54:37+08:00,2020-02-15T17:54:37+08:00,2020-02-15T15:26:12+08:00,True,3.0,972.0,3549.0,116.450694,39.9779,116.461377,39.978256
nearest_baseline,nearest_baseline_w000895,6000000000000005572,27,Lunch-Peak Specialist,2020-02-15T15:18:07+08:00,2020-02-15T15:48:07+08:00,2020-02-15T15:38:44+08:00,True,3.0,524.0,1685.0,116.469012,39.976123,116.468927,39.975616
nearest_baseline,nearest_baseline_w000916,6000000000000005332,27,Lunch-Peak Specialist,2020-02-15T15:30:36+08:00,2020-02-15T16:00:36+08:00,2020-02-15T15:58:25+08:00,True,6.0,1105.0,4103.0,116.480197,39.980318,116.495337,39.977996
nearest_baseline,nearest_baseline_w000968,6000000000000006213,27,Lunch-Peak Specialist,2020-02-15T16:11:36+08:00,2020-02-15T19:11:36+08:00,2020-02-15T16:28:12+08:00,True,6.0,1092.0,4051.0,116.493072,39.970867,116.493667,39.958326
nearest_baseline,nearest_baseline_w001006,6000000000000006196,27,Lunch-Peak Specialist,2020-02-15T16:26:57+08:00,2020-02-15T17:00:00+08:00,2020-02-15T16:42:47+08:00,True,3.0,767.0,2696.0,116.486986,39.960914,116.494777,39.960166
nearest_baseline,nearest_baseline_w001049,6000000000000006211,27,Lunch-Peak Specialist,2020-02-15T16:39:56+08:00,2020-02-15T17:15:56+08:00,2020-02-15T17:05:39+08:00,True,3.0,939.0,3412.0,116.492887,39.970276,116.490817,39.963886
nearest_baseline,nearest_baseline_w001079,6000000000000006525,27,Lunch-Peak Specialist,2020-02-15T17:18:25+08:00,2020-02-15T17:57:25+08:00,2020-02-15T17:20:15+08:00,True,3.0,615.0,2064.0,116.493055,39.962236,116.497107,39.958236
nearest_baseline,nearest_baseline_w001128,6000000000000006929,27,Lunch-Peak Specialist,2020-02-15T17:20:09+08:00,2020-02-15T17:52:09+08:00,2020-02-15T17:37:50+08:00,True,3.0,470.0,1461.0,116.493221,39.963001,116.492377,39.963876
nearest_baseline,nearest_baseline_w001140,6000000000000006657,27,Lunch-Peak Specialist,2020-02-15T17:20:11+08:00,2020-02-15T17:58:11+08:00,2020-02-15T17:46:39+08:00,True,3.0,399.0,1161.0,116.493631,39.963989,116.496817,39.960556
nearest_baseline,nearest_baseline_w001183,6000000000000007320,27,Lunch-Peak Specialist,2020-02-15T17:42:13+08:00,2020-02-15T18:37:13+08:00,2020-02-15T18:09:54+08:00,True,6.0,1194.0,4473.0,116.482322,39.968616,116.504237,39.974176
nearest_baseline,nearest_baseline_w001248,6000000000000007749,27,Lunch-Peak Specialist,2020-02-15T18:25:32+08:00,2020-02-15T19:10:32+08:00,2020-02-15T18:40:05+08:00,True,6.0,1205.0,4519.0,116.492887,39.970276,116.497707,39.954856
nearest_baseline,nearest_baseline_w001311,6000000000000008184,27,Lunch-Peak Specialist,2020-02-15T18:38:25+08:00,2020-02-15T19:15:25+08:00,2020-02-15T18:58:45+08:00,True,3.0,525.0,1688.0,116.493055,39.962236,116.494847,39.960736
nearest_baseline,nearest_baseline_w001320,6000000000000008460,27,Lunch-Peak Specialist,2020-02-15T18:59:06+08:00,2020-02-15T19:56:06+08:00,2020-02-15T19:13:58+08:00,True,6.0,838.0,2992.0,116.493055,39.962236,116.474587,39.969196
nearest_baseline,nearest_baseline_w001375,6000000000000008575,27,Lunch-Peak Specialist,2020-02-15T19:25:29+08:00,2020-02-15T20:14:29+08:00,2020-02-15T19:45:26+08:00,True,6.0,1526.0,5857.0,116.468401,39.976312,116.478357,39.969436
nearest_baseline,nearest_baseline_w001429,6000000000000008650,27,Lunch-Peak Specialist,2020-02-15T19:54:03+08:00,2020-02-15T20:32:03+08:00,2020-02-15T20:04:34+08:00,True,6.0,874.0,3140.0,116.481428,39.968821,116.476617,39.978216
nearest_baseline,nearest_baseline_w000048,6000000000000000384,28,Lunch-Peak Specialist,2020-02-15T08:37:43+08:00,2020-02-15T09:28:43+08:00,2020-02-15T09:13:50+08:00,True,6.0,2030.0,7959.0,116.351115,39.980531,116.376827,39.988296
nearest_baseline,nearest_baseline_w000135,6000000000000000368,28,Lunch-Peak Specialist,2020-02-15T09:48:05+08:00,2020-02-15T11:00:05+08:00,2020-02-15T10:00:56+08:00,True,3.0,1256.0,4735.0,116.35459600000002,39.984479,116.349637,39.992296
nearest_baseline,nearest_baseline_w000187,6000000000000000660,28,Lunch-Peak Specialist,2020-02-15T10:10:39+08:00,2020-02-15T10:49:39+08:00,2020-02-15T10:30:40+08:00,True,6.0,1240.0,4664.0,116.355541,39.9812,116.342057,39.974806
nearest_baseline,nearest_baseline_w000245,6000000000000000886,28,Lunch-Peak Specialist,2020-02-15T10:14:26+08:00,2020-02-15T19:15:00+08:00,2020-02-15T11:01:57+08:00,True,6.0,1317.0,4988.0,116.35354,39.972332,116.373807,39.956346
nearest_baseline,nearest_baseline_w000304,6000000000000001170,28,Lunch-Peak Specialist,2020-02-15T10:58:08+08:00,2020-02-15T11:30:08+08:00,2020-02-15T11:20:43+08:00,True,3.0,643.0,2182.0,116.369076,39.958963,116.371177,39.955306
nearest_baseline,nearest_baseline_w000361,6000000000000001746,28,Lunch-Peak Specialist,2020-02-15T11:11:52+08:00,2020-02-15T11:43:52+08:00,2020-02-15T11:43:24+08:00,True,3.0,804.0,2851.0,116.361705,39.954298,116.368627,39.950696
nearest_baseline,nearest_baseline_w000412,6000000000000001507,28,Lunch-Peak Specialist,2020-02-15T11:26:55+08:00,2020-02-15T12:00:55+08:00,2020-02-15T12:03:47+08:00,False,3.0,827.0,2944.0,116.361705,39.954298,116.366327,39.955086
nearest_baseline,nearest_baseline_w000453,6000000000000002555,28,Lunch-Peak Specialist,2020-02-15T11:56:04+08:00,2020-02-15T12:28:04+08:00,2020-02-15T12:23:47+08:00,True,3.0,827.0,2945.0,116.369076,39.958963,116.369467,39.963346
nearest_baseline,nearest_baseline_w000504,6000000000000003119,28,Lunch-Peak Specialist,2020-02-15T12:04:16+08:00,2020-02-15T12:45:16+08:00,2020-02-15T12:54:05+08:00,False,6.0,1445.0,5522.0,116.368314,39.966399,116.380507,39.970366
nearest_baseline,nearest_baseline_w000605,6000000000000004073,28,Lunch-Peak Specialist,2020-02-15T12:56:39+08:00,2020-02-15T13:42:39+08:00,2020-02-15T13:32:42+08:00,True,6.0,1362.0,5178.0,116.368931,39.968556,116.343247,39.976376
nearest_baseline,nearest_baseline_w000674,6000000000000004490,28,Lunch-Peak Specialist,2020-02-15T13:15:35+08:00,2020-02-15T13:51:35+08:00,2020-02-15T13:56:39+08:00,False,6.0,999.0,3663.0,116.35596,39.97676,116.348567,39.984636
nearest_baseline,nearest_baseline_w000710,6000000000000004833,28,Lunch-Peak Specialist,2020-02-15T13:38:36+08:00,2020-02-15T14:25:36+08:00,2020-02-15T14:09:38+08:00,True,3.0,578.0,1907.0,116.34955,39.980442,116.347747,39.971846
nearest_baseline,nearest_baseline_w000734,6000000000000004787,28,Lunch-Peak Specialist,2020-02-15T13:57:00+08:00,2020-02-15T14:33:00+08:00,2020-02-15T14:26:45+08:00,True,3.0,1005.0,3685.0,116.352959,39.975322,116.342947,39.971326
nearest_baseline,nearest_baseline_w000781,6000000000000005281,28,Lunch-Peak Specialist,2020-02-15T14:04:55+08:00,2020-02-15T17:04:55+08:00,2020-02-15T14:46:41+08:00,True,3.0,1001.0,3669.0,116.331891,39.965316,116.338077,39.972376
nearest_baseline,nearest_baseline_w000825,6000000000000004880,28,Lunch-Peak Specialist,2020-02-15T14:35:43+08:00,2020-02-15T15:26:43+08:00,2020-02-15T15:10:55+08:00,True,6.0,1255.0,4727.0,116.324722,39.967543,116.346877,39.975976
nearest_baseline,nearest_baseline_w000869,6000000000000005690,28,Lunch-Peak Specialist,2020-02-15T15:22:25+08:00,2020-02-15T16:08:25+08:00,2020-02-15T15:39:41+08:00,True,6.0,1181.0,4421.0,116.345236,39.98082,116.364817,39.997866
nearest_baseline,nearest_baseline_w000907,6000000000000005268,28,Lunch-Peak Specialist,2020-02-15T15:14:42+08:00,2020-02-15T17:44:42+08:00,2020-02-15T15:46:29+08:00,True,3.0,389.0,1120.0,116.365086,39.995571,116.361997,39.998886
nearest_baseline,nearest_baseline_w000929,6000000000000005600,28,Lunch-Peak Specialist,2020-02-15T15:50:01+08:00,2020-02-15T16:45:00+08:00,2020-02-15T16:11:45+08:00,True,6.0,1305.0,4938.0,116.359147,40.002863,116.369777,39.992756
nearest_baseline,nearest_baseline_w000990,6000000000000005991,28,Lunch-Peak Specialist,2020-02-15T16:08:51+08:00,2020-02-15T16:38:51+08:00,2020-02-15T16:30:32+08:00,True,3.0,632.0,2132.0,116.364137,40.001036,116.367297,40.000416
nearest_baseline,nearest_baseline_w001027,6000000000000006256,28,Lunch-Peak Specialist,2020-02-15T16:22:40+08:00,2020-02-15T17:14:40+08:00,2020-02-15T16:53:42+08:00,True,3.0,822.0,2924.0,116.371476,40.00766,116.365017,40.004746
nearest_baseline,nearest_baseline_w001071,6000000000000006771,28,Lunch-Peak Specialist,2020-02-15T16:47:41+08:00,2020-02-15T17:28:41+08:00,2020-02-15T17:20:38+08:00,True,6.0,1238.0,4660.0,116.383701,39.999083,116.402437,39.995696
nearest_baseline,nearest_baseline_w001129,6000000000000006371,28,Lunch-Peak Specialist,2020-02-15T17:13:33+08:00,2020-02-15T17:53:33+08:00,2020-02-15T17:43:50+08:00,True,3.0,830.0,2958.0,116.407781,39.999869,116.415547,40.001946
nearest_baseline,nearest_baseline_w001175,6000000000000007226,28,Lunch-Peak Specialist,2020-02-15T17:29:14+08:00,2020-02-15T18:10:14+08:00,2020-02-15T18:15:36+08:00,False,6.0,1536.0,5896.0,116.418206,39.993062,116.392597,39.992306
nearest_baseline,nearest_baseline_w001241,6000000000000007031,28,Lunch-Peak Specialist,2020-02-15T17:52:26+08:00,2020-02-15T18:35:26+08:00,2020-02-15T18:51:51+08:00,False,6.0,1911.0,7466.0,116.400042,39.991122,116.424257,39.980506
nearest_baseline,nearest_baseline_w001335,6000000000000007877,28,Lunch-Peak Specialist,2020-02-15T18:45:29+08:00,2020-02-15T19:39:29+08:00,2020-02-15T19:20:41+08:00,True,6.0,1241.0,4670.0,116.414234,39.980478,116.402377,39.963216
nearest_baseline,nearest_baseline_w001411,6000000000000008980,28,Lunch-Peak Specialist,2020-02-15T19:42:14+08:00,2020-02-15T20:14:14+08:00,2020-02-15T19:51:42+08:00,True,3.0,702.0,2425.0,116.40052,39.966067,116.405317,39.972726
nearest_baseline,nearest_baseline_w000266,6000000000000001625,29,Lunch-Peak Specialist,2020-02-15T10:57:16+08:00,2020-02-15T13:15:00+08:00,2020-02-15T11:07:57+08:00,True,6.0,1077.0,3988.0,116.31622,39.756655,116.317317,39.774206
nearest_baseline,nearest_baseline_w000421,6000000000000002496,29,Lunch-Peak Specialist,2020-02-15T11:55:27+08:00,2020-02-15T12:29:27+08:00,2020-02-15T12:07:45+08:00,True,3.0,1065.0,3938.0,116.307587,39.758156,116.303007,39.762106
nearest_baseline,nearest_baseline_w000470,6000000000000003244,29,Lunch-Peak Specialist,2020-02-15T12:05:02+08:00,2020-02-15T12:40:02+08:00,2020-02-15T12:25:12+08:00,True,3.0,912.0,3299.0,116.322187,39.763597,116.324047,39.755606
nearest_baseline,nearest_baseline_w000505,6000000000000003445,29,Lunch-Peak Specialist,2020-02-15T12:24:16+08:00,2020-02-15T13:02:16+08:00,2020-02-15T12:39:38+08:00,True,3.0,578.0,1912.0,116.328329,39.757115,116.318097,39.758126
nearest_baseline,nearest_baseline_w000545,6000000000000003481,29,Lunch-Peak Specialist,2020-02-15T12:44:02+08:00,2020-02-15T13:24:02+08:00,2020-02-15T13:02:47+08:00,True,6.0,1367.0,5198.0,116.32532,39.772036,116.332937,39.783306
nearest_baseline,nearest_baseline_w000718,6000000000000005016,29,Lunch-Peak Specialist,2020-02-15T14:02:03+08:00,2020-02-15T14:37:03+08:00,2020-02-15T14:15:01+08:00,True,3.0,901.0,3256.0,116.32532,39.772036,116.322507,39.771356
nearest_baseline,nearest_baseline_w000757,6000000000000005032,29,Lunch-Peak Specialist,2020-02-15T14:21:23+08:00,2020-02-15T15:19:23+08:00,2020-02-15T14:44:18+08:00,True,6.0,1458.0,5575.0,116.324338,39.763623,116.333087,39.784366
nearest_baseline,nearest_baseline_w000827,6000000000000005291,29,Lunch-Peak Specialist,2020-02-15T14:45:02+08:00,2020-02-15T15:16:02+08:00,2020-02-15T15:04:55+08:00,True,3.0,895.0,3226.0,116.325218,39.77238,116.318907,39.774016
nearest_baseline,nearest_baseline_w000926,6000000000000006037,29,Lunch-Peak Specialist,2020-02-15T15:58:51+08:00,2020-02-15T16:35:51+08:00,2020-02-15T15:57:06+08:00,True,3.0,426.0,1275.0,116.317186,39.771352,116.315267,39.770656
nearest_baseline,nearest_baseline_w000950,6000000000000006123,29,Lunch-Peak Specialist,2020-02-15T16:09:53+08:00,2020-02-15T16:43:53+08:00,2020-02-15T16:12:44+08:00,True,3.0,764.0,2682.0,116.320134,39.77414,116.313127,39.771186
nearest_baseline,nearest_baseline_w000992,6000000000000005892,29,Lunch-Peak Specialist,2020-02-15T16:18:02+08:00,2020-02-15T17:00:02+08:00,2020-02-15T16:39:06+08:00,True,6.0,1146.0,4278.0,116.323771,39.765143,116.326797,39.747786
nearest_baseline,nearest_baseline_w001033,6000000000000006165,29,Lunch-Peak Specialist,2020-02-15T16:46:13+08:00,2020-02-15T17:25:13+08:00,2020-02-15T16:59:29+08:00,True,6.0,1169.0,4371.0,116.324877,39.763766,116.336507,39.760306
nearest_baseline,nearest_baseline_w001064,6000000000000006718,29,Lunch-Peak Specialist,2020-02-15T17:02:05+08:00,2020-02-15T17:45:05+08:00,2020-02-15T17:13:42+08:00,True,3.0,822.0,2926.0,116.324375,39.762863,116.314707,39.765466
nearest_baseline,nearest_baseline_w001100,6000000000000006723,29,Lunch-Peak Specialist,2020-02-15T17:06:25+08:00,2020-02-15T18:01:25+08:00,2020-02-15T17:36:34+08:00,True,6.0,994.0,3639.0,116.321064,39.762011,116.326047,39.746876
nearest_baseline,nearest_baseline_w001159,6000000000000006878,29,Lunch-Peak Specialist,2020-02-15T17:16:47+08:00,2020-02-15T18:21:47+08:00,2020-02-15T18:01:31+08:00,True,6.0,1291.0,4877.0,116.321064,39.762011,116.325017,39.743306
nearest_baseline,nearest_baseline_w001227,6000000000000007734,29,Lunch-Peak Specialist,2020-02-15T18:11:03+08:00,2020-02-15T20:41:03+08:00,2020-02-15T18:42:42+08:00,True,6.0,1962.0,7675.0,116.318381,39.730098,116.303717,39.710136
nearest_baseline,nearest_baseline_w000107,6000000000000000522,30,Lunch-Peak Specialist,2020-02-15T09:30:15+08:00,2020-02-15T10:14:15+08:00,2020-02-15T09:43:07+08:00,True,3.0,787.0,2782.0,116.533252,40.034361,116.525947,40.035596
nearest_baseline,nearest_baseline_w000177,6000000000000000891,30,Lunch-Peak Specialist,2020-02-15T10:14:59+08:00,2020-02-15T10:59:59+08:00,2020-02-15T10:22:44+08:00,True,3.0,764.0,2684.0,116.533252,40.034361,116.528147,40.035276
nearest_baseline,nearest_baseline_w000216,6000000000000001040,30,Lunch-Peak Specialist,2020-02-15T10:22:41+08:00,2020-02-15T11:18:41+08:00,2020-02-15T10:54:59+08:00,True,10.0,1499.0,5748.0,116.532422,40.036321,116.480607,40.032706
nearest_baseline,nearest_baseline_w000316,6000000000000001960,30,Lunch-Peak Specialist,2020-02-15T11:17:18+08:00,2020-02-15T12:03:18+08:00,2020-02-15T11:24:17+08:00,True,6.0,857.0,3073.0,116.47268,40.040834,116.484347,40.045836
nearest_baseline,nearest_baseline_w000367,6000000000000002157,30,Lunch-Peak Specialist,2020-02-15T11:18:38+08:00,2020-02-15T12:07:38+08:00,2020-02-15T11:42:53+08:00,True,6.0,773.0,2721.0,116.47268,40.040834,116.484587,40.042576
nearest_baseline,nearest_baseline_w000418,6000000000000002464,30,Lunch-Peak Specialist,2020-02-15T11:43:02+08:00,2020-02-15T12:32:02+08:00,2020-02-15T12:13:41+08:00,True,6.0,1421.0,5420.0,116.487069,40.031095,116.500177,40.025186
nearest_baseline,nearest_baseline_w000475,6000000000000003441,30,Lunch-Peak Specialist,2020-02-15T12:21:45+08:00,2020-02-15T13:05:45+08:00,2020-02-15T12:43:29+08:00,True,6.0,1409.0,5373.0,116.499465,40.022691,116.478527,40.030916
nearest_baseline,nearest_baseline_w000563,6000000000000003514,30,Lunch-Peak Specialist,2020-02-15T12:57:00+08:00,2020-02-15T13:37:00+08:00,2020-02-15T13:06:43+08:00,True,3.0,1003.0,3677.0,116.47268,40.040834,116.465687,40.039926
nearest_baseline,nearest_baseline_w000597,6000000000000003651,30,Lunch-Peak Specialist,2020-02-15T13:00:29+08:00,2020-02-15T13:40:29+08:00,2020-02-15T13:16:48+08:00,True,3.0,408.0,1199.0,116.47268,40.040834,116.465657,40.041656
nearest_baseline,nearest_baseline_w000645,6000000000000003952,30,Lunch-Peak Specialist,2020-02-15T13:33:16+08:00,2020-02-15T14:19:16+08:00,2020-02-15T13:46:32+08:00,True,3.0,992.0,3631.0,116.47268,40.040834,116.473877,40.032336
nearest_baseline,nearest_baseline_w000699,6000000000000004216,30,Lunch-Peak Specialist,2020-02-15T13:45:06+08:00,2020-02-15T14:15:06+08:00,2020-02-15T14:00:43+08:00,True,3.0,643.0,2182.0,116.496254,40.033467,116.495307,40.034556
nearest_baseline,nearest_baseline_w000724,6000000000000004835,30,Lunch-Peak Specialist,2020-02-15T13:50:52+08:00,2020-02-15T14:20:52+08:00,2020-02-15T14:12:40+08:00,True,3.0,160.0,170.0,116.496254,40.033467,116.495307,40.034556
nearest_baseline,nearest_baseline_w000745,6000000000000004537,30,Lunch-Peak Specialist,2020-02-15T13:58:01+08:00,2020-02-15T14:42:01+08:00,2020-02-15T14:35:10+08:00,True,6.0,910.0,3292.0,116.49753,40.036744,116.508557,40.047696
nearest_baseline,nearest_baseline_w001138,6000000000000006690,30,Lunch-Peak Specialist,2020-02-15T17:37:55+08:00,2020-02-15T18:35:55+08:00,2020-02-15T17:46:04+08:00,True,3.0,964.0,3519.0,116.502205,40.035706,116.506397,40.033166
nearest_baseline,nearest_baseline_w001179,6000000000000007251,30,Lunch-Peak Specialist,2020-02-15T17:49:39+08:00,2020-02-15T18:32:39+08:00,2020-02-15T18:12:40+08:00,True,6.0,1360.0,5169.0,116.499465,40.022691,116.477807,40.030556
nearest_baseline,nearest_baseline_w001252,6000000000000007265,30,Lunch-Peak Specialist,2020-02-15T17:56:23+08:00,2020-02-15T18:55:23+08:00,2020-02-15T18:48:33+08:00,True,10.0,1713.0,6638.0,116.47268,40.040834,116.499927,40.022596
nearest_baseline,nearest_baseline_w001299,6000000000000007544,30,Lunch-Peak Specialist,2020-02-15T18:22:49+08:00,2020-02-15T19:08:49+08:00,2020-02-15T19:04:02+08:00,True,6.0,842.0,3010.0,116.500215,40.022547,116.478827,40.032286
nearest_baseline,nearest_baseline_w001356,6000000000000007795,30,Lunch-Peak Specialist,2020-02-15T18:54:27+08:00,2020-02-15T20:03:27+08:00,2020-02-15T19:34:31+08:00,True,10.0,1471.0,5631.0,116.487069,40.031095,116.538217,40.034416
nearest_baseline,nearest_baseline_w001434,6000000000000008606,30,Lunch-Peak Specialist,2020-02-15T19:54:11+08:00,2020-02-15T20:55:11+08:00,2020-02-15T20:20:07+08:00,True,10.0,1807.0,7030.0,116.532422,40.036321,116.490817,40.007546
nearest_baseline,nearest_baseline_w000007,6000000000000000203,31,Super Stacker,2020-02-15T08:07:57+08:00,2020-02-15T09:45:00+08:00,2020-02-15T08:16:22+08:00,True,3.0,982.0,3592.0,116.334776,40.043281,116.336297,40.044776
nearest_baseline,nearest_baseline_w000036,6000000000000000390,31,Super Stacker,2020-02-15T08:44:13+08:00,2020-02-15T10:45:00+08:00,2020-02-15T08:50:53+08:00,True,3.0,653.0,2219.0,116.327938,40.041177,116.332237,40.037746
nearest_baseline,nearest_baseline_w000060,6000000000000000620,31,Super Stacker,2020-02-15T09:08:54+08:00,2020-02-15T09:48:54+08:00,2020-02-15T09:14:46+08:00,True,6.0,886.0,3191.0,116.331118,40.041751,116.338357,40.034476
nearest_baseline,nearest_baseline_w000097,6000000000000000219,31,Super Stacker,2020-02-15T09:05:14+08:00,2020-02-15T09:52:14+08:00,2020-02-15T09:34:00+08:00,True,3.0,840.0,3001.0,116.327956,40.041184,116.335847,40.042826
nearest_baseline,nearest_baseline_w000127,6000000000000000468,31,Super Stacker,2020-02-15T09:49:35+08:00,2020-02-15T11:11:35+08:00,2020-02-15T10:02:07+08:00,True,6.0,1327.0,5027.0,116.327938,40.041177,116.334657,40.053376
nearest_baseline,nearest_baseline_w000192,6000000000000000536,31,Super Stacker,2020-02-15T09:50:53+08:00,2020-02-15T11:12:53+08:00,2020-02-15T10:37:45+08:00,True,6.0,1665.0,6438.0,116.327938,40.041177,116.318567,40.057896
nearest_baseline,nearest_baseline_w000250,6000000000000001754,31,Super Stacker,2020-02-15T10:43:30+08:00,2020-02-15T13:43:30+08:00,2020-02-15T11:09:02+08:00,True,6.0,1742.0,6759.0,116.303914,40.048656,116.287077,40.031486
nearest_baseline,nearest_baseline_w000315,6000000000000002054,31,Super Stacker,2020-02-15T11:14:04+08:00,2020-02-15T11:54:04+08:00,2020-02-15T11:24:29+08:00,True,6.0,869.0,3120.0,116.297423,40.035006,116.280757,40.032586
nearest_baseline,nearest_baseline_w000371,6000000000000001699,31,Super Stacker,2020-02-15T11:29:07+08:00,2020-02-15T12:04:07+08:00,2020-02-15T11:52:20+08:00,True,6.0,1340.0,5087.0,116.290526,40.0233,116.281497,40.031066
nearest_baseline,nearest_baseline_w000432,6000000000000002204,31,Super Stacker,2020-02-15T11:32:05+08:00,2020-02-15T12:12:05+08:00,2020-02-15T12:17:59+08:00,False,6.0,1079.0,3996.0,116.286864,40.032712,116.271707,40.042946
nearest_baseline,nearest_baseline_w000496,6000000000000002519,31,Super Stacker,2020-02-15T12:02:14+08:00,2020-02-15T12:38:14+08:00,2020-02-15T12:57:13+08:00,False,3.0,2233.0,8803.0,116.268285,40.028957,116.259637,40.030366
nearest_baseline,nearest_baseline_w000614,6000000000000004021,31,Super Stacker,2020-02-15T13:12:54+08:00,2020-02-15T14:00:54+08:00,2020-02-15T13:51:26+08:00,True,3.0,2486.0,9861.0,116.260993,40.015709,116.255397,40.022346
nearest_baseline,nearest_baseline_w000752,6000000000000004929,31,Super Stacker,2020-02-15T14:28:44+08:00,2020-02-15T15:06:44+08:00,2020-02-15T14:44:34+08:00,True,3.0,1474.0,5642.0,116.261576,40.019582,116.254717,40.025266
nearest_baseline,nearest_baseline_w000819,6000000000000005556,31,Super Stacker,2020-02-15T14:57:14+08:00,2020-02-15T15:49:14+08:00,2020-02-15T15:29:58+08:00,True,10.0,2398.0,9493.0,116.261576,40.019582,116.25279700000002,40.051346
nearest_baseline,nearest_baseline_w000885,6000000000000005863,31,Super Stacker,2020-02-15T15:30:30+08:00,2020-02-15T16:15:30+08:00,2020-02-15T15:47:16+08:00,True,6.0,1036.0,3815.0,116.254561,40.049781,116.248247,40.041046
nearest_baseline,nearest_baseline_w000937,6000000000000005591,31,Super Stacker,2020-02-15T15:35:51+08:00,2020-02-15T16:21:51+08:00,2020-02-15T16:10:41+08:00,True,3.0,1241.0,4671.0,116.254561,40.049781,116.253797,40.044156
nearest_baseline,nearest_baseline_w000991,6000000000000005918,31,Super Stacker,2020-02-15T16:08:35+08:00,2020-02-15T16:45:35+08:00,2020-02-15T16:36:36+08:00,True,3.0,996.0,3648.0,116.242236,40.048368,116.240027,40.043396
nearest_baseline,nearest_baseline_w001020,6000000000000006053,31,Super Stacker,2020-02-15T16:12:34+08:00,2020-02-15T16:50:34+08:00,2020-02-15T17:03:22+08:00,False,3.0,1402.0,5342.0,116.242236,40.048368,116.236947,40.042216
nearest_baseline,nearest_baseline_w001089,6000000000000006700,31,Super Stacker,2020-02-15T16:56:22+08:00,2020-02-15T18:40:00+08:00,2020-02-15T17:49:11+08:00,True,10.0,2351.0,9297.0,116.247357,40.047446,116.283537,40.027256
nearest_baseline,nearest_baseline_w001172,6000000000000006759,31,Super Stacker,2020-02-15T17:32:45+08:00,2020-02-15T18:14:45+08:00,2020-02-15T18:04:53+08:00,True,3.0,893.0,3219.0,116.285897,40.032625,116.282067,40.026456
nearest_baseline,nearest_baseline_w001219,6000000000000007350,31,Super Stacker,2020-02-15T17:59:32+08:00,2020-02-15T18:34:32+08:00,2020-02-15T18:30:35+08:00,True,6.0,1235.0,4645.0,116.290526,40.0233,116.272837,40.017296
nearest_baseline,nearest_baseline_w001297,6000000000000007923,31,Super Stacker,2020-02-15T18:15:07+08:00,2020-02-15T19:00:07+08:00,2020-02-15T19:04:38+08:00,False,6.0,1478.0,5657.0,116.26676,40.028505,116.280407,40.041216
nearest_baseline,nearest_baseline_w001360,6000000000000008499,31,Super Stacker,2020-02-15T18:42:22+08:00,2020-02-15T19:29:22+08:00,2020-02-15T19:36:02+08:00,False,6.0,1562.0,6008.0,116.285897,40.032625,116.269437,40.015986
nearest_baseline,nearest_baseline_w001422,6000000000000007977,31,Super Stacker,2020-02-15T19:27:08+08:00,2020-02-15T20:01:08+08:00,2020-02-15T20:02:25+08:00,False,3.0,1345.0,5107.0,116.283347,40.023301,116.287067,40.031456
nearest_baseline,nearest_baseline_w000289,6000000000000001731,32,Super Stacker,2020-02-15T11:04:47+08:00,2020-02-15T11:55:47+08:00,2020-02-15T11:22:32+08:00,True,6.0,1352.0,5135.0,116.553236,39.801485,116.576447,39.794186
nearest_baseline,nearest_baseline_w000365,6000000000000001689,32,Super Stacker,2020-02-15T11:25:51+08:00,2020-02-15T12:25:51+08:00,2020-02-15T11:52:56+08:00,True,6.0,1376.0,5234.0,116.569143,39.801742,116.572407,39.816406
nearest_baseline,nearest_baseline_w000424,6000000000000002727,32,Super Stacker,2020-02-15T11:59:47+08:00,2020-02-15T12:45:47+08:00,2020-02-15T12:12:18+08:00,True,3.0,738.0,2576.0,116.569921,39.81617,116.570757,39.811286
nearest_baseline,nearest_baseline_w000481,6000000000000003124,32,Super Stacker,2020-02-15T12:10:14+08:00,2020-02-15T13:04:14+08:00,2020-02-15T12:33:12+08:00,True,6.0,792.0,2798.0,116.569921,39.81617,116.569107,39.802116
nearest_baseline,nearest_baseline_w000526,6000000000000003839,32,Super Stacker,2020-02-15T12:32:52+08:00,2020-02-15T13:31:52+08:00,2020-02-15T12:56:43+08:00,True,6.0,1003.0,3680.0,116.564894,39.804666,116.553117,39.798126
nearest_baseline,nearest_baseline_w000569,6000000000000004009,32,Super Stacker,2020-02-15T13:08:32+08:00,2020-02-15T13:51:32+08:00,2020-02-15T13:14:23+08:00,True,6.0,863.0,3097.0,116.553667,39.796376,116.570277,39.797196
nearest_baseline,nearest_baseline_w000633,6000000000000004118,32,Super Stacker,2020-02-15T13:19:12+08:00,2020-02-15T13:53:12+08:00,2020-02-15T13:33:37+08:00,True,3.0,817.0,2901.0,116.560301,39.794953,116.567297,39.797716
nearest_baseline,nearest_baseline_w001145,6000000000000007103,32,Super Stacker,2020-02-15T17:41:31+08:00,2020-02-15T18:46:32+08:00,2020-02-15T17:58:38+08:00,True,6.0,1118.0,4158.0,116.564779,39.801614,116.580997,39.785076
nearest_baseline,nearest_baseline_w001205,6000000000000007044,32,Super Stacker,2020-02-15T18:05:02+08:00,2020-02-15T18:57:02+08:00,2020-02-15T18:16:32+08:00,True,3.0,992.0,3636.0,116.572733,39.799382,116.574797,39.792796
nearest_baseline,nearest_baseline_w001253,6000000000000007662,32,Super Stacker,2020-02-15T17:52:16+08:00,2020-02-15T19:06:17+08:00,2020-02-15T18:47:40+08:00,True,10.0,1660.0,6419.0,116.564779,39.801614,116.545347,39.827026
nearest_baseline,nearest_baseline_w000009,6000000000000000293,33,Super Stacker,2020-02-15T08:11:16+08:00,2020-02-15T10:45:00+08:00,2020-02-15T08:16:38+08:00,True,3.0,398.0,1160.0,116.646255,39.888966,116.641297,39.888796
nearest_baseline,nearest_baseline_w000017,6000000000000000503,33,Super Stacker,2020-02-15T08:27:41+08:00,2020-02-15T09:26:55+08:00,2020-02-15T08:34:56+08:00,True,3.0,896.0,3234.0,116.636117,39.883756,116.639807,39.876166
nearest_baseline,nearest_baseline_w000071,6000000000000000452,33,Super Stacker,2020-02-15T09:15:35+08:00,2020-02-15T10:00:35+08:00,2020-02-15T09:19:21+08:00,True,6.0,561.0,1837.0,116.637959,39.87628,116.651707,39.880456
nearest_baseline,nearest_baseline_w000117,6000000000000000587,33,Super Stacker,2020-02-15T09:32:56+08:00,2020-02-15T10:16:56+08:00,2020-02-15T09:48:23+08:00,True,6.0,1103.0,4098.0,116.637937,39.87622,116.655207,39.868586
nearest_baseline,nearest_baseline_w000162,6000000000000000687,33,Super Stacker,2020-02-15T10:06:10+08:00,2020-02-15T11:01:10+08:00,2020-02-15T10:25:00+08:00,True,6.0,1500.0,5749.0,116.655609,39.875004,116.639877,39.892426
nearest_baseline,nearest_baseline_w000218,6000000000000000898,33,Super Stacker,2020-02-15T10:19:49+08:00,2020-02-15T11:08:49+08:00,2020-02-15T10:40:41+08:00,True,3.0,641.0,2169.0,116.635157,39.890715,116.639067,39.884636
nearest_baseline,nearest_baseline_w000264,6000000000000001234,33,Super Stacker,2020-02-15T10:53:01+08:00,2020-02-15T11:35:01+08:00,2020-02-15T11:13:58+08:00,True,6.0,1438.0,5492.0,116.637937,39.87622,116.641177,39.861126
nearest_baseline,nearest_baseline_w001110,6000000000000006882,33,Super Stacker,2020-02-15T17:24:57+08:00,2020-02-15T18:10:57+08:00,2020-02-15T17:38:01+08:00,True,3.0,1081.0,4005.0,116.637918,39.872281,116.632027,39.876056
nearest_baseline,nearest_baseline_w001158,6000000000000007181,33,Super Stacker,2020-02-15T17:34:45+08:00,2020-02-15T18:50:46+08:00,2020-02-15T18:14:30+08:00,True,6.0,2070.0,8126.0,116.62577,39.889567,116.623627,39.879276
nearest_baseline,nearest_baseline_w001249,6000000000000007985,33,Super Stacker,2020-02-15T18:11:20+08:00,2020-02-15T19:19:30+08:00,2020-02-15T18:51:51+08:00,True,6.0,1911.0,7460.0,116.634057,39.885586,116.656337,39.876656
nearest_baseline,nearest_baseline_w001319,6000000000000007895,33,Super Stacker,2020-02-15T18:57:18+08:00,2020-02-15T19:39:18+08:00,2020-02-15T19:17:20+08:00,True,3.0,1040.0,3835.0,116.655738,39.874979,116.651067,39.870126
nearest_baseline,nearest_baseline_w001371,6000000000000007794,33,Super Stacker,2020-02-15T18:53:39+08:00,2020-02-15T19:37:39+08:00,2020-02-15T19:32:07+08:00,True,3.0,727.0,2532.0,116.655609,39.875004,116.652167,39.870876
nearest_baseline,nearest_baseline_w001415,6000000000000008641,33,Super Stacker,2020-02-15T19:30:07+08:00,2020-02-15T20:14:07+08:00,2020-02-15T19:56:09+08:00,True,3.0,969.0,3537.0,116.655609,39.875004,116.645907,39.875416
nearest_baseline,nearest_baseline_w001453,6000000000000008922,33,Super Stacker,2020-02-15T19:40:44+08:00,2020-02-15T20:24:44+08:00,2020-02-15T20:14:20+08:00,True,3.0,860.0,3082.0,116.655757,39.875795,116.654097,39.869496
nearest_baseline,nearest_baseline_w000006,6000000000000000245,34,Super Stacker,2020-02-15T08:07:36+08:00,2020-02-15T11:07:36+08:00,2020-02-15T08:23:32+08:00,True,6.0,1412.0,5384.0,116.303914,40.048656,116.275927,40.040806
nearest_baseline,nearest_baseline_w000029,6000000000000000210,34,Super Stacker,2020-02-15T08:32:22+08:00,2020-02-15T09:13:22+08:00,2020-02-15T08:44:46+08:00,True,3.0,886.0,3193.0,116.286864,40.032712,116.285697,40.030906
nearest_baseline,nearest_baseline_w000049,6000000000000000217,34,Super Stacker,2020-02-15T08:55:30+08:00,2020-02-15T09:50:30+08:00,2020-02-15T09:07:30+08:00,True,6.0,1050.0,3873.0,116.286864,40.032712,116.269987,40.029926
nearest_baseline,nearest_baseline_w000198,6000000000000000701,34,Super Stacker,2020-02-15T10:24:02+08:00,2020-02-15T11:15:00+08:00,2020-02-15T10:35:57+08:00,True,6.0,957.0,3489.0,116.268917,40.028555,116.251467,40.046676
nearest_baseline,nearest_baseline_w000287,6000000000000001738,34,Super Stacker,2020-02-15T11:01:05+08:00,2020-02-15T11:45:05+08:00,2020-02-15T11:13:09+08:00,True,6.0,789.0,2788.0,116.242437,40.046631,116.230807,40.047926
nearest_baseline,nearest_baseline_w000340,6000000000000001497,34,Super Stacker,2020-02-15T11:21:25+08:00,2020-02-15T12:15:25+08:00,2020-02-15T11:43:30+08:00,True,10.0,1410.0,5373.0,116.242236,40.048368,116.268847,40.066176
nearest_baseline,nearest_baseline_w000397,6000000000000003017,34,Super Stacker,2020-02-15T11:53:09+08:00,2020-02-15T12:39:09+08:00,2020-02-15T12:08:32+08:00,True,6.0,1112.0,4132.0,116.268126,40.066303,116.255837,40.050126
nearest_baseline,nearest_baseline_w000450,6000000000000003314,34,Super Stacker,2020-02-15T12:00:08+08:00,2020-02-15T12:44:08+08:00,2020-02-15T12:13:27+08:00,True,3.0,207.0,364.0,116.254561,40.049781,116.252657,40.050026
nearest_baseline,nearest_baseline_w000472,6000000000000002588,34,Super Stacker,2020-02-15T12:04:22+08:00,2020-02-15T12:40:22+08:00,2020-02-15T12:24:33+08:00,True,3.0,273.0,639.0,116.251526,40.051129,116.249207,40.050746
nearest_baseline,nearest_baseline_w000500,6000000000000003449,34,Super Stacker,2020-02-15T12:16:04+08:00,2020-02-15T13:03:04+08:00,2020-02-15T12:43:07+08:00,True,6.0,787.0,2778.0,116.251526,40.051129,116.240137,40.062476
nearest_baseline,nearest_baseline_w000564,6000000000000004167,34,Super Stacker,2020-02-15T12:57:47+08:00,2020-02-15T13:34:47+08:00,2020-02-15T13:11:45+08:00,True,6.0,1305.0,4940.0,116.239999,40.073555,116.223217,40.086236
nearest_baseline,nearest_baseline_w000638,6000000000000004100,34,Super Stacker,2020-02-15T13:00:49+08:00,2020-02-15T13:52:49+08:00,2020-02-15T13:53:16+08:00,False,6.0,1996.0,7819.0,116.233316,40.071362,116.229617,40.046416
nearest_baseline,nearest_baseline_w000714,6000000000000004380,34,Super Stacker,2020-02-15T13:36:11+08:00,2020-02-15T14:28:11+08:00,2020-02-15T14:17:42+08:00,True,6.0,1062.0,3927.0,116.242437,40.046631,116.235837,40.061976
nearest_baseline,nearest_baseline_w000760,6000000000000004397,34,Super Stacker,2020-02-15T13:53:46+08:00,2020-02-15T14:29:46+08:00,2020-02-15T14:43:41+08:00,False,6.0,1421.0,5422.0,116.239082,40.072874,116.212137,40.069236
nearest_baseline,nearest_baseline_w000812,6000000000000004992,34,Super Stacker,2020-02-15T14:26:49+08:00,2020-02-15T15:08:49+08:00,2020-02-15T15:12:50+08:00,False,6.0,1370.0,5207.0,116.212785,40.074593,116.235637,40.077076
nearest_baseline,nearest_baseline_w000882,6000000000000005300,34,Super Stacker,2020-02-15T14:55:59+08:00,2020-02-15T15:30:59+08:00,2020-02-15T15:38:29+08:00,False,6.0,1109.0,4118.0,116.251831,40.08469,116.259967,40.073106
nearest_baseline,nearest_baseline_w000920,6000000000000005658,34,Super Stacker,2020-02-15T15:49:53+08:00,2020-02-15T18:15:00+08:00,2020-02-15T15:58:19+08:00,True,6.0,1099.0,4080.0,116.251831,40.08469,116.237727,40.074586
nearest_baseline,nearest_baseline_w000943,6000000000000005825,34,Super Stacker,2020-02-15T16:03:21+08:00,2020-02-15T16:40:21+08:00,2020-02-15T16:17:11+08:00,True,6.0,1031.0,3798.0,116.239082,40.072874,116.235837,40.061976
nearest_baseline,nearest_baseline_w000994,6000000000000006253,34,Super Stacker,2020-02-15T16:20:32+08:00,2020-02-15T16:59:32+08:00,2020-02-15T16:41:24+08:00,True,6.0,1284.0,4849.0,116.239082,40.072874,116.262257,40.076796
nearest_baseline,nearest_baseline_w001051,6000000000000005787,34,Super Stacker,2020-02-15T16:29:28+08:00,2020-02-15T17:08:28+08:00,2020-02-15T17:12:35+08:00,False,6.0,1355.0,5146.0,116.251831,40.08469,116.225407,40.083226
nearest_baseline,nearest_baseline_w001115,6000000000000006433,34,Super Stacker,2020-02-15T17:03:06+08:00,2020-02-15T17:47:06+08:00,2020-02-15T17:49:16+08:00,False,6.0,1756.0,6816.0,116.239082,40.072874,116.261767,40.062996
nearest_baseline,nearest_baseline_w001202,6000000000000007727,34,Super Stacker,2020-02-15T17:53:15+08:00,2020-02-15T18:38:15+08:00,2020-02-15T18:16:06+08:00,True,3.0,966.0,3527.0,116.254561,40.049781,116.259737,40.053806
nearest_baseline,nearest_baseline_w001406,6000000000000007978,34,Super Stacker,2020-02-15T19:27:47+08:00,2020-02-15T20:05:47+08:00,2020-02-15T20:00:20+08:00,True,6.0,1820.0,7084.0,116.278312,40.04548,116.304437,40.051666
nearest_baseline,nearest_baseline_w000003,6000000000000000204,35,Super Stacker,2020-02-15T08:08:07+08:00,2020-02-15T08:54:07+08:00,2020-02-15T08:11:46+08:00,True,3.0,706.0,2443.0,116.363526,39.926884,116.372887,39.931276
nearest_baseline,nearest_baseline_w000030,6000000000000000436,35,Super Stacker,2020-02-15T08:06:24+08:00,2020-02-15T08:55:24+08:00,2020-02-15T08:57:01+08:00,False,6.0,1621.0,6255.0,116.363931,39.919349,116.389867,39.930316
nearest_baseline,nearest_baseline_w000069,6000000000000000157,35,Super Stacker,2020-02-15T08:33:01+08:00,2020-02-15T11:15:00+08:00,2020-02-15T09:21:43+08:00,True,6.0,1303.0,4929.0,116.392795,39.944068,116.406917,39.935816
nearest_baseline,nearest_baseline_w000114,6000000000000000266,35,Super Stacker,2020-02-15T09:30:28+08:00,2020-02-15T10:09:28+08:00,2020-02-15T09:43:11+08:00,True,3.0,791.0,2794.0,116.415958,39.93544,116.410907,39.936246
nearest_baseline,nearest_baseline_w000139,6000000000000000640,35,Super Stacker,2020-02-15T09:43:03+08:00,2020-02-15T10:23:03+08:00,2020-02-15T10:03:57+08:00,True,3.0,837.0,2990.0,116.415958,39.93544,116.406027,39.938656
nearest_baseline,nearest_baseline_w000170,6000000000000000373,35,Super Stacker,2020-02-15T09:53:12+08:00,2020-02-15T10:34:12+08:00,2020-02-15T10:24:39+08:00,True,6.0,879.0,3162.0,116.404707,39.939625,116.412717,39.949626
nearest_baseline,nearest_baseline_w000222,6000000000000000684,35,Super Stacker,2020-02-15T10:04:37+08:00,2020-02-15T10:50:38+08:00,2020-02-15T10:48:40+08:00,True,6.0,1120.0,4165.0,116.406301,39.947607,116.401197,39.960146
nearest_baseline,nearest_baseline_w000257,6000000000000001129,35,Super Stacker,2020-02-15T10:44:17+08:00,2020-02-15T11:30:17+08:00,2020-02-15T11:07:34+08:00,True,6.0,1054.0,3891.0,116.407537,39.960876,116.390307,39.951076
nearest_baseline,nearest_baseline_w000328,6000000000000001470,35,Super Stacker,2020-02-15T11:08:43+08:00,2020-02-15T11:48:43+08:00,2020-02-15T11:37:15+08:00,True,6.0,1035.0,3812.0,116.394758,39.947291,116.413917,39.945756
nearest_baseline,nearest_baseline_w000388,6000000000000002050,35,Super Stacker,2020-02-15T11:10:01+08:00,2020-02-15T12:01:01+08:00,2020-02-15T11:58:37+08:00,True,6.0,1117.0,4156.0,116.406187,39.950046,116.394007,39.946436
nearest_baseline,nearest_baseline_w000444,6000000000000002906,35,Super Stacker,2020-02-15T11:43:25+08:00,2020-02-15T12:24:25+08:00,2020-02-15T12:27:41+08:00,False,6.0,1661.0,6419.0,116.385457,39.937566,116.386117,39.928536
nearest_baseline,nearest_baseline_w000510,6000000000000003852,35,Super Stacker,2020-02-15T12:33:01+08:00,2020-02-15T13:41:01+08:00,2020-02-15T13:01:22+08:00,True,10.0,1882.0,7342.0,116.380804,39.935166,116.340657,39.934246
nearest_baseline,nearest_baseline_w000598,6000000000000003625,35,Super Stacker,2020-02-15T12:42:51+08:00,2020-02-15T13:22:51+08:00,2020-02-15T13:24:33+08:00,False,3.0,873.0,3136.0,116.342817,39.940455,116.338517,39.934246
nearest_baseline,nearest_baseline_w000647,6000000000000004172,35,Super Stacker,2020-02-15T13:02:53+08:00,2020-02-15T13:49:53+08:00,2020-02-15T13:49:07+08:00,True,6.0,1147.0,4278.0,116.34309,39.940142,116.362927,39.948926
nearest_baseline,nearest_baseline_w000689,6000000000000004662,35,Super Stacker,2020-02-15T13:38:33+08:00,2020-02-15T14:29:33+08:00,2020-02-15T14:08:04+08:00,True,6.0,1084.0,4015.0,116.361742,39.945116,116.353377,39.927816
nearest_baseline,nearest_baseline_w000731,6000000000000004848,35,Super Stacker,2020-02-15T14:19:51+08:00,2020-02-15T14:59:51+08:00,2020-02-15T14:23:50+08:00,True,6.0,830.0,2960.0,116.358212,39.930374,116.372447,39.931436
nearest_baseline,nearest_baseline_w000805,6000000000000004815,35,Super Stacker,2020-02-15T14:28:23+08:00,2020-02-15T15:15:00+08:00,2020-02-15T14:56:21+08:00,True,6.0,981.0,3590.0,116.36377,39.9238,116.370457,39.937346
nearest_baseline,nearest_baseline_w000835,6000000000000005259,35,Super Stacker,2020-02-15T15:03:36+08:00,2020-02-15T15:58:36+08:00,2020-02-15T15:13:37+08:00,True,6.0,817.0,2904.0,116.362749,39.937453,116.377637,39.945936
nearest_baseline,nearest_baseline_w000875,6000000000000005328,35,Super Stacker,2020-02-15T15:29:06+08:00,2020-02-15T16:18:06+08:00,2020-02-15T15:38:21+08:00,True,6.0,1101.0,4086.0,116.362614,39.943477,116.352207,39.953716
nearest_baseline,nearest_baseline_w000948,6000000000000005760,35,Super Stacker,2020-02-15T16:09:05+08:00,2020-02-15T16:40:05+08:00,2020-02-15T16:15:17+08:00,True,3.0,917.0,3322.0,116.346237,39.952276,116.346157,39.957066
nearest_baseline,nearest_baseline_w001004,6000000000000006060,35,Super Stacker,2020-02-15T16:17:28+08:00,2020-02-15T17:08:28+08:00,2020-02-15T16:44:08+08:00,True,6.0,848.0,3037.0,116.346207,39.952348,116.332077,39.960376
nearest_baseline,nearest_baseline_w001053,6000000000000005955,35,Super Stacker,2020-02-15T16:34:15+08:00,2020-02-15T17:11:15+08:00,2020-02-15T17:04:19+08:00,True,3.0,859.0,3077.0,116.34643,39.952445,116.349877,39.952656
nearest_baseline,nearest_baseline_w001092,6000000000000006399,35,Super Stacker,2020-02-15T16:40:03+08:00,2020-02-15T17:40:04+08:00,2020-02-15T17:34:24+08:00,True,6.0,1464.0,5600.0,116.361151,39.946538,116.360907,39.932336
nearest_baseline,nearest_baseline_w001155,6000000000000006370,35,Super Stacker,2020-02-15T17:12:31+08:00,2020-02-15T17:43:31+08:00,2020-02-15T17:55:05+08:00,False,3.0,905.0,3271.0,116.348917,39.930946,116.343327,39.935756
nearest_baseline,nearest_baseline_w001201,6000000000000006821,35,Super Stacker,2020-02-15T17:33:53+08:00,2020-02-15T18:12:53+08:00,2020-02-15T18:15:55+08:00,False,6.0,955.0,3478.0,116.349661,39.92899,116.337847,39.922046
nearest_baseline,nearest_baseline_w001271,6000000000000008083,35,Super Stacker,2020-02-15T18:20:13+08:00,2020-02-15T18:55:13+08:00,2020-02-15T18:44:52+08:00,True,6.0,892.0,3216.0,116.34864,39.922954,116.371757,39.925396
nearest_baseline,nearest_baseline_w001300,6000000000000008404,35,Super Stacker,2020-02-15T18:30:21+08:00,2020-02-15T19:00:21+08:00,2020-02-15T18:58:28+08:00,True,3.0,508.0,1619.0,116.369461,39.924885,116.363247,39.923176
nearest_baseline,nearest_baseline_w001316,6000000000000008185,35,Super Stacker,2020-02-15T18:38:57+08:00,2020-02-15T19:16:57+08:00,2020-02-15T19:10:23+08:00,True,6.0,623.0,2095.0,116.363386,39.923254,116.361627,39.932476
nearest_baseline,nearest_baseline_w001369,6000000000000008570,35,Super Stacker,2020-02-15T19:17:25+08:00,2020-02-15T19:47:25+08:00,2020-02-15T19:28:36+08:00,True,3.0,516.0,1647.0,116.362749,39.937453,116.364517,39.934636
nearest_baseline,nearest_baseline_w001390,6000000000000008578,35,Super Stacker,2020-02-15T19:27:15+08:00,2020-02-15T20:02:15+08:00,2020-02-15T19:45:55+08:00,True,6.0,955.0,3476.0,116.362749,39.937453,116.363367,39.914646
nearest_baseline,nearest_baseline_w001458,6000000000000008721,35,Super Stacker,2020-02-15T19:33:04+08:00,2020-02-15T20:05:04+08:00,2020-02-15T20:08:55+08:00,False,3.0,535.0,1730.0,116.351303,39.911535,116.349297,39.913756
nearest_baseline,nearest_baseline_w000031,6000000000000000348,36,Super Stacker,2020-02-15T08:33:39+08:00,2020-02-15T10:15:00+08:00,2020-02-15T08:50:38+08:00,True,6.0,1238.0,4656.0,116.368498,40.077757,116.351167,40.077466
nearest_baseline,nearest_baseline_w000141,6000000000000000809,36,Super Stacker,2020-02-15T09:50:10+08:00,2020-02-15T10:37:10+08:00,2020-02-15T10:07:02+08:00,True,6.0,1022.0,3758.0,116.348128,40.081539,116.330527,40.072666
nearest_baseline,nearest_baseline_w000191,6000000000000000367,36,Super Stacker,2020-02-15T09:41:25+08:00,2020-02-15T10:30:00+08:00,2020-02-15T10:25:04+08:00,True,3.0,904.0,3266.0,116.313718,40.075622,116.316627,40.074596
nearest_baseline,nearest_baseline_w000228,6000000000000000842,36,Super Stacker,2020-02-15T10:30:34+08:00,2020-02-15T11:26:34+08:00,2020-02-15T11:06:04+08:00,True,6.0,2164.0,8517.0,116.303899,40.067199,116.302127,40.048646
nearest_baseline,nearest_baseline_w000313,6000000000000001596,36,Super Stacker,2020-02-15T11:14:53+08:00,2020-02-15T11:49:53+08:00,2020-02-15T11:24:49+08:00,True,3.0,889.0,3204.0,116.295825,40.042391,116.295397,40.035126
nearest_baseline,nearest_baseline_w000348,6000000000000001956,36,Super Stacker,2020-02-15T11:15:32+08:00,2020-02-15T11:52:32+08:00,2020-02-15T11:49:52+08:00,True,3.0,1192.0,4463.0,116.298804,40.035314,116.297857,40.038966
nearest_baseline,nearest_baseline_w000405,6000000000000001784,36,Super Stacker,2020-02-15T11:20:57+08:00,2020-02-15T12:11:57+08:00,2020-02-15T12:11:15+08:00,True,6.0,1275.0,4815.0,116.298804,40.035314,116.307097,40.042896
nearest_baseline,nearest_baseline_w000488,6000000000000002397,36,Super Stacker,2020-02-15T11:50:51+08:00,2020-02-15T12:31:51+08:00,2020-02-15T12:35:23+08:00,False,6.0,923.0,3346.0,116.295825,40.042391,116.304187,40.051006
nearest_baseline,nearest_baseline_w000525,6000000000000003346,36,Super Stacker,2020-02-15T12:17:22+08:00,2020-02-15T13:06:22+08:00,2020-02-15T12:50:09+08:00,True,6.0,609.0,2038.0,116.30448,40.0531,116.310357,40.041096
nearest_baseline,nearest_baseline_w000589,6000000000000003606,36,Super Stacker,2020-02-15T12:34:19+08:00,2020-02-15T13:15:19+08:00,2020-02-15T13:19:47+08:00,False,6.0,1187.0,4446.0,116.301631,40.034439,116.284847,40.025166
nearest_baseline,nearest_baseline_w000623,6000000000000004261,36,Super Stacker,2020-02-15T13:14:15+08:00,2020-02-15T13:44:15+08:00,2020-02-15T13:31:16+08:00,True,3.0,676.0,2317.0,116.290526,40.0233,116.289327,40.029406
nearest_baseline,nearest_baseline_w000659,6000000000000004577,36,Super Stacker,2020-02-15T13:22:38+08:00,2020-02-15T13:56:38+08:00,2020-02-15T13:49:06+08:00,True,3.0,546.0,1776.0,116.287514,40.032674,116.282587,40.032586
nearest_baseline,nearest_baseline_w000688,6000000000000004430,36,Super Stacker,2020-02-15T13:31:11+08:00,2020-02-15T14:10:11+08:00,2020-02-15T14:00:53+08:00,True,3.0,653.0,2223.0,116.287514,40.032674,116.278367,40.032476
nearest_baseline,nearest_baseline_w000742,6000000000000004217,36,Super Stacker,2020-02-15T13:45:39+08:00,2020-02-15T14:25:39+08:00,2020-02-15T14:30:08+08:00,False,6.0,1208.0,4532.0,116.289533,40.023681,116.269547,40.019216
nearest_baseline,nearest_baseline_w000796,6000000000000004829,36,Super Stacker,2020-02-15T14:47:10+08:00,2020-02-15T15:36:10+08:00,2020-02-15T15:00:31+08:00,True,6.0,1231.0,4631.0,116.261576,40.019582,116.253797,40.044156
nearest_baseline,nearest_baseline_w000852,6000000000000005619,36,Super Stacker,2020-02-15T14:52:17+08:00,2020-02-15T15:29:17+08:00,2020-02-15T15:19:41+08:00,True,3.0,581.0,1921.0,116.254561,40.049781,116.252737,40.050846
nearest_baseline,nearest_baseline_w000865,6000000000000005331,36,Super Stacker,2020-02-15T15:20:30+08:00,2020-02-15T16:14:30+08:00,2020-02-15T15:37:53+08:00,True,6.0,1073.0,3969.0,116.254561,40.049781,116.267257,40.065836
nearest_baseline,nearest_baseline_w000998,6000000000000005946,36,Super Stacker,2020-02-15T16:31:29+08:00,2020-02-15T17:09:29+08:00,2020-02-15T16:42:50+08:00,True,6.0,770.0,2708.0,116.268126,40.066303,116.259967,40.073106
nearest_baseline,nearest_baseline_w001073,6000000000000006698,36,Super Stacker,2020-02-15T16:55:08+08:00,2020-02-15T17:31:08+08:00,2020-02-15T17:18:21+08:00,True,6.0,1101.0,4088.0,116.239082,40.072874,116.258597,40.075376
nearest_baseline,nearest_baseline_w001107,6000000000000006990,36,Super Stacker,2020-02-15T17:11:38+08:00,2020-02-15T17:56:38+08:00,2020-02-15T17:47:45+08:00,True,6.0,1665.0,6436.0,116.251831,40.08469,116.235837,40.061976
nearest_baseline,nearest_baseline_w001174,6000000000000007680,36,Super Stacker,2020-02-15T17:52:01+08:00,2020-02-15T18:59:01+08:00,2020-02-15T18:10:39+08:00,True,3.0,1239.0,4661.0,116.233546,40.070656,116.224397,40.065426
nearest_baseline,nearest_baseline_w001235,6000000000000007283,36,Super Stacker,2020-02-15T18:07:32+08:00,2020-02-15T18:47:32+08:00,2020-02-15T18:45:44+08:00,True,6.0,1544.0,5932.0,116.222954,40.068792,116.224147,40.081466
nearest_baseline,nearest_baseline_w001304,6000000000000007798,36,Super Stacker,2020-02-15T18:57:30+08:00,2020-02-15T19:52:30+08:00,2020-02-15T19:04:33+08:00,True,6.0,873.0,3139.0,116.226866,40.084679,116.250147,40.086516
nearest_baseline,nearest_baseline_w001349,6000000000000007897,36,Super Stacker,2020-02-15T19:01:12+08:00,2020-02-15T19:38:12+08:00,2020-02-15T19:35:41+08:00,True,6.0,1541.0,5919.0,116.251831,40.08469,116.229007,40.094086
nearest_baseline,nearest_baseline_w000010,6000000000000000238,37,Super Stacker,2020-02-15T08:02:53+08:00,2020-02-15T10:15:00+08:00,2020-02-15T08:28:44+08:00,True,6.0,1124.0,4183.0,116.408074,39.961742,116.422727,39.976566
nearest_baseline,nearest_baseline_w000045,6000000000000000506,37,Super Stacker,2020-02-15T08:44:26+08:00,2020-02-15T09:18:26+08:00,2020-02-15T08:58:31+08:00,True,3.0,1111.0,4127.0,116.434102,39.96412,116.429887,39.957316
nearest_baseline,nearest_baseline_w000065,6000000000000000220,37,Super Stacker,2020-02-15T09:08:41+08:00,2020-02-15T09:49:41+08:00,2020-02-15T09:11:46+08:00,True,3.0,706.0,2440.0,116.439968,39.965399,116.432407,39.963086
nearest_baseline,nearest_baseline_w000089,6000000000000000600,37,Super Stacker,2020-02-15T09:18:27+08:00,2020-02-15T12:17:27+08:00,2020-02-15T09:41:22+08:00,True,6.0,1282.0,4839.0,116.435008,39.965337,116.424377,39.981606
nearest_baseline,nearest_baseline_w000153,6000000000000000369,37,Super Stacker,2020-02-15T09:48:32+08:00,2020-02-15T10:30:00+08:00,2020-02-15T10:05:34+08:00,True,3.0,934.0,3389.0,116.410779,39.987353,116.405467,39.979786
nearest_baseline,nearest_baseline_w000173,6000000000000000832,37,Super Stacker,2020-02-15T10:19:08+08:00,2020-02-15T11:02:08+08:00,2020-02-15T10:21:43+08:00,True,3.0,703.0,2429.0,116.401002,39.982468,116.400117,39.978486
nearest_baseline,nearest_baseline_w000249,6000000000000001620,37,Super Stacker,2020-02-15T10:49:21+08:00,2020-02-15T11:43:21+08:00,2020-02-15T11:04:34+08:00,True,6.0,1474.0,5642.0,116.40052,39.966067,116.404387,39.941076
nearest_baseline,nearest_baseline_w000314,6000000000000001282,37,Super Stacker,2020-02-15T10:41:43+08:00,2020-02-15T11:24:43+08:00,2020-02-15T11:30:17+08:00,False,6.0,1217.0,4568.0,116.41133,39.947487,116.422797,39.963726
nearest_baseline,nearest_baseline_w000392,6000000000000001977,37,Super Stacker,2020-02-15T11:27:38+08:00,2020-02-15T12:17:38+08:00,2020-02-15T11:56:54+08:00,True,6.0,1014.0,3728.0,116.408074,39.961742,116.405237,39.980706
nearest_baseline,nearest_baseline_w000441,6000000000000002095,37,Super Stacker,2020-02-15T11:34:48+08:00,2020-02-15T12:13:48+08:00,2020-02-15T12:14:45+08:00,False,3.0,885.0,3188.0,116.414021,39.978124,116.415057,39.971476
nearest_baseline,nearest_baseline_w000493,6000000000000002488,37,Super Stacker,2020-02-15T11:52:47+08:00,2020-02-15T12:34:47+08:00,2020-02-15T12:34:16+08:00,True,3.0,856.0,3065.0,116.407213,39.980035,116.398897,39.977336
nearest_baseline,nearest_baseline_w000533,6000000000000002778,37,Super Stacker,2020-02-15T12:15:51+08:00,2020-02-15T12:56:51+08:00,2020-02-15T12:49:28+08:00,True,3.0,568.0,1866.0,116.407213,39.980035,116.407347,39.973116
nearest_baseline,nearest_baseline_w000559,6000000000000003674,37,Super Stacker,2020-02-15T12:24:28+08:00,2020-02-15T13:00:28+08:00,2020-02-15T13:06:53+08:00,False,6.0,1013.0,3722.0,116.40052,39.966067,116.415617,39.967396
nearest_baseline,nearest_baseline_w000609,6000000000000003386,37,Super Stacker,2020-02-15T12:40:11+08:00,2020-02-15T13:28:11+08:00,2020-02-15T13:29:11+08:00,False,3.0,1151.0,4293.0,116.400747,39.965488,116.398377,39.958586
nearest_baseline,nearest_baseline_w000679,6000000000000004126,37,Super Stacker,2020-02-15T13:27:57+08:00,2020-02-15T14:14:57+08:00,2020-02-15T14:07:31+08:00,True,6.0,1651.0,6376.0,116.378997,39.962288,116.389587,39.945826
nearest_baseline,nearest_baseline_w000763,6000000000000004484,37,Super Stacker,2020-02-15T14:20:24+08:00,2020-02-15T14:50:24+08:00,2020-02-15T14:41:10+08:00,True,3.0,1270.0,4794.0,116.406307,39.947616,116.403107,39.949546
nearest_baseline,nearest_baseline_w000814,6000000000000004811,37,Super Stacker,2020-02-15T14:26:21+08:00,2020-02-15T15:05:21+08:00,2020-02-15T15:02:35+08:00,True,6.0,755.0,2646.0,116.411268,39.947688,116.408257,39.937336
nearest_baseline,nearest_baseline_w000854,6000000000000005311,37,Super Stacker,2020-02-15T15:10:21+08:00,2020-02-15T15:46:21+08:00,2020-02-15T15:23:50+08:00,True,3.0,830.0,2960.0,116.401902,39.932111,116.395247,39.926606
nearest_baseline,nearest_baseline_w000913,6000000000000005542,37,Super Stacker,2020-02-15T15:42:17+08:00,2020-02-15T16:12:17+08:00,2020-02-15T15:53:23+08:00,True,3.0,803.0,2847.0,116.398318,39.932907,116.400837,39.924646
nearest_baseline,nearest_baseline_w000951,6000000000000005554,37,Super Stacker,2020-02-15T15:51:25+08:00,2020-02-15T16:25:25+08:00,2020-02-15T16:15:57+08:00,True,6.0,957.0,3489.0,116.407397,39.922876,116.417607,39.917946
nearest_baseline,nearest_baseline_w000976,6000000000000005490,37,Super Stacker,2020-02-15T15:58:41+08:00,2020-02-15T16:42:41+08:00,2020-02-15T16:27:22+08:00,True,3.0,442.0,1340.0,116.417006,39.915784,116.416997,39.916856
nearest_baseline,nearest_baseline_w001012,6000000000000006176,37,Super Stacker,2020-02-15T16:08:32+08:00,2020-02-15T16:52:32+08:00,2020-02-15T16:45:13+08:00,True,6.0,913.0,3306.0,116.408087,39.918797,116.404957,39.904716
nearest_baseline,nearest_baseline_w001040,6000000000000005850,37,Super Stacker,2020-02-15T16:28:31+08:00,2020-02-15T17:08:31+08:00,2020-02-15T16:59:52+08:00,True,3.0,592.0,1966.0,116.402499,39.908678,116.405387,39.916866
nearest_baseline,nearest_baseline_w001056,6000000000000006632,37,Super Stacker,2020-02-15T16:55:23+08:00,2020-02-15T17:29:23+08:00,2020-02-15T17:10:51+08:00,True,6.0,651.0,2215.0,116.407951,39.917592,116.397927,39.929116
nearest_baseline,nearest_baseline_w001105,6000000000000006865,37,Super Stacker,2020-02-15T17:15:38+08:00,2020-02-15T17:51:38+08:00,2020-02-15T17:34:04+08:00,True,3.0,844.0,3016.0,116.408861,39.923743,116.411777,39.927346
nearest_baseline,nearest_baseline_w001151,6000000000000006642,37,Super Stacker,2020-02-15T17:12:37+08:00,2020-02-15T17:42:38+08:00,2020-02-15T17:55:12+08:00,False,3.0,912.0,3300.0,116.421817,39.926136,116.417627,39.922016
nearest_baseline,nearest_baseline_w001188,6000000000000007650,37,Super Stacker,2020-02-15T17:49:26+08:00,2020-02-15T18:30:26+08:00,2020-02-15T18:10:57+08:00,True,6.0,657.0,2236.0,116.421641,39.921455,116.407017,39.925376
nearest_baseline,nearest_baseline_w001244,6000000000000007688,37,Super Stacker,2020-02-15T18:05:21+08:00,2020-02-15T18:45:21+08:00,2020-02-15T18:37:13+08:00,True,6.0,1033.0,3801.0,116.401902,39.932111,116.393187,39.950836
nearest_baseline,nearest_baseline_w001294,6000000000000007708,37,Super Stacker,2020-02-15T18:10:03+08:00,2020-02-15T18:57:03+08:00,2020-02-15T18:53:56+08:00,True,3.0,836.0,2986.0,116.406187,39.950046,116.397027,39.944636
nearest_baseline,nearest_baseline_w001334,6000000000000007937,37,Super Stacker,2020-02-15T18:45:26+08:00,2020-02-15T19:33:26+08:00,2020-02-15T19:20:30+08:00,True,6.0,1230.0,4626.0,116.390058,39.940051,116.370017,39.929556
nearest_baseline,nearest_baseline_w001395,6000000000000008562,37,Super Stacker,2020-02-15T19:06:03+08:00,2020-02-15T19:42:03+08:00,2020-02-15T19:47:26+08:00,False,6.0,1046.0,3859.0,116.36377,39.9238,116.368437,39.908046
nearest_baseline,nearest_baseline_w001432,6000000000000008771,37,Super Stacker,2020-02-15T19:21:31+08:00,2020-02-15T19:54:31+08:00,2020-02-15T19:58:11+08:00,False,3.0,491.0,1544.0,116.370202,39.911403,116.368567,39.909636
nearest_baseline,nearest_baseline_w001454,6000000000000008781,37,Super Stacker,2020-02-15T19:47:27+08:00,2020-02-15T20:19:27+08:00,2020-02-15T20:08:58+08:00,True,3.0,538.0,1740.0,116.360418,39.90323,116.359487,39.902616
nearest_baseline,nearest_baseline_w000004,6000000000000000557,38,Super Stacker,2020-02-15T08:04:41+08:00,2020-02-15T10:45:00+08:00,2020-02-15T08:14:42+08:00,True,3.0,882.0,3178.0,116.464045,39.89318,116.463927,39.885486
nearest_baseline,nearest_baseline_w000016,6000000000000000502,38,Super Stacker,2020-02-15T08:21:43+08:00,2020-02-15T09:01:43+08:00,2020-02-15T08:35:14+08:00,True,6.0,914.0,3310.0,116.45922600000002,39.890149,116.461037,39.873846
nearest_baseline,nearest_baseline_w000041,6000000000000000224,38,Super Stacker,2020-02-15T08:44:34+08:00,2020-02-15T11:44:34+08:00,2020-02-15T08:57:29+08:00,True,6.0,1049.0,3868.0,116.452478,39.884308,116.452617,39.874746
nearest_baseline,nearest_baseline_w000064,6000000000000000633,38,Super Stacker,2020-02-15T09:04:00+08:00,2020-02-15T12:04:00+08:00,2020-02-15T09:15:59+08:00,True,3.0,959.0,3498.0,116.452478,39.884308,116.446417,39.876986
nearest_baseline,nearest_baseline_w000096,6000000000000000465,38,Super Stacker,2020-02-15T09:10:47+08:00,2020-02-15T12:09:47+08:00,2020-02-15T09:42:50+08:00,True,6.0,1370.0,5209.0,116.452478,39.884308,116.478217,39.898046
nearest_baseline,nearest_baseline_w000182,6000000000000001183,38,Super Stacker,2020-02-15T10:11:57+08:00,2020-02-15T11:01:57+08:00,2020-02-15T10:27:00+08:00,True,6.0,1020.0,3747.0,116.469315,39.892902,116.450357,39.890686
nearest_baseline,nearest_baseline_w000213,6000000000000001098,38,Super Stacker,2020-02-15T10:09:32+08:00,2020-02-15T10:39:32+08:00,2020-02-15T10:44:17+08:00,False,6.0,857.0,3069.0,116.452933,39.893163,116.437307,39.898866
nearest_baseline,nearest_baseline_w000272,6000000000000001117,38,Super Stacker,2020-02-15T10:32:18+08:00,2020-02-15T11:17:18+08:00,2020-02-15T11:18:22+08:00,False,3.0,1702.0,6591.0,116.452714,39.904197,116.462347,39.899246
nearest_baseline,nearest_baseline_w000332,6000000000000001714,38,Super Stacker,2020-02-15T10:52:50+08:00,2020-02-15T11:42:50+08:00,2020-02-15T11:46:13+08:00,False,6.0,1573.0,6052.0,116.46365,39.892728,116.492707,39.880276
nearest_baseline,nearest_baseline_w000543,6000000000000003699,38,Super Stacker,2020-02-15T12:40:15+08:00,2020-02-15T13:17:15+08:00,2020-02-15T13:00:15+08:00,True,3.0,1215.0,4563.0,116.48150400000002,39.891929,116.478687,39.884236
nearest_baseline,nearest_baseline_w000613,6000000000000003795,38,Super Stacker,2020-02-15T13:00:31+08:00,2020-02-15T13:48:31+08:00,2020-02-15T13:31:19+08:00,True,6.0,1279.0,4827.0,116.460707,39.883136,116.460207,39.893936
nearest_baseline,nearest_baseline_w000686,6000000000000004658,38,Super Stacker,2020-02-15T13:34:32+08:00,2020-02-15T14:08:32+08:00,2020-02-15T14:06:48+08:00,True,6.0,1008.0,3700.0,116.458552,39.890743,116.475027,39.897836
nearest_baseline,nearest_baseline_w000753,6000000000000004783,38,Super Stacker,2020-02-15T13:56:06+08:00,2020-02-15T14:57:06+08:00,2020-02-15T14:38:43+08:00,True,6.0,1123.0,4182.0,116.482468,39.898482,116.471527,39.908106
nearest_baseline,nearest_baseline_w000794,6000000000000005162,38,Super Stacker,2020-02-15T14:39:33+08:00,2020-02-15T15:09:33+08:00,2020-02-15T14:57:01+08:00,True,3.0,1021.0,3754.0,116.464508,39.908307,116.466627,39.910396
nearest_baseline,nearest_baseline_w000834,6000000000000005069,38,Super Stacker,2020-02-15T14:44:52+08:00,2020-02-15T15:14:53+08:00,2020-02-15T15:10:08+08:00,True,3.0,608.0,2034.0,116.461056,39.906791,116.458277,39.905136
nearest_baseline,nearest_baseline_w000878,6000000000000005179,38,Super Stacker,2020-02-15T14:59:02+08:00,2020-02-15T15:29:02+08:00,2020-02-15T15:36:33+08:00,False,3.0,993.0,3637.0,116.45099,39.894333,116.455237,39.893756
nearest_baseline,nearest_baseline_w000911,6000000000000005589,38,Super Stacker,2020-02-15T15:42:41+08:00,2020-02-15T16:12:41+08:00,2020-02-15T15:49:17+08:00,True,3.0,557.0,1821.0,116.45064800000002,39.896061,116.460017,39.898796
nearest_baseline,nearest_baseline_w000922,6000000000000005593,38,Super Stacker,2020-02-15T15:47:49+08:00,2020-02-15T16:36:49+08:00,2020-02-15T16:08:50+08:00,True,10.0,1130.0,4206.0,116.461385,39.899187,116.496527,39.893596
nearest_baseline,nearest_baseline_w001054,6000000000000006826,38,Super Stacker,2020-02-15T16:50:31+08:00,2020-02-15T17:28:31+08:00,2020-02-15T17:06:11+08:00,True,6.0,971.0,3548.0,116.477875,39.892471,116.494327,39.893066
nearest_baseline,nearest_baseline_w001117,6000000000000006735,38,Super Stacker,2020-02-15T17:20:41+08:00,2020-02-15T18:30:41+08:00,2020-02-15T17:53:59+08:00,True,10.0,2039.0,7996.0,116.475666,39.898339,116.427727,39.887706
nearest_baseline,nearest_baseline_w001193,6000000000000007810,38,Super Stacker,2020-02-15T18:01:30+08:00,2020-02-15T18:46:30+08:00,2020-02-15T18:15:00+08:00,True,6.0,900.0,3250.0,116.427787,39.892413,116.415387,39.899006
nearest_baseline,nearest_baseline_w001247,6000000000000007502,38,Super Stacker,2020-02-15T17:57:49+08:00,2020-02-15T18:57:49+08:00,2020-02-15T18:34:05+08:00,True,6.0,845.0,3021.0,116.425212,39.893217,116.415287,39.899316
nearest_baseline,nearest_baseline_w001288,6000000000000007936,38,Super Stacker,2020-02-15T18:44:19+08:00,2020-02-15T19:25:19+08:00,2020-02-15T19:00:00+08:00,True,6.0,1200.0,4502.0,116.422787,39.893256,116.412317,39.910786
nearest_baseline,nearest_baseline_w001363,6000000000000008558,38,Super Stacker,2020-02-15T19:01:37+08:00,2020-02-15T19:45:37+08:00,2020-02-15T19:30:21+08:00,True,6.0,1221.0,4585.0,116.408861,39.923743,116.418107,39.932236
nearest_baseline,nearest_baseline_w001408,6000000000000008592,38,Super Stacker,2020-02-15T19:40:18+08:00,2020-02-15T20:24:27+08:00,2020-02-15T19:56:22+08:00,True,6.0,982.0,3591.0,116.41777700000002,39.932546,116.403157,39.917866
nearest_baseline,nearest_baseline_w001456,6000000000000008927,38,Super Stacker,2020-02-15T19:46:47+08:00,2020-02-15T20:19:53+08:00,2020-02-15T20:13:28+08:00,True,6.0,808.0,2867.0,116.393507,39.923356,116.405857,39.921106
nearest_baseline,nearest_baseline_w000046,6000000000000000387,39,Super Stacker,2020-02-15T08:40:53+08:00,2020-02-15T09:33:53+08:00,2020-02-15T09:15:50+08:00,True,6.0,2150.0,8458.0,116.332098,40.006788,116.327577,40.025756
nearest_baseline,nearest_baseline_w000105,6000000000000000316,39,Super Stacker,2020-02-15T09:12:52+08:00,2020-02-15T10:34:52+08:00,2020-02-15T09:43:42+08:00,True,6.0,1422.0,5426.0,116.327938,40.041177,116.31332700000002,40.057096
nearest_baseline,nearest_baseline_w000165,6000000000000000825,39,Super Stacker,2020-02-15T10:04:29+08:00,2020-02-15T10:48:29+08:00,2020-02-15T10:20:12+08:00,True,6.0,1212.0,4550.0,116.303709,40.052374,116.322127,40.044206
nearest_baseline,nearest_baseline_w000233,6000000000000000823,39,Super Stacker,2020-02-15T10:03:29+08:00,2020-02-15T10:40:29+08:00,2020-02-15T10:45:53+08:00,False,3.0,953.0,3470.0,116.336902,40.032579,116.330267,40.034286
nearest_baseline,nearest_baseline_w000258,6000000000000001268,39,Super Stacker,2020-02-15T10:29:29+08:00,2020-02-15T11:01:29+08:00,2020-02-15T10:58:27+08:00,True,3.0,507.0,1609.0,116.336902,40.032579,116.338637,40.034116
nearest_baseline,nearest_baseline_w000276,6000000000000000846,39,Super Stacker,2020-02-15T10:32:40+08:00,2020-02-15T11:29:41+08:00,2020-02-15T11:14:27+08:00,True,6.0,867.0,3112.0,116.337449,40.032518,116.317787,40.029246
nearest_baseline,nearest_baseline_w000335,6000000000000002247,39,Super Stacker,2020-02-15T11:09:11+08:00,2020-02-15T11:59:11+08:00,2020-02-15T11:35:22+08:00,True,6.0,922.0,3342.0,116.326547,40.028846,116.349317,40.032436
nearest_baseline,nearest_baseline_w000385,6000000000000001917,39,Super Stacker,2020-02-15T11:36:58+08:00,2020-02-15T12:09:58+08:00,2020-02-15T11:51:06+08:00,True,3.0,666.0,2277.0,116.342716,40.030674,116.348857,40.028656
nearest_baseline,nearest_baseline_w000431,6000000000000002304,39,Super Stacker,2020-02-15T11:40:47+08:00,2020-02-15T14:10:47+08:00,2020-02-15T12:11:35+08:00,True,3.0,695.0,2397.0,116.352575,40.030326,116.349007,40.034846
nearest_baseline,nearest_baseline_w000490,6000000000000003009,39,Super Stacker,2020-02-15T11:50:54+08:00,2020-02-15T12:42:54+08:00,2020-02-15T12:39:03+08:00,True,6.0,1143.0,4263.0,116.337449,40.032518,116.325877,40.034076
nearest_baseline,nearest_baseline_w000530,6000000000000002892,39,Super Stacker,2020-02-15T12:10:08+08:00,2020-02-15T12:52:08+08:00,2020-02-15T12:53:25+08:00,False,3.0,805.0,2852.0,116.326547,40.028846,116.322227,40.026606
nearest_baseline,nearest_baseline_w000590,6000000000000003766,39,Super Stacker,2020-02-15T12:32:05+08:00,2020-02-15T13:11:05+08:00,2020-02-15T13:21:02+08:00,False,6.0,1262.0,4757.0,116.30938700000002,40.031689,116.305197,40.051736
nearest_baseline,nearest_baseline_w000642,6000000000000004184,39,Super Stacker,2020-02-15T13:12:43+08:00,2020-02-15T13:51:43+08:00,2020-02-15T13:35:43+08:00,True,3.0,343.0,926.0,116.303709,40.052374,116.300337,40.050976
nearest_baseline,nearest_baseline_w000668,6000000000000004255,39,Super Stacker,2020-02-15T13:11:26+08:00,2020-02-15T13:55:26+08:00,2020-02-15T13:55:43+08:00,False,6.0,943.0,3431.0,116.291487,40.052136,116.297677,40.066956
nearest_baseline,nearest_baseline_w000703,6000000000000004847,39,Super Stacker,2020-02-15T14:05:16+08:00,2020-02-15T14:47:16+08:00,2020-02-15T14:25:46+08:00,True,3.0,1546.0,5945.0,116.296088,40.065187,116.302997,40.062576
nearest_baseline,nearest_baseline_w000784,6000000000000005512,39,Super Stacker,2020-02-15T14:39:26+08:00,2020-02-15T17:39:26+08:00,2020-02-15T14:58:02+08:00,True,6.0,1682.0,6507.0,116.303914,40.048656,116.297587,40.056256
nearest_baseline,nearest_baseline_w000841,6000000000000005265,39,Super Stacker,2020-02-15T15:01:39+08:00,2020-02-15T15:43:39+08:00,2020-02-15T15:19:43+08:00,True,3.0,1183.0,4429.0,116.296088,40.065187,116.304317,40.062526
nearest_baseline,nearest_baseline_w000867,6000000000000005365,39,Super Stacker,2020-02-15T15:23:57+08:00,2020-02-15T15:57:57+08:00,2020-02-15T15:27:14+08:00,True,3.0,434.0,1308.0,116.305761,40.064876,116.306757,40.060536
nearest_baseline,nearest_baseline_w001015,6000000000000006329,39,Super Stacker,2020-02-15T16:30:10+08:00,2020-02-15T17:06:10+08:00,2020-02-15T16:46:51+08:00,True,3.0,1011.0,3711.0,116.293209,40.053724,116.304247,40.054856
nearest_baseline,nearest_baseline_w001042,6000000000000006529,39,Super Stacker,2020-02-15T16:49:51+08:00,2020-02-15T19:48:51+08:00,2020-02-15T17:09:23+08:00,True,6.0,1163.0,4344.0,116.303914,40.048656,116.291287,40.052286
nearest_baseline,nearest_baseline_w001076,6000000000000006593,39,Super Stacker,2020-02-15T17:05:09+08:00,2020-02-15T17:52:09+08:00,2020-02-15T17:23:20+08:00,True,6.0,800.0,2833.0,116.291487,40.052136,116.301847,40.061896
nearest_baseline,nearest_baseline_w001127,6000000000000007630,39,Super Stacker,2020-02-15T17:39:33+08:00,2020-02-15T18:28:33+08:00,2020-02-15T17:47:39+08:00,True,6.0,1059.0,3911.0,116.306917,40.065504,116.299247,40.048846
nearest_baseline,nearest_baseline_w001173,6000000000000007014,39,Super Stacker,2020-02-15T17:33:35+08:00,2020-02-15T18:13:35+08:00,2020-02-15T18:00:21+08:00,True,3.0,621.0,2088.0,116.293209,40.053724,116.297627,40.056106
nearest_baseline,nearest_baseline_w001218,6000000000000007822,39,Super Stacker,2020-02-15T18:06:54+08:00,2020-02-15T18:56:54+08:00,2020-02-15T18:27:46+08:00,True,6.0,1066.0,3942.0,116.291484,40.052133,116.302347,40.064106
nearest_baseline,nearest_baseline_w001266,6000000000000007869,39,Super Stacker,2020-02-15T18:32:07+08:00,2020-02-15T19:19:07+08:00,2020-02-15T18:48:49+08:00,True,6.0,1129.0,4202.0,116.296088,40.065187,116.292227,40.054316
nearest_baseline,nearest_baseline_w001302,6000000000000007289,39,Super Stacker,2020-02-15T18:22:25+08:00,2020-02-15T19:14:25+08:00,2020-02-15T19:02:02+08:00,True,6.0,722.0,2506.0,116.291487,40.052136,116.298847,40.064616
nearest_baseline,nearest_baseline_w001362,6000000000000008356,39,Super Stacker,2020-02-15T18:43:34+08:00,2020-02-15T19:31:34+08:00,2020-02-15T19:33:31+08:00,False,3.0,1411.0,5382.0,116.309846,40.073377,116.313437,40.074416
nearest_baseline,nearest_baseline_w000232,6000000000000000711,40,Super Stacker,2020-02-15T10:36:25+08:00,2020-02-15T11:08:25+08:00,2020-02-15T10:43:14+08:00,True,3.0,794.0,2806.0,116.285057,39.886239,116.282757,39.887086
nearest_baseline,nearest_baseline_w000259,6000000000000001138,40,Super Stacker,2020-02-15T10:47:34+08:00,2020-02-15T12:01:34+08:00,2020-02-15T11:18:42+08:00,True,10.0,1722.0,6672.0,116.287392,39.881361,116.252297,39.895046
nearest_baseline,nearest_baseline_w000336,6000000000000002189,40,Super Stacker,2020-02-15T11:25:01+08:00,2020-02-15T12:12:01+08:00,2020-02-15T11:36:56+08:00,True,6.0,1016.0,3735.0,116.246047,39.888859,116.239327,39.876936
nearest_baseline,nearest_baseline_w000375,6000000000000002524,40,Super Stacker,2020-02-15T11:32:23+08:00,2020-02-15T12:29:23+08:00,2020-02-15T11:56:10+08:00,True,6.0,970.0,3540.0,116.24185500000002,39.874994,116.245637,39.890256
nearest_baseline,nearest_baseline_w000439,6000000000000002542,40,Super Stacker,2020-02-15T11:46:20+08:00,2020-02-15T12:22:20+08:00,2020-02-15T12:21:38+08:00,True,6.0,1298.0,4910.0,116.253722,39.888777,116.243867,39.877706
nearest_baseline,nearest_baseline_w000516,6000000000000003031,40,Super Stacker,2020-02-15T12:07:31+08:00,2020-02-15T12:51:31+08:00,2020-02-15T12:51:11+08:00,True,6.0,1271.0,4793.0,116.244971,39.888776,116.223687,39.905526
nearest_baseline,nearest_baseline_w000579,6000000000000003667,40,Super Stacker,2020-02-15T12:35:09+08:00,2020-02-15T15:35:09+08:00,2020-02-15T13:10:46+08:00,True,3.0,646.0,2193.0,116.216416,39.904877,116.214137,39.897916
nearest_baseline,nearest_baseline_w000625,6000000000000004353,40,Super Stacker,2020-02-15T13:23:03+08:00,2020-02-15T13:53:03+08:00,2020-02-15T13:30:22+08:00,True,3.0,622.0,2092.0,116.217317,39.903336,116.218507,39.898816
nearest_baseline,nearest_baseline_w000666,6000000000000004402,40,Super Stacker,2020-02-15T13:25:47+08:00,2020-02-15T16:25:47+08:00,2020-02-15T13:58:52+08:00,True,6.0,1132.0,4218.0,116.216416,39.904877,116.232187,39.892176
nearest_baseline,nearest_baseline_w000715,6000000000000004961,40,Super Stacker,2020-02-15T14:09:26+08:00,2020-02-15T14:50:26+08:00,2020-02-15T14:19:25+08:00,True,6.0,1165.0,4354.0,116.225899,39.901857,116.220497,39.890226
nearest_baseline,nearest_baseline_w000761,6000000000000004693,40,Super Stacker,2020-02-15T14:13:06+08:00,2020-02-15T15:04:07+08:00,2020-02-15T14:51:49+08:00,True,10.0,1909.0,7454.0,116.225899,39.901857,116.219127,39.874466
nearest_baseline,nearest_baseline_w001407,6000000000000008591,40,Super Stacker,2020-02-15T19:39:25+08:00,2020-02-15T20:13:25+08:00,2020-02-15T19:53:36+08:00,True,6.0,1416.0,5403.0,116.24185500000002,39.874994,116.252747,39.891976
nearest_baseline,nearest_baseline_w001448,6000000000000009132,40,Super Stacker,2020-02-15T19:58:28+08:00,2020-02-15T20:28:28+08:00,2020-02-15T20:09:50+08:00,True,3.0,590.0,1960.0,116.254314,39.89282,116.249187,39.886586
nearest_baseline,nearest_baseline_w000055,6000000000000000393,41,Super Stacker,2020-02-15T08:59:02+08:00,2020-02-15T10:01:02+08:00,2020-02-15T09:14:53+08:00,True,6.0,1493.0,5721.0,116.302092,40.03364,116.281387,40.024656
nearest_baseline,nearest_baseline_w000106,6000000000000000262,41,Super Stacker,2020-02-15T09:23:30+08:00,2020-02-15T10:19:30+08:00,2020-02-15T09:45:29+08:00,True,6.0,1529.0,5872.0,116.301115,40.028892,116.272567,40.017456
nearest_baseline,nearest_baseline_w000247,6000000000000000999,41,Super Stacker,2020-02-15T10:47:07+08:00,2020-02-15T11:34:07+08:00,2020-02-15T11:02:46+08:00,True,6.0,1366.0,5191.0,116.260887,40.013524,116.280477,40.018506
nearest_baseline,nearest_baseline_w000321,6000000000000002056,41,Super Stacker,2020-02-15T11:19:24+08:00,2020-02-15T12:08:24+08:00,2020-02-15T11:36:11+08:00,True,6.0,1571.0,6047.0,116.260887,40.013524,116.288697,40.023006
nearest_baseline,nearest_baseline_w000379,6000000000000001988,41,Super Stacker,2020-02-15T11:29:59+08:00,2020-02-15T12:09:59+08:00,2020-02-15T12:03:03+08:00,True,6.0,1383.0,5265.0,116.283347,40.023301,116.280707,40.041266
nearest_baseline,nearest_baseline_w000466,6000000000000002480,41,Super Stacker,2020-02-15T11:48:13+08:00,2020-02-15T12:27:13+08:00,2020-02-15T12:23:09+08:00,True,3.0,789.0,2786.0,116.287514,40.032674,116.287697,40.029016
nearest_baseline,nearest_baseline_w000506,6000000000000003023,41,Super Stacker,2020-02-15T12:00:14+08:00,2020-02-15T12:44:14+08:00,2020-02-15T12:46:54+08:00,False,6.0,1014.0,3726.0,116.287514,40.032674,116.266327,40.026706
nearest_baseline,nearest_baseline_w000565,6000000000000003593,41,Super Stacker,2020-02-15T12:21:54+08:00,2020-02-15T13:06:54+08:00,2020-02-15T13:14:15+08:00,False,6.0,1455.0,5560.0,116.261127,40.015436,116.241007,40.008176
nearest_baseline,nearest_baseline_w000637,6000000000000004645,41,Super Stacker,2020-02-15T13:24:00+08:00,2020-02-15T14:06:00+08:00,2020-02-15T14:10:28+08:00,False,6.0,3028.0,12116.0,116.260887,40.013524,116.255487,40.024556
nearest_baseline,nearest_baseline_w000777,6000000000000004808,41,Super Stacker,2020-02-15T14:22:17+08:00,2020-02-15T15:10:17+08:00,2020-02-15T15:14:47+08:00,False,10.0,2687.0,10692.0,116.261576,40.019582,116.241237,40.042766
nearest_baseline,nearest_baseline_w000868,6000000000000004950,41,Super Stacker,2020-02-15T14:53:28+08:00,2020-02-15T15:32:28+08:00,2020-02-15T15:32:16+08:00,True,3.0,736.0,2568.0,116.242437,40.046631,116.24106700000002,40.048816
nearest_baseline,nearest_baseline_w000906,6000000000000005800,41,Super Stacker,2020-02-15T15:31:12+08:00,2020-02-15T16:20:12+08:00,2020-02-15T15:59:45+08:00,True,6.0,1185.0,4441.0,116.242236,40.048368,116.261367,40.064126
nearest_baseline,nearest_baseline_w001070,6000000000000006915,41,Super Stacker,2020-02-15T17:04:49+08:00,2020-02-15T17:52:49+08:00,2020-02-15T17:21:23+08:00,True,6.0,1283.0,4844.0,116.254561,40.049781,116.273127,40.047656
nearest_baseline,nearest_baseline_w001122,6000000000000006742,41,Super Stacker,2020-02-15T17:24:22+08:00,2020-02-15T18:10:22+08:00,2020-02-15T17:44:03+08:00,True,6.0,843.0,3013.0,116.270456,40.046009,116.251017,40.050666
nearest_baseline,nearest_baseline_w001162,6000000000000007408,41,Super Stacker,2020-02-15T17:31:06+08:00,2020-02-15T18:15:06+08:00,2020-02-15T18:00:08+08:00,True,3.0,608.0,2036.0,116.251526,40.051129,116.253797,40.044156
nearest_baseline,nearest_baseline_w001215,6000000000000007987,41,Super Stacker,2020-02-15T18:02:00+08:00,2020-02-15T18:41:00+08:00,2020-02-15T18:20:00+08:00,True,3.0,600.0,2000.0,116.254561,40.049781,116.257547,40.048876
nearest_baseline,nearest_baseline_w001382,6000000000000008910,41,Super Stacker,2020-02-15T19:23:24+08:00,2020-02-15T19:53:24+08:00,2020-02-15T19:40:01+08:00,True,3.0,1201.0,4502.0,116.278312,40.04548,116.274177,40.049496
nearest_baseline,nearest_baseline_w001444,6000000000000008790,41,Super Stacker,2020-02-15T19:43:23+08:00,2020-02-15T20:18:23+08:00,2020-02-15T20:07:15+08:00,True,3.0,1035.0,3814.0,116.254561,40.049781,116.254847,40.051556
nearest_baseline,nearest_baseline_w000028,6000000000000000616,42,Super Stacker,2020-02-15T08:31:10+08:00,2020-02-15T11:31:10+08:00,2020-02-15T08:47:57+08:00,True,6.0,1077.0,3987.0,116.323448,39.971733,116.323797,39.988076
nearest_baseline,nearest_baseline_w000057,6000000000000000261,42,Super Stacker,2020-02-15T08:50:29+08:00,2020-02-15T10:45:00+08:00,2020-02-15T09:10:20+08:00,True,6.0,1220.0,4584.0,116.306018,39.97894,116.318127,39.990116
nearest_baseline,nearest_baseline_w000102,6000000000000000591,42,Super Stacker,2020-02-15T09:06:08+08:00,2020-02-15T12:06:08+08:00,2020-02-15T09:36:24+08:00,True,3.0,984.0,3599.0,116.306018,39.97894,116.307597,39.986296
nearest_baseline,nearest_baseline_w000130,6000000000000000605,42,Super Stacker,2020-02-15T09:20:45+08:00,2020-02-15T12:20:45+08:00,2020-02-15T09:59:49+08:00,True,6.0,1189.0,4456.0,116.306018,39.97894,116.322197,39.991346
nearest_baseline,nearest_baseline_w000161,6000000000000000541,42,Super Stacker,2020-02-15T09:55:40+08:00,2020-02-15T10:25:40+08:00,2020-02-15T10:12:56+08:00,True,3.0,776.0,2733.0,116.329423,39.991171,116.323707,39.987676
nearest_baseline,nearest_baseline_w000208,6000000000000000980,42,Super Stacker,2020-02-15T10:02:19+08:00,2020-02-15T13:02:19+08:00,2020-02-15T10:42:33+08:00,True,6.0,1353.0,5135.0,116.306018,39.97894,116.312337,39.998386
nearest_baseline,nearest_baseline_w000267,6000000000000001062,42,Super Stacker,2020-02-15T10:45:44+08:00,2020-02-15T11:30:00+08:00,2020-02-15T11:04:20+08:00,True,3.0,860.0,3084.0,116.32582,39.995618,116.328637,40.001496
nearest_baseline,nearest_baseline_w000317,6000000000000001136,42,Super Stacker,2020-02-15T10:46:34+08:00,2020-02-15T11:19:34+08:00,2020-02-15T11:27:14+08:00,False,3.0,1034.0,3811.0,116.324049,39.991577,116.329197,39.996926
nearest_baseline,nearest_baseline_w000358,6000000000000001842,42,Super Stacker,2020-02-15T11:04:32+08:00,2020-02-15T11:47:32+08:00,2020-02-15T11:54:14+08:00,False,6.0,1454.0,5558.0,116.329423,39.991171,116.339397,40.012686
nearest_baseline,nearest_baseline_w000436,6000000000000002017,42,Super Stacker,2020-02-15T11:33:05+08:00,2020-02-15T12:25:05+08:00,2020-02-15T12:19:50+08:00,True,3.0,1190.0,4460.0,116.344248,40.008293,116.336357,40.012446
nearest_baseline,nearest_baseline_w000499,6000000000000003455,42,Super Stacker,2020-02-15T12:26:15+08:00,2020-02-15T13:10:15+08:00,2020-02-15T12:44:44+08:00,True,6.0,1484.0,5685.0,116.336124,40.02959,116.346967,40.015356
nearest_baseline,nearest_baseline_w000567,6000000000000003404,42,Super Stacker,2020-02-15T12:49:14+08:00,2020-02-15T13:38:14+08:00,2020-02-15T13:19:39+08:00,True,6.0,1779.0,6915.0,116.332098,40.006788,116.362837,40.000156
nearest_baseline,nearest_baseline_w000636,6000000000000003726,42,Super Stacker,2020-02-15T13:00:18+08:00,2020-02-15T13:30:19+08:00,2020-02-15T13:35:49+08:00,False,3.0,949.0,3456.0,116.34338,40.000749,116.341127,39.999766
nearest_baseline,nearest_baseline_w000657,6000000000000004566,42,Super Stacker,2020-02-15T13:17:49+08:00,2020-02-15T14:00:49+08:00,2020-02-15T13:54:08+08:00,True,6.0,848.0,3030.0,116.342057,40.000316,116.364487,39.998126
nearest_baseline,nearest_baseline_w000708,6000000000000005085,42,Super Stacker,2020-02-15T14:09:22+08:00,2020-02-15T14:39:22+08:00,2020-02-15T14:10:40+08:00,True,3.0,640.0,2167.0,116.364137,40.001036,116.358287,39.995936
nearest_baseline,nearest_baseline_w000775,6000000000000005160,42,Super Stacker,2020-02-15T14:38:59+08:00,2020-02-15T15:22:59+08:00,2020-02-15T14:45:57+08:00,True,6.0,957.0,3486.0,116.363315,40.000984,116.375757,39.994536
nearest_baseline,nearest_baseline_w000828,6000000000000005057,42,Super Stacker,2020-02-15T14:35:40+08:00,2020-02-15T15:25:41+08:00,2020-02-15T15:17:58+08:00,True,6.0,1678.0,6492.0,116.371691,39.979492,116.355997,39.971766
nearest_baseline,nearest_baseline_w000901,6000000000000005852,42,Super Stacker,2020-02-15T15:33:49+08:00,2020-02-15T16:18:49+08:00,2020-02-15T15:47:10+08:00,True,6.0,1030.0,3791.0,116.349874,39.980474,116.336827,39.987256
nearest_baseline,nearest_baseline_w000972,6000000000000005883,42,Super Stacker,2020-02-15T16:06:42+08:00,2020-02-15T16:58:42+08:00,2020-02-15T16:31:13+08:00,True,3.0,1273.0,4804.0,116.349388,39.988446,116.357347,39.987126
nearest_baseline,nearest_baseline_w001025,6000000000000006005,42,Super Stacker,2020-02-15T16:20:11+08:00,2020-02-15T17:05:11+08:00,2020-02-15T17:04:39+08:00,True,6.0,1479.0,5665.0,116.354236,39.980466,116.335107,39.995876
nearest_baseline,nearest_baseline_w001085,6000000000000006158,42,Super Stacker,2020-02-15T16:41:30+08:00,2020-02-15T17:41:31+08:00,2020-02-15T17:28:44+08:00,True,6.0,1124.0,4184.0,116.329356,39.991454,116.332367,40.005986
nearest_baseline,nearest_baseline_w001135,6000000000000007010,42,Super Stacker,2020-02-15T17:31:53+08:00,2020-02-15T18:11:53+08:00,2020-02-15T17:48:46+08:00,True,6.0,1126.0,4193.0,116.344397,40.007822,116.362067,40.008456
nearest_baseline,nearest_baseline_w001180,6000000000000007158,42,Super Stacker,2020-02-15T17:22:02+08:00,2020-02-15T18:01:02+08:00,2020-02-15T18:16:11+08:00,False,6.0,1571.0,6049.0,116.367487,39.997383,116.396957,40.002486
nearest_baseline,nearest_baseline_w001251,6000000000000007669,42,Super Stacker,2020-02-15T17:56:16+08:00,2020-02-15T18:46:16+08:00,2020-02-15T18:37:48+08:00,True,6.0,1068.0,3953.0,116.406706,39.995221,116.415687,40.003606
nearest_baseline,nearest_baseline_w001285,6000000000000007515,42,Super Stacker,2020-02-15T18:10:51+08:00,2020-02-15T18:47:51+08:00,2020-02-15T18:46:52+08:00,True,3.0,412.0,1216.0,116.412611,39.998054,116.416347,39.998776
nearest_baseline,nearest_baseline_w001309,6000000000000008494,42,Super Stacker,2020-02-15T18:38:15+08:00,2020-02-15T19:15:15+08:00,2020-02-15T18:59:17+08:00,True,3.0,557.0,1824.0,116.418347,39.99297,116.414647,39.995006
nearest_baseline,nearest_baseline_w001323,6000000000000008261,42,Super Stacker,2020-02-15T18:34:12+08:00,2020-02-15T19:25:12+08:00,2020-02-15T19:11:35+08:00,True,3.0,695.0,2394.0,116.414293,39.992039,116.415597,39.998186
nearest_baseline,nearest_baseline_w001366,6000000000000007961,42,Super Stacker,2020-02-15T19:12:34+08:00,2020-02-15T19:48:34+08:00,2020-02-15T19:31:38+08:00,True,3.0,698.0,2410.0,116.417071,40.001143,116.421967,39.996306
nearest_baseline,nearest_baseline_w000008,6000000000000000386,43,Super Stacker,2020-02-15T08:09:24+08:00,2020-02-15T11:09:24+08:00,2020-02-15T08:31:46+08:00,True,6.0,1906.0,7442.0,116.435008,39.965337,116.435947,39.943836
nearest_baseline,nearest_baseline_w000037,6000000000000000246,43,Super Stacker,2020-02-15T08:38:26+08:00,2020-02-15T09:24:26+08:00,2020-02-15T08:50:49+08:00,True,3.0,649.0,2203.0,116.435,39.95137,116.438977,39.954046
nearest_baseline,nearest_baseline_w000078,6000000000000000565,43,Super Stacker,2020-02-15T09:02:45+08:00,2020-02-15T09:53:45+08:00,2020-02-15T09:31:58+08:00,True,6.0,1318.0,4993.0,116.439968,39.965399,116.428737,39.946466
nearest_baseline,nearest_baseline_w000129,6000000000000000412,43,Super Stacker,2020-02-15T09:44:54+08:00,2020-02-15T10:56:54+08:00,2020-02-15T10:04:18+08:00,True,6.0,1458.0,5575.0,116.436209,39.942536,116.430127,39.926306
nearest_baseline,nearest_baseline_w000171,6000000000000000498,43,Super Stacker,2020-02-15T10:11:21+08:00,2020-02-15T10:49:21+08:00,2020-02-15T10:17:49+08:00,True,3.0,469.0,1452.0,116.429947,39.924626,116.432227,39.922166
nearest_baseline,nearest_baseline_w000197,6000000000000000970,43,Super Stacker,2020-02-15T10:19:55+08:00,2020-02-15T10:58:55+08:00,2020-02-15T10:27:26+08:00,True,3.0,446.0,1358.0,116.430391,39.921703,116.428897,39.926156
nearest_baseline,nearest_baseline_w000227,6000000000000000549,43,Super Stacker,2020-02-15T10:06:25+08:00,2020-02-15T10:52:25+08:00,2020-02-15T10:49:28+08:00,True,6.0,1168.0,4365.0,116.416098,39.919745,116.432207,39.924816
nearest_baseline,nearest_baseline_w000273,6000000000000000707,43,Super Stacker,2020-02-15T10:35:44+08:00,2020-02-15T11:14:44+08:00,2020-02-15T11:10:57+08:00,True,6.0,1257.0,4737.0,116.449076,39.926952,116.433317,39.928636
nearest_baseline,nearest_baseline_w000329,6000000000000001160,43,Super Stacker,2020-02-15T10:55:46+08:00,2020-02-15T11:31:46+08:00,2020-02-15T11:36:34+08:00,False,6.0,994.0,3642.0,116.426847,39.931434,116.442257,39.927856
nearest_baseline,nearest_baseline_w000377,6000000000000001693,43,Super Stacker,2020-02-15T11:26:24+08:00,2020-02-15T11:56:24+08:00,2020-02-15T11:48:43+08:00,True,3.0,523.0,1679.0,116.445491,39.925536,116.450627,39.929946
nearest_baseline,nearest_baseline_w000401,6000000000000002349,43,Super Stacker,2020-02-15T11:26:46+08:00,2020-02-15T11:59:46+08:00,2020-02-15T12:09:42+08:00,False,6.0,1182.0,4426.0,116.449397,39.931966,116.461847,39.931676
nearest_baseline,nearest_baseline_w000468,6000000000000003181,43,Super Stacker,2020-02-15T11:58:12+08:00,2020-02-15T12:31:12+08:00,2020-02-15T12:29:21+08:00,True,6.0,1161.0,4336.0,116.446389,39.92748,116.439437,39.939576
nearest_baseline,nearest_baseline_w000515,6000000000000002851,43,Super Stacker,2020-02-15T12:01:06+08:00,2020-02-15T13:01:06+08:00,2020-02-15T12:46:39+08:00,True,6.0,999.0,3661.0,116.428822,39.933108,116.447217,39.932106
nearest_baseline,nearest_baseline_w000551,6000000000000003382,43,Super Stacker,2020-02-15T12:37:19+08:00,2020-02-15T13:08:19+08:00,2020-02-15T12:59:37+08:00,True,3.0,577.0,1904.0,116.452905,39.933382,116.461597,39.929416
nearest_baseline,nearest_baseline_w000576,6000000000000003510,43,Super Stacker,2020-02-15T12:53:26+08:00,2020-02-15T13:32:26+08:00,2020-02-15T13:14:52+08:00,True,3.0,892.0,3214.0,116.467341,39.931301,116.459637,39.934236
nearest_baseline,nearest_baseline_w000634,6000000000000003810,43,Super Stacker,2020-02-15T13:08:39+08:00,2020-02-15T13:38:39+08:00,2020-02-15T13:35:56+08:00,True,3.0,956.0,3483.0,116.445189,39.930803,116.449777,39.927776
nearest_baseline,nearest_baseline_w000670,6000000000000004041,43,Super Stacker,2020-02-15T13:22:09+08:00,2020-02-15T13:58:09+08:00,2020-02-15T13:53:33+08:00,True,3.0,813.0,2888.0,116.440718,39.923396,116.433187,39.928676
nearest_baseline,nearest_baseline_w000704,6000000000000004303,43,Super Stacker,2020-02-15T13:39:50+08:00,2020-02-15T14:11:50+08:00,2020-02-15T14:10:42+08:00,True,3.0,642.0,2177.0,116.43029,39.92901,116.426437,39.933406
nearest_baseline,nearest_baseline_w000754,6000000000000005022,43,Super Stacker,2020-02-15T14:08:57+08:00,2020-02-15T14:40:57+08:00,2020-02-15T14:32:51+08:00,True,3.0,771.0,2712.0,116.425407,39.939376,116.436857,39.939866
nearest_baseline,nearest_baseline_w000787,6000000000000004563,43,Super Stacker,2020-02-15T14:16:59+08:00,2020-02-15T15:04:59+08:00,2020-02-15T14:53:45+08:00,True,6.0,825.0,2937.0,116.438931,39.940015,116.450587,39.929916
nearest_baseline,nearest_baseline_w000838,6000000000000004931,43,Super Stacker,2020-02-15T14:30:03+08:00,2020-02-15T15:04:03+08:00,2020-02-15T15:15:42+08:00,False,6.0,942.0,3424.0,116.444766,39.935907,116.437867,39.925346
nearest_baseline,nearest_baseline_w000870,6000000000000005137,43,Super Stacker,2020-02-15T14:56:18+08:00,2020-02-15T15:37:18+08:00,2020-02-15T15:28:06+08:00,True,3.0,486.0,1524.0,116.432158,39.922058,116.434317,39.919896
nearest_baseline,nearest_baseline_w000889,6000000000000005624,43,Super Stacker,2020-02-15T15:11:24+08:00,2020-02-15T15:47:24+08:00,2020-02-15T15:37:19+08:00,True,3.0,439.0,1330.0,116.43957,39.918589,116.438897,39.918616
nearest_baseline,nearest_baseline_w000915,6000000000000005567,43,Super Stacker,2020-02-15T15:16:39+08:00,2020-02-15T15:59:39+08:00,2020-02-15T16:00:14+08:00,False,6.0,1214.0,4557.0,116.426757,39.917019,116.431717,39.938866
nearest_baseline,nearest_baseline_w000974,6000000000000005812,43,Super Stacker,2020-02-15T15:43:29+08:00,2020-02-15T16:21:29+08:00,2020-02-15T16:25:39+08:00,False,3.0,939.0,3414.0,116.44319,39.931863,116.439337,39.936006
nearest_baseline,nearest_baseline_w001011,6000000000000006186,43,Super Stacker,2020-02-15T16:14:50+08:00,2020-02-15T16:47:50+08:00,2020-02-15T16:46:15+08:00,True,6.0,975.0,3563.0,116.445189,39.930803,116.425187,39.934656
nearest_baseline,nearest_baseline_w001039,6000000000000006144,43,Super Stacker,2020-02-15T16:30:40+08:00,2020-02-15T17:06:40+08:00,2020-02-15T17:01:44+08:00,True,6.0,704.0,2432.0,116.426847,39.931434,116.418417,39.923106
nearest_baseline,nearest_baseline_w001086,6000000000000006640,43,Super Stacker,2020-02-15T17:02:14+08:00,2020-02-15T17:37:14+08:00,2020-02-15T17:21:16+08:00,True,3.0,676.0,2316.0,116.408861,39.923743,116.409177,39.921826
nearest_baseline,nearest_baseline_w001121,6000000000000006365,43,Super Stacker,2020-02-15T17:10:32+08:00,2020-02-15T17:46:32+08:00,2020-02-15T17:38:12+08:00,True,3.0,492.0,1553.0,116.408009,39.919439,116.405837,39.913166
nearest_baseline,nearest_baseline_w001148,6000000000000006872,43,Super Stacker,2020-02-15T17:19:12+08:00,2020-02-15T18:01:12+08:00,2020-02-15T17:57:44+08:00,True,3.0,1064.0,3934.0,116.41228,39.914438,116.419107,39.913356
nearest_baseline,nearest_baseline_w001240,6000000000000007661,43,Super Stacker,2020-02-15T17:51:42+08:00,2020-02-15T18:32:42+08:00,2020-02-15T18:30:13+08:00,True,3.0,613.0,2054.0,116.420423,39.908534,116.410767,39.905696
nearest_baseline,nearest_baseline_w001280,6000000000000007843,43,Super Stacker,2020-02-15T18:23:30+08:00,2020-02-15T19:32:30+08:00,2020-02-15T18:55:23+08:00,True,6.0,923.0,3346.0,116.409333,39.908506,116.424687,39.903686
nearest_baseline,nearest_baseline_w001332,6000000000000008047,43,Super Stacker,2020-02-15T18:51:25+08:00,2020-02-15T19:27:25+08:00,2020-02-15T19:15:21+08:00,True,6.0,921.0,3336.0,116.418073,39.899341,116.410517,39.909876
nearest_baseline,nearest_baseline_w001380,6000000000000009082,43,Super Stacker,2020-02-15T19:24:44+08:00,2020-02-15T19:59:44+08:00,2020-02-15T19:31:44+08:00,True,3.0,704.0,2430.0,116.406976,39.896606,116.404507,39.895236
nearest_baseline,nearest_baseline_w001412,6000000000000009089,43,Super Stacker,2020-02-15T19:49:45+08:00,2020-02-15T20:43:45+08:00,2020-02-15T19:46:45+08:00,True,3.0,405.0,1189.0,116.403805,39.898633,116.409617,39.896586
nearest_baseline,nearest_baseline_w001438,6000000000000008933,43,Super Stacker,2020-02-15T19:50:24+08:00,2020-02-15T20:34:24+08:00,2020-02-15T20:07:29+08:00,True,6.0,1049.0,3869.0,116.402427,39.899183,116.420917,39.888026
nearest_baseline,nearest_baseline_w000075,6000000000000000575,44,Super Stacker,2020-02-15T09:17:19+08:00,2020-02-15T10:10:19+08:00,2020-02-15T09:36:11+08:00,True,6.0,1571.0,6044.0,116.35823200000002,39.834056,116.363037,39.813226
nearest_baseline,nearest_baseline_w000919,6000000000000005713,44,Super Stacker,2020-02-15T15:47:22+08:00,2020-02-15T16:28:22+08:00,2020-02-15T15:54:23+08:00,True,3.0,863.0,3092.0,116.357464,39.800955,116.357097,39.805356
nearest_baseline,nearest_baseline_w000946,6000000000000005389,44,Super Stacker,2020-02-15T15:46:06+08:00,2020-02-15T16:34:06+08:00,2020-02-15T16:19:27+08:00,True,6.0,1167.0,4362.0,116.357464,39.800955,116.349327,39.808236
nearest_baseline,nearest_baseline_w000988,6000000000000005846,44,Super Stacker,2020-02-15T16:26:12+08:00,2020-02-15T17:31:12+08:00,2020-02-15T16:44:05+08:00,True,10.0,1445.0,5523.0,116.358323,39.812614,116.326047,39.823506
nearest_baseline,nearest_baseline_w001254,6000000000000007624,44,Super Stacker,2020-02-15T18:22:44+08:00,2020-02-15T19:11:44+08:00,2020-02-15T18:40:09+08:00,True,3.0,1209.0,4540.0,116.309384,39.835211,116.313117,39.838726
nearest_baseline,nearest_baseline_w001315,6000000000000007786,44,Super Stacker,2020-02-15T18:51:00+08:00,2020-02-15T19:47:00+08:00,2020-02-15T19:16:32+08:00,True,6.0,1592.0,6134.0,116.323787,39.848884,116.333507,39.868966
nearest_baseline,nearest_baseline_w001378,6000000000000008915,44,Super Stacker,2020-02-15T19:26:45+08:00,2020-02-15T20:05:45+08:00,2020-02-15T19:35:29+08:00,True,6.0,929.0,3372.0,116.343601,39.877731,116.343207,39.887506
nearest_baseline,nearest_baseline_w001413,6000000000000008846,44,Super Stacker,2020-02-15T19:30:13+08:00,2020-02-15T20:07:13+08:00,2020-02-15T19:59:42+08:00,True,6.0,1182.0,4426.0,116.348251,39.888003,116.367087,39.874546
nearest_baseline,nearest_baseline_w001459,6000000000000008934,44,Super Stacker,2020-02-15T19:50:36+08:00,2020-02-15T20:23:36+08:00,2020-02-15T20:09:15+08:00,True,3.0,555.0,1814.0,116.358759,39.865741,116.357577,39.865516
nearest_baseline,nearest_baseline_w000001,6000000000000000177,45,Super Stacker,2020-02-15T08:01:41+08:00,2020-02-15T10:15:00+08:00,2020-02-15T08:19:57+08:00,True,6.0,1197.0,4485.0,116.408074,39.961742,116.377907,39.964606
nearest_baseline,nearest_baseline_w000026,6000000000000000439,45,Super Stacker,2020-02-15T08:39:38+08:00,2020-02-15T10:45:00+08:00,2020-02-15T08:36:04+08:00,True,3.0,364.0,1015.0,116.377946,39.960927,116.379477,39.961296
nearest_baseline,nearest_baseline_w000038,6000000000000000222,45,Super Stacker,2020-02-15T08:41:12+08:00,2020-02-15T11:15:00+08:00,2020-02-15T09:08:54+08:00,True,10.0,1734.0,6724.0,116.391958,39.966242,116.429327,39.959616
nearest_baseline,nearest_baseline_w000074,6000000000000000466,45,Super Stacker,2020-02-15T09:11:50+08:00,2020-02-15T12:11:50+08:00,2020-02-15T09:18:29+08:00,True,3.0,509.0,1620.0,116.435008,39.965337,116.435707,39.966216
nearest_baseline,nearest_baseline_w000090,6000000000000000578,45,Super Stacker,2020-02-15T09:24:37+08:00,2020-02-15T11:30:00+08:00,2020-02-15T09:32:59+08:00,True,3.0,779.0,2749.0,116.439968,39.965399,116.431027,39.964556
nearest_baseline,nearest_baseline_w000131,6000000000000000272,45,Super Stacker,2020-02-15T09:48:59+08:00,2020-02-15T10:28:59+08:00,2020-02-15T09:58:52+08:00,True,3.0,1132.0,4216.0,116.437347,39.970847,116.447247,39.968456
nearest_baseline,nearest_baseline_w000158,6000000000000000529,45,Super Stacker,2020-02-15T09:41:52+08:00,2020-02-15T10:11:52+08:00,2020-02-15T10:10:55+08:00,True,3.0,655.0,2229.0,116.441987,39.970776,116.434007,39.970166
nearest_baseline,nearest_baseline_w000203,6000000000000000905,45,Super Stacker,2020-02-15T10:27:39+08:00,2020-02-15T11:17:39+08:00,2020-02-15T10:37:20+08:00,True,3.0,1040.0,3833.0,116.429473,39.960532,116.428177,39.968636
nearest_baseline,nearest_baseline_w000244,6000000000000001119,45,Super Stacker,2020-02-15T10:37:53+08:00,2020-02-15T11:16:53+08:00,2020-02-15T10:56:49+08:00,True,3.0,1009.0,3703.0,116.428297,39.96149,116.432577,39.968056
nearest_baseline,nearest_baseline_w000293,6000000000000001840,45,Super Stacker,2020-02-15T11:04:31+08:00,2020-02-15T11:43:31+08:00,2020-02-15T11:16:23+08:00,True,6.0,983.0,3595.0,116.438418,39.957777,116.444407,39.966366
nearest_baseline,nearest_baseline_w000330,6000000000000001856,45,Super Stacker,2020-02-15T11:09:33+08:00,2020-02-15T12:01:33+08:00,2020-02-15T11:40:06+08:00,True,6.0,1206.0,4522.0,116.451825,39.966849,116.425667,39.966396
nearest_baseline,nearest_baseline_w000417,6000000000000002214,45,Super Stacker,2020-02-15T11:34:14+08:00,2020-02-15T12:27:14+08:00,2020-02-15T12:08:57+08:00,True,6.0,1137.0,4236.0,116.437575,39.970377,116.423397,39.966306
nearest_baseline,nearest_baseline_w000459,6000000000000003194,45,Super Stacker,2020-02-15T12:03:20+08:00,2020-02-15T12:37:20+08:00,2020-02-15T12:21:38+08:00,True,3.0,698.0,2410.0,116.415245,39.969154,116.408787,39.966516
nearest_baseline,nearest_baseline_w000508,6000000000000002862,45,Super Stacker,2020-02-15T12:05:39+08:00,2020-02-15T12:47:39+08:00,2020-02-15T12:47:48+08:00,False,6.0,1068.0,3952.0,116.407537,39.960876,116.385747,39.964636
nearest_baseline,nearest_baseline_w000555,6000000000000003363,45,Super Stacker,2020-02-15T12:28:52+08:00,2020-02-15T13:21:52+08:00,2020-02-15T13:07:41+08:00,True,6.0,1061.0,3920.0,116.377997,39.962196,116.381687,39.972316
nearest_baseline,nearest_baseline_w000607,6000000000000003863,45,Super Stacker,2020-02-15T12:41:10+08:00,2020-02-15T13:14:10+08:00,2020-02-15T13:19:41+08:00,False,3.0,581.0,1920.0,116.370471,39.975366,116.36597700000002,39.976926
nearest_baseline,nearest_baseline_w000621,6000000000000004329,45,Super Stacker,2020-02-15T13:12:09+08:00,2020-02-15T13:54:09+08:00,2020-02-15T13:33:51+08:00,True,6.0,831.0,2963.0,116.360129,39.977534,116.348497,39.985216
nearest_baseline,nearest_baseline_w000663,6000000000000004587,45,Super Stacker,2020-02-15T13:37:28+08:00,2020-02-15T14:07:28+08:00,2020-02-15T13:50:35+08:00,True,3.0,635.0,2144.0,116.349338,39.980475,116.349357,39.985376
nearest_baseline,nearest_baseline_w000736,6000000000000004792,45,Super Stacker,2020-02-15T14:00:59+08:00,2020-02-15T14:30:59+08:00,2020-02-15T14:21:31+08:00,True,3.0,691.0,2377.0,116.345236,39.98082,116.337827,39.986896
nearest_baseline,nearest_baseline_w000778,6000000000000005090,45,Super Stacker,2020-02-15T14:11:01+08:00,2020-02-15T14:56:01+08:00,2020-02-15T14:49:42+08:00,True,6.0,1182.0,4425.0,116.329132,39.991111,116.340517,40.002086
nearest_baseline,nearest_baseline_w000815,6000000000000005039,45,Super Stacker,2020-02-15T14:25:44+08:00,2020-02-15T15:06:44+08:00,2020-02-15T15:02:07+08:00,True,6.0,727.0,2528.0,116.343574,40.008209,116.344057,39.998816
nearest_baseline,nearest_baseline_w000848,6000000000000005421,45,Super Stacker,2020-02-15T15:12:14+08:00,2020-02-15T15:49:14+08:00,2020-02-15T15:23:26+08:00,True,6.0,806.0,2857.0,116.342057,40.000316,116.341747,40.010386
nearest_baseline,nearest_baseline_w000892,6000000000000005559,45,Super Stacker,2020-02-15T15:03:38+08:00,2020-02-15T15:45:38+08:00,2020-02-15T15:39:56+08:00,True,3.0,596.0,1982.0,116.338389,40.006062,116.339687,40.000116
nearest_baseline,nearest_baseline_w000970,6000000000000005729,45,Super Stacker,2020-02-15T16:16:23+08:00,2020-02-15T17:00:23+08:00,2020-02-15T16:24:11+08:00,True,3.0,851.0,3047.0,116.332098,40.006788,116.340197,40.000756
nearest_baseline,nearest_baseline_w001014,6000000000000006327,45,Super Stacker,2020-02-15T16:27:08+08:00,2020-02-15T17:16:08+08:00,2020-02-15T16:56:42+08:00,True,6.0,1602.0,6177.0,116.332098,40.006788,116.358487,39.993796
nearest_baseline,nearest_baseline_w001069,6000000000000006606,45,Super Stacker,2020-02-15T17:09:43+08:00,2020-02-15T17:57:43+08:00,2020-02-15T17:25:56+08:00,True,6.0,1556.0,5985.0,116.34191,40.00041,116.359757,40.013066
nearest_baseline,nearest_baseline_w001137,6000000000000006891,45,Super Stacker,2020-02-15T17:27:49+08:00,2020-02-15T18:12:49+08:00,2020-02-15T17:55:06+08:00,True,10.0,1506.0,5775.0,116.365528,40.003828,116.404577,40.007356
nearest_baseline,nearest_baseline_w001199,6000000000000007590,45,Super Stacker,2020-02-15T17:51:45+08:00,2020-02-15T18:31:45+08:00,2020-02-15T18:08:45+08:00,True,3.0,525.0,1686.0,116.395221,40.004674,116.395127,40.002346
nearest_baseline,nearest_baseline_w001225,6000000000000007037,45,Super Stacker,2020-02-15T17:58:56+08:00,2020-02-15T18:40:56+08:00,2020-02-15T18:29:28+08:00,True,6.0,1168.0,4367.0,116.383701,39.999083,116.364877,39.996726
nearest_baseline,nearest_baseline_w001276,6000000000000007600,45,Super Stacker,2020-02-15T18:00:13+08:00,2020-02-15T18:42:13+08:00,2020-02-15T18:51:59+08:00,False,6.0,1319.0,4996.0,116.383701,39.999083,116.404607,40.001066
nearest_baseline,nearest_baseline_w001318,6000000000000008438,45,Super Stacker,2020-02-15T18:46:01+08:00,2020-02-15T19:28:01+08:00,2020-02-15T19:05:43+08:00,True,3.0,343.0,928.0,116.402468,40.001305,116.403327,39.997396
nearest_baseline,nearest_baseline_w001347,6000000000000007874,45,Super Stacker,2020-02-15T18:43:25+08:00,2020-02-15T19:32:25+08:00,2020-02-15T19:21:44+08:00,True,3.0,704.0,2432.0,116.40213,39.995743,116.401937,39.993596
nearest_baseline,nearest_baseline_w001399,6000000000000008143,45,Super Stacker,2020-02-15T19:18:43+08:00,2020-02-15T20:10:43+08:00,2020-02-15T19:49:58+08:00,True,6.0,1198.0,4491.0,116.414293,39.992039,116.426037,39.979016
nearest_baseline,nearest_baseline_w001443,6000000000000008658,45,Super Stacker,2020-02-15T19:57:47+08:00,2020-02-15T20:27:47+08:00,2020-02-15T20:04:02+08:00,True,3.0,842.0,3009.0,116.44227,39.970839,116.440087,39.972676
nearest_baseline,nearest_baseline_w000146,6000000000000000678,46,Dinner-Peak Core,2020-02-15T09:54:26+08:00,2020-02-15T10:24:27+08:00,2020-02-15T09:57:34+08:00,True,3.0,454.0,1392.0,116.471426,39.910719,116.469717,39.908576
nearest_baseline,nearest_baseline_w000155,6000000000000000807,46,Dinner-Peak Core,2020-02-15T09:47:55+08:00,2020-02-15T10:34:55+08:00,2020-02-15T10:09:08+08:00,True,3.0,548.0,1784.0,116.469762,39.908475,116.463117,39.914556
nearest_baseline,nearest_baseline_w000172,6000000000000000697,46,Dinner-Peak Core,2020-02-15T10:18:47+08:00,2020-02-15T10:48:47+08:00,2020-02-15T10:18:39+08:00,True,3.0,519.0,1665.0,116.46676,39.911872,116.463687,39.909906
nearest_baseline,nearest_baseline_w000201,6000000000000001264,46,Dinner-Peak Core,2020-02-15T10:22:15+08:00,2020-02-15T10:52:15+08:00,2020-02-15T10:31:36+08:00,True,3.0,696.0,2403.0,116.46676,39.911872,116.464387,39.913436
nearest_baseline,nearest_baseline_w000237,6000000000000000840,46,Dinner-Peak Core,2020-02-15T10:28:58+08:00,2020-02-15T11:15:00+08:00,2020-02-15T10:54:45+08:00,True,6.0,885.0,3185.0,116.463146,39.909585,116.460307,39.897036
nearest_baseline,nearest_baseline_w000285,6000000000000001404,46,Dinner-Peak Core,2020-02-15T10:49:11+08:00,2020-02-15T11:22:11+08:00,2020-02-15T11:11:59+08:00,True,3.0,719.0,2494.0,116.458552,39.890743,116.450487,39.892816
nearest_baseline,nearest_baseline_w000333,6000000000000001838,46,Dinner-Peak Core,2020-02-15T11:04:28+08:00,2020-02-15T11:38:28+08:00,2020-02-15T11:28:19+08:00,True,3.0,499.0,1579.0,116.458827,39.890986,116.455897,39.888326
nearest_baseline,nearest_baseline_w000351,6000000000000001626,46,Dinner-Peak Core,2020-02-15T11:00:49+08:00,2020-02-15T11:46:49+08:00,2020-02-15T11:39:46+08:00,True,3.0,586.0,1943.0,116.452138,39.888071,116.447297,39.882446
nearest_baseline,nearest_baseline_w000378,6000000000000001323,46,Dinner-Peak Core,2020-02-15T11:16:58+08:00,2020-02-15T11:59:58+08:00,2020-02-15T11:58:19+08:00,True,6.0,1099.0,4078.0,116.451929,39.884293,116.438377,39.879626
nearest_baseline,nearest_baseline_w000438,6000000000000002902,46,Dinner-Peak Core,2020-02-15T11:39:11+08:00,2020-02-15T12:14:11+08:00,2020-02-15T12:15:09+08:00,False,3.0,909.0,3287.0,116.446276,39.879354,116.441297,39.871506
nearest_baseline,nearest_baseline_w000511,6000000000000002857,46,Dinner-Peak Core,2020-02-15T12:05:05+08:00,2020-02-15T12:58:05+08:00,2020-02-15T12:49:22+08:00,True,6.0,1162.0,4341.0,116.452396,39.873208,116.442767,39.884056
nearest_baseline,nearest_baseline_w000586,6000000000000003521,46,Dinner-Peak Core,2020-02-15T13:00:33+08:00,2020-02-15T13:35:33+08:00,2020-02-15T13:07:21+08:00,True,3.0,441.0,1338.0,116.452081,39.883094,116.455047,39.881386
nearest_baseline,nearest_baseline_w000606,6000000000000003391,46,Dinner-Peak Core,2020-02-15T12:41:58+08:00,2020-02-15T13:16:58+08:00,2020-02-15T13:19:04+08:00,False,3.0,544.0,1765.0,116.459109,39.889916,116.454927,39.888486
nearest_baseline,nearest_baseline_w000616,6000000000000003516,46,Dinner-Peak Core,2020-02-15T12:58:13+08:00,2020-02-15T13:30:13+08:00,2020-02-15T13:26:55+08:00,True,3.0,415.0,1229.0,116.455139,39.890607,116.450767,39.893786
nearest_baseline,nearest_baseline_w000639,6000000000000004244,46,Dinner-Peak Core,2020-02-15T13:05:57+08:00,2020-02-15T13:35:57+08:00,2020-02-15T13:37:32+08:00,False,3.0,452.0,1383.0,116.45099,39.894333,116.458467,39.895996
nearest_baseline,nearest_baseline_w000665,6000000000000004349,46,Dinner-Peak Core,2020-02-15T13:22:47+08:00,2020-02-15T13:52:48+08:00,2020-02-15T13:56:59+08:00,False,6.0,1019.0,3745.0,116.45099,39.894333,116.454257,39.884266
nearest_baseline,nearest_baseline_w000706,6000000000000004459,46,Dinner-Peak Core,2020-02-15T13:48:18+08:00,2020-02-15T14:30:18+08:00,2020-02-15T14:13:22+08:00,True,3.0,802.0,2841.0,116.450921,39.883848,116.443957,39.889446
nearest_baseline,nearest_baseline_w000751,6000000000000005023,46,Dinner-Peak Core,2020-02-15T14:08:59+08:00,2020-02-15T14:38:59+08:00,2020-02-15T14:31:28+08:00,True,3.0,688.0,2366.0,116.450157,39.892116,116.446887,39.896936
nearest_baseline,nearest_baseline_w000791,6000000000000004919,46,Dinner-Peak Core,2020-02-15T14:20:03+08:00,2020-02-15T14:50:03+08:00,2020-02-15T14:53:17+08:00,False,3.0,797.0,2820.0,116.45099,39.894333,116.462417,39.895476
nearest_baseline,nearest_baseline_w000839,6000000000000005140,46,Dinner-Peak Core,2020-02-15T15:00:19+08:00,2020-02-15T15:30:19+08:00,2020-02-15T15:16:43+08:00,True,6.0,1003.0,3680.0,116.452933,39.893163,116.452267,39.881406
nearest_baseline,nearest_baseline_w000873,6000000000000005671,46,Dinner-Peak Core,2020-02-15T15:05:15+08:00,2020-02-15T15:44:15+08:00,2020-02-15T15:28:18+08:00,True,3.0,498.0,1576.0,116.452396,39.873208,116.449607,39.872606
nearest_baseline,nearest_baseline_w000891,6000000000000005585,46,Dinner-Peak Core,2020-02-15T15:34:44+08:00,2020-02-15T16:14:44+08:00,2020-02-15T15:43:22+08:00,True,6.0,802.0,2840.0,116.454818,39.874982,116.465077,39.868756
nearest_baseline,nearest_baseline_w000934,6000000000000006249,46,Dinner-Peak Core,2020-02-15T15:47:49+08:00,2020-02-15T18:47:49+08:00,2020-02-15T16:01:41+08:00,True,3.0,701.0,2422.0,116.45857,39.874193,116.463677,39.869756
nearest_baseline,nearest_baseline_w000963,6000000000000006136,46,Dinner-Peak Core,2020-02-15T15:56:46+08:00,2020-02-15T18:56:46+08:00,2020-02-15T16:19:11+08:00,True,3.0,551.0,1797.0,116.45857,39.874193,116.458827,39.871656
nearest_baseline,nearest_baseline_w000983,6000000000000005828,46,Dinner-Peak Core,2020-02-15T16:06:44+08:00,2020-02-15T16:41:44+08:00,2020-02-15T16:28:27+08:00,True,3.0,507.0,1611.0,116.454818,39.874982,116.456447,39.874666
nearest_baseline,nearest_baseline_w000999,6000000000000005754,46,Dinner-Peak Core,2020-02-15T16:03:02+08:00,2020-02-15T16:44:02+08:00,2020-02-15T16:40:08+08:00,True,3.0,608.0,2034.0,116.454818,39.874982,116.462297,39.870776
nearest_baseline,nearest_baseline_w001047,6000000000000006285,46,Dinner-Peak Core,2020-02-15T16:42:06+08:00,2020-02-15T17:38:06+08:00,2020-02-15T17:08:26+08:00,True,6.0,1106.0,4108.0,116.454976,39.875258,116.462337,39.858666
nearest_baseline,nearest_baseline_w001091,6000000000000006315,46,Dinner-Peak Core,2020-02-15T17:03:17+08:00,2020-02-15T17:50:17+08:00,2020-02-15T17:27:46+08:00,True,6.0,1066.0,3944.0,116.452565,39.865042,116.440647,39.874336
nearest_baseline,nearest_baseline_w001136,6000000000000006850,46,Dinner-Peak Core,2020-02-15T17:05:15+08:00,2020-02-15T17:40:15+08:00,2020-02-15T17:46:20+08:00,False,3.0,980.0,3586.0,116.453648,39.875413,116.458007,39.872586
nearest_baseline,nearest_baseline_w001164,6000000000000007164,46,Dinner-Peak Core,2020-02-15T17:25:29+08:00,2020-02-15T18:13:29+08:00,2020-02-15T18:05:47+08:00,True,6.0,947.0,3446.0,116.460902,39.873657,116.467007,39.889046
nearest_baseline,nearest_baseline_w001214,6000000000000007567,46,Dinner-Peak Core,2020-02-15T17:45:38+08:00,2020-02-15T18:32:38+08:00,2020-02-15T18:21:47+08:00,True,3.0,707.0,2448.0,116.470252,39.892783,116.462417,39.895476
nearest_baseline,nearest_baseline_w001259,6000000000000007709,46,Dinner-Peak Core,2020-02-15T18:15:05+08:00,2020-02-15T18:58:05+08:00,2020-02-15T18:48:33+08:00,True,6.0,1113.0,4139.0,116.46397100000002,39.893281,116.450357,39.884486
nearest_baseline,nearest_baseline_w001310,6000000000000008320,46,Dinner-Peak Core,2020-02-15T18:24:38+08:00,2020-02-15T19:22:38+08:00,2020-02-15T19:04:33+08:00,True,6.0,873.0,3139.0,116.454025,39.890254,116.464707,39.885026
nearest_baseline,nearest_baseline_w001346,6000000000000008200,46,Dinner-Peak Core,2020-02-15T18:49:55+08:00,2020-02-15T19:39:55+08:00,2020-02-15T19:23:18+08:00,True,6.0,798.0,2824.0,116.463028,39.884003,116.446657,39.880306
nearest_baseline,nearest_baseline_w001389,6000000000000008461,46,Dinner-Peak Core,2020-02-15T19:01:32+08:00,2020-02-15T19:41:32+08:00,2020-02-15T19:37:30+08:00,True,3.0,450.0,1374.0,116.45011,39.880896,116.446647,39.878976
nearest_baseline,nearest_baseline_w001425,6000000000000008907,46,Dinner-Peak Core,2020-02-15T19:21:56+08:00,2020-02-15T19:56:56+08:00,2020-02-15T19:59:18+08:00,False,6.0,1158.0,4325.0,116.45922600000002,39.890149,116.469657,39.880206
nearest_baseline,nearest_baseline_w001452,6000000000000008590,46,Dinner-Peak Core,2020-02-15T19:38:46+08:00,2020-02-15T20:19:46+08:00,2020-02-15T20:22:35+08:00,False,6.0,1355.0,5146.0,116.460707,39.883136,116.478497,39.892926
nearest_baseline,nearest_baseline_w000021,6000000000000000612,47,Dinner-Peak Core,2020-02-15T08:23:01+08:00,2020-02-15T19:45:00+08:00,2020-02-15T08:45:58+08:00,True,6.0,1558.0,5994.0,116.132985,39.730869,116.162457,39.721366
nearest_baseline,nearest_baseline_w000099,6000000000000000457,47,Dinner-Peak Core,2020-02-15T09:29:57+08:00,2020-02-15T10:46:57+08:00,2020-02-15T09:32:51+08:00,True,3.0,771.0,2713.0,116.14645,39.721946,116.149457,39.721046
nearest_baseline,nearest_baseline_w000195,6000000000000001357,47,Dinner-Peak Core,2020-02-15T10:12:42+08:00,2020-02-15T12:30:00+08:00,2020-02-15T10:27:38+08:00,True,6.0,1058.0,3911.0,116.170913,39.721049,116.184057,39.715116
nearest_baseline,nearest_baseline_w000323,6000000000000001951,47,Dinner-Peak Core,2020-02-15T11:12:13+08:00,2020-02-15T11:50:13+08:00,2020-02-15T11:26:12+08:00,True,3.0,972.0,3551.0,116.163684,39.723408,116.162457,39.721366
nearest_baseline,nearest_baseline_w000346,6000000000000001587,47,Dinner-Peak Core,2020-02-15T11:13:27+08:00,2020-02-15T11:58:27+08:00,2020-02-15T11:42:09+08:00,True,3.0,729.0,2536.0,116.163684,39.723408,116.171747,39.719426
nearest_baseline,nearest_baseline_w000400,6000000000000003165,47,Dinner-Peak Core,2020-02-15T11:45:21+08:00,2020-02-15T14:00:00+08:00,2020-02-15T11:58:57+08:00,True,3.0,537.0,1736.0,116.170913,39.721049,116.182287,39.721456
nearest_baseline,nearest_baseline_w000449,6000000000000002620,47,Dinner-Peak Core,2020-02-15T11:37:19+08:00,2020-02-15T12:10:19+08:00,2020-02-15T12:11:22+08:00,False,3.0,682.0,2339.0,116.163543,39.723752,116.161967,39.724336
nearest_baseline,nearest_baseline_w000477,6000000000000002764,47,Dinner-Peak Core,2020-02-15T12:09:45+08:00,2020-02-15T12:46:45+08:00,2020-02-15T12:34:36+08:00,True,6.0,876.0,3151.0,116.159934,39.721748,116.149637,39.733136
nearest_baseline,nearest_baseline_w000542,6000000000000003632,47,Dinner-Peak Core,2020-02-15T12:47:09+08:00,2020-02-15T13:19:09+08:00,2020-02-15T12:57:57+08:00,True,6.0,1077.0,3986.0,116.159934,39.721748,116.171787,39.719416
nearest_baseline,nearest_baseline_w000608,6000000000000004272,47,Dinner-Peak Core,2020-02-15T13:17:22+08:00,2020-02-15T13:54:22+08:00,2020-02-15T13:28:18+08:00,True,6.0,1098.0,4075.0,116.159934,39.721748,116.181987,39.720206
nearest_baseline,nearest_baseline_w000655,6000000000000004631,47,Dinner-Peak Core,2020-02-15T13:20:38+08:00,2020-02-15T13:50:38+08:00,2020-02-15T13:42:35+08:00,True,3.0,755.0,2647.0,116.159934,39.721748,116.158137,39.721426
nearest_baseline,nearest_baseline_w000690,6000000000000004786,47,Dinner-Peak Core,2020-02-15T13:57:08+08:00,2020-02-15T14:34:08+08:00,2020-02-15T13:57:25+08:00,True,3.0,445.0,1355.0,116.163684,39.723408,116.163947,39.723646
nearest_baseline,nearest_baseline_w000719,6000000000000004735,47,Dinner-Peak Core,2020-02-15T14:01:03+08:00,2020-02-15T15:23:03+08:00,2020-02-15T14:18:16+08:00,True,3.0,1096.0,4065.0,116.14645,39.721946,116.153307,39.729026
nearest_baseline,nearest_baseline_w000756,6000000000000005145,47,Dinner-Peak Core,2020-02-15T14:23:43+08:00,2020-02-15T15:13:43+08:00,2020-02-15T14:38:09+08:00,True,3.0,1089.0,4036.0,116.148157,39.722357,116.142407,39.718536
nearest_baseline,nearest_baseline_w000793,6000000000000005096,47,Dinner-Peak Core,2020-02-15T14:17:26+08:00,2020-02-15T15:39:26+08:00,2020-02-15T14:52:45+08:00,True,3.0,765.0,2689.0,116.14645,39.721946,116.148867,39.720586
nearest_baseline,nearest_baseline_w000996,6000000000000006348,47,Dinner-Peak Core,2020-02-15T16:22:58+08:00,2020-02-15T18:00:00+08:00,2020-02-15T16:44:31+08:00,True,6.0,1471.0,5630.0,116.132985,39.730869,116.108527,39.725726
nearest_baseline,nearest_baseline_w001043,6000000000000006342,47,Dinner-Peak Core,2020-02-15T16:48:15+08:00,2020-02-15T17:37:15+08:00,2020-02-15T17:13:11+08:00,True,6.0,1391.0,5296.0,116.114984,39.72985,116.139007,39.718506
nearest_baseline,nearest_baseline_w001116,6000000000000006566,47,Dinner-Peak Core,2020-02-15T16:51:30+08:00,2020-02-15T17:55:30+08:00,2020-02-15T17:44:11+08:00,True,6.0,1451.0,5544.0,116.125583,39.729588,116.138397,39.720466
nearest_baseline,nearest_baseline_w001182,6000000000000007169,47,Dinner-Peak Core,2020-02-15T17:27:30+08:00,2020-02-15T18:08:31+08:00,2020-02-15T18:04:04+08:00,True,3.0,844.0,3017.0,116.125583,39.729588,116.125957,39.730426
nearest_baseline,nearest_baseline_w001208,6000000000000007470,47,Dinner-Peak Core,2020-02-15T18:04:59+08:00,2020-02-15T19:02:59+08:00,2020-02-15T18:29:18+08:00,True,6.0,1158.0,4326.0,116.126371,39.731273,116.140727,39.750606
nearest_baseline,nearest_baseline_w001273,6000000000000008488,47,Dinner-Peak Core,2020-02-15T18:34:42+08:00,2020-02-15T19:25:42+08:00,2020-02-15T18:46:34+08:00,True,6.0,994.0,3643.0,116.134916,39.740437,116.139007,39.729666
nearest_baseline,nearest_baseline_w001307,6000000000000007753,47,Dinner-Peak Core,2020-02-15T18:26:36+08:00,2020-02-15T19:08:36+08:00,2020-02-15T18:56:21+08:00,True,3.0,381.0,1086.0,116.138374,39.734952,116.139337,39.730786
nearest_baseline,nearest_baseline_w001331,6000000000000008262,47,Dinner-Peak Core,2020-02-15T18:34:32+08:00,2020-02-15T19:18:32+08:00,2020-02-15T19:13:04+08:00,True,3.0,784.0,2770.0,116.131934,39.728898,116.142637,39.729626
nearest_baseline,nearest_baseline_w001379,6000000000000008476,47,Dinner-Peak Core,2020-02-15T19:12:59+08:00,2020-02-15T19:55:59+08:00,2020-02-15T19:38:00+08:00,True,6.0,1080.0,4002.0,116.128707,39.734593,116.133107,39.725316
nearest_baseline,nearest_baseline_w001417,6000000000000008543,47,Dinner-Peak Core,2020-02-15T19:14:51+08:00,2020-02-15T21:00:00+08:00,2020-02-15T19:59:39+08:00,True,6.0,1179.0,4412.0,116.132985,39.730869,116.147337,39.714026
nearest_baseline,nearest_baseline_w000023,6000000000000000288,48,Dinner-Peak Core,2020-02-15T08:27:34+08:00,2020-02-15T10:45:00+08:00,2020-02-15T08:40:39+08:00,True,6.0,1239.0,4663.0,116.323719,39.875486,116.325777,39.892926
nearest_baseline,nearest_baseline_w000068,6000000000000000309,48,Dinner-Peak Core,2020-02-15T09:02:48+08:00,2020-02-15T10:00:48+08:00,2020-02-15T09:16:29+08:00,True,6.0,989.0,3620.0,116.326969,39.905982,116.339037,39.908756
nearest_baseline,nearest_baseline_w000095,6000000000000000450,48,Dinner-Peak Core,2020-02-15T09:11:06+08:00,2020-02-15T09:44:06+08:00,2020-02-15T09:34:03+08:00,True,3.0,843.0,3016.0,116.347635,39.904613,116.339777,39.900796
nearest_baseline,nearest_baseline_w000151,6000000000000001363,48,Dinner-Peak Core,2020-02-15T09:53:21+08:00,2020-02-15T11:00:00+08:00,2020-02-15T10:00:42+08:00,True,3.0,642.0,2175.0,116.353878,39.903315,116.355087,39.899086
nearest_baseline,nearest_baseline_w000186,6000000000000001097,48,Dinner-Peak Core,2020-02-15T10:09:29+08:00,2020-02-15T10:47:29+08:00,2020-02-15T10:27:49+08:00,True,6.0,1069.0,3953.0,116.348517,39.907678,116.368787,39.900896
nearest_baseline,nearest_baseline_w000209,6000000000000000485,48,Dinner-Peak Core,2020-02-15T10:06:44+08:00,2020-02-15T10:38:44+08:00,2020-02-15T10:36:41+08:00,True,3.0,401.0,1172.0,116.368573,39.901199,116.365857,39.897996
nearest_baseline,nearest_baseline_w000240,6000000000000000664,48,Dinner-Peak Core,2020-02-15T10:13:19+08:00,2020-02-15T10:57:19+08:00,2020-02-15T10:53:29+08:00,True,6.0,809.0,2869.0,116.365149,39.892292,116.377447,39.897286
nearest_baseline,nearest_baseline_w000295,6000000000000001277,48,Dinner-Peak Core,2020-02-15T10:39:57+08:00,2020-02-15T11:30:00+08:00,2020-02-15T11:20:10+08:00,True,6.0,1210.0,4542.0,116.390083,39.891142,116.371757,39.899696
nearest_baseline,nearest_baseline_w000350,6000000000000002246,48,Dinner-Peak Core,2020-02-15T11:13:51+08:00,2020-02-15T11:49:51+08:00,2020-02-15T11:42:27+08:00,True,6.0,747.0,2612.0,116.368573,39.901199,116.369687,39.913796
nearest_baseline,nearest_baseline_w000416,6000000000000001894,48,Dinner-Peak Core,2020-02-15T11:27:56+08:00,2020-02-15T12:01:56+08:00,2020-02-15T12:01:03+08:00,True,3.0,663.0,2259.0,116.363316,39.921907,116.359687,39.921076
nearest_baseline,nearest_baseline_w000452,6000000000000002320,48,Dinner-Peak Core,2020-02-15T11:42:42+08:00,2020-02-15T12:19:42+08:00,2020-02-15T12:18:46+08:00,True,3.0,526.0,1690.0,116.363386,39.923254,116.361707,39.928386
nearest_baseline,nearest_baseline_w000486,6000000000000003158,48,Dinner-Peak Core,2020-02-15T11:52:48+08:00,2020-02-15T12:24:48+08:00,2020-02-15T12:29:57+08:00,False,3.0,597.0,1987.0,116.358677,39.935514,116.356937,39.941956
nearest_baseline,nearest_baseline_w000502,6000000000000003215,48,Dinner-Peak Core,2020-02-15T12:11:21+08:00,2020-02-15T12:44:21+08:00,2020-02-15T12:40:56+08:00,True,3.0,656.0,2233.0,116.357474,39.940046,116.351747,39.944176
nearest_baseline,nearest_baseline_w000553,6000000000000003540,48,Dinner-Peak Core,2020-02-15T12:28:04+08:00,2020-02-15T13:19:04+08:00,2020-02-15T13:07:36+08:00,True,6.0,1056.0,3900.0,116.348874,39.949036,116.369557,39.956736
nearest_baseline,nearest_baseline_w000602,6000000000000004063,48,Dinner-Peak Core,2020-02-15T12:48:04+08:00,2020-02-15T13:37:04+08:00,2020-02-15T13:27:48+08:00,True,6.0,1068.0,3951.0,116.359527,39.956762,116.354187,39.946156
nearest_baseline,nearest_baseline_w000644,6000000000000003927,48,Dinner-Peak Core,2020-02-15T13:03:15+08:00,2020-02-15T13:42:15+08:00,2020-02-15T13:48:14+08:00,False,6.0,1094.0,4058.0,116.361123,39.946227,116.360997,39.936596
nearest_baseline,nearest_baseline_w000683,6000000000000004307,48,Dinner-Peak Core,2020-02-15T13:41:07+08:00,2020-02-15T14:14:07+08:00,2020-02-15T13:55:55+08:00,True,3.0,355.0,981.0,116.362749,39.937453,116.357417,39.937676
nearest_baseline,nearest_baseline_w000707,6000000000000004387,48,Dinner-Peak Core,2020-02-15T13:47:07+08:00,2020-02-15T14:36:07+08:00,2020-02-15T14:21:48+08:00,True,6.0,1308.0,4951.0,116.353967,39.938066,116.371757,39.925396
nearest_baseline,nearest_baseline_w000770,6000000000000005156,48,Dinner-Peak Core,2020-02-15T14:37:10+08:00,2020-02-15T15:10:10+08:00,2020-02-15T14:41:43+08:00,True,6.0,703.0,2430.0,116.369461,39.924885,116.363427,39.933056
nearest_baseline,nearest_baseline_w000822,6000000000000005042,48,Dinner-Peak Core,2020-02-15T14:26:28+08:00,2020-02-15T15:06:28+08:00,2020-02-15T15:07:07+08:00,False,6.0,1027.0,3781.0,116.363386,39.923254,116.372447,39.931436
nearest_baseline,nearest_baseline_w000861,6000000000000005261,48,Dinner-Peak Core,2020-02-15T15:04:05+08:00,2020-02-15T15:46:05+08:00,2020-02-15T15:28:01+08:00,True,3.0,1081.0,4005.0,116.361078,39.943279,116.370697,39.943876
nearest_baseline,nearest_baseline_w000897,6000000000000005804,48,Dinner-Peak Core,2020-02-15T15:36:53+08:00,2020-02-15T16:23:53+08:00,2020-02-15T15:44:14+08:00,True,3.0,854.0,3059.0,116.362648,39.942124,116.352527,39.945216
nearest_baseline,nearest_baseline_w000930,6000000000000005456,48,Dinner-Peak Core,2020-02-15T15:49:03+08:00,2020-02-15T16:24:03+08:00,2020-02-15T15:59:12+08:00,True,3.0,552.0,1803.0,116.348874,39.949036,116.344117,39.946716
nearest_baseline,nearest_baseline_w000949,6000000000000005663,48,Dinner-Peak Core,2020-02-15T15:52:04+08:00,2020-02-15T16:27:04+08:00,2020-02-15T16:10:01+08:00,True,3.0,601.0,2003.0,116.345842,39.951344,116.345797,39.955316
nearest_baseline,nearest_baseline_w000981,6000000000000005998,48,Dinner-Peak Core,2020-02-15T16:13:32+08:00,2020-02-15T17:03:32+08:00,2020-02-15T16:32:51+08:00,True,6.0,771.0,2714.0,116.346607,39.951596,116.330197,39.947476
nearest_baseline,nearest_baseline_w001026,6000000000000006020,48,Dinner-Peak Core,2020-02-15T16:34:18+08:00,2020-02-15T17:11:18+08:00,2020-02-15T17:09:29+08:00,True,3.0,1769.0,6870.0,116.339623,39.945505,116.340117,39.937596
nearest_baseline,nearest_baseline_w001081,6000000000000006027,48,Dinner-Peak Core,2020-02-15T16:42:22+08:00,2020-02-15T17:44:22+08:00,2020-02-15T17:25:28+08:00,True,6.0,928.0,3365.0,116.342727,39.940105,116.335557,39.948716
nearest_baseline,nearest_baseline_w001132,6000000000000006237,48,Dinner-Peak Core,2020-02-15T17:00:01+08:00,2020-02-15T17:54:01+08:00,2020-02-15T17:51:00+08:00,True,6.0,1260.0,4750.0,116.346037,39.952086,116.363757,39.963736
nearest_baseline,nearest_baseline_w001220,6000000000000007034,48,Dinner-Peak Core,2020-02-15T17:53:09+08:00,2020-02-15T18:33:09+08:00,2020-02-15T18:21:34+08:00,True,3.0,694.0,2389.0,116.359529,39.956762,116.358937,39.951566
nearest_baseline,nearest_baseline_w001268,6000000000000007141,48,Dinner-Peak Core,2020-02-15T18:11:13+08:00,2020-02-15T18:43:13+08:00,2020-02-15T18:38:44+08:00,True,3.0,524.0,1683.0,116.361207,39.945856,116.354497,39.942026
nearest_baseline,nearest_baseline_w001292,6000000000000007521,48,Dinner-Peak Core,2020-02-15T18:13:12+08:00,2020-02-15T19:04:12+08:00,2020-02-15T18:56:57+08:00,True,6.0,1017.0,3738.0,116.342727,39.940105,116.338087,39.925556
nearest_baseline,nearest_baseline_w001374,6000000000000007950,48,Dinner-Peak Core,2020-02-15T19:01:08+08:00,2020-02-15T19:31:08+08:00,2020-02-15T19:36:45+08:00,False,6.0,1005.0,3688.0,116.347776,39.922938,116.355967,39.915156
nearest_baseline,nearest_baseline_w001409,6000000000000008699,48,Dinner-Peak Core,2020-02-15T19:16:19+08:00,2020-02-15T19:47:19+08:00,2020-02-15T19:46:54+08:00,True,3.0,414.0,1225.0,116.352814,39.915628,116.355257,39.920296
nearest_baseline,nearest_baseline_w001435,6000000000000008852,48,Dinner-Peak Core,2020-02-15T19:40:08+08:00,2020-02-15T20:15:08+08:00,2020-02-15T20:04:42+08:00,True,6.0,882.0,3175.0,116.353633,39.915485,116.364967,39.902546
nearest_baseline,nearest_baseline_w000052,6000000000000000615,49,Dinner-Peak Core,2020-02-15T08:54:00+08:00,2020-02-15T10:15:00+08:00,2020-02-15T09:21:44+08:00,True,6.0,1904.0,7432.0,116.295725,39.980575,116.313377,39.992356
nearest_baseline,nearest_baseline_w000132,6000000000000000674,49,Dinner-Peak Core,2020-02-15T09:42:36+08:00,2020-02-15T10:30:00+08:00,2020-02-15T09:55:57+08:00,True,6.0,957.0,3487.0,116.329037,39.991301,116.317877,39.995636
nearest_baseline,nearest_baseline_w000242,6000000000000001064,49,Dinner-Peak Core,2020-02-15T10:46:44+08:00,2020-02-15T11:30:00+08:00,2020-02-15T10:55:56+08:00,True,6.0,956.0,3484.0,116.32582,39.995618,116.332057,40.012206
nearest_baseline,nearest_baseline_w000282,6000000000000001406,49,Dinner-Peak Core,2020-02-15T10:50:42+08:00,2020-02-15T11:48:42+08:00,2020-02-15T11:21:04+08:00,True,6.0,1264.0,4767.0,116.332098,40.006788,116.357167,39.997596
nearest_baseline,nearest_baseline_w000356,6000000000000002276,49,Dinner-Peak Core,2020-02-15T11:28:41+08:00,2020-02-15T12:05:41+08:00,2020-02-15T11:53:54+08:00,True,6.0,1434.0,5475.0,116.358934,40.00266,116.383247,39.996846
nearest_baseline,nearest_baseline_w000425,6000000000000002996,49,Dinner-Peak Core,2020-02-15T11:47:00+08:00,2020-02-15T12:29:00+08:00,2020-02-15T12:16:29+08:00,True,6.0,989.0,3619.0,116.383919,39.998791,116.362927,39.998206
nearest_baseline,nearest_baseline_w000497,6000000000000002646,49,Dinner-Peak Core,2020-02-15T12:02:08+08:00,2020-02-15T12:46:08+08:00,2020-02-15T12:46:05+08:00,True,6.0,1565.0,6019.0,116.383557,39.999316,116.358397,40.005156
nearest_baseline,nearest_baseline_w000566,6000000000000003850,49,Dinner-Peak Core,2020-02-15T12:37:12+08:00,2020-02-15T13:24:12+08:00,2020-02-15T13:13:38+08:00,True,6.0,1418.0,5408.0,116.342057,40.000316,116.355477,40.016366
nearest_baseline,nearest_baseline_w000626,6000000000000004632,49,Dinner-Peak Core,2020-02-15T13:20:55+08:00,2020-02-15T14:01:55+08:00,2020-02-15T13:31:19+08:00,True,3.0,679.0,2328.0,116.361954,40.012778,116.362197,40.015846
nearest_baseline,nearest_baseline_w000658,6000000000000004052,49,Dinner-Peak Core,2020-02-15T13:26:42+08:00,2020-02-15T14:10:42+08:00,2020-02-15T14:06:31+08:00,True,3.0,1591.0,6133.0,116.361954,40.012778,116.352407,40.012386
nearest_baseline,nearest_baseline_w000740,6000000000000004232,49,Dinner-Peak Core,2020-02-15T13:51:11+08:00,2020-02-15T14:35:11+08:00,2020-02-15T14:28:29+08:00,True,6.0,1109.0,4123.0,116.34405,40.008794,116.353297,40.002156
nearest_baseline,nearest_baseline_w000792,6000000000000005072,49,Dinner-Peak Core,2020-02-15T14:46:25+08:00,2020-02-15T15:25:25+08:00,2020-02-15T14:58:34+08:00,True,6.0,1114.0,4143.0,116.359147,40.002863,116.371947,39.999216
nearest_baseline,nearest_baseline_w000842,6000000000000005679,49,Dinner-Peak Core,2020-02-15T15:08:29+08:00,2020-02-15T15:49:29+08:00,2020-02-15T15:19:43+08:00,True,6.0,1183.0,4431.0,116.383701,39.999083,116.404007,39.999336
nearest_baseline,nearest_baseline_w000879,6000000000000004769,49,Dinner-Peak Core,2020-02-15T14:53:57+08:00,2020-02-15T15:23:57+08:00,2020-02-15T15:35:27+08:00,False,3.0,927.0,3363.0,116.418206,39.993062,116.420987,39.999416
nearest_baseline,nearest_baseline_w000917,6000000000000005486,49,Dinner-Peak Core,2020-02-15T15:48:36+08:00,2020-02-15T16:25:36+08:00,2020-02-15T15:52:59+08:00,True,3.0,779.0,2748.0,116.422237,39.989346,116.417547,39.994876
nearest_baseline,nearest_baseline_w000955,6000000000000005813,49,Dinner-Peak Core,2020-02-15T15:45:25+08:00,2020-02-15T16:32:25+08:00,2020-02-15T16:11:23+08:00,True,3.0,683.0,2349.0,116.423197,39.988806,116.425227,39.992466
nearest_baseline,nearest_baseline_w000978,6000000000000006072,49,Dinner-Peak Core,2020-02-15T16:23:48+08:00,2020-02-15T17:04:48+08:00,2020-02-15T16:29:27+08:00,True,3.0,567.0,1860.0,116.42302,39.989614,116.418727,39.994906
nearest_baseline,nearest_baseline_w001009,6000000000000006475,49,Dinner-Peak Core,2020-02-15T16:34:29+08:00,2020-02-15T17:08:29+08:00,2020-02-15T16:39:28+08:00,True,3.0,568.0,1869.0,116.422278,39.98921,116.41392700000002,39.988956
nearest_baseline,nearest_baseline_w001021,6000000000000006294,49,Dinner-Peak Core,2020-02-15T16:48:13+08:00,2020-02-15T17:18:13+08:00,2020-02-15T16:52:59+08:00,True,3.0,779.0,2745.0,116.418206,39.993062,116.418727,39.994906
nearest_baseline,nearest_baseline_w001055,6000000000000006773,49,Dinner-Peak Core,2020-02-15T16:51:48+08:00,2020-02-15T17:21:48+08:00,2020-02-15T17:05:17+08:00,True,3.0,317.0,821.0,116.418206,39.993062,116.418137,39.995036
nearest_baseline,nearest_baseline_w001077,6000000000000006784,49,Dinner-Peak Core,2020-02-15T17:08:06+08:00,2020-02-15T17:47:06+08:00,2020-02-15T17:20:27+08:00,True,6.0,627.0,2115.0,116.418551,39.993203,116.416577,40.003396
nearest_baseline,nearest_baseline_w001153,6000000000000006527,49,Dinner-Peak Core,2020-02-15T17:18:43+08:00,2020-02-15T17:53:43+08:00,2020-02-15T17:53:40+08:00,True,6.0,820.0,2918.0,116.406234,40.003959,116.406827,39.992686
nearest_baseline,nearest_baseline_w001191,6000000000000007553,49,Dinner-Peak Core,2020-02-15T17:38:26+08:00,2020-02-15T18:19:26+08:00,2020-02-15T18:14:40+08:00,True,3.0,880.0,3166.0,116.41197,39.992117,116.408447,39.985906
nearest_baseline,nearest_baseline_w001230,6000000000000007982,49,Dinner-Peak Core,2020-02-15T18:09:19+08:00,2020-02-15T18:46:19+08:00,2020-02-15T18:35:07+08:00,True,3.0,907.0,3278.0,116.406589,39.985767,116.416377,39.984796
nearest_baseline,nearest_baseline_w001282,6000000000000008242,49,Dinner-Peak Core,2020-02-15T18:27:05+08:00,2020-02-15T19:05:05+08:00,2020-02-15T18:54:41+08:00,True,3.0,881.0,3170.0,116.413329,39.988372,116.420047,39.993296
nearest_baseline,nearest_baseline_w001353,6000000000000008441,49,Dinner-Peak Core,2020-02-15T18:46:22+08:00,2020-02-15T19:34:22+08:00,2020-02-15T19:21:47+08:00,True,3.0,707.0,2445.0,116.414293,39.992039,116.417087,39.998146
nearest_baseline,nearest_baseline_w001392,6000000000000008706,49,Dinner-Peak Core,2020-02-15T19:23:22+08:00,2020-02-15T20:14:22+08:00,2020-02-15T19:47:31+08:00,True,6.0,1051.0,3881.0,116.418347,39.99297,116.395417,40.005106
nearest_baseline,nearest_baseline_w001442,6000000000000008603,49,Dinner-Peak Core,2020-02-15T19:50:07+08:00,2020-02-15T20:37:07+08:00,2020-02-15T20:21:51+08:00,True,6.0,1911.0,7464.0,116.392646,39.990691,116.40998700000002,39.999946
nearest_baseline,nearest_baseline_w000032,6000000000000000443,50,Dinner-Peak Core,2020-02-15T08:41:45+08:00,2020-02-15T09:40:45+08:00,2020-02-15T08:52:31+08:00,True,3.0,751.0,2629.0,116.475354,39.921519,116.471247,39.929616
nearest_baseline,nearest_baseline_w000121,6000000000000000584,50,Dinner-Peak Core,2020-02-15T09:31:21+08:00,2020-02-15T10:46:21+08:00,2020-02-15T09:53:18+08:00,True,3.0,1398.0,5326.0,116.486914,39.917948,116.492547,39.911006
nearest_baseline,nearest_baseline_w000163,6000000000000000733,50,Dinner-Peak Core,2020-02-15T09:44:49+08:00,2020-02-15T10:32:49+08:00,2020-02-15T10:18:59+08:00,True,6.0,1139.0,4248.0,116.486367,39.906436,116.493997,39.895416
nearest_baseline,nearest_baseline_w000238,6000000000000000997,50,Dinner-Peak Core,2020-02-15T10:46:37+08:00,2020-02-15T11:16:37+08:00,2020-02-15T10:51:17+08:00,True,3.0,677.0,2321.0,116.491245,39.891022,116.492997,39.894716
nearest_baseline,nearest_baseline_w000297,6000000000000001022,50,Dinner-Peak Core,2020-02-15T10:59:43+08:00,2020-02-15T11:44:43+08:00,2020-02-15T11:12:05+08:00,True,3.0,725.0,2522.0,116.476182,39.899793,116.474507,39.898886
nearest_baseline,nearest_baseline_w000345,6000000000000001855,50,Dinner-Peak Core,2020-02-15T11:09:17+08:00,2020-02-15T11:51:17+08:00,2020-02-15T11:37:27+08:00,True,3.0,447.0,1366.0,116.476182,39.899793,116.471717,39.898756
nearest_baseline,nearest_baseline_w000390,6000000000000001864,50,Dinner-Peak Core,2020-02-15T11:12:25+08:00,2020-02-15T11:54:25+08:00,2020-02-15T11:58:08+08:00,False,3.0,1088.0,4034.0,116.470845,39.908223,116.466607,39.908296
nearest_baseline,nearest_baseline_w000426,6000000000000002289,50,Dinner-Peak Core,2020-02-15T11:32:29+08:00,2020-02-15T12:32:31+08:00,2020-02-15T12:16:07+08:00,True,6.0,967.0,3530.0,116.462883,39.908438,116.446817,39.898176
nearest_baseline,nearest_baseline_w000518,6000000000000002978,50,Dinner-Peak Core,2020-02-15T12:16:10+08:00,2020-02-15T12:55:10+08:00,2020-02-15T12:46:57+08:00,True,3.0,1017.0,3738.0,116.458552,39.890743,116.452387,39.896086
nearest_baseline,nearest_baseline_w000572,6000000000000003706,50,Dinner-Peak Core,2020-02-15T12:47:34+08:00,2020-02-15T13:17:34+08:00,2020-02-15T13:12:43+08:00,True,6.0,763.0,2681.0,116.452933,39.893163,116.466837,39.888656
nearest_baseline,nearest_baseline_w000622,6000000000000004503,50,Dinner-Peak Core,2020-02-15T13:28:51+08:00,2020-02-15T14:18:51+08:00,2020-02-15T13:37:42+08:00,True,6.0,1062.0,3921.0,116.468499,39.893056,116.455017,39.880116
nearest_baseline,nearest_baseline_w000661,6000000000000004495,50,Dinner-Peak Core,2020-02-15T13:19:03+08:00,2020-02-15T14:05:03+08:00,2020-02-15T13:50:39+08:00,True,3.0,639.0,2160.0,116.45011,39.880896,116.454077,39.885446
nearest_baseline,nearest_baseline_w000732,6000000000000004712,50,Dinner-Peak Core,2020-02-15T13:42:28+08:00,2020-02-15T14:23:28+08:00,2020-02-15T14:25:43+08:00,False,6.0,943.0,3432.0,116.459457,39.883096,116.467107,39.873056
nearest_baseline,nearest_baseline_w000776,6000000000000004743,50,Dinner-Peak Core,2020-02-15T14:09:14+08:00,2020-02-15T14:39:15+08:00,2020-02-15T14:39:33+08:00,False,3.0,573.0,1884.0,116.462487,39.878726,116.461237,39.883086
nearest_baseline,nearest_baseline_w000797,6000000000000005028,50,Dinner-Peak Core,2020-02-15T14:20:24+08:00,2020-02-15T15:08:24+08:00,2020-02-15T15:03:14+08:00,True,6.0,1394.0,5310.0,116.459747,39.890366,116.490547,39.895096
nearest_baseline,nearest_baseline_w000846,6000000000000005471,50,Dinner-Peak Core,2020-02-15T15:18:17+08:00,2020-02-15T20:00:00+08:00,2020-02-15T15:19:29+08:00,True,3.0,569.0,1869.0,116.493029,39.894681,116.493807,39.885926
nearest_baseline,nearest_baseline_w000874,6000000000000005296,50,Dinner-Peak Core,2020-02-15T14:51:45+08:00,2020-02-15T15:40:45+08:00,2020-02-15T15:45:07+08:00,False,6.0,1507.0,5778.0,116.494162,39.8957,116.503707,39.910096
nearest_baseline,nearest_baseline_w000957,6000000000000005806,50,Dinner-Peak Core,2020-02-15T15:37:39+08:00,2020-02-15T16:15:39+08:00,2020-02-15T16:37:46+08:00,False,6.0,2266.0,8943.0,116.486964,39.914347,116.515407,39.921966
nearest_baseline,nearest_baseline_w001035,6000000000000005937,50,Dinner-Peak Core,2020-02-15T16:25:10+08:00,2020-02-15T18:55:10+08:00,2020-02-15T17:05:07+08:00,True,6.0,1507.0,5780.0,116.495068,39.92706,116.476707,39.916496
nearest_baseline,nearest_baseline_w001083,6000000000000006280,50,Dinner-Peak Core,2020-02-15T16:40:04+08:00,2020-02-15T17:29:04+08:00,2020-02-15T17:19:45+08:00,True,3.0,585.0,1941.0,116.482174,39.915143,116.472657,39.915856
nearest_baseline,nearest_baseline_w001101,6000000000000006417,50,Dinner-Peak Core,2020-02-15T16:52:50+08:00,2020-02-15T17:45:50+08:00,2020-02-15T17:31:38+08:00,True,3.0,698.0,2407.0,116.481406,39.915306,116.473357,39.921456
nearest_baseline,nearest_baseline_w001156,6000000000000007100,50,Dinner-Peak Core,2020-02-15T17:38:57+08:00,2020-02-15T18:16:57+08:00,2020-02-15T17:53:38+08:00,True,3.0,818.0,2909.0,116.471601,39.911185,116.465377,39.911086
nearest_baseline,nearest_baseline_w001194,6000000000000006819,50,Dinner-Peak Core,2020-02-15T17:32:37+08:00,2020-02-15T18:34:37+08:00,2020-02-15T18:23:04+08:00,True,6.0,1384.0,5265.0,116.471286,39.914835,116.491337,39.926946
nearest_baseline,nearest_baseline_w001260,6000000000000007132,50,Dinner-Peak Core,2020-02-15T18:04:40+08:00,2020-02-15T18:54:40+08:00,2020-02-15T18:56:04+08:00,False,6.0,1564.0,6017.0,116.491645,39.924321,116.511697,39.922246
nearest_baseline,nearest_baseline_w001333,6000000000000007769,50,Dinner-Peak Core,2020-02-15T18:38:19+08:00,2020-02-15T19:27:19+08:00,2020-02-15T19:26:21+08:00,True,6.0,1581.0,6086.0,116.506938,39.927883,116.526607,39.920296
nearest_baseline,nearest_baseline_w001393,6000000000000008281,50,Dinner-Peak Core,2020-02-15T19:01:28+08:00,2020-02-15T19:40:28+08:00,2020-02-15T19:41:44+08:00,False,3.0,704.0,2432.0,116.521328,39.916693,116.512827,39.913026
nearest_baseline,nearest_baseline_w001436,6000000000000008713,50,Dinner-Peak Core,2020-02-15T19:31:47+08:00,2020-02-15T20:20:47+08:00,2020-02-15T20:09:57+08:00,True,6.0,1197.0,4488.0,116.507557,39.915986,116.526307,39.919206
nearest_baseline,nearest_baseline_w000002,6000000000000000154,51,Dinner-Peak Core,2020-02-15T08:09:23+08:00,2020-02-15T08:42:23+08:00,2020-02-15T08:10:49+08:00,True,3.0,649.0,2205.0,116.362749,39.937453,116.355197,39.937626
nearest_baseline,nearest_baseline_w000015,6000000000000000209,51,Dinner-Peak Core,2020-02-15T08:29:23+08:00,2020-02-15T09:06:23+08:00,2020-02-15T08:33:15+08:00,True,3.0,795.0,2812.0,116.362749,39.937453,116.360367,39.932556
nearest_baseline,nearest_baseline_w000043,6000000000000000437,51,Dinner-Peak Core,2020-02-15T08:11:52+08:00,2020-02-15T08:53:52+08:00,2020-02-15T08:58:02+08:00,False,3.0,1082.0,4008.0,116.34864,39.922954,116.350067,39.927276
nearest_baseline,nearest_baseline_w000067,6000000000000000350,51,Dinner-Peak Core,2020-02-15T08:49:04+08:00,2020-02-15T09:38:04+08:00,2020-02-15T09:20:35+08:00,True,6.0,1235.0,4645.0,116.363167,39.934076,116.345337,39.944276
nearest_baseline,nearest_baseline_w000111,6000000000000000265,51,Dinner-Peak Core,2020-02-15T09:29:57+08:00,2020-02-15T12:00:00+08:00,2020-02-15T10:03:34+08:00,True,6.0,2014.0,7891.0,116.342322,39.941123,116.338087,39.925556
nearest_baseline,nearest_baseline_w000184,6000000000000001340,51,Dinner-Peak Core,2020-02-15T10:15:20+08:00,2020-02-15T10:59:20+08:00,2020-02-15T10:25:43+08:00,True,6.0,943.0,3428.0,116.348917,39.930946,116.358747,39.936326
nearest_baseline,nearest_baseline_w000219,6000000000000000768,51,Dinner-Peak Core,2020-02-15T10:24:03+08:00,2020-02-15T11:01:03+08:00,2020-02-15T10:43:56+08:00,True,6.0,836.0,2983.0,116.353967,39.938066,116.359657,39.929676
nearest_baseline,nearest_baseline_w000251,6000000000000000777,51,Dinner-Peak Core,2020-02-15T10:28:01+08:00,2020-02-15T11:04:01+08:00,2020-02-15T11:00:46+08:00,True,3.0,646.0,2193.0,116.358212,39.930374,116.355407,39.935936
nearest_baseline,nearest_baseline_w000308,6000000000000001145,51,Dinner-Peak Core,2020-02-15T10:54:03+08:00,2020-02-15T11:27:03+08:00,2020-02-15T11:23:08+08:00,True,3.0,788.0,2785.0,116.362749,39.937453,116.359887,39.944406
nearest_baseline,nearest_baseline_w000362,6000000000000001730,51,Dinner-Peak Core,2020-02-15T11:04:29+08:00,2020-02-15T11:47:29+08:00,2020-02-15T11:48:58+08:00,False,6.0,1138.0,4243.0,116.363034,39.936663,116.362137,39.914736
nearest_baseline,nearest_baseline_w000413,6000000000000002334,51,Dinner-Peak Core,2020-02-15T11:23:01+08:00,2020-02-15T12:02:01+08:00,2020-02-15T12:01:36+08:00,True,3.0,696.0,2397.0,116.353651,39.915512,116.355727,39.921606
nearest_baseline,nearest_baseline_w000494,6000000000000003096,51,Dinner-Peak Core,2020-02-15T11:56:34+08:00,2020-02-15T12:27:34+08:00,2020-02-15T12:33:44+08:00,False,3.0,824.0,2937.0,116.369817,39.921836,116.372637,39.926356
nearest_baseline,nearest_baseline_w000537,6000000000000003443,51,Dinner-Peak Core,2020-02-15T12:23:35+08:00,2020-02-15T13:00:35+08:00,2020-02-15T12:50:17+08:00,True,3.0,617.0,2071.0,116.370176,39.934216,116.371657,39.934606
nearest_baseline,nearest_baseline_w000584,6000000000000003832,51,Dinner-Peak Core,2020-02-15T12:31:34+08:00,2020-02-15T13:29:34+08:00,2020-02-15T13:14:03+08:00,True,6.0,843.0,3014.0,116.363272,39.93384,116.343737,39.933946
nearest_baseline,nearest_baseline_w000631,6000000000000003666,51,Dinner-Peak Core,2020-02-15T13:04:37+08:00,2020-02-15T13:37:37+08:00,2020-02-15T13:40:48+08:00,False,3.0,1248.0,4701.0,116.342322,39.941123,116.337947,39.943706
nearest_baseline,nearest_baseline_w000696,6000000000000004035,51,Dinner-Peak Core,2020-02-15T13:20:08+08:00,2020-02-15T13:50:08+08:00,2020-02-15T14:04:27+08:00,False,3.0,867.0,3113.0,116.346081,39.952449,116.344247,39.950236
nearest_baseline,nearest_baseline_w000729,6000000000000004702,51,Dinner-Peak Core,2020-02-15T14:19:34+08:00,2020-02-15T15:09:34+08:00,2020-02-15T14:25:53+08:00,True,6.0,953.0,3469.0,116.34643,39.952445,116.367767,39.960046
nearest_baseline,nearest_baseline_w000780,6000000000000004982,51,Dinner-Peak Core,2020-02-15T14:17:59+08:00,2020-02-15T14:52:59+08:00,2020-02-15T14:42:59+08:00,True,3.0,779.0,2746.0,116.374706,39.968368,116.367817,39.965976
nearest_baseline,nearest_baseline_w000821,6000000000000005056,51,Dinner-Peak Core,2020-02-15T14:35:28+08:00,2020-02-15T17:15:00+08:00,2020-02-15T15:15:58+08:00,True,6.0,1558.0,5991.0,116.356383,39.966448,116.339897,39.964446
nearest_baseline,nearest_baseline_w000880,6000000000000005497,51,Dinner-Peak Core,2020-02-15T15:00:35+08:00,2020-02-15T15:37:35+08:00,2020-02-15T15:30:19+08:00,True,3.0,619.0,2078.0,116.346207,39.952348,116.344227,39.954466
nearest_baseline,nearest_baseline_w000908,6000000000000005426,51,Dinner-Peak Core,2020-02-15T15:18:23+08:00,2020-02-15T15:48:23+08:00,2020-02-15T15:46:23+08:00,True,3.0,383.0,1097.0,116.346824,39.952122,116.348667,39.953356
nearest_baseline,nearest_baseline_w000923,6000000000000005633,51,Dinner-Peak Core,2020-02-15T15:21:41+08:00,2020-02-15T15:57:41+08:00,2020-02-15T15:58:38+08:00,False,6.0,518.0,1660.0,116.346824,39.952122,116.342627,39.961006
nearest_baseline,nearest_baseline_w000971,6000000000000005395,51,Dinner-Peak Core,2020-02-15T15:50:42+08:00,2020-02-15T16:44:42+08:00,2020-02-15T16:28:08+08:00,True,6.0,1088.0,4033.0,116.346237,39.952276,116.366547,39.957336
nearest_baseline,nearest_baseline_w001010,6000000000000005775,51,Dinner-Peak Core,2020-02-15T16:22:32+08:00,2020-02-15T16:58:32+08:00,2020-02-15T16:49:49+08:00,True,6.0,1189.0,4455.0,116.360949,39.962035,116.349807,39.973836
nearest_baseline,nearest_baseline_w001044,6000000000000005940,51,Dinner-Peak Core,2020-02-15T16:26:59+08:00,2020-02-15T17:07:59+08:00,2020-02-15T17:10:00+08:00,False,6.0,1200.0,4501.0,116.351115,39.980531,116.341497,39.999446
nearest_baseline,nearest_baseline_w001099,6000000000000007069,51,Dinner-Peak Core,2020-02-15T17:17:21+08:00,2020-02-15T17:57:21+08:00,2020-02-15T17:36:08+08:00,True,6.0,968.0,3531.0,116.342614,39.993567,116.347227,39.982796
nearest_baseline,nearest_baseline_w001157,6000000000000007177,51,Dinner-Peak Core,2020-02-15T17:21:31+08:00,2020-02-15T18:29:31+08:00,2020-02-15T18:08:32+08:00,True,6.0,1712.0,6632.0,116.336162,39.975727,116.350067,39.997366
nearest_baseline,nearest_baseline_w001226,6000000000000007730,51,Dinner-Peak Core,2020-02-15T18:08:59+08:00,2020-02-15T18:53:59+08:00,2020-02-15T18:26:22+08:00,True,3.0,982.0,3591.0,116.343574,40.008209,116.340097,40.002206
nearest_baseline,nearest_baseline_w001256,6000000000000008230,51,Dinner-Peak Core,2020-02-15T18:21:18+08:00,2020-02-15T19:02:18+08:00,2020-02-15T18:38:27+08:00,True,3.0,507.0,1615.0,116.342139,40.003682,116.338507,39.999466
nearest_baseline,nearest_baseline_w001291,6000000000000008492,51,Dinner-Peak Core,2020-02-15T18:36:18+08:00,2020-02-15T19:06:18+08:00,2020-02-15T18:55:06+08:00,True,3.0,906.0,3276.0,116.338041,40.008362,116.336107,40.007696
nearest_baseline,nearest_baseline_w001317,6000000000000008256,51,Dinner-Peak Core,2020-02-15T18:33:39+08:00,2020-02-15T19:06:39+08:00,2020-02-15T19:19:48+08:00,False,3.0,1188.0,4452.0,116.338041,40.008362,116.344597,40.011626
nearest_baseline,nearest_baseline_w001365,6000000000000008470,51,Dinner-Peak Core,2020-02-15T19:03:12+08:00,2020-02-15T19:34:12+08:00,2020-02-15T19:26:07+08:00,True,3.0,367.0,1029.0,116.343005,40.011263,116.341167,40.013946
nearest_baseline,nearest_baseline_w001383,6000000000000007952,51,Dinner-Peak Core,2020-02-15T19:03:47+08:00,2020-02-15T19:47:47+08:00,2020-02-15T19:43:53+08:00,True,6.0,833.0,2971.0,116.342767,40.013869,116.351727,40.000836
nearest_baseline,nearest_baseline_w000284,6000000000000001471,52,Dinner-Peak Core,2020-02-15T11:09:04+08:00,2020-02-15T11:47:04+08:00,2020-02-15T11:07:49+08:00,True,3.0,469.0,1453.0,116.544248,40.009268,116.541927,40.008906
nearest_baseline,nearest_baseline_w000301,6000000000000001778,52,Dinner-Peak Core,2020-02-15T11:18:50+08:00,2020-02-15T12:08:50+08:00,2020-02-15T11:20:24+08:00,True,6.0,624.0,2101.0,116.544248,40.009268,116.531467,40.008516
nearest_baseline,nearest_baseline_w000366,6000000000000002185,52,Dinner-Peak Core,2020-02-15T11:24:16+08:00,2020-02-15T12:05:16+08:00,2020-02-15T11:41:38+08:00,True,3.0,698.0,2410.0,116.544248,40.009268,116.544047,40.008856
nearest_baseline,nearest_baseline_w001314,6000000000000007801,52,Dinner-Peak Core,2020-02-15T18:57:36+08:00,2020-02-15T19:41:36+08:00,2020-02-15T19:02:54+08:00,True,3.0,774.0,2724.0,116.558981,40.009662,116.561487,40.006826
nearest_baseline,nearest_baseline_w001351,6000000000000008302,52,Dinner-Peak Core,2020-02-15T19:10:32+08:00,2020-02-15T19:50:32+08:00,2020-02-15T19:19:05+08:00,True,3.0,545.0,1768.0,116.558981,40.009662,116.560737,40.010756
nearest_baseline,nearest_baseline_w001377,6000000000000008600,52,Dinner-Peak Core,2020-02-15T19:18:20+08:00,2020-02-15T22:18:20+08:00,2020-02-15T19:34:42+08:00,True,3.0,882.0,3175.0,116.567815,40.00138,116.564567,40.001316
nearest_baseline,nearest_baseline_w001419,6000000000000008848,52,Dinner-Peak Core,2020-02-15T19:32:54+08:00,2020-02-15T20:11:54+08:00,2020-02-15T19:52:25+08:00,True,3.0,745.0,2602.0,116.558981,40.009662,116.564987,40.005176
nearest_baseline,nearest_baseline_w000298,6000000000000002035,53,Dinner-Peak Core,2020-02-15T11:09:01+08:00,2020-02-15T11:43:01+08:00,2020-02-15T11:16:56+08:00,True,6.0,1016.0,3733.0,116.321348,39.752737,116.307537,39.751546
nearest_baseline,nearest_baseline_w000368,6000000000000002039,53,Dinner-Peak Core,2020-02-15T11:10:18+08:00,2020-02-15T11:53:18+08:00,2020-02-15T11:55:36+08:00,False,6.0,1536.0,5900.0,116.32138,39.753189,116.299917,39.754406
nearest_baseline,nearest_baseline_w000440,6000000000000002575,53,Dinner-Peak Core,2020-02-15T12:05:55+08:00,2020-02-15T12:37:55+08:00,2020-02-15T12:23:36+08:00,True,3.0,1416.0,5402.0,116.307587,39.758156,116.302347,39.762486
nearest_baseline,nearest_baseline_w000521,6000000000000003203,53,Dinner-Peak Core,2020-02-15T12:08:56+08:00,2020-02-15T12:38:56+08:00,2020-02-15T12:41:29+08:00,False,3.0,689.0,2371.0,116.323829,39.762961,116.327887,39.763796
nearest_baseline,nearest_baseline_w000562,6000000000000003444,53,Dinner-Peak Core,2020-02-15T12:24:09+08:00,2020-02-15T13:04:09+08:00,2020-02-15T12:59:09+08:00,True,3.0,549.0,1786.0,116.324937,39.774351,116.324497,39.772316
nearest_baseline,nearest_baseline_w000591,6000000000000003624,53,Dinner-Peak Core,2020-02-15T12:30:57+08:00,2020-02-15T16:45:00+08:00,2020-02-15T13:23:16+08:00,True,6.0,1396.0,5316.0,116.330927,39.784226,116.317367,39.790246
nearest_baseline,nearest_baseline_w000744,6000000000000005089,53,Dinner-Peak Core,2020-02-15T14:10:39+08:00,2020-02-15T14:48:39+08:00,2020-02-15T14:33:17+08:00,True,6.0,1397.0,5318.0,116.320134,39.77414,116.320227,39.785966
nearest_baseline,nearest_baseline_w000807,6000000000000005062,53,Dinner-Peak Core,2020-02-15T14:39:33+08:00,2020-02-15T15:28:33+08:00,2020-02-15T15:08:00+08:00,True,6.0,1680.0,6498.0,116.324937,39.774351,116.309237,39.774836
nearest_baseline,nearest_baseline_w000966,6000000000000005840,53,Dinner-Peak Core,2020-02-15T16:15:58+08:00,2020-02-15T16:46:58+08:00,2020-02-15T16:47:38+08:00,False,3.0,2258.0,8910.0,116.317643,39.775667,116.306177,39.775006
nearest_baseline,nearest_baseline_w001048,6000000000000006108,53,Dinner-Peak Core,2020-02-15T16:40:31+08:00,2020-02-15T17:20:31+08:00,2020-02-15T17:21:31+08:00,False,6.0,1891.0,7378.0,116.317643,39.775667,116.333217,39.773596
nearest_baseline,nearest_baseline_w001139,6000000000000007070,53,Dinner-Peak Core,2020-02-15T17:17:27+08:00,2020-02-15T18:27:27+08:00,2020-02-15T17:54:43+08:00,True,6.0,1483.0,5678.0,116.323591,39.762882,116.317837,39.736976
nearest_baseline,nearest_baseline_w001196,6000000000000007670,53,Dinner-Peak Core,2020-02-15T17:56:49+08:00,2020-02-15T18:44:49+08:00,2020-02-15T18:27:20+08:00,True,6.0,1640.0,6335.0,116.32111,39.730972,116.302487,39.709946
nearest_baseline,nearest_baseline_w000012,6000000000000000338,54,Dinner-Peak Core,2020-02-15T08:14:06+08:00,2020-02-15T09:15:06+08:00,2020-02-15T08:35:38+08:00,True,10.0,1538.0,5908.0,116.148157,39.722357,116.181997,39.713326
nearest_baseline,nearest_baseline_w000039,6000000000000000440,54,Dinner-Peak Core,2020-02-15T08:40:23+08:00,2020-02-15T10:30:00+08:00,2020-02-15T09:09:01+08:00,True,10.0,1741.0,6752.0,116.170908,39.72138,116.136637,39.728656
nearest_baseline,nearest_baseline_w000072,6000000000000000415,54,Dinner-Peak Core,2020-02-15T09:17:25+08:00,2020-02-15T10:30:00+08:00,2020-02-15T09:16:52+08:00,True,3.0,412.0,1214.0,116.132985,39.730869,116.134887,39.732826
nearest_baseline,nearest_baseline_w000091,6000000000000000257,54,Dinner-Peak Core,2020-02-15T09:08:41+08:00,2020-02-15T09:57:41+08:00,2020-02-15T09:35:38+08:00,True,6.0,938.0,3407.0,116.128983,39.733849,116.136267,39.749446
nearest_baseline,nearest_baseline_w000134,6000000000000000599,54,Dinner-Peak Core,2020-02-15T09:34:36+08:00,2020-02-15T12:04:36+08:00,2020-02-15T09:55:14+08:00,True,3.0,914.0,3309.0,116.129108,39.734254,116.134297,39.735606
nearest_baseline,nearest_baseline_w000156,6000000000000000487,54,Dinner-Peak Core,2020-02-15T10:07:20+08:00,2020-02-15T10:59:20+08:00,2020-02-15T10:15:48+08:00,True,6.0,948.0,3451.0,116.131818,39.73898,116.142847,39.746206
nearest_baseline,nearest_baseline_w000204,6000000000000000432,54,Dinner-Peak Core,2020-02-15T09:59:05+08:00,2020-02-15T10:40:05+08:00,2020-02-15T10:41:19+08:00,False,6.0,1279.0,4830.0,116.150666,39.755465,116.161127,39.768866
nearest_baseline,nearest_baseline_w000322,6000000000000001744,54,Dinner-Peak Core,2020-02-15T11:10:32+08:00,2020-02-15T11:45:32+08:00,2020-02-15T11:37:14+08:00,True,3.0,1634.0,6306.0,116.151113,39.754612,116.143657,39.755726
nearest_baseline,nearest_baseline_w000387,6000000000000001915,54,Dinner-Peak Core,2020-02-15T11:35:41+08:00,2020-02-15T12:17:41+08:00,2020-02-15T12:01:14+08:00,True,3.0,1274.0,4808.0,116.151137,39.755126,116.156647,39.757766
nearest_baseline,nearest_baseline_w000458,6000000000000002373,54,Dinner-Peak Core,2020-02-15T11:41:23+08:00,2020-02-15T12:23:23+08:00,2020-02-15T12:26:35+08:00,False,3.0,995.0,3646.0,116.151197,39.753466,116.142517,39.758976
nearest_baseline,nearest_baseline_w000513,6000000000000002688,54,Dinner-Peak Core,2020-02-15T12:35:07+08:00,2020-02-15T13:16:07+08:00,2020-02-15T13:07:51+08:00,True,6.0,2271.0,8961.0,116.153437,39.754576,116.155557,39.768426
nearest_baseline,nearest_baseline_w000612,6000000000000004487,54,Dinner-Peak Core,2020-02-15T13:14:58+08:00,2020-02-15T14:11:58+08:00,2020-02-15T13:44:42+08:00,True,6.0,2082.0,8172.0,116.151285,39.755014,116.174817,39.761576
nearest_baseline,nearest_baseline_w000768,6000000000000004870,54,Dinner-Peak Core,2020-02-15T14:34:22+08:00,2020-02-15T15:30:23+08:00,2020-02-15T14:43:30+08:00,True,6.0,810.0,2876.0,116.174402,39.763161,116.175547,39.772876
nearest_baseline,nearest_baseline_w000816,6000000000000005338,54,Dinner-Peak Core,2020-02-15T14:49:26+08:00,2020-02-15T15:31:26+08:00,2020-02-15T15:08:55+08:00,True,3.0,1135.0,4227.0,116.175372,39.76579,116.173747,39.767856
nearest_baseline,nearest_baseline_w000372,6000000000000001914,55,Dinner-Peak Core,2020-02-15T11:35:41+08:00,2020-02-15T12:22:41+08:00,2020-02-15T11:48:27+08:00,True,3.0,1107.0,4112.0,116.48574800000002,39.784203,116.491617,39.791576
nearest_baseline,nearest_baseline_w000415,6000000000000002010,55,Dinner-Peak Core,2020-02-15T11:40:33+08:00,2020-02-15T12:24:33+08:00,2020-02-15T12:08:47+08:00,True,6.0,1127.0,4198.0,116.48506700000002,39.783646,116.490947,39.791436
nearest_baseline,nearest_baseline_w000461,6000000000000003197,55,Dinner-Peak Core,2020-02-15T12:03:48+08:00,2020-02-15T12:51:48+08:00,2020-02-15T12:18:49+08:00,True,3.0,529.0,1705.0,116.501793,39.790868,116.502087,39.787996
nearest_baseline,nearest_baseline_w000476,6000000000000002871,55,Dinner-Peak Core,2020-02-15T12:07:42+08:00,2020-02-15T13:14:42+08:00,2020-02-15T12:39:28+08:00,True,6.0,1168.0,4367.0,116.501853,39.790929,116.531337,39.800586
nearest_baseline,nearest_baseline_w000604,6000000000000004342,55,Dinner-Peak Core,2020-02-15T13:19:59+08:00,2020-02-15T13:52:59+08:00,2020-02-15T13:20:53+08:00,True,3.0,653.0,2219.0,116.535287,39.808586,116.537667,39.810136
nearest_baseline,nearest_baseline_w000157,6000000000000000875,56,Dinner-Peak Core,2020-02-15T10:05:19+08:00,2020-02-15T11:01:19+08:00,2020-02-15T10:24:42+08:00,True,10.0,1482.0,5676.0,115.967939,40.459067,115.948907,40.429596
nearest_baseline,nearest_baseline_w000035,6000000000000000298,57,Dinner-Peak Core,2020-02-15T08:46:20+08:00,2020-02-15T09:33:20+08:00,2020-02-15T08:52:18+08:00,True,6.0,738.0,2571.0,116.415582,39.903099,116.400797,39.899546
nearest_baseline,nearest_baseline_w000066,6000000000000000446,57,Dinner-Peak Core,2020-02-15T08:59:56+08:00,2020-02-15T09:47:56+08:00,2020-02-15T09:15:46+08:00,True,6.0,946.0,3445.0,116.415582,39.903099,116.407277,39.910646
nearest_baseline,nearest_baseline_w000085,6000000000000000566,57,Dinner-Peak Core,2020-02-15T09:06:51+08:00,2020-02-15T09:49:51+08:00,2020-02-15T09:24:27+08:00,True,3.0,267.0,612.0,116.408137,39.911666,116.408407,39.910656
nearest_baseline,nearest_baseline_w000115,6000000000000000263,57,Dinner-Peak Core,2020-02-15T09:23:52+08:00,2020-02-15T10:18:52+08:00,2020-02-15T09:45:21+08:00,True,6.0,921.0,3338.0,116.419637,39.911836,116.420717,39.924046
nearest_baseline,nearest_baseline_w000144,6000000000000000598,57,Dinner-Peak Core,2020-02-15T09:43:34+08:00,2020-02-15T10:45:00+08:00,2020-02-15T10:07:32+08:00,True,6.0,1052.0,3882.0,116.416098,39.919745,116.432967,39.924936
nearest_baseline,nearest_baseline_w000226,6000000000000000958,57,Dinner-Peak Core,2020-02-15T10:06:52+08:00,2020-02-15T10:39:52+08:00,2020-02-15T10:47:39+08:00,False,6.0,1059.0,3913.0,116.446389,39.92748,116.441277,39.937796
nearest_baseline,nearest_baseline_w000260,6000000000000000940,57,Dinner-Peak Core,2020-02-15T10:49:36+08:00,2020-02-15T11:32:36+08:00,2020-02-15T11:09:27+08:00,True,6.0,1167.0,4363.0,116.440727,39.931057,116.417077,39.935826
nearest_baseline,nearest_baseline_w000305,6000000000000001311,57,Dinner-Peak Core,2020-02-15T11:04:54+08:00,2020-02-15T11:41:54+08:00,2020-02-15T11:17:42+08:00,True,3.0,462.0,1425.0,116.419143,39.940516,116.416917,39.939596
nearest_baseline,nearest_baseline_w000324,6000000000000001647,57,Dinner-Peak Core,2020-02-15T11:10:44+08:00,2020-02-15T11:49:44+08:00,2020-02-15T11:34:34+08:00,True,6.0,874.0,3140.0,116.417337,39.939709,116.427797,39.924996
nearest_baseline,nearest_baseline_w000373,6000000000000001962,57,Dinner-Peak Core,2020-02-15T11:18:02+08:00,2020-02-15T11:49:02+08:00,2020-02-15T11:47:45+08:00,True,3.0,465.0,1435.0,116.428914,39.9238,116.437437,39.923646
nearest_baseline,nearest_baseline_w000408,6000000000000001900,57,Dinner-Peak Core,2020-02-15T11:29:01+08:00,2020-02-15T12:02:01+08:00,2020-02-15T12:04:02+08:00,False,6.0,842.0,3010.0,116.432278,39.921768,116.419227,39.924526
nearest_baseline,nearest_baseline_w000462,6000000000000003090,57,Dinner-Peak Core,2020-02-15T11:52:16+08:00,2020-02-15T12:24:16+08:00,2020-02-15T12:19:38+08:00,True,3.0,578.0,1907.0,116.430137,39.923786,116.434437,39.921416
nearest_baseline,nearest_baseline_w000480,6000000000000002562,57,Dinner-Peak Core,2020-02-15T11:58:42+08:00,2020-02-15T12:33:42+08:00,2020-02-15T12:30:08+08:00,True,3.0,608.0,2033.0,116.42927,39.920828,116.434977,39.926866
nearest_baseline,nearest_baseline_w000536,6000000000000003131,57,Dinner-Peak Core,2020-02-15T12:14:50+08:00,2020-02-15T13:06:50+08:00,2020-02-15T12:53:48+08:00,True,3.0,828.0,2951.0,116.430282,39.920258,116.420707,39.916056
nearest_baseline,nearest_baseline_w000575,6000000000000003067,57,Dinner-Peak Core,2020-02-15T12:44:26+08:00,2020-02-15T13:23:26+08:00,2020-02-15T13:08:21+08:00,True,3.0,501.0,1588.0,116.416242,39.919032,116.413107,39.922866
nearest_baseline,nearest_baseline_w000596,6000000000000004029,57,Dinner-Peak Core,2020-02-15T13:14:59+08:00,2020-02-15T13:50:59+08:00,2020-02-15T13:23:53+08:00,True,3.0,833.0,2973.0,116.408861,39.923743,116.413517,39.916246
nearest_baseline,nearest_baseline_w000652,6000000000000004500,57,Dinner-Peak Core,2020-02-15T13:28:11+08:00,2020-02-15T14:01:11+08:00,2020-02-15T13:45:02+08:00,True,3.0,902.0,3262.0,116.399657,39.912795,116.410187,39.913846
nearest_baseline,nearest_baseline_w000684,6000000000000004836,57,Dinner-Peak Core,2020-02-15T13:51:05+08:00,2020-02-15T14:30:05+08:00,2020-02-15T14:00:51+08:00,True,6.0,651.0,2211.0,116.41228,39.914438,116.421887,39.919626
nearest_baseline,nearest_baseline_w000728,6000000000000004626,57,Dinner-Peak Core,2020-02-15T14:05:44+08:00,2020-02-15T14:37:44+08:00,2020-02-15T14:19:44+08:00,True,3.0,584.0,1930.0,116.421807,39.922046,116.413107,39.922866
nearest_baseline,nearest_baseline_w000755,6000000000000004988,57,Dinner-Peak Core,2020-02-15T14:23:55+08:00,2020-02-15T15:02:55+08:00,2020-02-15T14:32:34+08:00,True,6.0,754.0,2643.0,116.421641,39.921455,116.411357,39.929186
nearest_baseline,nearest_baseline_w000798,6000000000000004998,57,Dinner-Peak Core,2020-02-15T14:35:02+08:00,2020-02-15T15:17:02+08:00,2020-02-15T15:01:47+08:00,True,6.0,1307.0,4943.0,116.407267,39.936115,116.382117,39.924776
nearest_baseline,nearest_baseline_w000859,6000000000000005243,57,Dinner-Peak Core,2020-02-15T14:57:27+08:00,2020-02-15T15:30:27+08:00,2020-02-15T15:25:09+08:00,True,3.0,909.0,3289.0,116.393694,39.93232,116.398087,39.930906
nearest_baseline,nearest_baseline_w000888,6000000000000005322,57,Dinner-Peak Core,2020-02-15T15:27:07+08:00,2020-02-15T16:09:07+08:00,2020-02-15T15:47:18+08:00,True,6.0,1038.0,3825.0,116.393694,39.93232,116.410297,39.918836
nearest_baseline,nearest_baseline_w000933,6000000000000005856,57,Dinner-Peak Core,2020-02-15T15:36:34+08:00,2020-02-15T16:21:34+08:00,2020-02-15T16:09:58+08:00,True,6.0,1198.0,4494.0,116.417006,39.915784,116.394767,39.921826
nearest_baseline,nearest_baseline_w000975,6000000000000005494,57,Dinner-Peak Core,2020-02-15T16:04:20+08:00,2020-02-15T16:44:20+08:00,2020-02-15T16:33:29+08:00,True,6.0,1409.0,5372.0,116.401902,39.932111,116.383187,39.950956
nearest_baseline,nearest_baseline_w001031,6000000000000006191,57,Dinner-Peak Core,2020-02-15T16:22:52+08:00,2020-02-15T17:11:52+08:00,2020-02-15T17:09:09+08:00,True,6.0,1749.0,6788.0,116.385835,39.937661,116.390397,39.924466
nearest_baseline,nearest_baseline_w001090,6000000000000006553,57,Dinner-Peak Core,2020-02-15T16:46:33+08:00,2020-02-15T17:38:33+08:00,2020-02-15T17:24:13+08:00,True,3.0,853.0,3051.0,116.401283,39.919628,116.405437,39.923886
nearest_baseline,nearest_baseline_w001146,6000000000000007399,57,Dinner-Peak Core,2020-02-15T17:32:57+08:00,2020-02-15T18:10:57+08:00,2020-02-15T17:54:54+08:00,True,6.0,894.0,3226.0,116.408009,39.919439,116.421047,39.911346
nearest_baseline,nearest_baseline_w001186,6000000000000007552,57,Dinner-Peak Core,2020-02-15T17:37:52+08:00,2020-02-15T18:16:52+08:00,2020-02-15T18:06:55+08:00,True,3.0,415.0,1228.0,116.420423,39.908534,116.419667,39.904606
nearest_baseline,nearest_baseline_w001213,6000000000000007563,57,Dinner-Peak Core,2020-02-15T17:44:51+08:00,2020-02-15T18:31:51+08:00,2020-02-15T18:25:53+08:00,True,6.0,953.0,3474.0,116.420423,39.908534,116.410077,39.922346
nearest_baseline,nearest_baseline_w001274,6000000000000008240,57,Dinner-Peak Core,2020-02-15T18:26:51+08:00,2020-02-15T19:09:51+08:00,2020-02-15T18:50:37+08:00,True,6.0,1237.0,4655.0,116.417779,39.932541,116.401177,39.927546
nearest_baseline,nearest_baseline_w001326,6000000000000008360,57,Dinner-Peak Core,2020-02-15T18:46:36+08:00,2020-02-15T19:21:36+08:00,2020-02-15T19:15:14+08:00,True,6.0,914.0,3307.0,116.401902,39.932111,116.383677,39.931516
nearest_baseline,nearest_baseline_w001381,6000000000000008145,57,Dinner-Peak Core,2020-02-15T19:19:46+08:00,2020-02-15T19:58:46+08:00,2020-02-15T19:37:56+08:00,True,3.0,1076.0,3985.0,116.399934,39.939994,116.394067,39.946516
nearest_baseline,nearest_baseline_w001410,6000000000000009040,57,Dinner-Peak Core,2020-02-15T19:34:30+08:00,2020-02-15T20:12:30+08:00,2020-02-15T19:55:15+08:00,True,6.0,915.0,3311.0,116.392795,39.944068,116.416527,39.942116
nearest_baseline,nearest_baseline_w001447,6000000000000008987,57,Dinner-Peak Core,2020-02-15T19:47:00+08:00,2020-02-15T20:45:00+08:00,2020-02-15T20:10:32+08:00,True,6.0,632.0,2133.0,116.417509,39.941738,116.421827,39.927066
nearest_baseline,nearest_baseline_w000080,6000000000000000254,58,Dinner-Peak Core,2020-02-15T09:03:32+08:00,2020-02-15T09:33:32+08:00,2020-02-15T09:21:22+08:00,True,3.0,682.0,2341.0,116.480582,39.969483,116.480647,39.970746
nearest_baseline,nearest_baseline_w000183,6000000000000001101,58,Dinner-Peak Core,2020-02-15T10:10:35+08:00,2020-02-15T12:30:00+08:00,2020-02-15T10:26:31+08:00,True,3.0,991.0,3627.0,116.470967,39.965846,116.476437,39.959156
nearest_baseline,nearest_baseline_w000217,6000000000000000902,58,Dinner-Peak Core,2020-02-15T10:23:13+08:00,2020-02-15T11:06:13+08:00,2020-02-15T10:44:28+08:00,True,6.0,868.0,3115.0,116.48118,39.959474,116.481647,39.968816
nearest_baseline,nearest_baseline_w000253,6000000000000001402,58,Dinner-Peak Core,2020-02-15T10:47:31+08:00,2020-02-15T11:30:00+08:00,2020-02-15T11:08:29+08:00,True,6.0,1109.0,4120.0,116.480889,39.970553,116.485387,39.954806
nearest_baseline,nearest_baseline_w000306,6000000000000001005,58,Dinner-Peak Core,2020-02-15T10:49:57+08:00,2020-02-15T11:29:57+08:00,2020-02-15T11:26:11+08:00,True,3.0,971.0,3545.0,116.48118,39.959474,116.478687,39.962146
nearest_baseline,nearest_baseline_w000352,6000000000000001633,58,Dinner-Peak Core,2020-02-15T11:04:55+08:00,2020-02-15T11:54:55+08:00,2020-02-15T11:51:27+08:00,True,6.0,1287.0,4863.0,116.48118,39.959474,116.489917,39.974196
nearest_baseline,nearest_baseline_w000427,6000000000000001907,58,Dinner-Peak Core,2020-02-15T11:33:04+08:00,2020-02-15T12:15:04+08:00,2020-02-15T12:07:40+08:00,True,3.0,460.0,1415.0,116.487721,39.976742,116.481667,39.978006
nearest_baseline,nearest_baseline_w000463,6000000000000002845,58,Dinner-Peak Core,2020-02-15T11:58:58+08:00,2020-02-15T12:28:58+08:00,2020-02-15T12:27:25+08:00,True,6.0,1045.0,3856.0,116.480582,39.969483,116.489787,39.958446
nearest_baseline,nearest_baseline_w000507,6000000000000003220,58,Dinner-Peak Core,2020-02-15T12:12:46+08:00,2020-02-15T12:50:46+08:00,2020-02-15T12:37:33+08:00,True,3.0,453.0,1388.0,116.493221,39.963001,116.493837,39.964376
nearest_baseline,nearest_baseline_w000522,6000000000000003052,58,Dinner-Peak Core,2020-02-15T12:25:24+08:00,2020-02-15T13:04:24+08:00,2020-02-15T12:46:52+08:00,True,3.0,412.0,1218.0,116.493631,39.963989,116.492537,39.970306
nearest_baseline,nearest_baseline_w000546,6000000000000003476,58,Dinner-Peak Core,2020-02-15T12:41:51+08:00,2020-02-15T13:16:51+08:00,2020-02-15T12:54:56+08:00,True,3.0,296.0,733.0,116.492887,39.970276,116.490387,39.974816
nearest_baseline,nearest_baseline_w000587,6000000000000003385,58,Dinner-Peak Core,2020-02-15T12:39:55+08:00,2020-02-15T13:26:55+08:00,2020-02-15T13:17:11+08:00,True,3.0,1031.0,3796.0,116.481374,39.968721,116.471627,39.965536
nearest_baseline,nearest_baseline_w000632,6000000000000003786,58,Dinner-Peak Core,2020-02-15T12:52:59+08:00,2020-02-15T13:22:59+08:00,2020-02-15T13:37:57+08:00,False,3.0,1077.0,3986.0,116.480582,39.969483,116.471007,39.971076
nearest_baseline,nearest_baseline_w000669,6000000000000004568,58,Dinner-Peak Core,2020-02-15T13:18:03+08:00,2020-02-15T13:53:03+08:00,2020-02-15T14:06:26+08:00,False,6.0,1586.0,6111.0,116.480647,39.970666,116.476387,39.960236
nearest_baseline,nearest_baseline_w000741,6000000000000004839,58,Dinner-Peak Core,2020-02-15T13:54:01+08:00,2020-02-15T14:30:01+08:00,2020-02-15T14:38:44+08:00,False,6.0,1724.0,6683.0,116.480865,39.967986,116.475057,39.976566
nearest_baseline,nearest_baseline_w000789,6000000000000004877,58,Dinner-Peak Core,2020-02-15T14:40:36+08:00,2020-02-15T15:19:36+08:00,2020-02-15T14:51:59+08:00,True,6.0,719.0,2498.0,116.473364,39.975143,116.463297,39.986846
nearest_baseline,nearest_baseline_w000831,6000000000000005180,58,Dinner-Peak Core,2020-02-15T15:01:20+08:00,2020-02-15T15:41:20+08:00,2020-02-15T15:11:23+08:00,True,3.0,683.0,2347.0,116.461613,39.991332,116.453457,39.990876
nearest_baseline,nearest_baseline_w000881,6000000000000005984,58,Dinner-Peak Core,2020-02-15T15:27:07+08:00,2020-02-15T18:27:07+08:00,2020-02-15T15:37:27+08:00,True,3.0,1047.0,3864.0,116.450694,39.9779,116.460117,39.983106
nearest_baseline,nearest_baseline_w000914,6000000000000006002,58,Dinner-Peak Core,2020-02-15T15:49:35+08:00,2020-02-15T18:49:35+08:00,2020-02-15T15:58:17+08:00,True,6.0,1097.0,4070.0,116.450694,39.9779,116.463837,39.986176
nearest_baseline,nearest_baseline_w000956,6000000000000006175,58,Dinner-Peak Core,2020-02-15T16:07:47+08:00,2020-02-15T16:52:47+08:00,2020-02-15T16:18:49+08:00,True,3.0,1129.0,4204.0,116.452708,39.991473,116.456157,39.984556
nearest_baseline,nearest_baseline_w000987,6000000000000005924,58,Dinner-Peak Core,2020-02-15T16:12:51+08:00,2020-02-15T17:08:51+08:00,2020-02-15T16:42:04+08:00,True,6.0,1324.0,5017.0,116.458558,39.992094,116.474207,40.000886
nearest_baseline,nearest_baseline_w001041,6000000000000006204,58,Dinner-Peak Core,2020-02-15T16:34:43+08:00,2020-02-15T17:19:43+08:00,2020-02-15T17:07:06+08:00,True,6.0,1026.0,3778.0,116.471469,39.99554,116.468097,39.977076
nearest_baseline,nearest_baseline_w001078,6000000000000006715,58,Dinner-Peak Core,2020-02-15T17:00:45+08:00,2020-02-15T17:41:45+08:00,2020-02-15T17:25:05+08:00,True,6.0,905.0,3273.0,116.470656,39.977783,116.459917,39.996746
nearest_baseline,nearest_baseline_w001124,6000000000000006734,58,Dinner-Peak Core,2020-02-15T17:20:09+08:00,2020-02-15T18:08:09+08:00,2020-02-15T17:52:12+08:00,True,6.0,1332.0,5050.0,116.458315,39.992534,116.441977,39.994136
nearest_baseline,nearest_baseline_w001187,6000000000000006971,58,Dinner-Peak Core,2020-02-15T17:49:11+08:00,2020-02-15T18:28:11+08:00,2020-02-15T18:21:33+08:00,True,6.0,1293.0,4889.0,116.445209,39.995614,116.463147,39.995366
nearest_baseline,nearest_baseline_w001264,6000000000000007838,58,Dinner-Peak Core,2020-02-15T18:17:57+08:00,2020-02-15T18:53:57+08:00,2020-02-15T18:41:17+08:00,True,3.0,677.0,2322.0,116.468197,39.995916,116.470827,39.999916
nearest_baseline,nearest_baseline_w001305,6000000000000008425,58,Dinner-Peak Core,2020-02-15T18:37:16+08:00,2020-02-15T19:10:16+08:00,2020-02-15T19:06:41+08:00,True,6.0,1001.0,3674.0,116.468197,39.995916,116.468957,39.982956
nearest_baseline,nearest_baseline_w001361,6000000000000008144,58,Dinner-Peak Core,2020-02-15T19:19:35+08:00,2020-02-15T19:57:35+08:00,2020-02-15T19:25:01+08:00,True,3.0,901.0,3254.0,116.461311,39.990718,116.456697,39.995496
nearest_baseline,nearest_baseline_w001414,6000000000000008855,58,Dinner-Peak Core,2020-02-15T19:41:22+08:00,2020-02-15T20:28:22+08:00,2020-02-15T19:50:16+08:00,True,6.0,616.0,2067.0,116.451134,39.995166,116.457797,39.985166
nearest_baseline,nearest_baseline_w001451,6000000000000008868,58,Dinner-Peak Core,2020-02-15T19:56:25+08:00,2020-02-15T20:52:25+08:00,2020-02-15T20:15:54+08:00,True,3.0,954.0,3475.0,116.460371,39.990945,116.455917,39.985196
nearest_baseline,nearest_baseline_w000005,6000000000000000212,59,Dinner-Peak Core,2020-02-15T08:07:54+08:00,2020-02-15T10:45:00+08:00,2020-02-15T08:21:49+08:00,True,6.0,1309.0,4952.0,116.434859,39.938419,116.427477,39.928296
nearest_baseline,nearest_baseline_w000103,6000000000000000670,59,Dinner-Peak Core,2020-02-15T09:27:35+08:00,2020-02-15T10:02:35+08:00,2020-02-15T09:40:15+08:00,True,6.0,1215.0,4561.0,116.446389,39.92748,116.429167,39.926216
nearest_baseline,nearest_baseline_w000150,6000000000000000528,59,Dinner-Peak Core,2020-02-15T09:41:47+08:00,2020-02-15T10:21:47+08:00,2020-02-15T10:04:49+08:00,True,3.0,889.0,3206.0,116.440718,39.923396,116.431457,39.927366
nearest_baseline,nearest_baseline_w000246,6000000000000001263,59,Dinner-Peak Core,2020-02-15T10:21:00+08:00,2020-02-15T11:03:00+08:00,2020-02-15T10:56:49+08:00,True,6.0,1009.0,3706.0,116.42895,39.9178,116.427777,39.927176
nearest_baseline,nearest_baseline_w000291,6000000000000001074,59,Dinner-Peak Core,2020-02-15T10:50:05+08:00,2020-02-15T11:24:05+08:00,2020-02-15T11:16:29+08:00,True,6.0,989.0,3621.0,116.41779,39.933144,116.411817,39.922756
nearest_baseline,nearest_baseline_w000339,6000000000000001565,59,Dinner-Peak Core,2020-02-15T11:03:53+08:00,2020-02-15T11:33:53+08:00,2020-02-15T11:38:44+08:00,False,6.0,1124.0,4182.0,116.421817,39.926136,116.403017,39.924706
nearest_baseline,nearest_baseline_w000393,6000000000000001791,59,Dinner-Peak Core,2020-02-15T11:26:18+08:00,2020-02-15T12:00:18+08:00,2020-02-15T11:55:38+08:00,True,3.0,938.0,3408.0,116.415989,39.931888,116.413097,39.935636
nearest_baseline,nearest_baseline_w000435,6000000000000002442,59,Dinner-Peak Core,2020-02-15T11:36:34+08:00,2020-02-15T12:14:34+08:00,2020-02-15T12:14:23+08:00,True,6.0,863.0,3098.0,116.407631,39.939413,116.415077,39.950976
nearest_baseline,nearest_baseline_w000482,6000000000000002398,59,Dinner-Peak Core,2020-02-15T11:51:04+08:00,2020-02-15T12:42:04+08:00,2020-02-15T12:40:47+08:00,True,6.0,1247.0,4699.0,116.409738,39.956469,116.386997,39.966016
nearest_baseline,nearest_baseline_w000585,6000000000000003603,59,Dinner-Peak Core,2020-02-15T12:30:57+08:00,2020-02-15T13:30:57+08:00,2020-02-15T13:20:02+08:00,True,6.0,1202.0,4510.0,116.391248,39.97171,116.406307,39.967666
nearest_baseline,nearest_baseline_w000646,6000000000000003802,59,Dinner-Peak Core,2020-02-15T13:01:44+08:00,2020-02-15T13:40:44+08:00,2020-02-15T13:44:15+08:00,False,6.0,855.0,3061.0,116.40785,39.961264,116.417227,39.968036
nearest_baseline,nearest_baseline_w000697,6000000000000003946,59,Dinner-Peak Core,2020-02-15T13:28:49+08:00,2020-02-15T14:08:49+08:00,2020-02-15T14:09:13+08:00,False,3.0,1153.0,4303.0,116.430643,39.961367,116.428007,39.954066
nearest_baseline,nearest_baseline_w000726,6000000000000004458,59,Dinner-Peak Core,2020-02-15T13:47:44+08:00,2020-02-15T14:26:44+08:00,2020-02-15T14:20:31+08:00,True,3.0,631.0,2130.0,116.430049,39.955605,116.440677,39.957396
nearest_baseline,nearest_baseline_w000773,6000000000000004706,59,Dinner-Peak Core,2020-02-15T14:23:44+08:00,2020-02-15T14:55:44+08:00,2020-02-15T14:44:09+08:00,True,6.0,849.0,3041.0,116.44161,39.961696,116.438977,39.971506
nearest_baseline,nearest_baseline_w000809,6000000000000004925,59,Dinner-Peak Core,2020-02-15T14:25:29+08:00,2020-02-15T15:01:29+08:00,2020-02-15T15:02:47+08:00,False,6.0,767.0,2693.0,116.437575,39.970377,116.434797,39.956476
nearest_baseline,nearest_baseline_w000855,6000000000000005169,59,Dinner-Peak Core,2020-02-15T14:47:09+08:00,2020-02-15T15:22:09+08:00,2020-02-15T15:28:37+08:00,False,6.0,1117.0,4154.0,116.44161,39.961696,116.428697,39.968126
nearest_baseline,nearest_baseline_w000898,6000000000000005369,59,Dinner-Peak Core,2020-02-15T15:26:51+08:00,2020-02-15T16:09:51+08:00,2020-02-15T15:45:52+08:00,True,3.0,952.0,3467.0,116.428297,39.96149,116.434107,39.969246
nearest_baseline,nearest_baseline_w000939,6000000000000005335,59,Dinner-Peak Core,2020-02-15T15:31:08+08:00,2020-02-15T16:10:08+08:00,2020-02-15T16:02:58+08:00,True,3.0,778.0,2741.0,116.437162,39.959078,116.434897,39.952976
nearest_baseline,nearest_baseline_w000964,6000000000000005550,59,Dinner-Peak Core,2020-02-15T15:47:52+08:00,2020-02-15T16:25:52+08:00,2020-02-15T16:22:41+08:00,True,6.0,761.0,2671.0,116.440257,39.957399,116.436077,39.969266
nearest_baseline,nearest_baseline_w001013,6000000000000006007,59,Dinner-Peak Core,2020-02-15T16:21:32+08:00,2020-02-15T17:01:32+08:00,2020-02-15T16:51:22+08:00,True,6.0,1282.0,4842.0,116.433654,39.961238,116.405477,39.967006
nearest_baseline,nearest_baseline_w001060,6000000000000006170,59,Dinner-Peak Core,2020-02-15T16:49:23+08:00,2020-02-15T17:36:23+08:00,2020-02-15T17:15:20+08:00,True,6.0,920.0,3330.0,116.407537,39.960876,116.401347,39.971726
nearest_baseline,nearest_baseline_w001103,6000000000000006308,59,Dinner-Peak Core,2020-02-15T17:00:38+08:00,2020-02-15T17:39:38+08:00,2020-02-15T17:40:15+08:00,False,3.0,1215.0,4563.0,116.391413,39.967226,116.392367,39.971236
nearest_baseline,nearest_baseline_w001200,6000000000000007453,59,Dinner-Peak Core,2020-02-15T18:00:59+08:00,2020-02-15T18:46:59+08:00,2020-02-15T18:20:25+08:00,True,6.0,1225.0,4604.0,116.40052,39.966067,116.412217,39.953376
nearest_baseline,nearest_baseline_w001277,6000000000000007609,59,Dinner-Peak Core,2020-02-15T18:03:47+08:00,2020-02-15T18:44:47+08:00,2020-02-15T18:53:52+08:00,False,6.0,1432.0,5466.0,116.394758,39.947291,116.383897,39.940316
nearest_baseline,nearest_baseline_w001324,6000000000000007777,59,Dinner-Peak Core,2020-02-15T18:45:23+08:00,2020-02-15T19:28:23+08:00,2020-02-15T19:17:27+08:00,True,6.0,1047.0,3862.0,116.385457,39.937566,116.370877,39.929446
nearest_baseline,nearest_baseline_w001373,6000000000000008313,59,Dinner-Peak Core,2020-02-15T19:23:04+08:00,2020-02-15T19:56:04+08:00,2020-02-15T19:35:46+08:00,True,3.0,946.0,3440.0,116.368547,39.921833,116.371007,39.928436
nearest_baseline,nearest_baseline_w001421,6000000000000008969,59,Dinner-Peak Core,2020-02-15T19:32:04+08:00,2020-02-15T20:03:04+08:00,2020-02-15T19:54:50+08:00,True,6.0,890.0,3206.0,116.362749,39.937453,116.358597,39.927636
nearest_baseline,nearest_baseline_w001455,6000000000000008597,59,Dinner-Peak Core,2020-02-15T19:42:51+08:00,2020-02-15T20:15:51+08:00,2020-02-15T20:19:58+08:00,False,6.0,1198.0,4494.0,116.34864,39.922954,116.335207,39.928966
nearest_baseline,nearest_baseline_w000011,6000000000000000442,60,Dinner-Peak Core,2020-02-15T08:11:04+08:00,2020-02-15T10:45:00+08:00,2020-02-15T08:19:02+08:00,True,3.0,542.0,1758.0,116.306018,39.97894,116.311937,39.979456
nearest_baseline,nearest_baseline_w000013,6000000000000000562,60,Dinner-Peak Core,2020-02-15T08:26:09+08:00,2020-02-15T11:15:00+08:00,2020-02-15T08:36:53+08:00,True,6.0,1013.0,3724.0,116.306018,39.97894,116.324447,39.989186
nearest_baseline,nearest_baseline_w000070,6000000000000000632,60,Dinner-Peak Core,2020-02-15T09:04:01+08:00,2020-02-15T12:04:01+08:00,2020-02-15T09:21:53+08:00,True,6.0,1313.0,4971.0,116.306018,39.97894,116.318957,39.989556
nearest_baseline,nearest_baseline_w000120,6000000000000000735,60,Dinner-Peak Core,2020-02-15T09:16:57+08:00,2020-02-15T12:16:57+08:00,2020-02-15T10:02:10+08:00,True,10.0,1930.0,7542.0,116.306018,39.97894,116.322767,40.010126
nearest_baseline,nearest_baseline_w000194,6000000000000000893,60,Dinner-Peak Core,2020-02-15T10:15:20+08:00,2020-02-15T11:15:00+08:00,2020-02-15T10:39:50+08:00,True,6.0,1790.0,6961.0,116.343574,40.008209,116.357567,40.010666
nearest_baseline,nearest_baseline_w000275,6000000000000001367,60,Dinner-Peak Core,2020-02-15T10:31:15+08:00,2020-02-15T11:01:16+08:00,2020-02-15T11:08:41+08:00,False,3.0,1121.0,4170.0,116.367397,39.997096,116.373667,40.000736
nearest_baseline,nearest_baseline_w000312,6000000000000001554,60,Dinner-Peak Core,2020-02-15T11:00:44+08:00,2020-02-15T11:39:44+08:00,2020-02-15T11:23:39+08:00,True,3.0,819.0,2913.0,116.383701,39.999083,116.375807,39.995986
nearest_baseline,nearest_baseline_w000363,6000000000000002172,60,Dinner-Peak Core,2020-02-15T11:22:09+08:00,2020-02-15T12:00:09+08:00,2020-02-15T11:56:33+08:00,True,3.0,1593.0,6140.0,116.386333,39.999208,116.393077,39.994356
nearest_baseline,nearest_baseline_w000433,6000000000000002211,60,Dinner-Peak Core,2020-02-15T11:33:40+08:00,2020-02-15T12:28:40+08:00,2020-02-15T12:23:12+08:00,True,6.0,1392.0,5297.0,116.396434,39.990367,116.371537,40.007166
nearest_baseline,nearest_baseline_w000519,6000000000000003695,60,Dinner-Peak Core,2020-02-15T12:36:11+08:00,2020-02-15T13:16:11+08:00,2020-02-15T12:46:44+08:00,True,6.0,1004.0,3686.0,116.383557,39.999316,116.400057,40.001566
nearest_baseline,nearest_baseline_w000561,6000000000000003761,60,Dinner-Peak Core,2020-02-15T12:29:25+08:00,2020-02-15T13:07:25+08:00,2020-02-15T13:12:32+08:00,False,6.0,1352.0,5135.0,116.386252,39.99971,116.407037,39.998416
nearest_baseline,nearest_baseline_w000630,6000000000000003888,60,Dinner-Peak Core,2020-02-15T13:05:18+08:00,2020-02-15T13:44:18+08:00,2020-02-15T13:34:48+08:00,True,3.0,888.0,3203.0,116.400121,39.993694,116.405817,39.995676
nearest_baseline,nearest_baseline_w000667,6000000000000004323,60,Dinner-Peak Core,2020-02-15T13:10:05+08:00,2020-02-15T13:51:05+08:00,2020-02-15T14:04:57+08:00,False,6.0,1497.0,5736.0,116.400042,39.991122,116.423447,39.980546
nearest_baseline,nearest_baseline_w000743,6000000000000005026,60,Dinner-Peak Core,2020-02-15T14:10:08+08:00,2020-02-15T16:30:00+08:00,2020-02-15T14:30:01+08:00,True,6.0,1201.0,4502.0,116.407119,39.980298,116.413897,39.969156
nearest_baseline,nearest_baseline_w000804,6000000000000004827,60,Dinner-Peak Core,2020-02-15T14:46:43+08:00,2020-02-15T15:25:43+08:00,2020-02-15T14:52:43+08:00,True,3.0,763.0,2676.0,116.407537,39.960876,116.417117,39.958066
nearest_baseline,nearest_baseline_w000829,6000000000000004764,60,Dinner-Peak Core,2020-02-15T14:47:19+08:00,2020-02-15T15:39:19+08:00,2020-02-15T15:09:22+08:00,True,6.0,562.0,1840.0,116.415321,39.957301,116.416507,39.946536
nearest_baseline,nearest_baseline_w000862,6000000000000005560,60,Dinner-Peak Core,2020-02-15T15:06:40+08:00,2020-02-15T15:43:40+08:00,2020-02-15T15:33:36+08:00,True,6.0,1416.0,5400.0,116.434997,39.939306,116.411817,39.939866
nearest_baseline,nearest_baseline_w000918,6000000000000005692,60,Dinner-Peak Core,2020-02-15T15:23:34+08:00,2020-02-15T15:57:34+08:00,2020-02-15T15:51:01+08:00,True,3.0,661.0,2257.0,116.425407,39.939376,116.425097,39.942676
nearest_baseline,nearest_baseline_w000953,6000000000000005481,60,Dinner-Peak Core,2020-02-15T15:37:05+08:00,2020-02-15T16:18:05+08:00,2020-02-15T16:15:08+08:00,True,6.0,908.0,3284.0,116.426144,39.935639,116.430497,39.950526
nearest_baseline,nearest_baseline_w000984,6000000000000005977,60,Dinner-Peak Core,2020-02-15T15:53:28+08:00,2020-02-15T16:37:28+08:00,2020-02-15T16:32:48+08:00,True,6.0,768.0,2697.0,116.435178,39.955209,116.450927,39.955516
nearest_baseline,nearest_baseline_w001022,6000000000000006075,60,Dinner-Peak Core,2020-02-15T16:24:36+08:00,2020-02-15T17:18:36+08:00,2020-02-15T16:53:25+08:00,True,3.0,805.0,2854.0,116.447009,39.950243,116.439437,39.955336
nearest_baseline,nearest_baseline_w001057,6000000000000006628,60,Dinner-Peak Core,2020-02-15T16:54:38+08:00,2020-02-15T17:42:38+08:00,2020-02-15T17:12:50+08:00,True,6.0,770.0,2711.0,116.444664,39.951461,116.458567,39.943666
nearest_baseline,nearest_baseline_w001112,6000000000000006435,60,Dinner-Peak Core,2020-02-15T17:03:46+08:00,2020-02-15T17:43:46+08:00,2020-02-15T17:41:24+08:00,True,3.0,1284.0,4850.0,116.447293,39.951646,116.457787,39.948096
nearest_baseline,nearest_baseline_w001176,6000000000000007012,60,Dinner-Peak Core,2020-02-15T17:32:18+08:00,2020-02-15T18:11:18+08:00,2020-02-15T18:03:58+08:00,True,6.0,838.0,2993.0,116.445074,39.949573,116.432817,39.953426
nearest_baseline,nearest_baseline_w001210,6000000000000007329,60,Dinner-Peak Core,2020-02-15T17:49:57+08:00,2020-02-15T18:24:57+08:00,2020-02-15T18:18:01+08:00,True,3.0,481.0,1506.0,116.436007,39.955315,116.436097,39.956126
nearest_baseline,nearest_baseline_w001229,6000000000000007330,60,Dinner-Peak Core,2020-02-15T17:50:53+08:00,2020-02-15T18:25:53+08:00,2020-02-15T18:23:28+08:00,True,3.0,208.0,370.0,116.436007,39.955315,116.436097,39.956126
nearest_baseline,nearest_baseline_w001255,6000000000000007703,60,Dinner-Peak Core,2020-02-15T18:13:25+08:00,2020-02-15T18:47:25+08:00,2020-02-15T18:34:00+08:00,True,3.0,240.0,499.0,116.435178,39.955209,116.434667,39.955716
nearest_baseline,nearest_baseline_w001279,6000000000000007622,60,Dinner-Peak Core,2020-02-15T18:22:22+08:00,2020-02-15T19:04:22+08:00,2020-02-15T18:44:00+08:00,True,3.0,240.0,501.0,116.435299,39.954888,116.434997,39.956306
nearest_baseline,nearest_baseline_w001330,6000000000000007946,60,Dinner-Peak Core,2020-02-15T18:59:10+08:00,2020-02-15T19:34:10+08:00,2020-02-15T19:07:11+08:00,True,3.0,431.0,1299.0,116.429473,39.960532,116.429757,39.962346
nearest_baseline,nearest_baseline_w001357,6000000000000007775,60,Dinner-Peak Core,2020-02-15T18:43:01+08:00,2020-02-15T19:23:01+08:00,2020-02-15T19:23:05+08:00,False,3.0,785.0,2774.0,116.42295,39.957621,116.421177,39.965706
nearest_baseline,nearest_baseline_w001396,6000000000000008833,60,Dinner-Peak Core,2020-02-15T19:16:36+08:00,2020-02-15T20:05:36+08:00,2020-02-15T19:47:02+08:00,True,6.0,1022.0,3757.0,116.428024,39.959003,116.403787,39.957436
nearest_baseline,nearest_baseline_w001440,6000000000000008596,60,Dinner-Peak Core,2020-02-15T19:42:50+08:00,2020-02-15T20:22:50+08:00,2020-02-15T20:08:41+08:00,True,6.0,1121.0,4170.0,116.40052,39.966067,116.411537,39.981906
