model,wave_id,order_id,assigned_rider_id,persona_name,create_time,promise_deliver_time,finish_time,is_on_time,fee,actual_duration_s,actual_distance_m,pickup_lon,pickup_lat,delivery_lon,delivery_lat
deepseek_v4,deepseek_v4_w000015,6000000000000000215,1,Full-time Workhorse,2020-02-15T08:22:02+08:00,2020-02-15T10:45:00+08:00,2020-02-15T08:42:09+08:00,True,6.0,1329.0,5038.0,116.642803,39.920638,116.627457,39.919826
deepseek_v4,deepseek_v4_w000035,6000000000000000579,1,Full-time Workhorse,2020-02-15T08:55:43+08:00,2020-02-15T11:15:00+08:00,2020-02-15T09:20:27+08:00,True,6.0,1827.0,7113.0,116.642803,39.920638,116.627157,39.920666
deepseek_v4,deepseek_v4_w000081,6000000000000000406,1,Full-time Workhorse,2020-02-15T09:00:43+08:00,2020-02-15T11:59:43+08:00,2020-02-15T10:14:50+08:00,True,6.0,2690.0,10209.0,116.642803,39.920638,116.626577,39.926276
deepseek_v4,deepseek_v4_w000081,6000000000000000461,1,Full-time Workhorse,2020-02-15T09:36:29+08:00,2020-02-15T12:06:29+08:00,2020-02-15T10:14:50+08:00,True,3.0,2690.0,10209.0,116.625171,39.926247,116.634367,39.929096
deepseek_v4,deepseek_v4_w000173,6000000000000001368,1,Full-time Workhorse,2020-02-15T10:31:45+08:00,2020-02-15T11:32:45+08:00,2020-02-15T11:18:38+08:00,True,6.0,2918.0,11158.0,116.629789,39.925544,116.603977,39.927376
deepseek_v4,deepseek_v4_w000173,6000000000000000983,1,Full-time Workhorse,2020-02-15T10:32:54+08:00,2020-02-15T11:54:54+08:00,2020-02-15T11:18:38+08:00,True,6.0,2918.0,11158.0,116.630037,39.924566,116.623747,39.942026
deepseek_v4,deepseek_v4_w000731,6000000000000006859,1,Full-time Workhorse,2020-02-15T17:12:32+08:00,2020-02-15T18:00:32+08:00,2020-02-15T17:38:35+08:00,True,6.0,1715.0,6643.0,116.637717,39.927835,116.647777,39.921156
deepseek_v4,deepseek_v4_w000810,6000000000000007733,1,Full-time Workhorse,2020-02-15T18:10:29+08:00,2020-02-15T18:58:29+08:00,2020-02-15T18:55:16+08:00,True,6.0,2716.0,10321.0,116.62917600000002,39.922566,116.642237,39.916186
deepseek_v4,deepseek_v4_w000810,6000000000000007043,1,Full-time Workhorse,2020-02-15T18:04:05+08:00,2020-02-15T19:03:05+08:00,2020-02-15T18:55:16+08:00,True,3.0,2716.0,10321.0,116.62934,39.923075,116.634347,39.928356
deepseek_v4,deepseek_v4_w000010,6000000000000000216,2,Full-time Workhorse,2020-02-15T08:25:38+08:00,2020-02-15T10:45:00+08:00,2020-02-15T08:34:19+08:00,True,6.0,859.0,3077.0,116.640281,40.125318,116.623777,40.129876
deepseek_v4,deepseek_v4_w000070,6000000000000000745,2,Full-time Workhorse,2020-02-15T09:27:47+08:00,2020-02-15T12:26:47+08:00,2020-02-15T09:42:38+08:00,True,6.0,1358.0,5155.0,116.640281,40.125318,116.624137,40.131706
deepseek_v4,deepseek_v4_w000133,6000000000000000953,2,Full-time Workhorse,2020-02-15T10:04:08+08:00,2020-02-15T10:34:08+08:00,2020-02-15T10:36:31+08:00,False,6.0,2191.0,8130.0,116.640705,40.125447,116.661007,40.125886
deepseek_v4,deepseek_v4_w000133,6000000000000000550,2,Full-time Workhorse,2020-02-15T10:08:08+08:00,2020-02-15T10:38:08+08:00,2020-02-15T10:36:31+08:00,True,6.0,2191.0,8130.0,116.640705,40.125447,116.648357,40.133716
deepseek_v4,deepseek_v4_w000193,6000000000000001373,2,Full-time Workhorse,2020-02-15T10:32:54+08:00,2020-02-15T12:00:00+08:00,2020-02-15T10:57:13+08:00,True,6.0,1033.0,3805.0,116.642834,40.126848,116.62864700000002,40.130856
deepseek_v4,deepseek_v4_w000235,6000000000000001081,2,Full-time Workhorse,2020-02-15T10:51:30+08:00,2020-02-15T11:37:30+08:00,2020-02-15T11:36:54+08:00,True,6.0,2214.0,8224.0,116.647363,40.12438,116.633167,40.132866
deepseek_v4,deepseek_v4_w000235,6000000000000001158,2,Full-time Workhorse,2020-02-15T10:55:45+08:00,2020-02-15T11:41:45+08:00,2020-02-15T11:36:54+08:00,True,3.0,2214.0,8224.0,116.647363,40.12438,116.643657,40.125586
deepseek_v4,deepseek_v4_w000288,6000000000000001767,2,Full-time Workhorse,2020-02-15T11:16:46+08:00,2020-02-15T11:52:46+08:00,2020-02-15T12:16:54+08:00,False,3.0,2214.0,8225.0,116.642721,40.126856,116.637727,40.124456
deepseek_v4,deepseek_v4_w000288,6000000000000002360,2,Full-time Workhorse,2020-02-15T11:34:14+08:00,2020-02-15T12:28:14+08:00,2020-02-15T12:16:54+08:00,True,10.0,2214.0,8225.0,116.637982,40.120823,116.659927,40.099356
deepseek_v4,deepseek_v4_w000369,6000000000000002585,2,Full-time Workhorse,2020-02-15T12:13:37+08:00,2020-02-15T12:57:37+08:00,2020-02-15T13:40:24+08:00,False,6.0,4824.0,19100.0,116.645496,40.112005,116.627727,40.108426
deepseek_v4,deepseek_v4_w000369,6000000000000003207,2,Full-time Workhorse,2020-02-15T12:09:49+08:00,2020-02-15T13:03:49+08:00,2020-02-15T13:40:24+08:00,False,6.0,4824.0,19100.0,116.655264,40.106647,116.621377,40.105876
deepseek_v4,deepseek_v4_w000512,6000000000000004954,2,Full-time Workhorse,2020-02-15T14:00:10+08:00,2020-02-15T16:30:10+08:00,2020-02-15T14:39:00+08:00,True,10.0,2340.0,9253.0,116.606184,40.119016,116.641237,40.112106
deepseek_v4,deepseek_v4_w000568,6000000000000005460,2,Full-time Workhorse,2020-02-15T14:57:53+08:00,2020-02-15T15:35:53+08:00,2020-02-15T15:19:26+08:00,True,6.0,1766.0,6357.0,116.641983,40.125965,116.655147,40.134246
deepseek_v4,deepseek_v4_w000568,6000000000000005345,2,Full-time Workhorse,2020-02-15T14:59:15+08:00,2020-02-15T15:43:15+08:00,2020-02-15T15:19:26+08:00,True,6.0,1766.0,6357.0,116.647363,40.12438,116.649827,40.135076
deepseek_v4,deepseek_v4_w000596,6000000000000005366,2,Full-time Workhorse,2020-02-15T14:55:20+08:00,2020-02-15T17:55:20+08:00,2020-02-15T15:38:26+08:00,True,6.0,1106.0,4108.0,116.653723,40.133689,116.622797,40.128616
deepseek_v4,deepseek_v4_w000625,6000000000000005386,2,Full-time Workhorse,2020-02-15T15:40:43+08:00,2020-02-15T16:28:43+08:00,2020-02-15T15:58:34+08:00,True,6.0,1114.0,4142.0,116.641578,40.127693,116.624647,40.132566
deepseek_v4,deepseek_v4_w000643,6000000000000005915,2,Full-time Workhorse,2020-02-15T16:03:26+08:00,2020-02-15T16:45:26+08:00,2020-02-15T16:24:48+08:00,True,6.0,1488.0,5202.0,116.640623,40.129513,116.626337,40.131726
deepseek_v4,deepseek_v4_w000643,6000000000000006320,2,Full-time Workhorse,2020-02-15T15:49:27+08:00,2020-02-15T18:48:27+08:00,2020-02-15T16:24:48+08:00,True,6.0,1488.0,5202.0,116.640281,40.125318,116.625247,40.134666
deepseek_v4,deepseek_v4_w000669,6000000000000006063,2,Full-time Workhorse,2020-02-15T16:18:45+08:00,2020-02-15T16:59:45+08:00,2020-02-15T16:45:43+08:00,True,6.0,943.0,3428.0,116.632554,40.128128,116.645287,40.131626
deepseek_v4,deepseek_v4_w000691,6000000000000006542,2,Full-time Workhorse,2020-02-15T16:37:50+08:00,2020-02-15T17:21:50+08:00,2020-02-15T17:09:13+08:00,True,6.0,1153.0,3807.0,116.641146,40.125396,116.626977,40.129276
deepseek_v4,deepseek_v4_w000691,6000000000000006286,2,Full-time Workhorse,2020-02-15T16:42:10+08:00,2020-02-15T17:33:10+08:00,2020-02-15T17:09:13+08:00,True,6.0,1153.0,3807.0,116.642834,40.126848,116.624657,40.130756
deepseek_v4,deepseek_v4_w000723,6000000000000006693,2,Full-time Workhorse,2020-02-15T16:47:23+08:00,2020-02-15T17:17:23+08:00,2020-02-15T17:47:24+08:00,False,6.0,2244.0,8347.0,116.640705,40.125447,116.650437,40.137736
deepseek_v4,deepseek_v4_w000723,6000000000000006559,2,Full-time Workhorse,2020-02-15T16:48:08+08:00,2020-02-15T17:18:08+08:00,2020-02-15T17:47:24+08:00,False,6.0,2244.0,8347.0,116.640705,40.125447,116.627257,40.131876
deepseek_v4,deepseek_v4_w000781,6000000000000007507,2,Full-time Workhorse,2020-02-15T17:59:43+08:00,2020-02-15T18:30:43+08:00,2020-02-15T18:13:02+08:00,True,3.0,1382.0,4753.0,116.641569,40.133753,116.642467,40.135986
deepseek_v4,deepseek_v4_w000781,6000000000000007582,2,Full-time Workhorse,2020-02-15T17:48:30+08:00,2020-02-15T18:38:30+08:00,2020-02-15T18:13:02+08:00,True,3.0,1382.0,4753.0,116.642834,40.126848,116.640957,40.131976
deepseek_v4,deepseek_v4_w000820,6000000000000007917,2,Full-time Workhorse,2020-02-15T18:12:30+08:00,2020-02-15T19:02:30+08:00,2020-02-15T18:55:40+08:00,True,6.0,2140.0,7917.0,116.647363,40.12438,116.645077,40.136156
deepseek_v4,deepseek_v4_w000820,6000000000000007929,2,Full-time Workhorse,2020-02-15T18:02:01+08:00,2020-02-15T21:02:01+08:00,2020-02-15T18:55:40+08:00,True,3.0,2140.0,7917.0,116.640281,40.125318,116.638937,40.128056
deepseek_v4,deepseek_v4_w000867,6000000000000008288,2,Full-time Workhorse,2020-02-15T18:33:16+08:00,2020-02-15T21:33:16+08:00,2020-02-15T19:11:41+08:00,True,6.0,701.0,2421.0,116.640281,40.125318,116.648357,40.133716
deepseek_v4,deepseek_v4_w000896,6000000000000008535,2,Full-time Workhorse,2020-02-15T19:24:20+08:00,2020-02-15T19:57:20+08:00,2020-02-15T19:35:46+08:00,True,3.0,946.0,3444.0,116.646873,40.124488,116.638697,40.127136
deepseek_v4,deepseek_v4_w000004,6000000000000000212,3,Full-time Workhorse,2020-02-15T08:07:54+08:00,2020-02-15T10:45:00+08:00,2020-02-15T08:19:32+08:00,True,6.0,1172.0,4382.0,116.434859,39.938419,116.427477,39.928296
deepseek_v4,deepseek_v4_w000071,6000000000000000670,3,Full-time Workhorse,2020-02-15T09:27:35+08:00,2020-02-15T10:02:35+08:00,2020-02-15T09:40:15+08:00,True,6.0,1215.0,4561.0,116.446389,39.92748,116.429167,39.926216
deepseek_v4,deepseek_v4_w000120,6000000000000000598,3,Full-time Workhorse,2020-02-15T09:43:34+08:00,2020-02-15T10:45:00+08:00,2020-02-15T10:10:25+08:00,True,6.0,1225.0,4603.0,116.416098,39.919745,116.432967,39.924936
deepseek_v4,deepseek_v4_w000165,6000000000000000958,3,Full-time Workhorse,2020-02-15T10:06:52+08:00,2020-02-15T10:39:52+08:00,2020-02-15T10:53:46+08:00,False,6.0,2026.0,7441.0,116.446389,39.92748,116.441277,39.937796
deepseek_v4,deepseek_v4_w000165,6000000000000001175,3,Full-time Workhorse,2020-02-15T10:11:25+08:00,2020-02-15T10:46:25+08:00,2020-02-15T10:53:46+08:00,False,6.0,2026.0,7441.0,116.446389,39.92748,116.444907,39.912026
deepseek_v4,deepseek_v4_w000234,6000000000000000707,3,Full-time Workhorse,2020-02-15T10:35:44+08:00,2020-02-15T11:14:44+08:00,2020-02-15T11:41:38+08:00,False,6.0,2498.0,9411.0,116.449076,39.926952,116.433317,39.928636
deepseek_v4,deepseek_v4_w000234,6000000000000001150,3,Full-time Workhorse,2020-02-15T10:54:45+08:00,2020-02-15T11:26:45+08:00,2020-02-15T11:41:38+08:00,False,6.0,2498.0,9411.0,116.426638,39.915116,116.431977,39.923446
deepseek_v4,deepseek_v4_w000317,6000000000000001693,3,Full-time Workhorse,2020-02-15T11:26:24+08:00,2020-02-15T11:56:24+08:00,2020-02-15T12:23:12+08:00,False,3.0,1992.0,7303.0,116.445491,39.925536,116.450627,39.929946
deepseek_v4,deepseek_v4_w000317,6000000000000002349,3,Full-time Workhorse,2020-02-15T11:26:46+08:00,2020-02-15T11:59:46+08:00,2020-02-15T12:23:12+08:00,False,6.0,1992.0,7303.0,116.449397,39.931966,116.461847,39.931676
deepseek_v4,deepseek_v4_w000379,6000000000000003382,3,Full-time Workhorse,2020-02-15T12:37:19+08:00,2020-02-15T13:08:19+08:00,2020-02-15T12:45:13+08:00,True,3.0,913.0,2804.0,116.452905,39.933382,116.461597,39.929416
deepseek_v4,deepseek_v4_w000379,6000000000000002606,3,Full-time Workhorse,2020-02-15T12:23:01+08:00,2020-02-15T13:14:01+08:00,2020-02-15T12:45:13+08:00,True,3.0,913.0,2804.0,116.45661,39.933487,116.460947,39.927476
deepseek_v4,deepseek_v4_w000406,6000000000000003875,3,Full-time Workhorse,2020-02-15T12:48:36+08:00,2020-02-15T13:29:36+08:00,2020-02-15T13:03:50+08:00,True,6.0,830.0,2957.0,116.467845,39.926952,116.462127,39.934906
deepseek_v4,deepseek_v4_w000448,6000000000000003645,3,Full-time Workhorse,2020-02-15T12:58:02+08:00,2020-02-15T13:42:02+08:00,2020-02-15T13:39:22+08:00,True,6.0,1762.0,6341.0,116.450476,39.948593,116.438967,39.954236
deepseek_v4,deepseek_v4_w000448,6000000000000004077,3,Full-time Workhorse,2020-02-15T12:58:44+08:00,2020-02-15T13:45:44+08:00,2020-02-15T13:39:22+08:00,True,3.0,1762.0,6341.0,116.450476,39.948593,116.446847,39.951396
deepseek_v4,deepseek_v4_w000485,6000000000000004328,3,Full-time Workhorse,2020-02-15T13:12:01+08:00,2020-02-15T13:50:01+08:00,2020-02-15T14:00:11+08:00,False,3.0,1211.0,4045.0,116.437203,39.957749,116.432237,39.955856
deepseek_v4,deepseek_v4_w000485,6000000000000004573,3,Full-time Workhorse,2020-02-15T13:19:45+08:00,2020-02-15T13:51:45+08:00,2020-02-15T14:00:11+08:00,False,3.0,1211.0,4045.0,116.437203,39.957749,116.435157,39.959656
deepseek_v4,deepseek_v4_w000515,6000000000000004226,3,Full-time Workhorse,2020-02-15T13:48:41+08:00,2020-02-15T14:25:41+08:00,2020-02-15T14:33:14+08:00,False,3.0,1394.0,4811.0,116.435299,39.954888,116.436007,39.954446
deepseek_v4,deepseek_v4_w000515,6000000000000004458,3,Full-time Workhorse,2020-02-15T13:47:44+08:00,2020-02-15T14:26:44+08:00,2020-02-15T14:33:14+08:00,False,3.0,1394.0,4811.0,116.430049,39.955605,116.440677,39.957396
deepseek_v4,deepseek_v4_w000551,6000000000000004706,3,Full-time Workhorse,2020-02-15T14:23:44+08:00,2020-02-15T14:55:44+08:00,2020-02-15T15:02:55+08:00,False,6.0,1375.0,4733.0,116.44161,39.961696,116.438977,39.971506
deepseek_v4,deepseek_v4_w000551,6000000000000005041,3,Full-time Workhorse,2020-02-15T14:26:22+08:00,2020-02-15T14:59:22+08:00,2020-02-15T15:02:55+08:00,False,3.0,1375.0,4733.0,116.44161,39.961696,116.448747,39.967396
deepseek_v4,deepseek_v4_w000587,6000000000000005558,3,Full-time Workhorse,2020-02-15T15:03:04+08:00,2020-02-15T15:40:04+08:00,2020-02-15T15:40:26+08:00,False,6.0,1826.0,6609.0,116.443406,39.961073,116.427187,39.959606
deepseek_v4,deepseek_v4_w000587,6000000000000005673,3,Full-time Workhorse,2020-02-15T15:06:28+08:00,2020-02-15T15:57:28+08:00,2020-02-15T15:40:26+08:00,True,10.0,1826.0,6609.0,116.443406,39.961073,116.405487,39.974186
deepseek_v4,deepseek_v4_w000631,6000000000000005730,3,Full-time Workhorse,2020-02-15T15:25:52+08:00,2020-02-15T15:58:52+08:00,2020-02-15T16:16:03+08:00,False,3.0,1563.0,5514.0,116.396577,39.976761,116.398067,39.979636
deepseek_v4,deepseek_v4_w000631,6000000000000005440,3,Full-time Workhorse,2020-02-15T15:29:17+08:00,2020-02-15T16:20:17+08:00,2020-02-15T16:16:03+08:00,True,6.0,1563.0,5514.0,116.396467,39.976851,116.392447,39.962146
deepseek_v4,deepseek_v4_w000663,6000000000000005491,3,Full-time Workhorse,2020-02-15T15:53:48+08:00,2020-02-15T16:52:48+08:00,2020-02-15T16:45:39+08:00,True,6.0,1539.0,5913.0,116.406187,39.950046,116.399907,39.970996
deepseek_v4,deepseek_v4_w000701,6000000000000005786,3,Full-time Workhorse,2020-02-15T16:28:56+08:00,2020-02-15T17:18:56+08:00,2020-02-15T17:21:18+08:00,False,6.0,1878.0,6830.0,116.406793,39.985754,116.401447,39.994416
deepseek_v4,deepseek_v4_w000701,6000000000000006148,3,Full-time Workhorse,2020-02-15T16:36:49+08:00,2020-02-15T17:24:49+08:00,2020-02-15T17:21:18+08:00,True,6.0,1878.0,6830.0,116.406793,39.985754,116.40510700000002,39.997736
deepseek_v4,deepseek_v4_w000751,6000000000000006440,3,Full-time Workhorse,2020-02-15T17:04:39+08:00,2020-02-15T17:43:39+08:00,2020-02-15T18:08:41+08:00,False,6.0,2321.0,8671.0,116.412054,39.992106,116.400457,39.993516
deepseek_v4,deepseek_v4_w000751,6000000000000006784,3,Full-time Workhorse,2020-02-15T17:08:06+08:00,2020-02-15T17:47:06+08:00,2020-02-15T18:08:41+08:00,False,6.0,2321.0,8671.0,116.418551,39.993203,116.416577,40.003396
deepseek_v4,deepseek_v4_w000807,6000000000000007669,3,Full-time Workhorse,2020-02-15T17:56:16+08:00,2020-02-15T18:46:16+08:00,2020-02-15T18:33:12+08:00,True,6.0,1392.0,4799.0,116.406706,39.995221,116.415687,40.003606
deepseek_v4,deepseek_v4_w000807,6000000000000007515,3,Full-time Workhorse,2020-02-15T18:10:51+08:00,2020-02-15T18:47:51+08:00,2020-02-15T18:33:12+08:00,True,3.0,1392.0,4799.0,116.412611,39.998054,116.416347,39.998776
deepseek_v4,deepseek_v4_w000843,6000000000000007628,3,Full-time Workhorse,2020-02-15T18:23:46+08:00,2020-02-15T19:05:46+08:00,2020-02-15T18:56:40+08:00,True,3.0,1000.0,3164.0,116.413515,39.99252,116.404857,39.995806
deepseek_v4,deepseek_v4_w000843,6000000000000008403,3,Full-time Workhorse,2020-02-15T18:29:26+08:00,2020-02-15T19:08:26+08:00,2020-02-15T18:56:40+08:00,True,3.0,1000.0,3164.0,116.406706,39.995221,116.401467,39.994476
deepseek_v4,deepseek_v4_w000868,6000000000000008252,3,Full-time Workhorse,2020-02-15T18:31:37+08:00,2020-02-15T19:25:37+08:00,2020-02-15T19:13:06+08:00,True,3.0,786.0,2776.0,116.400121,39.993694,116.404227,40.001626
deepseek_v4,deepseek_v4_w000897,6000000000000008454,3,Full-time Workhorse,2020-02-15T18:55:11+08:00,2020-02-15T19:34:11+08:00,2020-02-15T20:04:33+08:00,False,6.0,2673.0,10139.0,116.400042,39.991122,116.405467,40.007046
deepseek_v4,deepseek_v4_w000897,6000000000000007961,3,Full-time Workhorse,2020-02-15T19:12:34+08:00,2020-02-15T19:48:34+08:00,2020-02-15T20:04:33+08:00,False,3.0,2673.0,10139.0,116.417071,40.001143,116.421967,39.996306
deepseek_v4,deepseek_v4_w000018,6000000000000000290,4,Full-time Workhorse,2020-02-15T08:34:29+08:00,2020-02-15T09:04:30+08:00,2020-02-15T08:57:29+08:00,True,3.0,1649.0,5874.0,116.493135,39.914461,116.492017,39.909496
deepseek_v4,deepseek_v4_w000018,6000000000000000558,4,Full-time Workhorse,2020-02-15T08:35:45+08:00,2020-02-15T09:08:46+08:00,2020-02-15T08:57:29+08:00,True,6.0,1649.0,5874.0,116.493135,39.914461,116.496707,39.923686
deepseek_v4,deepseek_v4_w000041,6000000000000000619,4,Full-time Workhorse,2020-02-15T09:07:19+08:00,2020-02-15T09:56:19+08:00,2020-02-15T09:11:18+08:00,True,3.0,678.0,2328.0,116.489247,39.9225,116.489767,39.930146
deepseek_v4,deepseek_v4_w000064,6000000000000000405,4,Full-time Workhorse,2020-02-15T09:27:30+08:00,2020-02-15T10:19:30+08:00,2020-02-15T09:34:27+08:00,True,6.0,867.0,3116.0,116.489247,39.9225,116.478327,39.911236
deepseek_v4,deepseek_v4_w000098,6000000000000000268,4,Full-time Workhorse,2020-02-15T09:34:35+08:00,2020-02-15T10:21:35+08:00,2020-02-15T10:01:13+08:00,True,6.0,1273.0,4308.0,116.486367,39.906436,116.494757,39.895106
deepseek_v4,deepseek_v4_w000098,6000000000000000733,4,Full-time Workhorse,2020-02-15T09:44:49+08:00,2020-02-15T10:32:49+08:00,2020-02-15T10:01:13+08:00,True,6.0,1273.0,4308.0,116.486367,39.906436,116.493997,39.895416
deepseek_v4,deepseek_v4_w000140,6000000000000000729,4,Full-time Workhorse,2020-02-15T09:42:14+08:00,2020-02-15T10:12:14+08:00,2020-02-15T10:19:34+08:00,False,3.0,574.0,1890.0,116.491245,39.891022,116.489267,39.893526
deepseek_v4,deepseek_v4_w000163,6000000000000000907,4,Full-time Workhorse,2020-02-15T10:28:55+08:00,2020-02-15T10:58:55+08:00,2020-02-15T10:34:00+08:00,True,3.0,840.0,3001.0,116.491245,39.891022,116.497267,39.896956
deepseek_v4,deepseek_v4_w000206,6000000000000000997,4,Full-time Workhorse,2020-02-15T10:46:37+08:00,2020-02-15T11:16:37+08:00,2020-02-15T11:05:38+08:00,True,3.0,938.0,2912.0,116.491245,39.891022,116.492997,39.894716
deepseek_v4,deepseek_v4_w000206,6000000000000001535,4,Full-time Workhorse,2020-02-15T10:53:54+08:00,2020-02-15T11:23:55+08:00,2020-02-15T11:05:38+08:00,True,3.0,938.0,2912.0,116.491245,39.891022,116.494557,39.895456
deepseek_v4,deepseek_v4_w000252,6000000000000001022,4,Full-time Workhorse,2020-02-15T10:59:43+08:00,2020-02-15T11:44:43+08:00,2020-02-15T11:28:35+08:00,True,3.0,1115.0,3647.0,116.476182,39.899793,116.474507,39.898886
deepseek_v4,deepseek_v4_w000252,6000000000000001855,4,Full-time Workhorse,2020-02-15T11:09:17+08:00,2020-02-15T11:51:17+08:00,2020-02-15T11:28:35+08:00,True,3.0,1115.0,3647.0,116.476182,39.899793,116.471717,39.898756
deepseek_v4,deepseek_v4_w000283,6000000000000001023,4,Full-time Workhorse,2020-02-15T11:00:02+08:00,2020-02-15T11:44:02+08:00,2020-02-15T11:51:33+08:00,False,6.0,1293.0,4886.0,116.459747,39.890366,116.471367,39.874206
deepseek_v4,deepseek_v4_w000332,6000000000000003195,4,Full-time Workhorse,2020-02-15T12:03:15+08:00,2020-02-15T12:36:15+08:00,2020-02-15T12:16:13+08:00,True,6.0,973.0,3551.0,116.467034,39.885093,116.477257,39.893146
deepseek_v4,deepseek_v4_w000366,6000000000000002918,4,Full-time Workhorse,2020-02-15T11:51:24+08:00,2020-02-15T12:41:24+08:00,2020-02-15T12:43:46+08:00,False,6.0,1426.0,4939.0,116.487637,39.900016,116.473597,39.895266
deepseek_v4,deepseek_v4_w000366,6000000000000003019,4,Full-time Workhorse,2020-02-15T11:53:48+08:00,2020-02-15T12:46:48+08:00,2020-02-15T12:43:46+08:00,True,6.0,1426.0,4939.0,116.487637,39.900446,116.469037,39.897906
deepseek_v4,deepseek_v4_w000443,6000000000000003880,4,Full-time Workhorse,2020-02-15T12:49:50+08:00,2020-02-15T13:19:50+08:00,2020-02-15T13:26:35+08:00,False,3.0,995.0,3145.0,116.458552,39.890743,116.456587,39.890706
deepseek_v4,deepseek_v4_w000443,6000000000000003516,4,Full-time Workhorse,2020-02-15T12:58:13+08:00,2020-02-15T13:30:13+08:00,2020-02-15T13:26:35+08:00,True,3.0,995.0,3145.0,116.455139,39.890607,116.450767,39.893786
deepseek_v4,deepseek_v4_w000464,6000000000000003889,4,Full-time Workhorse,2020-02-15T13:05:44+08:00,2020-02-15T13:35:45+08:00,2020-02-15T13:45:22+08:00,False,3.0,922.0,2842.0,116.45064800000002,39.896061,116.454477,39.899896
deepseek_v4,deepseek_v4_w000464,6000000000000004244,4,Full-time Workhorse,2020-02-15T13:05:57+08:00,2020-02-15T13:35:57+08:00,2020-02-15T13:45:22+08:00,False,3.0,922.0,2842.0,116.45099,39.894333,116.458467,39.895996
deepseek_v4,deepseek_v4_w000493,6000000000000004036,4,Full-time Workhorse,2020-02-15T13:20:31+08:00,2020-02-15T14:03:31+08:00,2020-02-15T14:25:06+08:00,False,6.0,2106.0,7777.0,116.454025,39.890254,116.436527,39.898546
deepseek_v4,deepseek_v4_w000493,6000000000000004048,4,Full-time Workhorse,2020-02-15T13:24:34+08:00,2020-02-15T14:07:34+08:00,2020-02-15T14:25:06+08:00,False,6.0,2106.0,7777.0,116.455387,39.890386,116.471717,39.898806
deepseek_v4,deepseek_v4_w000545,6000000000000005080,4,Full-time Workhorse,2020-02-15T14:07:29+08:00,2020-02-15T14:47:29+08:00,2020-02-15T14:58:21+08:00,False,6.0,1701.0,6091.0,116.458922,39.88738,116.468677,39.892476
deepseek_v4,deepseek_v4_w000545,6000000000000004692,4,Full-time Workhorse,2020-02-15T14:11:58+08:00,2020-02-15T14:49:58+08:00,2020-02-15T14:58:21+08:00,False,6.0,1701.0,6091.0,116.462053,39.892023,116.471717,39.898806
deepseek_v4,deepseek_v4_w000604,6000000000000005140,4,Full-time Workhorse,2020-02-15T15:00:19+08:00,2020-02-15T15:30:19+08:00,2020-02-15T16:20:49+08:00,False,6.0,3649.0,14207.0,116.452933,39.893163,116.452267,39.881406
deepseek_v4,deepseek_v4_w000604,6000000000000005464,4,Full-time Workhorse,2020-02-15T15:01:18+08:00,2020-02-15T15:40:18+08:00,2020-02-15T16:20:49+08:00,False,3.0,3649.0,14207.0,116.483266,39.899346,116.478497,39.892926
deepseek_v4,deepseek_v4_w000672,6000000000000005829,4,Full-time Workhorse,2020-02-15T16:07:20+08:00,2020-02-15T16:53:20+08:00,2020-02-15T17:20:46+08:00,False,3.0,3046.0,11691.0,116.470487,39.907926,116.478297,39.911256
deepseek_v4,deepseek_v4_w000672,6000000000000006258,4,Full-time Workhorse,2020-02-15T16:26:28+08:00,2020-02-15T17:03:28+08:00,2020-02-15T17:20:46+08:00,False,3.0,3046.0,11691.0,116.468814,39.896494,116.470347,39.896966
deepseek_v4,deepseek_v4_w000756,6000000000000006451,4,Full-time Workhorse,2020-02-15T17:09:02+08:00,2020-02-15T17:56:02+08:00,2020-02-15T17:51:14+08:00,True,6.0,1274.0,4811.0,116.450747,39.894526,116.447267,39.883216
deepseek_v4,deepseek_v4_w000789,6000000000000007245,4,Full-time Workhorse,2020-02-15T17:44:51+08:00,2020-02-15T18:27:51+08:00,2020-02-15T18:39:31+08:00,False,6.0,2371.0,8877.0,116.44116,39.882763,116.428557,39.873876
deepseek_v4,deepseek_v4_w000789,6000000000000007498,4,Full-time Workhorse,2020-02-15T17:56:19+08:00,2020-02-15T18:28:19+08:00,2020-02-15T18:39:31+08:00,False,3.0,2371.0,8877.0,116.439819,39.880548,116.437627,39.880406
deepseek_v4,deepseek_v4_w000851,6000000000000008335,4,Full-time Workhorse,2020-02-15T18:30:09+08:00,2020-02-15T19:12:09+08:00,2020-02-15T19:04:21+08:00,True,6.0,1461.0,5588.0,116.450791,39.89412,116.43823700000002,39.891006
deepseek_v4,deepseek_v4_w000881,6000000000000008452,4,Full-time Workhorse,2020-02-15T18:54:45+08:00,2020-02-15T19:45:45+08:00,2020-02-15T19:24:57+08:00,True,6.0,897.0,3241.0,116.439402,39.884372,116.459567,39.881106
deepseek_v4,deepseek_v4_w000908,6000000000000007953,4,Full-time Workhorse,2020-02-15T19:04:19+08:00,2020-02-15T19:40:19+08:00,2020-02-15T19:55:11+08:00,False,3.0,1511.0,5295.0,116.44576800000002,39.884215,116.439207,39.883686
deepseek_v4,deepseek_v4_w000908,6000000000000008461,4,Full-time Workhorse,2020-02-15T19:01:32+08:00,2020-02-15T19:41:32+08:00,2020-02-15T19:55:11+08:00,False,3.0,1511.0,5295.0,116.45011,39.880896,116.446647,39.878976
deepseek_v4,deepseek_v4_w000946,6000000000000008590,4,Full-time Workhorse,2020-02-15T19:38:46+08:00,2020-02-15T20:19:46+08:00,2020-02-15T20:27:11+08:00,False,6.0,1631.0,5798.0,116.460707,39.883136,116.478497,39.892926
deepseek_v4,deepseek_v4_w000946,6000000000000008924,4,Full-time Workhorse,2020-02-15T19:43:02+08:00,2020-02-15T20:22:02+08:00,2020-02-15T20:27:11+08:00,False,6.0,1631.0,5798.0,116.460707,39.883136,116.478497,39.892926
deepseek_v4,deepseek_v4_w000030,6000000000000000504,5,Full-time Workhorse,2020-02-15T08:41:49+08:00,2020-02-15T09:15:49+08:00,2020-02-15T09:41:33+08:00,False,6.0,3693.0,14385.0,116.493135,39.914461,116.50664700000002,39.920116
deepseek_v4,deepseek_v4_w000030,6000000000000000443,5,Full-time Workhorse,2020-02-15T08:41:45+08:00,2020-02-15T09:40:45+08:00,2020-02-15T09:41:33+08:00,False,3.0,3693.0,14385.0,116.475354,39.921519,116.471247,39.929616
deepseek_v4,deepseek_v4_w000107,6000000000000000805,5,Full-time Workhorse,2020-02-15T09:45:51+08:00,2020-02-15T10:28:51+08:00,2020-02-15T10:18:57+08:00,True,6.0,1737.0,6239.0,116.475845,39.930812,116.460947,39.927476
deepseek_v4,deepseek_v4_w000107,6000000000000000429,5,Full-time Workhorse,2020-02-15T09:57:03+08:00,2020-02-15T10:41:03+08:00,2020-02-15T10:18:57+08:00,True,6.0,1737.0,6239.0,116.475845,39.930812,116.462347,39.912096
deepseek_v4,deepseek_v4_w000154,6000000000000001261,5,Full-time Workhorse,2020-02-15T10:20:31+08:00,2020-02-15T10:50:31+08:00,2020-02-15T10:44:56+08:00,True,3.0,1496.0,5234.0,116.461445,39.913318,116.464107,39.908956
deepseek_v4,deepseek_v4_w000154,6000000000000000840,5,Full-time Workhorse,2020-02-15T10:28:58+08:00,2020-02-15T11:15:00+08:00,2020-02-15T10:44:56+08:00,True,6.0,1496.0,5234.0,116.463146,39.909585,116.460307,39.897036
deepseek_v4,deepseek_v4_w000241,6000000000000001714,5,Full-time Workhorse,2020-02-15T10:52:50+08:00,2020-02-15T11:42:50+08:00,2020-02-15T11:34:05+08:00,True,6.0,1445.0,5521.0,116.46365,39.892728,116.492707,39.880276
deepseek_v4,deepseek_v4_w000522,6000000000000004699,5,Full-time Workhorse,2020-02-15T14:17:55+08:00,2020-02-15T15:11:55+08:00,2020-02-15T14:31:59+08:00,True,6.0,1319.0,4998.0,116.476929,39.87676,116.472597,39.863256
deepseek_v4,deepseek_v4_w000558,6000000000000005220,5,Full-time Workhorse,2020-02-15T14:31:17+08:00,2020-02-15T15:14:17+08:00,2020-02-15T15:19:09+08:00,False,3.0,2349.0,8785.0,116.478363,39.876507,116.477027,39.868666
deepseek_v4,deepseek_v4_w000558,6000000000000005289,5,Full-time Workhorse,2020-02-15T14:40:39+08:00,2020-02-15T15:28:39+08:00,2020-02-15T15:19:09+08:00,True,3.0,2349.0,8785.0,116.464881,39.875722,116.465687,39.881476
deepseek_v4,deepseek_v4_w000613,6000000000000005347,5,Full-time Workhorse,2020-02-15T15:00:43+08:00,2020-02-15T15:49:43+08:00,2020-02-15T16:15:41+08:00,False,6.0,2741.0,10418.0,116.455387,39.890386,116.463457,39.870576
deepseek_v4,deepseek_v4_w000613,6000000000000005354,5,Full-time Workhorse,2020-02-15T15:11:51+08:00,2020-02-15T16:08:51+08:00,2020-02-15T16:15:41+08:00,False,6.0,2741.0,10418.0,116.476929,39.87676,116.454607,39.888086
deepseek_v4,deepseek_v4_w000653,6000000000000006038,5,Full-time Workhorse,2020-02-15T15:58:56+08:00,2020-02-15T16:40:56+08:00,2020-02-15T16:42:51+08:00,False,10.0,1371.0,5213.0,116.45922600000002,39.890149,116.494517,39.897796
deepseek_v4,deepseek_v4_w000697,6000000000000006826,5,Full-time Workhorse,2020-02-15T16:50:31+08:00,2020-02-15T17:28:31+08:00,2020-02-15T17:11:17+08:00,True,6.0,1277.0,4320.0,116.477875,39.892471,116.494327,39.893066
deepseek_v4,deepseek_v4_w000697,6000000000000006490,5,Full-time Workhorse,2020-02-15T16:49:38+08:00,2020-02-15T17:28:38+08:00,2020-02-15T17:11:17+08:00,True,6.0,1277.0,4320.0,116.477875,39.892471,116.494537,39.897326
deepseek_v4,deepseek_v4_w000741,6000000000000006735,5,Full-time Workhorse,2020-02-15T17:20:41+08:00,2020-02-15T18:30:41+08:00,2020-02-15T17:53:52+08:00,True,10.0,2032.0,7967.0,116.475666,39.898339,116.427727,39.887706
deepseek_v4,deepseek_v4_w000787,6000000000000007810,5,Full-time Workhorse,2020-02-15T18:01:30+08:00,2020-02-15T18:46:30+08:00,2020-02-15T18:16:58+08:00,True,6.0,1018.0,3237.0,116.427787,39.892413,116.415387,39.899006
deepseek_v4,deepseek_v4_w000787,6000000000000007502,5,Full-time Workhorse,2020-02-15T17:57:49+08:00,2020-02-15T18:57:49+08:00,2020-02-15T18:16:58+08:00,True,6.0,1018.0,3237.0,116.425212,39.893217,116.415287,39.899316
deepseek_v4,deepseek_v4_w000825,6000000000000008325,5,Full-time Workhorse,2020-02-15T18:26:06+08:00,2020-02-15T19:01:06+08:00,2020-02-15T18:40:46+08:00,True,6.0,1246.0,4689.0,116.433621,39.905432,116.437007,39.918536
deepseek_v4,deepseek_v4_w000855,6000000000000008257,5,Full-time Workhorse,2020-02-15T18:33:42+08:00,2020-02-15T19:09:42+08:00,2020-02-15T19:23:21+08:00,False,6.0,2001.0,7336.0,116.442171,39.916069,116.427597,39.917496
deepseek_v4,deepseek_v4_w000855,6000000000000008251,5,Full-time Workhorse,2020-02-15T18:31:12+08:00,2020-02-15T19:14:12+08:00,2020-02-15T19:23:21+08:00,False,6.0,2001.0,7336.0,116.434903,39.921917,116.448867,39.924936
deepseek_v4,deepseek_v4_w000905,6000000000000008972,5,Full-time Workhorse,2020-02-15T19:35:06+08:00,2020-02-15T20:34:06+08:00,2020-02-15T19:46:10+08:00,True,6.0,970.0,3538.0,116.453132,39.922229,116.444907,39.914406
deepseek_v4,deepseek_v4_w000936,6000000000000008909,5,Full-time Workhorse,2020-02-15T19:23:23+08:00,2020-02-15T20:09:23+08:00,2020-02-15T20:25:16+08:00,False,6.0,2116.0,7815.0,116.444613,39.903858,116.428067,39.920796
deepseek_v4,deepseek_v4_w000936,6000000000000008967,5,Full-time Workhorse,2020-02-15T19:25:38+08:00,2020-02-15T20:09:38+08:00,2020-02-15T20:25:16+08:00,False,6.0,2116.0,7815.0,116.43835,39.90377,116.442577,39.918916
deepseek_v4,deepseek_v4_w000170,6000000000000001118,6,Full-time Workhorse,2020-02-15T10:37:53+08:00,2020-02-15T11:15:00+08:00,2020-02-15T10:52:16+08:00,True,3.0,1336.0,5068.0,116.260887,40.013524,116.269777,40.010896
deepseek_v4,deepseek_v4_w000225,6000000000000000999,6,Full-time Workhorse,2020-02-15T10:47:07+08:00,2020-02-15T11:34:07+08:00,2020-02-15T11:22:19+08:00,True,6.0,1339.0,5077.0,116.260887,40.013524,116.280477,40.018506
deepseek_v4,deepseek_v4_w000280,6000000000000001699,6,Full-time Workhorse,2020-02-15T11:29:07+08:00,2020-02-15T12:04:07+08:00,2020-02-15T11:47:31+08:00,True,6.0,1051.0,3881.0,116.290526,40.0233,116.281497,40.031066
deepseek_v4,deepseek_v4_w000307,6000000000000002204,6,Full-time Workhorse,2020-02-15T11:32:05+08:00,2020-02-15T12:12:05+08:00,2020-02-15T12:07:59+08:00,True,6.0,1079.0,3996.0,116.286864,40.032712,116.271707,40.042946
deepseek_v4,deepseek_v4_w000370,6000000000000002943,6,Full-time Workhorse,2020-02-15T11:53:04+08:00,2020-02-15T12:45:04+08:00,2020-02-15T12:43:25+08:00,True,6.0,1405.0,5352.0,116.254561,40.049781,116.272287,40.043086
deepseek_v4,deepseek_v4_w000414,6000000000000003856,6,Full-time Workhorse,2020-02-15T12:39:34+08:00,2020-02-15T13:15:34+08:00,2020-02-15T13:13:13+08:00,True,6.0,1393.0,5308.0,116.286864,40.032712,116.273417,40.043276
deepseek_v4,deepseek_v4_w000462,6000000000000003933,6,Full-time Workhorse,2020-02-15T13:12:55+08:00,2020-02-15T13:45:55+08:00,2020-02-15T13:54:44+08:00,False,6.0,2084.0,7682.0,116.294008,40.041728,116.291987,40.053636
deepseek_v4,deepseek_v4_w000462,6000000000000004255,6,Full-time Workhorse,2020-02-15T13:11:26+08:00,2020-02-15T13:55:26+08:00,2020-02-15T13:54:44+08:00,True,6.0,2084.0,7682.0,116.291487,40.052136,116.297677,40.066956
deepseek_v4,deepseek_v4_w000498,6000000000000004847,6,Full-time Workhorse,2020-02-15T14:05:16+08:00,2020-02-15T14:47:16+08:00,2020-02-15T14:37:16+08:00,True,3.0,2236.0,8322.0,116.296088,40.065187,116.302997,40.062576
deepseek_v4,deepseek_v4_w000498,6000000000000004623,6,Full-time Workhorse,2020-02-15T13:55:03+08:00,2020-02-15T14:53:03+08:00,2020-02-15T14:37:16+08:00,True,6.0,2236.0,8322.0,116.296088,40.065187,116.293747,40.078296
deepseek_v4,deepseek_v4_w000566,6000000000000004768,6,Full-time Workhorse,2020-02-15T14:53:25+08:00,2020-02-15T15:36:25+08:00,2020-02-15T15:03:00+08:00,True,6.0,780.0,2749.0,116.306459,40.082356,116.309567,40.072456
deepseek_v4,deepseek_v4_w000591,6000000000000004891,6,Full-time Workhorse,2020-02-15T14:50:22+08:00,2020-02-15T15:33:22+08:00,2020-02-15T15:26:43+08:00,True,6.0,1003.0,3679.0,116.327267,40.070896,116.324087,40.082276
deepseek_v4,deepseek_v4_w000612,6000000000000005669,6,Full-time Workhorse,2020-02-15T15:03:41+08:00,2020-02-15T15:46:41+08:00,2020-02-15T15:58:56+08:00,False,6.0,1736.0,6236.0,116.336357,40.078986,116.360267,40.082756
deepseek_v4,deepseek_v4_w000612,6000000000000005412,6,Full-time Workhorse,2020-02-15T15:05:20+08:00,2020-02-15T15:48:20+08:00,2020-02-15T15:58:56+08:00,False,6.0,1736.0,6236.0,116.336357,40.078986,116.347917,40.076226
deepseek_v4,deepseek_v4_w000644,6000000000000005551,6,Full-time Workhorse,2020-02-15T15:48:39+08:00,2020-02-15T16:25:39+08:00,2020-02-15T16:16:55+08:00,True,6.0,1015.0,3729.0,116.328332,40.071139,116.331597,40.081256
deepseek_v4,deepseek_v4_w000657,6000000000000005979,6,Full-time Workhorse,2020-02-15T15:55:18+08:00,2020-02-15T16:31:18+08:00,2020-02-15T16:46:36+08:00,False,6.0,1596.0,5651.0,116.326609,40.07442,116.339207,40.085696
deepseek_v4,deepseek_v4_w000657,6000000000000006323,6,Full-time Workhorse,2020-02-15T16:21:53+08:00,2020-02-15T16:58:53+08:00,2020-02-15T16:46:36+08:00,True,6.0,1596.0,5651.0,116.326609,40.07442,116.330997,40.088086
deepseek_v4,deepseek_v4_w000693,6000000000000006091,6,Full-time Workhorse,2020-02-15T16:31:16+08:00,2020-02-15T17:10:16+08:00,2020-02-15T17:16:28+08:00,False,6.0,1588.0,5620.0,116.33404,40.087635,116.349777,40.088356
deepseek_v4,deepseek_v4_w000693,6000000000000006167,6,Full-time Workhorse,2020-02-15T16:48:33+08:00,2020-02-15T17:22:33+08:00,2020-02-15T17:16:28+08:00,True,6.0,1588.0,5620.0,116.344569,40.082519,116.356807,40.082656
deepseek_v4,deepseek_v4_w000734,6000000000000006869,6,Full-time Workhorse,2020-02-15T17:18:21+08:00,2020-02-15T18:00:21+08:00,2020-02-15T17:30:38+08:00,True,3.0,638.0,2157.0,116.348395,40.080585,116.342447,40.076626
deepseek_v4,deepseek_v4_w000759,6000000000000006746,6,Full-time Workhorse,2020-02-15T17:25:33+08:00,2020-02-15T18:01:33+08:00,2020-02-15T18:06:29+08:00,False,3.0,1589.0,5623.0,116.343617,40.080135,116.350287,40.084216
deepseek_v4,deepseek_v4_w000759,6000000000000007225,6,Full-time Workhorse,2020-02-15T17:28:55+08:00,2020-02-15T18:04:55+08:00,2020-02-15T18:06:29+08:00,False,6.0,1589.0,5623.0,116.344643,40.079313,116.338357,40.070656
deepseek_v4,deepseek_v4_w000808,6000000000000007636,6,Full-time Workhorse,2020-02-15T17:42:34+08:00,2020-02-15T18:45:00+08:00,2020-02-15T18:37:14+08:00,True,6.0,1634.0,5807.0,116.323341,40.078574,116.337407,40.066806
deepseek_v4,deepseek_v4_w000808,6000000000000007125,6,Full-time Workhorse,2020-02-15T18:01:14+08:00,2020-02-15T18:51:14+08:00,2020-02-15T18:37:14+08:00,True,6.0,1634.0,5807.0,116.326197,40.071816,116.337407,40.066806
deepseek_v4,deepseek_v4_w000847,6000000000000008005,6,Full-time Workhorse,2020-02-15T18:21:48+08:00,2020-02-15T19:07:48+08:00,2020-02-15T18:59:50+08:00,True,6.0,1190.0,4458.0,116.336347,40.078986,116.357957,40.073796
deepseek_v4,deepseek_v4_w000871,6000000000000008504,6,Full-time Workhorse,2020-02-15T18:47:49+08:00,2020-02-15T19:34:49+08:00,2020-02-15T19:14:35+08:00,True,6.0,875.0,3146.0,116.348469,40.072231,116.347997,40.081506
deepseek_v4,deepseek_v4_w000890,6000000000000008507,6,Full-time Workhorse,2020-02-15T18:50:22+08:00,2020-02-15T19:34:22+08:00,2020-02-15T19:36:53+08:00,False,3.0,1013.0,3222.0,116.348128,40.081539,116.340377,40.081046
deepseek_v4,deepseek_v4_w000890,6000000000000008126,6,Full-time Workhorse,2020-02-15T19:07:04+08:00,2020-02-15T19:52:04+08:00,2020-02-15T19:36:53+08:00,True,6.0,1013.0,3222.0,116.348128,40.081539,116.335407,40.087076
deepseek_v4,deepseek_v4_w000925,6000000000000008482,6,Full-time Workhorse,2020-02-15T19:15:11+08:00,2020-02-15T20:00:11+08:00,2020-02-15T20:14:31+08:00,False,6.0,2071.0,7626.0,116.343436,40.079991,116.356107,40.075116
deepseek_v4,deepseek_v4_w000925,6000000000000008766,6,Full-time Workhorse,2020-02-15T19:15:39+08:00,2020-02-15T20:00:39+08:00,2020-02-15T20:14:31+08:00,False,6.0,2071.0,7626.0,116.344643,40.079313,116.337977,40.087146
deepseek_v4,deepseek_v4_w000025,6000000000000000349,7,Full-time Workhorse,2020-02-15T08:46:27+08:00,2020-02-15T10:15:00+08:00,2020-02-15T09:01:13+08:00,True,6.0,1273.0,4802.0,116.282846,39.865513,116.294467,39.879526
deepseek_v4,deepseek_v4_w000057,6000000000000000510,7,Full-time Workhorse,2020-02-15T08:57:25+08:00,2020-02-15T16:00:00+08:00,2020-02-15T09:33:33+08:00,True,6.0,1413.0,5391.0,116.295037,39.865266,116.310877,39.878026
deepseek_v4,deepseek_v4_w000127,6000000000000000818,7,Full-time Workhorse,2020-02-15T09:59:33+08:00,2020-02-15T10:45:00+08:00,2020-02-15T10:09:21+08:00,True,3.0,561.0,1838.0,116.315807,39.876166,116.323407,39.880126
deepseek_v4,deepseek_v4_w000144,6000000000000000878,7,Full-time Workhorse,2020-02-15T10:08:59+08:00,2020-02-15T11:00:59+08:00,2020-02-15T11:03:19+08:00,False,6.0,3199.0,12331.0,116.336722,39.883153,116.334497,39.898336
deepseek_v4,deepseek_v4_w000144,6000000000000000698,7,Full-time Workhorse,2020-02-15T10:19:40+08:00,2020-02-15T11:06:40+08:00,2020-02-15T11:03:19+08:00,True,3.0,3199.0,12331.0,116.315807,39.876166,116.323187,39.879306
deepseek_v4,deepseek_v4_w000251,6000000000000001716,7,Full-time Workhorse,2020-02-15T10:48:43+08:00,2020-02-15T11:49:43+08:00,2020-02-15T11:33:54+08:00,True,6.0,1434.0,5474.0,116.305351,39.883428,116.335807,39.889156
deepseek_v4,deepseek_v4_w000293,6000000000000001758,7,Full-time Workhorse,2020-02-15T11:14:20+08:00,2020-02-15T12:03:20+08:00,2020-02-15T11:57:02+08:00,True,6.0,1022.0,3756.0,116.327545,39.888423,116.337107,39.897486
deepseek_v4,deepseek_v4_w000323,6000000000000002625,7,Full-time Workhorse,2020-02-15T11:40:27+08:00,2020-02-15T12:24:27+08:00,2020-02-15T12:17:08+08:00,True,6.0,1028.0,3786.0,116.342826,39.894091,116.354697,39.898066
deepseek_v4,deepseek_v4_w000362,6000000000000002642,7,Full-time Workhorse,2020-02-15T11:53:19+08:00,2020-02-15T12:30:19+08:00,2020-02-15T13:08:40+08:00,False,6.0,2920.0,11166.0,116.342339,39.907255,116.360097,39.915526
deepseek_v4,deepseek_v4_w000362,6000000000000003095,7,Full-time Workhorse,2020-02-15T11:54:57+08:00,2020-02-15T12:43:57+08:00,2020-02-15T13:08:40+08:00,False,6.0,2920.0,11166.0,116.354626,39.898649,116.332017,39.902806
deepseek_v4,deepseek_v4_w000437,6000000000000003861,7,Full-time Workhorse,2020-02-15T12:40:47+08:00,2020-02-15T13:10:48+08:00,2020-02-15T13:25:17+08:00,False,6.0,917.0,3320.0,116.337807,39.904236,116.321397,39.903866
deepseek_v4,deepseek_v4_w000465,6000000000000003727,7,Full-time Workhorse,2020-02-15T13:00:19+08:00,2020-02-15T13:48:19+08:00,2020-02-15T14:09:44+08:00,False,6.0,2384.0,8934.0,116.326077,39.896926,116.347507,39.893686
deepseek_v4,deepseek_v4_w000465,6000000000000004415,7,Full-time Workhorse,2020-02-15T13:15:56+08:00,2020-02-15T13:55:56+08:00,2020-02-15T14:09:44+08:00,False,6.0,2384.0,8934.0,116.326151,39.897137,116.342317,39.895166
deepseek_v4,deepseek_v4_w000519,6000000000000004959,7,Full-time Workhorse,2020-02-15T14:04:05+08:00,2020-02-15T14:45:05+08:00,2020-02-15T14:48:26+08:00,False,6.0,2306.0,8610.0,116.353703,39.89785,116.358327,39.876036
deepseek_v4,deepseek_v4_w000519,6000000000000004953,7,Full-time Workhorse,2020-02-15T13:58:51+08:00,2020-02-15T14:49:51+08:00,2020-02-15T14:48:26+08:00,True,6.0,2306.0,8610.0,116.351183,39.887967,116.333447,39.875896
deepseek_v4,deepseek_v4_w000569,6000000000000005101,7,Full-time Workhorse,2020-02-15T14:22:05+08:00,2020-02-15T15:06:05+08:00,2020-02-15T15:14:20+08:00,False,6.0,1460.0,5585.0,116.355308,39.877295,116.341047,39.894386
deepseek_v4,deepseek_v4_w000603,6000000000000005210,7,Full-time Workhorse,2020-02-15T15:20:38+08:00,2020-02-15T15:50:38+08:00,2020-02-15T16:02:12+08:00,False,6.0,2532.0,9550.0,116.349201,39.896337,116.365787,39.894546
deepseek_v4,deepseek_v4_w000603,6000000000000005329,7,Full-time Workhorse,2020-02-15T15:29:55+08:00,2020-02-15T16:06:55+08:00,2020-02-15T16:02:12+08:00,True,6.0,2532.0,9550.0,116.347635,39.904613,116.33078700000002,39.896076
deepseek_v4,deepseek_v4_w000668,6000000000000005792,7,Full-time Workhorse,2020-02-15T16:31:36+08:00,2020-02-15T17:23:36+08:00,2020-02-15T16:40:10+08:00,True,3.0,610.0,2042.0,116.329682,39.889501,116.335367,39.889636
deepseek_v4,deepseek_v4_w000692,6000000000000005964,7,Full-time Workhorse,2020-02-15T16:41:06+08:00,2020-02-15T17:14:06+08:00,2020-02-15T17:29:49+08:00,False,3.0,2389.0,8952.0,116.332306,39.887726,116.331017,39.894606
deepseek_v4,deepseek_v4_w000692,6000000000000005950,7,Full-time Workhorse,2020-02-15T16:32:13+08:00,2020-02-15T17:14:13+08:00,2020-02-15T17:29:49+08:00,False,6.0,2389.0,8952.0,116.348251,39.888003,116.357237,39.899886
deepseek_v4,deepseek_v4_w000746,6000000000000006935,7,Full-time Workhorse,2020-02-15T17:11:20+08:00,2020-02-15T18:06:20+08:00,2020-02-15T17:45:26+08:00,True,6.0,926.0,3358.0,116.353878,39.903315,116.345797,39.920046
deepseek_v4,deepseek_v4_w000774,6000000000000006884,7,Full-time Workhorse,2020-02-15T17:25:17+08:00,2020-02-15T18:11:17+08:00,2020-02-15T18:17:58+08:00,False,6.0,1678.0,5989.0,116.349294,39.918768,116.334267,39.918656
deepseek_v4,deepseek_v4_w000774,6000000000000007317,7,Full-time Workhorse,2020-02-15T17:40:02+08:00,2020-02-15T18:22:02+08:00,2020-02-15T18:17:58+08:00,True,3.0,1678.0,5989.0,116.349294,39.918768,116.352127,39.924436
deepseek_v4,deepseek_v4_w000818,6000000000000007593,7,Full-time Workhorse,2020-02-15T17:54:21+08:00,2020-02-15T18:30:21+08:00,2020-02-15T18:44:29+08:00,False,6.0,1469.0,5119.0,116.347776,39.922938,116.331027,39.927536
deepseek_v4,deepseek_v4_w000818,6000000000000007587,7,Full-time Workhorse,2020-02-15T17:50:58+08:00,2020-02-15T18:37:58+08:00,2020-02-15T18:44:29+08:00,False,6.0,1469.0,5119.0,116.34864,39.922954,116.334517,39.933736
deepseek_v4,deepseek_v4_w000858,6000000000000008258,7,Full-time Workhorse,2020-02-15T18:33:28+08:00,2020-02-15T19:08:28+08:00,2020-02-15T19:16:53+08:00,False,6.0,1613.0,5723.0,116.342817,39.940455,116.325917,39.944166
deepseek_v4,deepseek_v4_w000858,6000000000000008098,7,Full-time Workhorse,2020-02-15T18:32:37+08:00,2020-02-15T19:13:37+08:00,2020-02-15T19:16:53+08:00,False,6.0,1613.0,5723.0,116.342817,39.940455,116.315467,39.942846
deepseek_v4,deepseek_v4_w000901,6000000000000008512,7,Full-time Workhorse,2020-02-15T18:54:55+08:00,2020-02-15T19:31:55+08:00,2020-02-15T20:28:51+08:00,False,6.0,4131.0,16215.0,116.336132,39.936579,116.345347,39.944276
deepseek_v4,deepseek_v4_w000901,6000000000000008055,7,Full-time Workhorse,2020-02-15T18:54:46+08:00,2020-02-15T19:41:46+08:00,2020-02-15T20:28:51+08:00,False,6.0,4131.0,16215.0,116.30382600000002,39.938531,116.313357,39.946026
deepseek_v4,deepseek_v4_w000020,6000000000000000381,8,Full-time Workhorse,2020-02-15T08:35:48+08:00,2020-02-15T09:28:48+08:00,2020-02-15T08:51:40+08:00,True,6.0,1300.0,4917.0,116.279369,39.958476,116.294577,39.938706
deepseek_v4,deepseek_v4_w000149,6000000000000000829,8,Full-time Workhorse,2020-02-15T10:12:50+08:00,2020-02-15T10:59:50+08:00,2020-02-15T10:50:31+08:00,True,6.0,2431.0,9132.0,116.307277,39.950036,116.304587,39.937446
deepseek_v4,deepseek_v4_w000149,6000000000000000500,8,Full-time Workhorse,2020-02-15T10:12:03+08:00,2020-02-15T11:00:03+08:00,2020-02-15T10:50:31+08:00,True,6.0,2431.0,9132.0,116.307277,39.950036,116.305167,39.935246
deepseek_v4,deepseek_v4_w000237,6000000000000001556,8,Full-time Workhorse,2020-02-15T11:01:20+08:00,2020-02-15T11:33:21+08:00,2020-02-15T11:29:03+08:00,True,6.0,1743.0,6261.0,116.327354,39.933619,116.32308700000002,39.922856
deepseek_v4,deepseek_v4_w000237,6000000000000001634,8,Full-time Workhorse,2020-02-15T11:05:02+08:00,2020-02-15T11:35:02+08:00,2020-02-15T11:29:03+08:00,True,3.0,1743.0,6261.0,116.327354,39.933619,116.325007,39.932886
deepseek_v4,deepseek_v4_w000285,6000000000000002250,8,Full-time Workhorse,2020-02-15T11:14:28+08:00,2020-02-15T11:59:28+08:00,2020-02-15T12:02:04+08:00,False,6.0,1924.0,7014.0,116.334979,39.920349,116.308847,39.924866
deepseek_v4,deepseek_v4_w000285,6000000000000001774,8,Full-time Workhorse,2020-02-15T11:18:25+08:00,2020-02-15T12:06:25+08:00,2020-02-15T12:02:04+08:00,True,6.0,1924.0,7014.0,116.334979,39.920349,116.307167,39.919796
deepseek_v4,deepseek_v4_w000351,6000000000000002794,8,Full-time Workhorse,2020-02-15T11:41:08+08:00,2020-02-15T12:40:13+08:00,2020-02-15T12:37:17+08:00,True,6.0,1637.0,6320.0,116.305367,39.931616,116.285177,39.920866
deepseek_v4,deepseek_v4_w000469,6000000000000004507,8,Full-time Workhorse,2020-02-15T13:31:41+08:00,2020-02-15T14:07:41+08:00,2020-02-15T13:49:34+08:00,True,6.0,1174.0,4392.0,116.287489,39.9073,116.291207,39.918466
deepseek_v4,deepseek_v4_w000494,6000000000000004203,8,Full-time Workhorse,2020-02-15T13:32:02+08:00,2020-02-15T14:02:03+08:00,2020-02-15T13:58:07+08:00,True,3.0,487.0,1528.0,116.293261,39.911647,116.295817,39.914346
deepseek_v4,deepseek_v4_w000520,6000000000000004701,8,Full-time Workhorse,2020-02-15T14:19:18+08:00,2020-02-15T14:49:19+08:00,2020-02-15T14:31:01+08:00,True,6.0,1261.0,4752.0,116.286854,39.907218,116.289757,39.895196
deepseek_v4,deepseek_v4_w000557,6000000000000004821,8,Full-time Workhorse,2020-02-15T14:39:05+08:00,2020-02-15T15:09:05+08:00,2020-02-15T14:59:56+08:00,True,6.0,1196.0,4482.0,116.286854,39.907218,116.28780700000002,39.897836
deepseek_v4,deepseek_v4_w000594,6000000000000005203,8,Full-time Workhorse,2020-02-15T15:15:09+08:00,2020-02-15T18:00:00+08:00,2020-02-15T15:37:36+08:00,True,6.0,1656.0,6397.0,116.29436,39.881414,116.303107,39.898796
deepseek_v4,deepseek_v4_w000722,6000000000000006794,8,Full-time Workhorse,2020-02-15T17:13:20+08:00,2020-02-15T18:26:20+08:00,2020-02-15T17:36:43+08:00,True,10.0,1603.0,6178.0,116.298218,39.908106,116.267497,39.925246
deepseek_v4,deepseek_v4_w000792,6000000000000007815,8,Full-time Workhorse,2020-02-15T18:04:31+08:00,2020-02-15T18:54:31+08:00,2020-02-15T18:16:01+08:00,True,6.0,961.0,3505.0,116.254166,39.927445,116.241127,39.928936
deepseek_v4,deepseek_v4_w000815,6000000000000007140,8,Full-time Workhorse,2020-02-15T18:11:07+08:00,2020-02-15T19:08:07+08:00,2020-02-15T18:46:46+08:00,True,6.0,1606.0,5692.0,116.243865,39.930063,116.219037,39.931936
deepseek_v4,deepseek_v4_w000815,6000000000000007275,8,Full-time Workhorse,2020-02-15T18:05:30+08:00,2020-02-15T19:13:30+08:00,2020-02-15T18:46:46+08:00,True,6.0,1606.0,5692.0,116.243792,39.929568,116.219287,39.926376
deepseek_v4,deepseek_v4_w000059,6000000000000000353,9,Full-time Workhorse,2020-02-15T09:10:56+08:00,2020-02-15T09:52:56+08:00,2020-02-15T09:25:14+08:00,True,3.0,914.0,3306.0,116.223847,40.220772,116.23224700000002,40.219296
deepseek_v4,deepseek_v4_w000079,6000000000000000361,9,Full-time Workhorse,2020-02-15T09:37:33+08:00,2020-02-15T10:12:33+08:00,2020-02-15T09:44:25+08:00,True,6.0,865.0,3104.0,116.223847,40.220772,116.224377,40.208516
deepseek_v4,deepseek_v4_w000119,6000000000000000407,9,Full-time Workhorse,2020-02-15T09:30:52+08:00,2020-02-15T10:18:52+08:00,2020-02-15T10:24:56+08:00,False,6.0,2096.0,7735.0,116.223519,40.223315,116.248097,40.216706
deepseek_v4,deepseek_v4_w000119,6000000000000000808,9,Full-time Workhorse,2020-02-15T09:44:46+08:00,2020-02-15T10:30:46+08:00,2020-02-15T10:24:56+08:00,True,3.0,2096.0,7735.0,116.229677,40.219166,116.224107,40.213806
deepseek_v4,deepseek_v4_w000171,6000000000000001113,9,Full-time Workhorse,2020-02-15T10:19:59+08:00,2020-02-15T11:11:59+08:00,2020-02-15T11:27:31+08:00,False,10.0,3451.0,13379.0,116.224309,40.208972,116.258287,40.228066
deepseek_v4,deepseek_v4_w000171,6000000000000000771,9,Full-time Workhorse,2020-02-15T10:24:30+08:00,2020-02-15T11:20:30+08:00,2020-02-15T11:27:31+08:00,False,6.0,3451.0,13379.0,116.223983,40.215125,116.200567,40.222996
deepseek_v4,deepseek_v4_w000284,6000000000000001808,9,Full-time Workhorse,2020-02-15T11:32:43+08:00,2020-02-15T12:20:43+08:00,2020-02-15T11:59:47+08:00,True,6.0,1787.0,6945.0,116.21815,40.223265,116.215957,40.203726
deepseek_v4,deepseek_v4_w000330,6000000000000002367,9,Full-time Workhorse,2020-02-15T11:35:11+08:00,2020-02-15T12:24:11+08:00,2020-02-15T12:33:01+08:00,False,6.0,1981.0,7249.0,116.227967,40.211171,116.246157,40.207626
deepseek_v4,deepseek_v4_w000330,6000000000000002633,9,Full-time Workhorse,2020-02-15T11:49:16+08:00,2020-02-15T12:46:16+08:00,2020-02-15T12:33:01+08:00,True,6.0,1981.0,7249.0,116.220697,40.211278,116.247807,40.216946
deepseek_v4,deepseek_v4_w000392,6000000000000003287,9,Full-time Workhorse,2020-02-15T12:23:55+08:00,2020-02-15T12:53:55+08:00,2020-02-15T13:32:08+08:00,False,6.0,3128.0,12028.0,116.229847,40.218426,116.225457,40.206676
deepseek_v4,deepseek_v4_w000392,6000000000000003689,9,Full-time Workhorse,2020-02-15T12:30:28+08:00,2020-02-15T13:34:28+08:00,2020-02-15T13:32:08+08:00,True,6.0,3128.0,12028.0,116.251928,40.219962,116.241427,40.224326
deepseek_v4,deepseek_v4_w000581,6000000000000005503,9,Full-time Workhorse,2020-02-15T15:02:36+08:00,2020-02-15T15:44:36+08:00,2020-02-15T15:28:37+08:00,True,6.0,1717.0,6151.0,116.227967,40.211171,116.228877,40.225076
deepseek_v4,deepseek_v4_w000581,6000000000000005417,9,Full-time Workhorse,2020-02-15T15:08:10+08:00,2020-02-15T16:15:00+08:00,2020-02-15T15:28:37+08:00,True,6.0,1717.0,6151.0,116.228992,40.211453,116.231097,40.227756
deepseek_v4,deepseek_v4_w000614,6000000000000005566,9,Full-time Workhorse,2020-02-15T15:16:38+08:00,2020-02-15T16:00:38+08:00,2020-02-15T15:55:21+08:00,True,6.0,1521.0,5840.0,116.229312,40.210922,116.226277,40.194816
deepseek_v4,deepseek_v4_w000646,6000000000000005873,9,Full-time Workhorse,2020-02-15T15:44:46+08:00,2020-02-15T16:39:46+08:00,2020-02-15T16:59:54+08:00,False,6.0,3594.0,13973.0,116.220697,40.211278,116.231187,40.229316
deepseek_v4,deepseek_v4_w000646,6000000000000005712,9,Full-time Workhorse,2020-02-15T15:47:19+08:00,2020-02-15T17:03:19+08:00,2020-02-15T16:59:54+08:00,True,6.0,3594.0,13973.0,116.22925,40.211239,116.201317,40.199736
deepseek_v4,deepseek_v4_w000087,6000000000000000679,10,Full-time Workhorse,2020-02-15T09:31:20+08:00,2020-02-15T12:31:20+08:00,2020-02-15T09:41:15+08:00,True,3.0,675.0,2314.0,116.309383,39.844365,116.308777,39.847316
deepseek_v4,deepseek_v4_w000108,6000000000000000741,10,Full-time Workhorse,2020-02-15T09:52:02+08:00,2020-02-15T10:36:02+08:00,2020-02-15T10:00:36+08:00,True,3.0,636.0,2147.0,116.311233,39.843761,116.30741700000002,39.851866
deepseek_v4,deepseek_v4_w000141,6000000000000000695,10,Full-time Workhorse,2020-02-15T10:18:01+08:00,2020-02-15T10:58:01+08:00,2020-02-15T10:17:25+08:00,True,3.0,445.0,1351.0,116.310481,39.846895,116.30638700000002,39.847496
deepseek_v4,deepseek_v4_w000159,6000000000000001089,10,Full-time Workhorse,2020-02-15T10:01:23+08:00,2020-02-15T10:37:23+08:00,2020-02-15T10:48:41+08:00,False,3.0,1721.0,6171.0,116.296568,39.849858,116.298137,39.847346
deepseek_v4,deepseek_v4_w000159,6000000000000001050,10,Full-time Workhorse,2020-02-15T10:29:00+08:00,2020-02-15T11:04:00+08:00,2020-02-15T10:48:41+08:00,True,3.0,1721.0,6171.0,116.310219,39.847394,116.308717,39.845346
deepseek_v4,deepseek_v4_w000202,6000000000000001053,10,Full-time Workhorse,2020-02-15T10:33:30+08:00,2020-02-15T11:18:30+08:00,2020-02-15T11:07:11+08:00,True,3.0,1031.0,3296.0,116.310481,39.846895,116.305347,39.845236
deepseek_v4,deepseek_v4_w000202,6000000000000000849,10,Full-time Workhorse,2020-02-15T10:34:30+08:00,2020-02-15T11:24:31+08:00,2020-02-15T11:07:11+08:00,True,6.0,1031.0,3296.0,116.310481,39.846895,116.316247,39.833676
deepseek_v4,deepseek_v4_w000253,6000000000000001066,10,Full-time Workhorse,2020-02-15T10:47:47+08:00,2020-02-15T11:35:47+08:00,2020-02-15T11:30:42+08:00,True,6.0,1242.0,4675.0,116.309405,39.847654,116.316277,39.834276
deepseek_v4,deepseek_v4_w000299,6000000000000002255,10,Full-time Workhorse,2020-02-15T11:16:27+08:00,2020-02-15T12:09:27+08:00,2020-02-15T11:56:13+08:00,True,6.0,973.0,3554.0,116.312273,39.843898,116.298827,39.846596
deepseek_v4,deepseek_v4_w000329,6000000000000002355,10,Full-time Workhorse,2020-02-15T11:32:18+08:00,2020-02-15T12:21:18+08:00,2020-02-15T12:39:28+08:00,False,6.0,2368.0,8863.0,116.310259,39.843509,116.297817,39.850326
deepseek_v4,deepseek_v4_w000329,6000000000000002472,10,Full-time Workhorse,2020-02-15T11:45:28+08:00,2020-02-15T12:26:28+08:00,2020-02-15T12:39:28+08:00,False,3.0,2368.0,8863.0,116.311726,39.843787,116.311057,39.839286
deepseek_v4,deepseek_v4_w000387,6000000000000003638,10,Full-time Workhorse,2020-02-15T12:18:55+08:00,2020-02-15T15:18:55+08:00,2020-02-15T12:47:33+08:00,True,3.0,453.0,1386.0,116.309383,39.844365,116.312667,39.843256
deepseek_v4,deepseek_v4_w000441,6000000000000004277,10,Full-time Workhorse,2020-02-15T13:16:09+08:00,2020-02-15T14:01:09+08:00,2020-02-15T14:13:05+08:00,False,6.0,3785.0,14767.0,116.298705,39.856634,116.279717,39.861046
deepseek_v4,deepseek_v4_w000441,6000000000000004047,10,Full-time Workhorse,2020-02-15T12:54:43+08:00,2020-02-15T16:15:00+08:00,2020-02-15T14:13:05+08:00,True,3.0,3785.0,14767.0,116.309383,39.844365,116.305347,39.845236
deepseek_v4,deepseek_v4_w000528,6000000000000004611,10,Full-time Workhorse,2020-02-15T13:51:28+08:00,2020-02-15T14:27:28+08:00,2020-02-15T14:28:45+08:00,False,3.0,525.0,1186.0,116.310219,39.847394,116.308477,39.849366
deepseek_v4,deepseek_v4_w000528,6000000000000003970,10,Full-time Workhorse,2020-02-15T13:54:16+08:00,2020-02-15T14:29:16+08:00,2020-02-15T14:28:45+08:00,True,3.0,525.0,1186.0,116.310219,39.847394,116.308477,39.849366
deepseek_v4,deepseek_v4_w000538,6000000000000005083,10,Full-time Workhorse,2020-02-15T14:09:11+08:00,2020-02-15T14:52:11+08:00,2020-02-15T14:41:42+08:00,True,6.0,702.0,2424.0,116.310219,39.847394,116.324977,39.841236
deepseek_v4,deepseek_v4_w000580,6000000000000005134,10,Full-time Workhorse,2020-02-15T14:52:53+08:00,2020-02-15T15:28:53+08:00,2020-02-15T15:14:27+08:00,True,3.0,867.0,3114.0,116.340793,39.845148,116.348497,39.841636
deepseek_v4,deepseek_v4_w000599,6000000000000005252,10,Full-time Workhorse,2020-02-15T14:59:32+08:00,2020-02-15T15:33:32+08:00,2020-02-15T15:42:37+08:00,False,3.0,1357.0,4660.0,116.349011,39.844929,116.348777,39.848406
deepseek_v4,deepseek_v4_w000599,6000000000000005304,10,Full-time Workhorse,2020-02-15T15:05:10+08:00,2020-02-15T15:53:10+08:00,2020-02-15T15:42:37+08:00,True,6.0,1357.0,4660.0,116.348569,39.845409,116.361567,39.836236
deepseek_v4,deepseek_v4_w000629,6000000000000005211,10,Full-time Workhorse,2020-02-15T15:23:00+08:00,2020-02-15T16:06:00+08:00,2020-02-15T16:16:37+08:00,False,3.0,1597.0,5655.0,116.360883,39.845825,116.364857,39.843406
deepseek_v4,deepseek_v4_w000629,6000000000000005738,10,Full-time Workhorse,2020-02-15T15:28:35+08:00,2020-02-15T16:21:35+08:00,2020-02-15T16:16:37+08:00,True,3.0,1597.0,5655.0,116.361533,39.836691,116.359427,39.837726
deepseek_v4,deepseek_v4_w000654,6000000000000005899,10,Full-time Workhorse,2020-02-15T16:25:52+08:00,2020-02-15T17:15:52+08:00,2020-02-15T16:34:20+08:00,True,6.0,860.0,3085.0,116.359472,39.833364,116.375487,39.838216
deepseek_v4,deepseek_v4_w000686,6000000000000005933,10,Full-time Workhorse,2020-02-15T16:20:20+08:00,2020-02-15T17:00:20+08:00,2020-02-15T16:57:54+08:00,True,6.0,1074.0,3977.0,116.376357,39.854118,116.370357,39.862796
deepseek_v4,deepseek_v4_w000716,6000000000000005793,10,Full-time Workhorse,2020-02-15T16:32:11+08:00,2020-02-15T17:37:11+08:00,2020-02-15T17:26:18+08:00,True,6.0,1578.0,6074.0,116.35661100000002,39.853485,116.371737,39.844166
deepseek_v4,deepseek_v4_w000754,6000000000000006900,10,Full-time Workhorse,2020-02-15T17:08:20+08:00,2020-02-15T18:07:20+08:00,2020-02-15T17:59:46+08:00,True,10.0,1786.0,6942.0,116.361151,39.852598,116.354357,39.882676
deepseek_v4,deepseek_v4_w000799,6000000000000007235,10,Full-time Workhorse,2020-02-15T17:37:04+08:00,2020-02-15T18:29:04+08:00,2020-02-15T18:26:38+08:00,True,6.0,1598.0,6159.0,116.354626,39.898649,116.326687,39.892526
deepseek_v4,deepseek_v4_w000831,6000000000000007981,10,Full-time Workhorse,2020-02-15T18:09:17+08:00,2020-02-15T19:10:17+08:00,2020-02-15T18:55:04+08:00,True,10.0,1504.0,5764.0,116.318878,39.883469,116.319357,39.854336
deepseek_v4,deepseek_v4_w000869,6000000000000007786,10,Full-time Workhorse,2020-02-15T18:51:00+08:00,2020-02-15T19:47:00+08:00,2020-02-15T19:23:02+08:00,True,6.0,1382.0,5258.0,116.323787,39.848884,116.333507,39.868966
deepseek_v4,deepseek_v4_w000911,6000000000000008915,10,Full-time Workhorse,2020-02-15T19:26:45+08:00,2020-02-15T20:05:45+08:00,2020-02-15T19:45:29+08:00,True,6.0,929.0,3372.0,116.343601,39.877731,116.343207,39.887506
deepseek_v4,deepseek_v4_w000935,6000000000000008716,10,Full-time Workhorse,2020-02-15T19:33:48+08:00,2020-02-15T20:04:48+08:00,2020-02-15T20:48:24+08:00,False,6.0,3504.0,13602.0,116.351183,39.887967,116.356067,39.898056
deepseek_v4,deepseek_v4_w000935,6000000000000008539,10,Full-time Workhorse,2020-02-15T19:36:49+08:00,2020-02-15T20:20:49+08:00,2020-02-15T20:48:24+08:00,False,6.0,3504.0,13602.0,116.324211,39.884289,116.336437,39.875446
deepseek_v4,deepseek_v4_w000185,6000000000000001362,11,Full-time Workhorse,2020-02-15T10:25:46+08:00,2020-02-15T11:06:46+08:00,2020-02-15T10:56:56+08:00,True,6.0,1616.0,5734.0,116.190897,39.941936,116.179217,39.937736
deepseek_v4,deepseek_v4_w000185,6000000000000000853,11,Full-time Workhorse,2020-02-15T10:37:03+08:00,2020-02-15T11:29:03+08:00,2020-02-15T10:56:56+08:00,True,3.0,1616.0,5734.0,116.193448,39.942096,116.18541700000002,39.941816
deepseek_v4,deepseek_v4_w000217,6000000000000001619,11,Full-time Workhorse,2020-02-15T10:48:29+08:00,2020-02-15T11:22:29+08:00,2020-02-15T11:11:15+08:00,True,6.0,675.0,2311.0,116.183813,39.938312,116.185297,39.925976
deepseek_v4,deepseek_v4_w000268,6000000000000001157,11,Full-time Workhorse,2020-02-15T10:54:36+08:00,2020-02-15T11:30:36+08:00,2020-02-15T11:39:38+08:00,False,6.0,1178.0,4410.0,116.188997,39.91442,116.197237,39.897016
deepseek_v4,deepseek_v4_w000302,6000000000000001971,11,Full-time Workhorse,2020-02-15T11:25:48+08:00,2020-02-15T12:07:48+08:00,2020-02-15T12:06:57+08:00,True,6.0,1617.0,5738.0,116.191567,39.907128,116.187357,39.918836
deepseek_v4,deepseek_v4_w000302,6000000000000001326,11,Full-time Workhorse,2020-02-15T11:18:44+08:00,2020-02-15T12:08:44+08:00,2020-02-15T12:06:57+08:00,True,6.0,1617.0,5738.0,116.195896,39.909271,116.179937,39.924246
deepseek_v4,deepseek_v4_w000339,6000000000000003341,11,Full-time Workhorse,2020-02-15T12:16:32+08:00,2020-02-15T13:08:32+08:00,2020-02-15T12:35:48+08:00,True,6.0,1548.0,5449.0,116.185497,39.924216,116.172867,39.929816
deepseek_v4,deepseek_v4_w000339,6000000000000003324,11,Full-time Workhorse,2020-02-15T12:12:39+08:00,2020-02-15T13:11:39+08:00,2020-02-15T12:35:48+08:00,True,6.0,1548.0,5449.0,116.186853,39.924765,116.157647,39.931056
deepseek_v4,deepseek_v4_w000395,6000000000000002786,11,Full-time Workhorse,2020-02-15T12:22:31+08:00,2020-02-15T13:16:31+08:00,2020-02-15T12:59:07+08:00,True,6.0,1147.0,4279.0,116.162977,39.922126,116.169357,39.909266
deepseek_v4,deepseek_v4_w000419,6000000000000003405,11,Full-time Workhorse,2020-02-15T12:49:17+08:00,2020-02-15T13:41:17+08:00,2020-02-15T13:39:56+08:00,True,6.0,2396.0,8980.0,116.168269,39.913843,116.152917,39.934076
deepseek_v4,deepseek_v4_w000419,6000000000000003796,11,Full-time Workhorse,2020-02-15T13:01:53+08:00,2020-02-15T15:31:53+08:00,2020-02-15T13:39:56+08:00,True,3.0,2396.0,8980.0,116.16771,39.914359,116.17359700000002,39.908846
deepseek_v4,deepseek_v4_w000477,6000000000000003908,11,Full-time Workhorse,2020-02-15T13:13:59+08:00,2020-02-15T14:02:59+08:00,2020-02-15T14:08:48+08:00,False,10.0,1728.0,6700.0,116.16812,39.910818,116.194357,39.935136
deepseek_v4,deepseek_v4_w000786,6000000000000007360,11,Full-time Workhorse,2020-02-15T18:02:53+08:00,2020-02-15T18:49:53+08:00,2020-02-15T18:22:01+08:00,True,10.0,1321.0,5005.0,116.19192,39.931778,116.150147,39.930786
deepseek_v4,deepseek_v4_w000039,6000000000000000449,12,Full-time Workhorse,2020-02-15T09:09:02+08:00,2020-02-15T09:39:02+08:00,2020-02-15T09:10:42+08:00,True,3.0,642.0,2177.0,116.314724,39.952683,116.306437,39.955736
deepseek_v4,deepseek_v4_w000063,6000000000000000628,12,Full-time Workhorse,2020-02-15T09:26:26+08:00,2020-02-15T09:56:26+08:00,2020-02-15T09:33:53+08:00,True,3.0,833.0,2972.0,116.314724,39.952683,116.307357,39.951786
deepseek_v4,deepseek_v4_w000096,6000000000000000362,12,Full-time Workhorse,2020-02-15T09:39:09+08:00,2020-02-15T10:09:10+08:00,2020-02-15T10:10:46+08:00,False,6.0,1846.0,6694.0,116.314724,39.952683,116.301337,39.945716
deepseek_v4,deepseek_v4_w000096,6000000000000000644,12,Full-time Workhorse,2020-02-15T09:47:47+08:00,2020-02-15T10:17:47+08:00,2020-02-15T10:10:46+08:00,True,6.0,1846.0,6694.0,116.314724,39.952683,116.314817,39.942296
deepseek_v4,deepseek_v4_w000182,6000000000000000913,12,Full-time Workhorse,2020-02-15T10:31:49+08:00,2020-02-15T11:01:49+08:00,2020-02-15T10:52:18+08:00,True,3.0,1338.0,4572.0,116.32743,39.948812,116.326527,39.952556
deepseek_v4,deepseek_v4_w000182,6000000000000000719,12,Full-time Workhorse,2020-02-15T10:37:24+08:00,2020-02-15T11:07:24+08:00,2020-02-15T10:52:18+08:00,True,3.0,1338.0,4572.0,116.325273,39.954255,116.326527,39.952556
deepseek_v4,deepseek_v4_w000215,6000000000000000931,12,Full-time Workhorse,2020-02-15T10:46:09+08:00,2020-02-15T11:26:09+08:00,2020-02-15T11:32:17+08:00,False,6.0,1937.0,7073.0,116.325304,39.953743,116.312317,39.947356
deepseek_v4,deepseek_v4_w000215,6000000000000001244,12,Full-time Workhorse,2020-02-15T10:55:48+08:00,2020-02-15T11:34:48+08:00,2020-02-15T11:32:17+08:00,True,3.0,1937.0,7073.0,116.325304,39.953743,116.329627,39.960476
deepseek_v4,deepseek_v4_w000295,6000000000000002045,12,Full-time Workhorse,2020-02-15T11:13:38+08:00,2020-02-15T11:43:38+08:00,2020-02-15T11:54:40+08:00,False,3.0,880.0,2668.0,116.339137,39.956896,116.332597,39.958486
deepseek_v4,deepseek_v4_w000295,6000000000000002186,12,Full-time Workhorse,2020-02-15T11:24:37+08:00,2020-02-15T11:57:37+08:00,2020-02-15T11:54:40+08:00,True,6.0,880.0,2668.0,116.339137,39.956896,116.330067,39.963176
deepseek_v4,deepseek_v4_w000327,6000000000000001912,12,Full-time Workhorse,2020-02-15T11:34:53+08:00,2020-02-15T12:07:53+08:00,2020-02-15T12:18:18+08:00,False,6.0,1098.0,3574.0,116.33576,39.957484,116.348117,39.957226
deepseek_v4,deepseek_v4_w000327,6000000000000002483,12,Full-time Workhorse,2020-02-15T11:50:21+08:00,2020-02-15T12:20:21+08:00,2020-02-15T12:18:18+08:00,True,3.0,1098.0,3574.0,116.339137,39.956896,116.348677,39.954306
deepseek_v4,deepseek_v4_w000371,6000000000000003093,12,Full-time Workhorse,2020-02-15T11:53:05+08:00,2020-02-15T12:28:05+08:00,2020-02-15T12:33:38+08:00,False,3.0,818.0,2908.0,116.351635,39.937314,116.346927,39.938486
deepseek_v4,deepseek_v4_w000396,6000000000000003215,12,Full-time Workhorse,2020-02-15T12:11:21+08:00,2020-02-15T12:44:21+08:00,2020-02-15T12:50:47+08:00,False,3.0,647.0,2194.0,116.357474,39.940046,116.351747,39.944176
deepseek_v4,deepseek_v4_w000426,6000000000000003708,12,Full-time Workhorse,2020-02-15T12:49:17+08:00,2020-02-15T13:26:17+08:00,2020-02-15T13:38:10+08:00,False,3.0,2290.0,8544.0,116.358212,39.930374,116.365587,39.930586
deepseek_v4,deepseek_v4_w000426,6000000000000003622,12,Full-time Workhorse,2020-02-15T12:40:30+08:00,2020-02-15T13:28:30+08:00,2020-02-15T13:38:10+08:00,False,6.0,2290.0,8544.0,116.353967,39.938066,116.360167,39.916646
deepseek_v4,deepseek_v4_w000482,6000000000000004015,12,Full-time Workhorse,2020-02-15T13:12:01+08:00,2020-02-15T13:43:01+08:00,2020-02-15T14:18:47+08:00,False,3.0,2327.0,8693.0,116.368547,39.921833,116.358657,39.925326
deepseek_v4,deepseek_v4_w000482,6000000000000003743,12,Full-time Workhorse,2020-02-15T13:11:47+08:00,2020-02-15T13:45:56+08:00,2020-02-15T14:18:47+08:00,False,3.0,2327.0,8693.0,116.364357,39.911396,116.366217,39.909466
deepseek_v4,deepseek_v4_w000526,6000000000000004464,12,Full-time Workhorse,2020-02-15T13:59:07+08:00,2020-02-15T14:38:07+08:00,2020-02-15T14:49:58+08:00,False,6.0,1798.0,6490.0,116.363553,39.908702,116.343237,39.908036
deepseek_v4,deepseek_v4_w000526,6000000000000004903,12,Full-time Workhorse,2020-02-15T14:04:01+08:00,2020-02-15T15:04:01+08:00,2020-02-15T14:49:58+08:00,True,6.0,1798.0,6490.0,116.362741,39.909954,116.337917,39.895316
deepseek_v4,deepseek_v4_w000562,6000000000000004828,12,Full-time Workhorse,2020-02-15T14:46:47+08:00,2020-02-15T15:47:47+08:00,2020-02-15T15:38:18+08:00,True,6.0,2898.0,11076.0,116.342826,39.894091,116.371087,39.888816
deepseek_v4,deepseek_v4_w000562,6000000000000004888,12,Full-time Workhorse,2020-02-15T14:48:41+08:00,2020-02-15T17:18:41+08:00,2020-02-15T15:38:18+08:00,True,6.0,2898.0,11076.0,116.344519,39.898522,116.334277,39.892866
deepseek_v4,deepseek_v4_w000619,6000000000000005808,12,Full-time Workhorse,2020-02-15T15:40:19+08:00,2020-02-15T16:27:19+08:00,2020-02-15T15:58:50+08:00,True,6.0,1130.0,4207.0,116.342826,39.894091,116.327467,39.892386
deepseek_v4,deepseek_v4_w000666,6000000000000006206,12,Full-time Workhorse,2020-02-15T16:36:28+08:00,2020-02-15T17:29:28+08:00,2020-02-15T16:48:18+08:00,True,6.0,1098.0,4072.0,116.331217,39.888086,116.327457,39.906956
deepseek_v4,deepseek_v4_w000700,6000000000000005794,12,Full-time Workhorse,2020-02-15T16:32:30+08:00,2020-02-15T17:13:30+08:00,2020-02-15T17:13:12+08:00,True,6.0,1392.0,5303.0,116.347635,39.904613,116.331567,39.917616
deepseek_v4,deepseek_v4_w000736,6000000000000006787,12,Full-time Workhorse,2020-02-15T17:09:27+08:00,2020-02-15T17:50:27+08:00,2020-02-15T17:55:54+08:00,False,6.0,2154.0,7973.0,116.334979,39.920349,116.322817,39.924866
deepseek_v4,deepseek_v4_w000736,6000000000000006928,12,Full-time Workhorse,2020-02-15T17:19:19+08:00,2020-02-15T17:57:19+08:00,2020-02-15T17:55:54+08:00,True,6.0,2154.0,7973.0,116.338825,39.913105,116.332787,39.925386
deepseek_v4,deepseek_v4_w000796,6000000000000006821,12,Full-time Workhorse,2020-02-15T17:33:53+08:00,2020-02-15T18:12:53+08:00,2020-02-15T18:18:26+08:00,False,6.0,1106.0,4109.0,116.349661,39.92899,116.337847,39.922046
deepseek_v4,deepseek_v4_w000821,6000000000000007472,12,Full-time Workhorse,2020-02-15T18:05:19+08:00,2020-02-15T18:37:19+08:00,2020-02-15T18:32:00+08:00,True,3.0,720.0,2498.0,116.34864,39.922954,116.341877,39.925286
deepseek_v4,deepseek_v4_w000840,6000000000000008083,12,Full-time Workhorse,2020-02-15T18:20:13+08:00,2020-02-15T18:55:13+08:00,2020-02-15T18:54:36+08:00,True,6.0,876.0,3150.0,116.34864,39.922954,116.371757,39.925396
deepseek_v4,deepseek_v4_w000863,6000000000000008023,12,Full-time Workhorse,2020-02-15T18:36:01+08:00,2020-02-15T19:10:01+08:00,2020-02-15T19:10:48+08:00,False,6.0,648.0,2199.0,116.369461,39.924885,116.358327,39.920856
deepseek_v4,deepseek_v4_w000894,6000000000000007950,12,Full-time Workhorse,2020-02-15T19:01:08+08:00,2020-02-15T19:31:08+08:00,2020-02-15T19:43:20+08:00,False,6.0,1400.0,4833.0,116.347776,39.922938,116.355967,39.915156
deepseek_v4,deepseek_v4_w000894,6000000000000008699,12,Full-time Workhorse,2020-02-15T19:16:19+08:00,2020-02-15T19:47:19+08:00,2020-02-15T19:43:20+08:00,True,3.0,1400.0,4833.0,116.352814,39.915628,116.355257,39.920296
deepseek_v4,deepseek_v4_w000931,6000000000000008721,12,Full-time Workhorse,2020-02-15T19:33:04+08:00,2020-02-15T20:05:04+08:00,2020-02-15T20:14:28+08:00,False,3.0,1468.0,5115.0,116.351303,39.911535,116.349297,39.913756
deepseek_v4,deepseek_v4_w000931,6000000000000008852,12,Full-time Workhorse,2020-02-15T19:40:08+08:00,2020-02-15T20:15:08+08:00,2020-02-15T20:14:28+08:00,True,6.0,1468.0,5115.0,116.353633,39.915485,116.364967,39.902546
deepseek_v4,deepseek_v4_w000072,6000000000000000725,13,Full-time Workhorse,2020-02-15T09:26:23+08:00,2020-02-15T10:09:23+08:00,2020-02-15T09:41:59+08:00,True,6.0,1319.0,4999.0,116.377226,39.86138,116.365497,39.853756
deepseek_v4,deepseek_v4_w000112,6000000000000000542,13,Full-time Workhorse,2020-02-15T09:56:24+08:00,2020-02-15T11:01:25+08:00,2020-02-15T10:13:42+08:00,True,6.0,1422.0,5424.0,116.357271,39.853202,116.366477,39.833486
deepseek_v4,deepseek_v4_w000166,6000000000000000822,13,Full-time Workhorse,2020-02-15T10:02:47+08:00,2020-02-15T10:49:47+08:00,2020-02-15T10:44:45+08:00,True,6.0,1485.0,5186.0,116.360752,39.845855,116.368127,39.835506
deepseek_v4,deepseek_v4_w000166,6000000000000000497,13,Full-time Workhorse,2020-02-15T10:11:19+08:00,2020-02-15T11:08:19+08:00,2020-02-15T10:44:45+08:00,True,6.0,1485.0,5186.0,116.360752,39.845855,116.375407,39.838406
deepseek_v4,deepseek_v4_w000210,6000000000000001006,13,Full-time Workhorse,2020-02-15T10:50:24+08:00,2020-02-15T11:39:24+08:00,2020-02-15T11:10:10+08:00,True,6.0,1210.0,4541.0,116.360883,39.845825,116.377367,39.839406
deepseek_v4,deepseek_v4_w000270,6000000000000001228,13,Full-time Workhorse,2020-02-15T10:52:09+08:00,2020-02-15T11:41:09+08:00,2020-02-15T11:42:11+08:00,False,6.0,1331.0,4545.0,116.360789,39.846238,116.372247,39.839936
deepseek_v4,deepseek_v4_w000270,6000000000000001143,13,Full-time Workhorse,2020-02-15T10:53:41+08:00,2020-02-15T11:43:41+08:00,2020-02-15T11:42:11+08:00,True,6.0,1331.0,4545.0,116.360883,39.845825,116.375407,39.838406
deepseek_v4,deepseek_v4_w000318,6000000000000002358,13,Full-time Workhorse,2020-02-15T11:34:03+08:00,2020-02-15T12:16:03+08:00,2020-02-15T12:05:49+08:00,True,6.0,949.0,3452.0,116.360752,39.845855,116.358377,39.835536
deepseek_v4,deepseek_v4_w000342,6000000000000002544,13,Full-time Workhorse,2020-02-15T11:46:54+08:00,2020-02-15T12:30:54+08:00,2020-02-15T12:37:18+08:00,False,6.0,1638.0,5826.0,116.360883,39.845825,116.358697,39.834686
deepseek_v4,deepseek_v4_w000342,6000000000000002119,13,Full-time Workhorse,2020-02-15T11:41:57+08:00,2020-02-15T12:33:57+08:00,2020-02-15T12:37:18+08:00,False,6.0,1638.0,5826.0,116.359472,39.833364,116.371357,39.837936
deepseek_v4,deepseek_v4_w000391,6000000000000003219,13,Full-time Workhorse,2020-02-15T12:12:39+08:00,2020-02-15T13:00:39+08:00,2020-02-15T12:55:49+08:00,True,6.0,949.0,3456.0,116.361191,39.835591,116.379957,39.836506
deepseek_v4,deepseek_v4_w000430,6000000000000003502,13,Full-time Workhorse,2020-02-15T12:51:46+08:00,2020-02-15T13:29:46+08:00,2020-02-15T13:40:28+08:00,False,6.0,2428.0,9116.0,116.360752,39.845855,116.359467,39.833356
deepseek_v4,deepseek_v4_w000430,6000000000000002695,13,Full-time Workhorse,2020-02-15T12:39:40+08:00,2020-02-15T13:31:40+08:00,2020-02-15T13:40:28+08:00,False,6.0,2428.0,9116.0,116.360883,39.845825,116.374307,39.867636
deepseek_v4,deepseek_v4_w000496,6000000000000004207,13,Full-time Workhorse,2020-02-15T13:36:40+08:00,2020-02-15T14:18:40+08:00,2020-02-15T14:11:51+08:00,True,6.0,1311.0,4963.0,116.354537,39.870916,116.342377,39.854936
deepseek_v4,deepseek_v4_w000529,6000000000000004470,13,Full-time Workhorse,2020-02-15T14:03:26+08:00,2020-02-15T14:33:27+08:00,2020-02-15T14:47:22+08:00,False,3.0,1642.0,5843.0,116.347846,39.859252,116.359037,39.860556
deepseek_v4,deepseek_v4_w000529,6000000000000004799,13,Full-time Workhorse,2020-02-15T14:08:06+08:00,2020-02-15T14:38:06+08:00,2020-02-15T14:47:22+08:00,False,6.0,1642.0,5843.0,116.347846,39.859252,116.330797,39.858986
deepseek_v4,deepseek_v4_w000567,6000000000000005050,13,Full-time Workhorse,2020-02-15T14:29:38+08:00,2020-02-15T14:59:38+08:00,2020-02-15T15:18:18+08:00,False,6.0,1698.0,6076.0,116.347846,39.859252,116.351607,39.847826
deepseek_v4,deepseek_v4_w000567,6000000000000005051,13,Full-time Workhorse,2020-02-15T14:30:44+08:00,2020-02-15T15:00:46+08:00,2020-02-15T15:18:18+08:00,False,6.0,1698.0,6076.0,116.347846,39.859252,116.360567,39.851406
deepseek_v4,deepseek_v4_w000600,6000000000000005419,13,Full-time Workhorse,2020-02-15T15:08:59+08:00,2020-02-15T15:52:59+08:00,2020-02-15T15:32:46+08:00,True,6.0,766.0,2695.0,116.35635,39.853051,116.344137,39.856386
deepseek_v4,deepseek_v4_w000624,6000000000000005333,13,Full-time Workhorse,2020-02-15T15:30:58+08:00,2020-02-15T16:06:58+08:00,2020-02-15T16:06:26+08:00,True,6.0,1586.0,5610.0,116.355016,39.859797,116.355787,39.870086
deepseek_v4,deepseek_v4_w000624,6000000000000005817,13,Full-time Workhorse,2020-02-15T15:48:02+08:00,2020-02-15T16:27:02+08:00,2020-02-15T16:06:26+08:00,True,3.0,1586.0,5610.0,116.361966,39.864435,116.355787,39.870086
deepseek_v4,deepseek_v4_w000647,6000000000000005728,13,Full-time Workhorse,2020-02-15T16:16:05+08:00,2020-02-15T16:54:05+08:00,2020-02-15T16:21:07+08:00,True,3.0,667.0,1780.0,116.354847,39.870936,116.358297,39.866686
deepseek_v4,deepseek_v4_w000647,6000000000000005997,13,Full-time Workhorse,2020-02-15T16:12:10+08:00,2020-02-15T17:04:10+08:00,2020-02-15T16:21:07+08:00,True,3.0,667.0,1780.0,116.354869,39.870899,116.361807,39.868516
deepseek_v4,deepseek_v4_w000673,6000000000000006252,13,Full-time Workhorse,2020-02-15T16:20:20+08:00,2020-02-15T16:50:20+08:00,2020-02-15T16:57:16+08:00,False,3.0,1636.0,5815.0,116.347846,39.859252,116.345837,39.865636
deepseek_v4,deepseek_v4_w000673,6000000000000006195,13,Full-time Workhorse,2020-02-15T16:27:01+08:00,2020-02-15T16:57:01+08:00,2020-02-15T16:57:16+08:00,False,3.0,1636.0,5815.0,116.347846,39.859252,116.341627,39.855276
deepseek_v4,deepseek_v4_w000709,6000000000000006225,13,Full-time Workhorse,2020-02-15T16:53:05+08:00,2020-02-15T17:38:05+08:00,2020-02-15T17:19:20+08:00,True,6.0,1160.0,4333.0,116.34855,39.849979,116.363687,39.846346
deepseek_v4,deepseek_v4_w000733,6000000000000006610,13,Full-time Workhorse,2020-02-15T17:11:15+08:00,2020-02-15T18:00:15+08:00,2020-02-15T17:32:11+08:00,True,6.0,731.0,2546.0,116.360752,39.845855,116.379197,39.849746
deepseek_v4,deepseek_v4_w000758,6000000000000006899,13,Full-time Workhorse,2020-02-15T17:23:09+08:00,2020-02-15T18:16:09+08:00,2020-02-15T17:52:45+08:00,True,6.0,765.0,2687.0,116.376578,39.847099,116.386867,39.839076
deepseek_v4,deepseek_v4_w000794,6000000000000007257,13,Full-time Workhorse,2020-02-15T17:45:35+08:00,2020-02-15T18:42:35+08:00,2020-02-15T18:33:04+08:00,True,6.0,1984.0,7270.0,116.376578,39.847099,116.388697,39.839936
deepseek_v4,deepseek_v4_w000794,6000000000000007558,13,Full-time Workhorse,2020-02-15T17:37:52+08:00,2020-02-15T18:44:52+08:00,2020-02-15T18:33:04+08:00,True,6.0,1984.0,7270.0,116.376578,39.847099,116.405347,39.856756
deepseek_v4,deepseek_v4_w000836,6000000000000007298,13,Full-time Workhorse,2020-02-15T18:24:59+08:00,2020-02-15T19:12:59+08:00,2020-02-15T19:00:48+08:00,True,10.0,1248.0,4700.0,116.408176,39.855873,116.444757,39.867266
deepseek_v4,deepseek_v4_w000888,6000000000000008518,13,Full-time Workhorse,2020-02-15T18:57:03+08:00,2020-02-15T19:57:03+08:00,2020-02-15T19:31:47+08:00,True,6.0,1307.0,4943.0,116.425387,39.864556,116.414297,39.849516
deepseek_v4,deepseek_v4_w000922,6000000000000008589,13,Full-time Workhorse,2020-02-15T19:37:57+08:00,2020-02-15T20:28:57+08:00,2020-02-15T19:53:40+08:00,True,3.0,820.0,2920.0,116.417238,39.844604,116.422057,39.840516
deepseek_v4,deepseek_v4_w000040,6000000000000000308,14,Full-time Workhorse,2020-02-15T09:02:44+08:00,2020-02-15T09:32:45+08:00,2020-02-15T09:21:49+08:00,True,6.0,1309.0,4455.0,116.480582,39.969483,116.470547,39.964276
deepseek_v4,deepseek_v4_w000040,6000000000000000254,14,Full-time Workhorse,2020-02-15T09:03:32+08:00,2020-02-15T09:33:32+08:00,2020-02-15T09:21:49+08:00,True,3.0,1309.0,4455.0,116.480582,39.969483,116.480647,39.970746
deepseek_v4,deepseek_v4_w000162,6000000000000001101,14,Full-time Workhorse,2020-02-15T10:10:35+08:00,2020-02-15T12:30:00+08:00,2020-02-15T10:36:31+08:00,True,3.0,991.0,3627.0,116.470967,39.965846,116.476437,39.959156
deepseek_v4,deepseek_v4_w000189,6000000000000000902,14,Full-time Workhorse,2020-02-15T10:23:13+08:00,2020-02-15T11:06:13+08:00,2020-02-15T11:02:28+08:00,True,6.0,1348.0,4614.0,116.48118,39.959474,116.481647,39.968816
deepseek_v4,deepseek_v4_w000189,6000000000000001005,14,Full-time Workhorse,2020-02-15T10:49:57+08:00,2020-02-15T11:29:57+08:00,2020-02-15T11:02:28+08:00,True,3.0,1348.0,4614.0,116.48118,39.959474,116.478687,39.962146
deepseek_v4,deepseek_v4_w000250,6000000000000001283,14,Full-time Workhorse,2020-02-15T10:42:44+08:00,2020-02-15T11:12:45+08:00,2020-02-15T12:02:02+08:00,False,6.0,3122.0,12011.0,116.473284,39.97545,116.474217,39.965206
deepseek_v4,deepseek_v4_w000250,6000000000000001237,14,Full-time Workhorse,2020-02-15T10:53:25+08:00,2020-02-15T11:28:25+08:00,2020-02-15T12:02:02+08:00,False,3.0,3122.0,12011.0,116.492887,39.970276,116.495937,39.971496
deepseek_v4,deepseek_v4_w000347,6000000000000003148,14,Full-time Workhorse,2020-02-15T11:44:36+08:00,2020-02-15T12:16:36+08:00,2020-02-15T12:36:55+08:00,False,3.0,1615.0,5729.0,116.490766,39.961221,116.494367,39.963646
deepseek_v4,deepseek_v4_w000347,6000000000000003002,14,Full-time Workhorse,2020-02-15T11:47:52+08:00,2020-02-15T12:35:52+08:00,2020-02-15T12:36:55+08:00,False,6.0,1615.0,5729.0,116.493631,39.963989,116.486087,39.954476
deepseek_v4,deepseek_v4_w000397,6000000000000003052,14,Full-time Workhorse,2020-02-15T12:25:24+08:00,2020-02-15T13:04:24+08:00,2020-02-15T13:02:27+08:00,True,3.0,1347.0,4606.0,116.493631,39.963989,116.492537,39.970306
deepseek_v4,deepseek_v4_w000397,6000000000000003061,14,Full-time Workhorse,2020-02-15T12:34:55+08:00,2020-02-15T13:17:55+08:00,2020-02-15T13:02:27+08:00,True,3.0,1347.0,4606.0,116.493055,39.962236,116.491087,39.970086
deepseek_v4,deepseek_v4_w000432,6000000000000003476,14,Full-time Workhorse,2020-02-15T12:41:51+08:00,2020-02-15T13:16:51+08:00,2020-02-15T13:19:03+08:00,False,3.0,543.0,1761.0,116.492887,39.970276,116.490387,39.974816
deepseek_v4,deepseek_v4_w000452,6000000000000003415,14,Full-time Workhorse,2020-02-15T12:51:29+08:00,2020-02-15T13:39:29+08:00,2020-02-15T13:53:25+08:00,False,6.0,2005.0,7353.0,116.487721,39.976742,116.478607,39.960156
deepseek_v4,deepseek_v4_w000452,6000000000000003817,14,Full-time Workhorse,2020-02-15T13:13:44+08:00,2020-02-15T13:46:44+08:00,2020-02-15T13:53:25+08:00,False,6.0,2005.0,7353.0,116.490056,39.973879,116.494187,39.963566
deepseek_v4,deepseek_v4_w000508,6000000000000004665,14,Full-time Workhorse,2020-02-15T13:43:07+08:00,2020-02-15T14:13:07+08:00,2020-02-15T14:41:12+08:00,False,6.0,2472.0,9298.0,116.479595,39.973622,116.489587,39.964706
deepseek_v4,deepseek_v4_w000508,6000000000000004839,14,Full-time Workhorse,2020-02-15T13:54:01+08:00,2020-02-15T14:30:01+08:00,2020-02-15T14:41:12+08:00,False,6.0,2472.0,9298.0,116.480865,39.967986,116.475057,39.976566
deepseek_v4,deepseek_v4_w000561,6000000000000004877,14,Full-time Workhorse,2020-02-15T14:40:36+08:00,2020-02-15T15:19:36+08:00,2020-02-15T15:23:24+08:00,False,6.0,2004.0,7349.0,116.473364,39.975143,116.463297,39.986846
deepseek_v4,deepseek_v4_w000561,6000000000000005401,14,Full-time Workhorse,2020-02-15T14:53:07+08:00,2020-02-15T15:23:07+08:00,2020-02-15T15:23:24+08:00,False,6.0,2004.0,7349.0,116.473284,39.97545,116.475827,39.961426
deepseek_v4,deepseek_v4_w000659,6000000000000006085,14,Full-time Workhorse,2020-02-15T16:29:14+08:00,2020-02-15T17:05:14+08:00,2020-02-15T16:38:23+08:00,True,6.0,1103.0,4096.0,116.481428,39.968821,116.493857,39.959986
deepseek_v4,deepseek_v4_w000681,6000000000000005951,14,Full-time Workhorse,2020-02-15T16:32:23+08:00,2020-02-15T17:20:23+08:00,2020-02-15T16:58:12+08:00,True,6.0,1092.0,4048.0,116.485302,39.962237,116.461977,39.977796
deepseek_v4,deepseek_v4_w000712,6000000000000006287,14,Full-time Workhorse,2020-02-15T16:42:28+08:00,2020-02-15T17:37:28+08:00,2020-02-15T17:30:17+08:00,True,6.0,1817.0,6573.0,116.472074,39.98896,116.471207,39.978796
deepseek_v4,deepseek_v4_w000712,6000000000000006715,14,Full-time Workhorse,2020-02-15T17:00:45+08:00,2020-02-15T17:41:45+08:00,2020-02-15T17:30:17+08:00,True,6.0,1817.0,6573.0,116.470656,39.977783,116.459917,39.996746
deepseek_v4,deepseek_v4_w000760,6000000000000006734,14,Full-time Workhorse,2020-02-15T17:20:09+08:00,2020-02-15T18:08:09+08:00,2020-02-15T18:02:12+08:00,True,6.0,1332.0,5050.0,116.458315,39.992534,116.441977,39.994136
deepseek_v4,deepseek_v4_w000803,6000000000000006971,14,Full-time Workhorse,2020-02-15T17:49:11+08:00,2020-02-15T18:28:11+08:00,2020-02-15T18:41:12+08:00,False,6.0,1872.0,6803.0,116.445209,39.995614,116.463147,39.995366
deepseek_v4,deepseek_v4_w000803,6000000000000007429,14,Full-time Workhorse,2020-02-15T17:47:05+08:00,2020-02-15T18:43:05+08:00,2020-02-15T18:41:12+08:00,True,6.0,1872.0,6803.0,116.452708,39.991473,116.462337,40.000386
deepseek_v4,deepseek_v4_w000856,6000000000000008014,14,Full-time Workhorse,2020-02-15T18:29:17+08:00,2020-02-15T19:02:17+08:00,2020-02-15T19:15:59+08:00,False,6.0,1559.0,5497.0,116.468197,39.995916,116.479917,39.985216
deepseek_v4,deepseek_v4_w000856,6000000000000008425,14,Full-time Workhorse,2020-02-15T18:37:16+08:00,2020-02-15T19:10:16+08:00,2020-02-15T19:15:59+08:00,False,6.0,1559.0,5497.0,116.468197,39.995916,116.468957,39.982956
deepseek_v4,deepseek_v4_w000893,6000000000000008575,14,Full-time Workhorse,2020-02-15T19:25:29+08:00,2020-02-15T20:14:29+08:00,2020-02-15T19:41:45+08:00,True,6.0,1305.0,4934.0,116.468401,39.976312,116.478357,39.969436
deepseek_v4,deepseek_v4_w000929,6000000000000008650,14,Full-time Workhorse,2020-02-15T19:54:03+08:00,2020-02-15T20:32:03+08:00,2020-02-15T20:04:34+08:00,True,6.0,874.0,3140.0,116.481428,39.968821,116.476617,39.978216
deepseek_v4,deepseek_v4_w000061,6000000000000000666,15,Full-time Workhorse,2020-02-15T09:21:17+08:00,2020-02-15T11:30:00+08:00,2020-02-15T09:34:46+08:00,True,6.0,886.0,3190.0,116.630922,39.904028,116.657547,39.909476
deepseek_v4,deepseek_v4_w000122,6000000000000001353,15,Full-time Workhorse,2020-02-15T09:51:15+08:00,2020-02-15T12:50:15+08:00,2020-02-15T10:12:51+08:00,True,6.0,1371.0,5213.0,116.642803,39.920638,116.632457,39.927636
deepseek_v4,deepseek_v4_w000160,6000000000000000749,15,Full-time Workhorse,2020-02-15T10:07:42+08:00,2020-02-15T10:49:42+08:00,2020-02-15T10:39:06+08:00,True,3.0,1146.0,3776.0,116.62917600000002,39.922566,116.634347,39.929076
deepseek_v4,deepseek_v4_w000160,6000000000000000645,15,Full-time Workhorse,2020-02-15T09:50:17+08:00,2020-02-15T12:20:17+08:00,2020-02-15T10:39:06+08:00,True,3.0,1146.0,3776.0,116.625171,39.926247,116.634577,39.928716
deepseek_v4,deepseek_v4_w000190,6000000000000001287,15,Full-time Workhorse,2020-02-15T10:45:00+08:00,2020-02-15T11:30:00+08:00,2020-02-15T11:02:38+08:00,True,3.0,1358.0,4660.0,116.630037,39.924566,116.632577,39.930146
deepseek_v4,deepseek_v4_w000190,6000000000000001063,15,Full-time Workhorse,2020-02-15T10:46:42+08:00,2020-02-15T11:34:42+08:00,2020-02-15T11:02:38+08:00,True,3.0,1358.0,4660.0,116.630037,39.924566,116.637807,39.927626
deepseek_v4,deepseek_v4_w000245,6000000000000002032,15,Full-time Workhorse,2020-02-15T11:08:43+08:00,2020-02-15T12:11:43+08:00,2020-02-15T11:48:49+08:00,True,6.0,2329.0,8703.0,116.630037,39.924566,116.627887,39.941836
deepseek_v4,deepseek_v4_w000245,6000000000000001070,15,Full-time Workhorse,2020-02-15T10:49:05+08:00,2020-02-15T13:19:05+08:00,2020-02-15T11:48:49+08:00,True,3.0,2329.0,8703.0,116.625171,39.926247,116.628287,39.926266
deepseek_v4,deepseek_v4_w000358,6000000000000003529,15,Full-time Workhorse,2020-02-15T12:24:46+08:00,2020-02-15T13:22:46+08:00,2020-02-15T12:51:27+08:00,True,6.0,1887.0,6863.0,116.62934,39.923075,116.630167,39.911556
deepseek_v4,deepseek_v4_w000358,6000000000000002677,15,Full-time Workhorse,2020-02-15T12:27:35+08:00,2020-02-15T13:33:35+08:00,2020-02-15T12:51:27+08:00,True,6.0,1887.0,6863.0,116.62934,39.923075,116.634627,39.906956
deepseek_v4,deepseek_v4_w000418,6000000000000003636,15,Full-time Workhorse,2020-02-15T12:48:17+08:00,2020-02-15T13:22:17+08:00,2020-02-15T13:37:08+08:00,False,6.0,2228.0,8285.0,116.63057,39.903751,116.638077,39.890926
deepseek_v4,deepseek_v4_w000418,6000000000000003482,15,Full-time Workhorse,2020-02-15T12:44:23+08:00,2020-02-15T13:25:23+08:00,2020-02-15T13:37:08+08:00,False,6.0,2228.0,8285.0,116.631721,39.90432,116.619247,39.899926
deepseek_v4,deepseek_v4_w000489,6000000000000004265,15,Full-time Workhorse,2020-02-15T13:14:36+08:00,2020-02-15T14:00:36+08:00,2020-02-15T14:22:19+08:00,False,6.0,2539.0,9580.0,116.630789,39.904632,116.641697,39.918886
deepseek_v4,deepseek_v4_w000489,6000000000000004333,15,Full-time Workhorse,2020-02-15T13:13:53+08:00,2020-02-15T14:13:53+08:00,2020-02-15T14:22:19+08:00,False,6.0,2539.0,9580.0,116.636062,39.905992,116.633227,39.930656
deepseek_v4,deepseek_v4_w000680,6000000000000006160,15,Full-time Workhorse,2020-02-15T16:42:09+08:00,2020-02-15T17:24:09+08:00,2020-02-15T16:59:15+08:00,True,3.0,1155.0,4313.0,116.629789,39.925544,116.630747,39.921036
deepseek_v4,deepseek_v4_w000718,6000000000000006624,15,Full-time Workhorse,2020-02-15T16:53:45+08:00,2020-02-15T17:36:45+08:00,2020-02-15T17:49:14+08:00,False,6.0,2954.0,11306.0,116.631659,39.904098,116.634007,39.912966
deepseek_v4,deepseek_v4_w000718,6000000000000006489,15,Full-time Workhorse,2020-02-15T16:49:25+08:00,2020-02-15T17:38:25+08:00,2020-02-15T17:49:14+08:00,False,6.0,2954.0,11306.0,116.629412,39.905376,116.636927,39.913456
deepseek_v4,deepseek_v4_w000779,6000000000000006877,15,Full-time Workhorse,2020-02-15T17:21:18+08:00,2020-02-15T18:17:18+08:00,2020-02-15T18:33:07+08:00,False,3.0,2587.0,9781.0,116.642763,39.920949,116.647427,39.917176
deepseek_v4,deepseek_v4_w000779,6000000000000007557,15,Full-time Workhorse,2020-02-15T17:42:33+08:00,2020-02-15T18:21:33+08:00,2020-02-15T18:33:07+08:00,False,3.0,2587.0,9781.0,116.62894,39.905454,116.630587,39.907366
deepseek_v4,deepseek_v4_w000837,6000000000000007742,15,Full-time Workhorse,2020-02-15T18:21:14+08:00,2020-02-15T19:11:14+08:00,2020-02-15T19:12:22+08:00,False,6.0,1942.0,7087.0,116.631382,39.903999,116.630907,39.892256
deepseek_v4,deepseek_v4_w000837,6000000000000008259,15,Full-time Workhorse,2020-02-15T18:33:46+08:00,2020-02-15T19:20:46+08:00,2020-02-15T19:12:22+08:00,True,6.0,1942.0,7087.0,116.62894,39.905454,116.641367,39.910306
deepseek_v4,deepseek_v4_w000895,6000000000000008517,15,Full-time Workhorse,2020-02-15T18:56:29+08:00,2020-02-15T19:52:29+08:00,2020-02-15T19:40:05+08:00,True,6.0,1205.0,4521.0,116.632517,39.904219,116.634527,39.890606
deepseek_v4,deepseek_v4_w000930,6000000000000008647,15,Full-time Workhorse,2020-02-15T19:44:09+08:00,2020-02-15T20:20:09+08:00,2020-02-15T20:18:22+08:00,True,3.0,1702.0,6090.0,116.639564,39.89209,116.646277,39.888316
deepseek_v4,deepseek_v4_w000930,6000000000000009094,15,Full-time Workhorse,2020-02-15T19:55:23+08:00,2020-02-15T20:49:23+08:00,2020-02-15T20:18:22+08:00,True,6.0,1702.0,6090.0,116.634046,39.888171,116.645337,39.875726
deepseek_v4,deepseek_v4_w000105,6000000000000000470,16,Lunch-Peak Specialist,2020-02-15T09:51:49+08:00,2020-02-15T11:15:00+08:00,2020-02-15T10:04:44+08:00,True,6.0,884.0,3182.0,116.472431,39.989322,116.452017,39.994696
deepseek_v4,deepseek_v4_w000145,6000000000000000963,16,Lunch-Peak Specialist,2020-02-15T10:13:21+08:00,2020-02-15T10:56:21+08:00,2020-02-15T10:32:53+08:00,True,6.0,1373.0,4722.0,116.464113,39.996432,116.472577,40.006026
deepseek_v4,deepseek_v4_w000145,6000000000000000887,16,Lunch-Peak Specialist,2020-02-15T10:14:27+08:00,2020-02-15T10:56:27+08:00,2020-02-15T10:32:53+08:00,True,6.0,1373.0,4722.0,116.464113,39.996432,116.459697,40.010106
deepseek_v4,deepseek_v4_w000199,6000000000000000834,16,Lunch-Peak Specialist,2020-02-15T10:20:59+08:00,2020-02-15T11:05:59+08:00,2020-02-15T10:58:00+08:00,True,6.0,1080.0,4002.0,116.464308,39.996491,116.477947,39.995796
deepseek_v4,deepseek_v4_w000223,6000000000000001302,16,Lunch-Peak Specialist,2020-02-15T11:00:44+08:00,2020-02-15T11:45:44+08:00,2020-02-15T11:14:04+08:00,True,6.0,844.0,3019.0,116.475471,39.989342,116.471607,40.000516
deepseek_v4,deepseek_v4_w000261,6000000000000001825,16,Lunch-Peak Specialist,2020-02-15T10:56:42+08:00,2020-02-15T11:36:42+08:00,2020-02-15T11:46:23+08:00,False,6.0,1583.0,5593.0,116.464113,39.996432,116.467257,40.007236
deepseek_v4,deepseek_v4_w000261,6000000000000001221,16,Lunch-Peak Specialist,2020-02-15T10:50:26+08:00,2020-02-15T11:39:26+08:00,2020-02-15T11:46:23+08:00,False,6.0,1583.0,5593.0,116.464308,39.996491,116.450577,40.012296
deepseek_v4,deepseek_v4_w000310,6000000000000002518,16,Lunch-Peak Specialist,2020-02-15T11:32:29+08:00,2020-02-15T14:32:29+08:00,2020-02-15T12:18:34+08:00,True,6.0,1714.0,6138.0,116.459667,40.010011,116.471177,40.002816
deepseek_v4,deepseek_v4_w000310,6000000000000003225,16,Lunch-Peak Specialist,2020-02-15T11:44:57+08:00,2020-02-15T14:44:57+08:00,2020-02-15T12:18:34+08:00,True,6.0,1714.0,6138.0,116.459667,40.010011,116.474897,39.995856
deepseek_v4,deepseek_v4_w000356,6000000000000002826,16,Lunch-Peak Specialist,2020-02-15T11:51:10+08:00,2020-02-15T12:38:10+08:00,2020-02-15T12:34:13+08:00,True,6.0,853.0,3056.0,116.472134,39.995587,116.491597,39.992246
deepseek_v4,deepseek_v4_w000445,6000000000000003642,16,Lunch-Peak Specialist,2020-02-15T12:54:03+08:00,2020-02-15T13:36:03+08:00,2020-02-15T13:33:26+08:00,True,6.0,1406.0,5358.0,116.473362,39.988068,116.455497,39.995416
deepseek_v4,deepseek_v4_w000486,6000000000000004202,16,Lunch-Peak Specialist,2020-02-15T13:30:04+08:00,2020-02-15T14:01:04+08:00,2020-02-15T14:13:02+08:00,False,6.0,1982.0,7259.0,116.472134,39.995587,116.466287,40.003956
deepseek_v4,deepseek_v4_w000486,6000000000000003909,16,Lunch-Peak Specialist,2020-02-15T13:14:33+08:00,2020-02-15T14:03:33+08:00,2020-02-15T14:13:02+08:00,False,6.0,1982.0,7259.0,116.462275,40.004204,116.476167,39.995596
deepseek_v4,deepseek_v4_w000530,6000000000000004856,16,Lunch-Peak Specialist,2020-02-15T14:25:10+08:00,2020-02-15T15:04:10+08:00,2020-02-15T14:36:47+08:00,True,6.0,1007.0,3696.0,116.468042,39.989419,116.458867,39.995586
deepseek_v4,deepseek_v4_w000552,6000000000000005107,16,Lunch-Peak Specialist,2020-02-15T14:27:18+08:00,2020-02-15T15:10:18+08:00,2020-02-15T14:56:52+08:00,True,6.0,1012.0,3717.0,116.461613,39.991332,116.459107,39.978286
deepseek_v4,deepseek_v4_w000576,6000000000000005531,16,Lunch-Peak Specialist,2020-02-15T14:54:37+08:00,2020-02-15T17:54:37+08:00,2020-02-15T15:13:01+08:00,True,3.0,781.0,2752.0,116.450694,39.9779,116.461377,39.978256
deepseek_v4,deepseek_v4_w000601,6000000000000005572,16,Lunch-Peak Specialist,2020-02-15T15:18:07+08:00,2020-02-15T15:48:07+08:00,2020-02-15T15:28:44+08:00,True,3.0,524.0,1685.0,116.469012,39.976123,116.468927,39.975616
deepseek_v4,deepseek_v4_w000611,6000000000000005332,16,Lunch-Peak Specialist,2020-02-15T15:30:36+08:00,2020-02-15T16:00:36+08:00,2020-02-15T15:48:25+08:00,True,6.0,1105.0,4103.0,116.480197,39.980318,116.495337,39.977996
deepseek_v4,deepseek_v4_w000695,6000000000000006211,16,Lunch-Peak Specialist,2020-02-15T16:39:56+08:00,2020-02-15T17:15:56+08:00,2020-02-15T17:10:34+08:00,True,3.0,1234.0,4141.0,116.492887,39.970276,116.490817,39.963886
deepseek_v4,deepseek_v4_w000695,6000000000000006293,16,Lunch-Peak Specialist,2020-02-15T16:47:16+08:00,2020-02-15T17:29:16+08:00,2020-02-15T17:10:34+08:00,True,6.0,1234.0,4141.0,116.492887,39.970276,116.496747,39.959556
deepseek_v4,deepseek_v4_w000735,6000000000000006929,16,Lunch-Peak Specialist,2020-02-15T17:20:09+08:00,2020-02-15T17:52:09+08:00,2020-02-15T17:43:20+08:00,True,3.0,1400.0,4330.0,116.493221,39.963001,116.492377,39.963876
deepseek_v4,deepseek_v4_w000735,6000000000000006525,16,Lunch-Peak Specialist,2020-02-15T17:18:25+08:00,2020-02-15T17:57:25+08:00,2020-02-15T17:43:20+08:00,True,3.0,1400.0,4330.0,116.493055,39.962236,116.497107,39.958236
deepseek_v4,deepseek_v4_w000735,6000000000000006657,16,Lunch-Peak Specialist,2020-02-15T17:20:11+08:00,2020-02-15T17:58:11+08:00,2020-02-15T17:43:20+08:00,True,3.0,1400.0,4330.0,116.493631,39.963989,116.496817,39.960556
deepseek_v4,deepseek_v4_w000829,6000000000000008184,16,Lunch-Peak Specialist,2020-02-15T18:38:25+08:00,2020-02-15T19:15:25+08:00,2020-02-15T18:35:45+08:00,True,3.0,345.0,939.0,116.493055,39.962236,116.494847,39.960736
deepseek_v4,deepseek_v4_w000835,6000000000000007778,16,Lunch-Peak Specialist,2020-02-15T18:46:48+08:00,2020-02-15T19:23:48+08:00,2020-02-15T18:48:34+08:00,True,3.0,514.0,1642.0,116.49275000000002,39.962291,116.49482700000002,39.958066
deepseek_v4,deepseek_v4_w000046,6000000000000000300,17,Lunch-Peak Specialist,2020-02-15T08:47:30+08:00,2020-02-15T09:36:30+08:00,2020-02-15T09:16:45+08:00,True,6.0,1005.0,3688.0,116.361367,39.945046,116.373167,39.947046
deepseek_v4,deepseek_v4_w000148,6000000000000000877,17,Lunch-Peak Specialist,2020-02-15T10:01:25+08:00,2020-02-15T10:43:25+08:00,2020-02-15T10:22:05+08:00,True,3.0,725.0,2522.0,116.380804,39.935166,116.382097,39.941006
deepseek_v4,deepseek_v4_w000214,6000000000000000981,17,Lunch-Peak Specialist,2020-02-15T10:32:49+08:00,2020-02-15T11:12:49+08:00,2020-02-15T11:29:36+08:00,False,6.0,2376.0,8897.0,116.361078,39.943279,116.348077,39.951066
deepseek_v4,deepseek_v4_w000214,6000000000000001145,17,Lunch-Peak Specialist,2020-02-15T10:54:03+08:00,2020-02-15T11:27:03+08:00,2020-02-15T11:29:36+08:00,False,3.0,2376.0,8897.0,116.362749,39.937453,116.359887,39.944406
deepseek_v4,deepseek_v4_w000305,6000000000000001893,17,Lunch-Peak Specialist,2020-02-15T11:26:05+08:00,2020-02-15T12:01:05+08:00,2020-02-15T12:08:59+08:00,False,3.0,1139.0,3748.0,116.361367,39.945046,116.354237,39.946576
deepseek_v4,deepseek_v4_w000305,6000000000000001798,17,Lunch-Peak Specialist,2020-02-15T11:29:46+08:00,2020-02-15T12:07:46+08:00,2020-02-15T12:08:59+08:00,False,3.0,1139.0,3748.0,116.361742,39.945116,116.353517,39.942416
deepseek_v4,deepseek_v4_w000360,6000000000000002914,17,Lunch-Peak Specialist,2020-02-15T11:50:29+08:00,2020-02-15T12:35:29+08:00,2020-02-15T12:30:50+08:00,True,6.0,650.0,2210.0,116.354605,39.938324,116.337507,39.936426
deepseek_v4,deepseek_v4_w000413,6000000000000003681,17,Lunch-Peak Specialist,2020-02-15T12:28:17+08:00,2020-02-15T13:10:17+08:00,2020-02-15T13:09:55+08:00,True,6.0,1195.0,4482.0,116.334979,39.920349,116.322317,39.922516
deepseek_v4,deepseek_v4_w000687,6000000000000005618,17,Lunch-Peak Specialist,2020-02-15T16:11:18+08:00,2020-02-15T16:49:18+08:00,2020-02-15T16:56:55+08:00,False,6.0,1015.0,3731.0,116.343572,39.921824,116.35527700000002,39.924176
deepseek_v4,deepseek_v4_w000710,6000000000000005903,17,Lunch-Peak Specialist,2020-02-15T16:32:18+08:00,2020-02-15T17:07:18+08:00,2020-02-15T17:33:41+08:00,False,3.0,2021.0,7427.0,116.351706,39.914653,116.351977,39.914206
deepseek_v4,deepseek_v4_w000710,6000000000000006231,17,Lunch-Peak Specialist,2020-02-15T16:56:26+08:00,2020-02-15T17:32:26+08:00,2020-02-15T17:33:41+08:00,False,3.0,2021.0,7427.0,116.363386,39.923254,116.359907,39.922756
deepseek_v4,deepseek_v4_w000769,6000000000000006905,17,Lunch-Peak Specialist,2020-02-15T17:10:44+08:00,2020-02-15T18:01:53+08:00,2020-02-15T18:05:10+08:00,False,6.0,1510.0,5295.0,116.362567,39.909586,116.357717,39.921956
deepseek_v4,deepseek_v4_w000769,6000000000000006924,17,Lunch-Peak Specialist,2020-02-15T17:12:06+08:00,2020-02-15T18:03:15+08:00,2020-02-15T18:05:10+08:00,False,6.0,1510.0,5295.0,116.363147,39.908616,116.371527,39.925706
deepseek_v4,deepseek_v4_w000805,6000000000000007327,17,Lunch-Peak Specialist,2020-02-15T17:47:31+08:00,2020-02-15T18:29:31+08:00,2020-02-15T18:26:32+08:00,True,6.0,992.0,3634.0,116.363111,39.925692,116.350547,39.928066
deepseek_v4,deepseek_v4_w000841,6000000000000007924,17,Lunch-Peak Specialist,2020-02-15T18:18:45+08:00,2020-02-15T18:56:45+08:00,2020-02-15T18:55:00+08:00,True,6.0,900.0,3249.0,116.358212,39.930374,116.371987,39.931586
deepseek_v4,deepseek_v4_w000909,6000000000000008969,17,Lunch-Peak Specialist,2020-02-15T19:32:04+08:00,2020-02-15T20:03:04+08:00,2020-02-15T19:43:39+08:00,True,6.0,819.0,2910.0,116.362749,39.937453,116.358597,39.927636
deepseek_v4,deepseek_v4_w000106,6000000000000000950,18,Lunch-Peak Specialist,2020-02-15T09:59:28+08:00,2020-02-15T10:54:28+08:00,2020-02-15T10:02:57+08:00,True,3.0,777.0,2740.0,116.335681,39.886558,116.333767,39.890366
deepseek_v4,deepseek_v4_w000142,6000000000000001180,18,Lunch-Peak Specialist,2020-02-15T10:14:59+08:00,2020-02-15T13:00:00+08:00,2020-02-15T10:20:14+08:00,True,3.0,614.0,2058.0,116.326728,39.888537,116.321307,39.888266
deepseek_v4,deepseek_v4_w000175,6000000000000000828,18,Lunch-Peak Specialist,2020-02-15T10:11:27+08:00,2020-02-15T11:00:27+08:00,2020-02-15T11:25:23+08:00,False,6.0,3323.0,12850.0,116.307355,39.883362,116.292097,39.898646
deepseek_v4,deepseek_v4_w000175,6000000000000001197,18,Lunch-Peak Specialist,2020-02-15T10:31:06+08:00,2020-02-15T11:17:06+08:00,2020-02-15T11:25:23+08:00,False,6.0,3323.0,12850.0,116.321689,39.88319,116.323177,39.893176
deepseek_v4,deepseek_v4_w000278,6000000000000001615,18,Lunch-Peak Specialist,2020-02-15T11:19:42+08:00,2020-02-15T11:49:42+08:00,2020-02-15T11:46:45+08:00,True,3.0,1005.0,3188.0,116.331282,39.888053,116.326907,39.892396
deepseek_v4,deepseek_v4_w000278,6000000000000001752,18,Lunch-Peak Specialist,2020-02-15T11:13:00+08:00,2020-02-15T11:55:00+08:00,2020-02-15T11:46:45+08:00,True,3.0,1005.0,3188.0,116.331217,39.888086,116.327817,39.895076
deepseek_v4,deepseek_v4_w000312,6000000000000002092,18,Lunch-Peak Specialist,2020-02-15T11:34:21+08:00,2020-02-15T12:04:21+08:00,2020-02-15T12:07:45+08:00,False,3.0,1065.0,3436.0,116.331282,39.888053,116.325507,39.893596
deepseek_v4,deepseek_v4_w000312,6000000000000002274,18,Lunch-Peak Specialist,2020-02-15T11:27:32+08:00,2020-02-15T12:12:32+08:00,2020-02-15T12:07:45+08:00,True,3.0,1065.0,3436.0,116.331312,39.887745,116.328667,39.894736
deepseek_v4,deepseek_v4_w000343,6000000000000003032,18,Lunch-Peak Specialist,2020-02-15T12:07:25+08:00,2020-02-15T12:42:25+08:00,2020-02-15T12:29:02+08:00,True,3.0,1142.0,3760.0,116.328754,39.887792,116.322337,39.885106
deepseek_v4,deepseek_v4_w000343,6000000000000003254,18,Lunch-Peak Specialist,2020-02-15T12:08:07+08:00,2020-02-15T12:46:07+08:00,2020-02-15T12:29:02+08:00,True,3.0,1142.0,3760.0,116.327545,39.888423,116.319297,39.887906
deepseek_v4,deepseek_v4_w000376,6000000000000002863,18,Lunch-Peak Specialist,2020-02-15T12:05:38+08:00,2020-02-15T12:49:38+08:00,2020-02-15T12:47:39+08:00,True,6.0,1059.0,3410.0,116.321768,39.883747,116.309307,39.881176
deepseek_v4,deepseek_v4_w000376,6000000000000002960,18,Lunch-Peak Specialist,2020-02-15T12:11:58+08:00,2020-02-15T12:58:58+08:00,2020-02-15T12:47:39+08:00,True,6.0,1059.0,3410.0,116.321768,39.883747,116.310297,39.878216
deepseek_v4,deepseek_v4_w000408,6000000000000003918,18,Lunch-Peak Specialist,2020-02-15T12:48:26+08:00,2020-02-15T13:23:26+08:00,2020-02-15T12:58:23+08:00,True,3.0,503.0,1597.0,116.302604,39.878356,116.303527,39.880096
deepseek_v4,deepseek_v4_w000453,6000000000000004240,18,Lunch-Peak Specialist,2020-02-15T13:05:10+08:00,2020-02-15T13:56:10+08:00,2020-02-15T13:38:44+08:00,True,6.0,1124.0,4185.0,116.304244,39.882553,116.288907,39.863436
deepseek_v4,deepseek_v4_w000503,6000000000000004797,18,Lunch-Peak Specialist,2020-02-15T14:03:33+08:00,2020-02-15T14:45:33+08:00,2020-02-15T14:21:37+08:00,True,6.0,1297.0,4403.0,116.295037,39.865266,116.298567,39.876486
deepseek_v4,deepseek_v4_w000503,6000000000000004738,18,Lunch-Peak Specialist,2020-02-15T14:05:38+08:00,2020-02-15T14:49:38+08:00,2020-02-15T14:21:37+08:00,True,6.0,1297.0,4403.0,116.295037,39.865266,116.304767,39.873596
deepseek_v4,deepseek_v4_w000543,6000000000000004921,18,Lunch-Peak Specialist,2020-02-15T14:24:20+08:00,2020-02-15T14:59:20+08:00,2020-02-15T14:49:33+08:00,True,6.0,1173.0,4388.0,116.294116,39.877107,116.298327,39.864026
deepseek_v4,deepseek_v4_w000559,6000000000000005168,18,Lunch-Peak Specialist,2020-02-15T14:47:05+08:00,2020-02-15T15:24:05+08:00,2020-02-15T15:06:23+08:00,True,3.0,983.0,3096.0,116.298371,39.863315,116.297257,39.858196
deepseek_v4,deepseek_v4_w000559,6000000000000004867,18,Lunch-Peak Specialist,2020-02-15T14:32:36+08:00,2020-02-15T15:24:36+08:00,2020-02-15T15:06:23+08:00,True,3.0,983.0,3096.0,116.299606,39.863589,116.294457,39.865266
deepseek_v4,deepseek_v4_w000582,6000000000000005470,18,Lunch-Peak Specialist,2020-02-15T15:14:45+08:00,2020-02-15T15:49:45+08:00,2020-02-15T15:33:37+08:00,True,3.0,1417.0,4904.0,116.29482,39.865081,116.287187,39.868646
deepseek_v4,deepseek_v4_w000582,6000000000000005317,18,Lunch-Peak Specialist,2020-02-15T15:19:08+08:00,2020-02-15T15:56:08+08:00,2020-02-15T15:33:37+08:00,True,6.0,1417.0,4904.0,116.294956,39.86506,116.302717,39.882546
deepseek_v4,deepseek_v4_w000632,6000000000000006067,18,Lunch-Peak Specialist,2020-02-15T15:50:25+08:00,2020-02-15T18:15:00+08:00,2020-02-15T16:33:54+08:00,True,6.0,2634.0,9979.0,116.316153,39.881403,116.334947,39.869356
deepseek_v4,deepseek_v4_w000632,6000000000000005608,18,Lunch-Peak Specialist,2020-02-15T15:26:45+08:00,2020-02-15T18:25:45+08:00,2020-02-15T16:33:54+08:00,True,3.0,2634.0,9979.0,116.316153,39.881403,116.321537,39.886616
deepseek_v4,deepseek_v4_w000793,6000000000000007572,18,Lunch-Peak Specialist,2020-02-15T17:46:06+08:00,2020-02-15T18:29:06+08:00,2020-02-15T18:33:52+08:00,False,6.0,2032.0,7466.0,116.336722,39.883153,116.338587,39.901896
deepseek_v4,deepseek_v4_w000793,6000000000000007493,18,Lunch-Peak Specialist,2020-02-15T17:55:21+08:00,2020-02-15T18:33:21+08:00,2020-02-15T18:33:52+08:00,False,3.0,2032.0,7466.0,116.334569,39.888274,116.337897,39.893526
deepseek_v4,deepseek_v4_w000844,6000000000000007859,18,Lunch-Peak Specialist,2020-02-15T18:34:42+08:00,2020-02-15T19:05:42+08:00,2020-02-15T18:54:36+08:00,True,6.0,876.0,3151.0,116.349201,39.896337,116.345127,39.884626
deepseek_v4,deepseek_v4_w000904,6000000000000008846,18,Lunch-Peak Specialist,2020-02-15T19:30:13+08:00,2020-02-15T20:07:13+08:00,2020-02-15T19:47:42+08:00,True,6.0,1062.0,3925.0,116.348251,39.888003,116.367087,39.874546
deepseek_v4,deepseek_v4_w000136,6000000000000000751,19,Lunch-Peak Specialist,2020-02-15T10:14:58+08:00,2020-02-15T11:30:00+08:00,2020-02-15T10:23:16+08:00,True,6.0,796.0,2816.0,116.323246,39.722024,116.324387,39.735786
deepseek_v4,deepseek_v4_w000211,6000000000000000942,19,Lunch-Peak Specialist,2020-02-15T10:50:33+08:00,2020-02-15T11:46:33+08:00,2020-02-15T11:18:02+08:00,True,10.0,1682.0,6510.0,116.323246,39.722024,116.303027,39.744876
deepseek_v4,deepseek_v4_w000609,6000000000000005740,19,Lunch-Peak Specialist,2020-02-15T15:28:52+08:00,2020-02-15T16:09:53+08:00,2020-02-15T15:37:53+08:00,True,3.0,473.0,1470.0,116.303008,39.745711,116.308967,39.743546
deepseek_v4,deepseek_v4_w000022,6000000000000000554,20,Lunch-Peak Specialist,2020-02-15T08:21:43+08:00,2020-02-15T09:11:43+08:00,2020-02-15T08:55:51+08:00,True,6.0,1551.0,5463.0,116.286864,40.032712,116.283167,40.043256
deepseek_v4,deepseek_v4_w000022,6000000000000000210,20,Lunch-Peak Specialist,2020-02-15T08:32:22+08:00,2020-02-15T09:13:22+08:00,2020-02-15T08:55:51+08:00,True,3.0,1551.0,5463.0,116.286864,40.032712,116.285697,40.030906
deepseek_v4,deepseek_v4_w000069,6000000000000000393,20,Lunch-Peak Specialist,2020-02-15T08:59:02+08:00,2020-02-15T10:01:02+08:00,2020-02-15T09:40:29+08:00,True,6.0,1229.0,4620.0,116.302092,40.03364,116.281387,40.024656
deepseek_v4,deepseek_v4_w000121,6000000000000000539,20,Lunch-Peak Specialist,2020-02-15T09:56:01+08:00,2020-02-15T11:30:00+08:00,2020-02-15T10:07:39+08:00,True,6.0,1059.0,3911.0,116.301446,40.027583,116.289017,40.029096
deepseek_v4,deepseek_v4_w000194,6000000000000001059,20,Lunch-Peak Specialist,2020-02-15T10:43:27+08:00,2020-02-15T11:43:00+08:00,2020-02-15T10:58:21+08:00,True,6.0,1101.0,4088.0,116.301446,40.027583,116.280787,40.019936
deepseek_v4,deepseek_v4_w000254,6000000000000001661,20,Lunch-Peak Specialist,2020-02-15T11:15:05+08:00,2020-02-15T11:57:05+08:00,2020-02-15T11:30:05+08:00,True,6.0,1205.0,4522.0,116.301115,40.028892,116.311807,40.037596
deepseek_v4,deepseek_v4_w000303,6000000000000001596,20,Lunch-Peak Specialist,2020-02-15T11:14:53+08:00,2020-02-15T11:49:53+08:00,2020-02-15T12:12:56+08:00,False,3.0,1976.0,7232.0,116.295825,40.042391,116.295397,40.035126
deepseek_v4,deepseek_v4_w000303,6000000000000001956,20,Lunch-Peak Specialist,2020-02-15T11:15:32+08:00,2020-02-15T11:52:32+08:00,2020-02-15T12:12:56+08:00,False,3.0,1976.0,7232.0,116.298804,40.035314,116.297857,40.038966
deepseek_v4,deepseek_v4_w000359,6000000000000002397,20,Lunch-Peak Specialist,2020-02-15T11:50:51+08:00,2020-02-15T12:31:51+08:00,2020-02-15T12:52:50+08:00,False,6.0,1970.0,7209.0,116.295825,40.042391,116.304187,40.051006
deepseek_v4,deepseek_v4_w000359,6000000000000003168,20,Lunch-Peak Specialist,2020-02-15T11:55:18+08:00,2020-02-15T12:37:18+08:00,2020-02-15T12:52:50+08:00,False,6.0,1970.0,7209.0,116.295753,40.042107,116.279217,40.040686
deepseek_v4,deepseek_v4_w000439,6000000000000004011,20,Lunch-Peak Specialist,2020-02-15T13:10:19+08:00,2020-02-15T13:42:19+08:00,2020-02-15T13:22:02+08:00,True,3.0,722.0,2508.0,116.287992,40.043468,116.294777,40.050416
deepseek_v4,deepseek_v4_w000492,6000000000000004502,20,Lunch-Peak Specialist,2020-02-15T13:28:45+08:00,2020-02-15T14:07:45+08:00,2020-02-15T14:13:38+08:00,False,6.0,1418.0,4913.0,116.291484,40.052133,116.303907,40.062306
deepseek_v4,deepseek_v4_w000492,6000000000000004771,20,Lunch-Peak Specialist,2020-02-15T13:42:17+08:00,2020-02-15T14:23:17+08:00,2020-02-15T14:13:38+08:00,True,6.0,1418.0,4913.0,116.290371,40.052052,116.304237,40.062566
deepseek_v4,deepseek_v4_w000595,6000000000000005365,20,Lunch-Peak Specialist,2020-02-15T15:23:57+08:00,2020-02-15T15:57:57+08:00,2020-02-15T15:27:15+08:00,True,3.0,435.0,1313.0,116.305761,40.064876,116.306757,40.060536
deepseek_v4,deepseek_v4_w000747,6000000000000007630,20,Lunch-Peak Specialist,2020-02-15T17:39:33+08:00,2020-02-15T18:28:33+08:00,2020-02-15T17:46:38+08:00,True,6.0,998.0,3656.0,116.306917,40.065504,116.299247,40.048846
deepseek_v4,deepseek_v4_w000777,6000000000000007014,20,Lunch-Peak Specialist,2020-02-15T17:33:35+08:00,2020-02-15T18:13:35+08:00,2020-02-15T18:00:21+08:00,True,3.0,621.0,2088.0,116.293209,40.053724,116.297627,40.056106
deepseek_v4,deepseek_v4_w000804,6000000000000007822,20,Lunch-Peak Specialist,2020-02-15T18:06:54+08:00,2020-02-15T18:56:54+08:00,2020-02-15T18:27:46+08:00,True,6.0,1066.0,3942.0,116.291484,40.052133,116.302347,40.064106
deepseek_v4,deepseek_v4_w000860,6000000000000008356,20,Lunch-Peak Specialist,2020-02-15T18:43:34+08:00,2020-02-15T19:31:34+08:00,2020-02-15T19:04:17+08:00,True,3.0,857.0,3074.0,116.309846,40.073377,116.313437,40.074416
deepseek_v4,deepseek_v4_w000875,6000000000000008103,20,Lunch-Peak Specialist,2020-02-15T18:42:01+08:00,2020-02-15T19:42:01+08:00,2020-02-15T19:18:00+08:00,True,3.0,480.0,1497.0,116.309846,40.073377,116.316157,40.069056
deepseek_v4,deepseek_v4_w000267,6000000000000001487,21,Lunch-Peak Specialist,2020-02-15T11:21:42+08:00,2020-02-15T12:12:42+08:00,2020-02-15T11:38:43+08:00,True,6.0,1123.0,4179.0,116.336583,40.07912,116.357977,40.081606
deepseek_v4,deepseek_v4_w000291,6000000000000001787,21,Lunch-Peak Specialist,2020-02-15T11:22:05+08:00,2020-02-15T12:08:05+08:00,2020-02-15T12:01:52+08:00,True,3.0,1312.0,4469.0,116.351783,40.080607,116.362807,40.083666
deepseek_v4,deepseek_v4_w000291,6000000000000001875,21,Lunch-Peak Specialist,2020-02-15T11:19:01+08:00,2020-02-15T12:15:01+08:00,2020-02-15T12:01:52+08:00,True,6.0,1312.0,4469.0,116.348395,40.080585,116.366097,40.085606
deepseek_v4,deepseek_v4_w000354,6000000000000003163,21,Lunch-Peak Specialist,2020-02-15T11:54:23+08:00,2020-02-15T12:48:23+08:00,2020-02-15T12:47:20+08:00,True,6.0,2240.0,8334.0,116.348128,40.081539,116.323707,40.066256
deepseek_v4,deepseek_v4_w000354,6000000000000002499,21,Lunch-Peak Specialist,2020-02-15T11:56:15+08:00,2020-02-15T12:49:15+08:00,2020-02-15T12:47:20+08:00,True,6.0,2240.0,8334.0,116.344643,40.079313,116.334517,40.070766
deepseek_v4,deepseek_v4_w000495,6000000000000004534,21,Lunch-Peak Specialist,2020-02-15T13:56:00+08:00,2020-02-15T14:35:00+08:00,2020-02-15T14:06:15+08:00,True,6.0,975.0,3562.0,116.336583,40.07912,116.351417,40.076226
deepseek_v4,deepseek_v4_w000513,6000000000000004683,21,Lunch-Peak Specialist,2020-02-15T14:04:02+08:00,2020-02-15T14:44:02+08:00,2020-02-15T14:27:57+08:00,True,6.0,1077.0,3987.0,116.348789,40.073257,116.327007,40.067526
deepseek_v4,deepseek_v4_w000546,6000000000000004685,21,Lunch-Peak Specialist,2020-02-15T14:04:59+08:00,2020-02-15T14:41:59+08:00,2020-02-15T14:53:16+08:00,False,6.0,1396.0,4815.0,116.336357,40.078986,116.357957,40.073796
deepseek_v4,deepseek_v4_w000546,6000000000000004549,21,Lunch-Peak Specialist,2020-02-15T14:10:11+08:00,2020-02-15T14:50:11+08:00,2020-02-15T14:53:16+08:00,False,6.0,1396.0,4815.0,116.336347,40.078986,116.357957,40.073796
deepseek_v4,deepseek_v4_w000586,6000000000000005287,21,Lunch-Peak Specialist,2020-02-15T14:41:24+08:00,2020-02-15T15:21:24+08:00,2020-02-15T15:33:48+08:00,False,6.0,1428.0,4951.0,116.348469,40.072231,116.343027,40.082676
deepseek_v4,deepseek_v4_w000586,6000000000000004765,21,Lunch-Peak Specialist,2020-02-15T14:47:54+08:00,2020-02-15T15:25:54+08:00,2020-02-15T15:33:48+08:00,False,6.0,1428.0,4951.0,116.348469,40.072231,116.350807,40.083886
deepseek_v4,deepseek_v4_w000617,6000000000000005368,21,Lunch-Peak Specialist,2020-02-15T15:26:32+08:00,2020-02-15T16:27:32+08:00,2020-02-15T15:50:51+08:00,True,6.0,651.0,2215.0,116.348395,40.080585,116.340727,40.089826
deepseek_v4,deepseek_v4_w000658,6000000000000006198,21,Lunch-Peak Specialist,2020-02-15T16:29:32+08:00,2020-02-15T17:15:00+08:00,2020-02-15T16:32:47+08:00,True,3.0,767.0,2696.0,116.344569,40.082519,116.349957,40.082406
deepseek_v4,deepseek_v4_w000677,6000000000000006208,21,Lunch-Peak Specialist,2020-02-15T16:37:49+08:00,2020-02-15T17:21:49+08:00,2020-02-15T16:55:39+08:00,True,6.0,939.0,2914.0,116.348128,40.081539,116.354947,40.073616
deepseek_v4,deepseek_v4_w000677,6000000000000006340,21,Lunch-Peak Specialist,2020-02-15T16:41:19+08:00,2020-02-15T17:22:19+08:00,2020-02-15T16:55:39+08:00,True,3.0,939.0,2914.0,116.348128,40.081539,116.345827,40.075736
deepseek_v4,deepseek_v4_w000708,6000000000000006227,21,Lunch-Peak Specialist,2020-02-15T16:55:17+08:00,2020-02-15T17:31:17+08:00,2020-02-15T17:11:11+08:00,True,6.0,671.0,2295.0,116.344569,40.082519,116.357017,40.082426
deepseek_v4,deepseek_v4_w000732,6000000000000006779,21,Lunch-Peak Specialist,2020-02-15T16:59:37+08:00,2020-02-15T17:31:37+08:00,2020-02-15T17:27:06+08:00,True,3.0,426.0,1272.0,116.357187,40.082356,116.359107,40.087506
deepseek_v4,deepseek_v4_w000124,6000000000000000541,22,Lunch-Peak Specialist,2020-02-15T09:55:40+08:00,2020-02-15T10:25:40+08:00,2020-02-15T10:12:28+08:00,True,3.0,748.0,2613.0,116.329423,39.991171,116.323707,39.987676
deepseek_v4,deepseek_v4_w000186,6000000000000001058,22,Lunch-Peak Specialist,2020-02-15T10:40:48+08:00,2020-02-15T11:19:48+08:00,2020-02-15T10:50:47+08:00,True,6.0,647.0,2194.0,116.324115,39.987352,116.334317,39.999256
deepseek_v4,deepseek_v4_w000246,6000000000000001460,22,Lunch-Peak Specialist,2020-02-15T11:05:29+08:00,2020-02-15T11:35:30+08:00,2020-02-15T11:41:03+08:00,False,3.0,1863.0,6762.0,116.329393,39.990968,116.329497,39.993576
deepseek_v4,deepseek_v4_w000246,6000000000000001842,22,Lunch-Peak Specialist,2020-02-15T11:04:32+08:00,2020-02-15T11:47:32+08:00,2020-02-15T11:41:03+08:00,True,6.0,1863.0,6762.0,116.329423,39.991171,116.339397,40.012686
deepseek_v4,deepseek_v4_w000385,6000000000000003455,22,Lunch-Peak Specialist,2020-02-15T12:26:15+08:00,2020-02-15T13:10:15+08:00,2020-02-15T12:54:30+08:00,True,6.0,1470.0,5629.0,116.336124,40.02959,116.346967,40.015356
deepseek_v4,deepseek_v4_w000446,6000000000000003475,22,Lunch-Peak Specialist,2020-02-15T12:41:18+08:00,2020-02-15T13:25:18+08:00,2020-02-15T13:46:57+08:00,False,6.0,2217.0,8240.0,116.342057,40.000316,116.358437,40.010356
deepseek_v4,deepseek_v4_w000446,6000000000000004566,22,Lunch-Peak Specialist,2020-02-15T13:17:49+08:00,2020-02-15T14:00:49+08:00,2020-02-15T13:46:57+08:00,True,6.0,2217.0,8240.0,116.342057,40.000316,116.364487,39.998126
deepseek_v4,deepseek_v4_w000499,6000000000000005085,22,Lunch-Peak Specialist,2020-02-15T14:09:22+08:00,2020-02-15T14:39:22+08:00,2020-02-15T14:10:40+08:00,True,3.0,640.0,2167.0,116.364137,40.001036,116.358287,39.995936
deepseek_v4,deepseek_v4_w000554,6000000000000005160,22,Lunch-Peak Specialist,2020-02-15T14:38:59+08:00,2020-02-15T15:22:59+08:00,2020-02-15T14:55:57+08:00,True,6.0,957.0,3486.0,116.363315,40.000984,116.375757,39.994536
deepseek_v4,deepseek_v4_w000577,6000000000000005506,22,Lunch-Peak Specialist,2020-02-15T15:04:38+08:00,2020-02-15T15:45:38+08:00,2020-02-15T15:27:37+08:00,True,6.0,1657.0,5903.0,116.386273,39.998317,116.405617,39.994496
deepseek_v4,deepseek_v4_w000577,6000000000000005679,22,Lunch-Peak Specialist,2020-02-15T15:08:29+08:00,2020-02-15T15:49:29+08:00,2020-02-15T15:27:37+08:00,True,6.0,1657.0,5903.0,116.383701,39.999083,116.404007,39.999336
deepseek_v4,deepseek_v4_w000662,6000000000000006182,22,Lunch-Peak Specialist,2020-02-15T16:11:22+08:00,2020-02-15T16:50:22+08:00,2020-02-15T16:35:04+08:00,True,6.0,904.0,3266.0,116.386758,39.998025,116.401707,39.996406
deepseek_v4,deepseek_v4_w000757,6000000000000006766,22,Lunch-Peak Specialist,2020-02-15T17:36:56+08:00,2020-02-15T18:07:56+08:00,2020-02-15T17:50:34+08:00,True,3.0,634.0,2140.0,116.398437,39.99692,116.391897,39.995616
deepseek_v4,deepseek_v4_w000791,6000000000000007590,22,Lunch-Peak Specialist,2020-02-15T17:51:45+08:00,2020-02-15T18:31:45+08:00,2020-02-15T18:28:23+08:00,True,3.0,1703.0,6095.0,116.395221,40.004674,116.395127,40.002346
deepseek_v4,deepseek_v4_w000791,6000000000000007664,22,Lunch-Peak Specialist,2020-02-15T17:54:15+08:00,2020-02-15T18:35:15+08:00,2020-02-15T18:28:23+08:00,True,6.0,1703.0,6095.0,116.383557,39.999316,116.398507,39.997426
deepseek_v4,deepseek_v4_w000842,6000000000000008159,22,Lunch-Peak Specialist,2020-02-15T18:23:47+08:00,2020-02-15T19:01:47+08:00,2020-02-15T18:55:09+08:00,True,3.0,909.0,2786.0,116.397125,40.004202,116.403517,40.000646
deepseek_v4,deepseek_v4_w000842,6000000000000008241,22,Lunch-Peak Specialist,2020-02-15T18:27:01+08:00,2020-02-15T19:08:01+08:00,2020-02-15T18:55:09+08:00,True,3.0,909.0,2786.0,116.397312,40.004121,116.405497,39.999846
deepseek_v4,deepseek_v4_w000865,6000000000000008438,22,Lunch-Peak Specialist,2020-02-15T18:46:01+08:00,2020-02-15T19:28:01+08:00,2020-02-15T19:06:15+08:00,True,3.0,375.0,1061.0,116.402468,40.001305,116.403327,39.997396
deepseek_v4,deepseek_v4_w000876,6000000000000008448,22,Lunch-Peak Specialist,2020-02-15T18:49:32+08:00,2020-02-15T19:32:32+08:00,2020-02-15T19:22:52+08:00,True,6.0,772.0,2717.0,116.399259,39.99704,116.406127,39.986446
deepseek_v4,deepseek_v4_w000027,6000000000000000244,23,Lunch-Peak Specialist,2020-02-15T08:32:51+08:00,2020-02-15T09:23:51+08:00,2020-02-15T08:53:42+08:00,True,3.0,822.0,2925.0,116.416174,39.995581,116.409177,39.992956
deepseek_v4,deepseek_v4_w000055,6000000000000000455,23,Lunch-Peak Specialist,2020-02-15T09:19:23+08:00,2020-02-15T09:58:23+08:00,2020-02-15T09:26:00+08:00,True,6.0,960.0,3501.0,116.418206,39.993062,116.406087,39.985446
deepseek_v4,deepseek_v4_w000074,6000000000000000585,23,Lunch-Peak Specialist,2020-02-15T09:31:33+08:00,2020-02-15T10:19:33+08:00,2020-02-15T09:43:43+08:00,True,3.0,823.0,2930.0,116.406793,39.985754,116.411417,39.989096
deepseek_v4,deepseek_v4_w000104,6000000000000000947,23,Lunch-Peak Specialist,2020-02-15T09:56:47+08:00,2020-02-15T10:29:47+08:00,2020-02-15T10:10:19+08:00,True,3.0,1219.0,4077.0,116.406753,39.985226,116.404047,39.981076
deepseek_v4,deepseek_v4_w000104,6000000000000000369,23,Lunch-Peak Specialist,2020-02-15T09:48:32+08:00,2020-02-15T10:30:00+08:00,2020-02-15T10:10:19+08:00,True,3.0,1219.0,4077.0,116.410779,39.987353,116.405467,39.979786
deepseek_v4,deepseek_v4_w000156,6000000000000000832,23,Lunch-Peak Specialist,2020-02-15T10:19:08+08:00,2020-02-15T11:02:08+08:00,2020-02-15T10:31:43+08:00,True,3.0,703.0,2429.0,116.401002,39.982468,116.400117,39.978486
deepseek_v4,deepseek_v4_w000198,6000000000000001285,23,Lunch-Peak Specialist,2020-02-15T10:43:26+08:00,2020-02-15T11:39:26+08:00,2020-02-15T11:19:17+08:00,True,6.0,2357.0,8815.0,116.400747,39.965488,116.406407,39.974116
deepseek_v4,deepseek_v4_w000198,6000000000000001620,23,Lunch-Peak Specialist,2020-02-15T10:49:21+08:00,2020-02-15T11:43:21+08:00,2020-02-15T11:19:17+08:00,True,6.0,2357.0,8815.0,116.40052,39.966067,116.404387,39.941076
deepseek_v4,deepseek_v4_w000265,6000000000000001078,23,Lunch-Peak Specialist,2020-02-15T10:51:12+08:00,2020-02-15T11:30:00+08:00,2020-02-15T11:37:14+08:00,False,6.0,1034.0,3806.0,116.388517,39.939966,116.370697,39.937666
deepseek_v4,deepseek_v4_w000311,6000000000000001792,23,Lunch-Peak Specialist,2020-02-15T11:26:26+08:00,2020-02-15T12:05:26+08:00,2020-02-15T12:02:13+08:00,True,3.0,733.0,2553.0,116.362648,39.942124,116.369337,39.937086
deepseek_v4,deepseek_v4_w000344,6000000000000003015,23,Lunch-Peak Specialist,2020-02-15T11:52:49+08:00,2020-02-15T12:23:49+08:00,2020-02-15T12:22:54+08:00,True,3.0,774.0,2228.0,116.362749,39.937453,116.356477,39.941426
deepseek_v4,deepseek_v4_w000344,6000000000000003158,23,Lunch-Peak Specialist,2020-02-15T11:52:48+08:00,2020-02-15T12:24:48+08:00,2020-02-15T12:22:54+08:00,True,3.0,774.0,2228.0,116.358677,39.935514,116.356937,39.941956
deepseek_v4,deepseek_v4_w000373,6000000000000003269,23,Lunch-Peak Specialist,2020-02-15T12:13:52+08:00,2020-02-15T12:47:52+08:00,2020-02-15T12:47:03+08:00,True,3.0,1023.0,3261.0,116.353706,39.941668,116.351417,39.942476
deepseek_v4,deepseek_v4_w000373,6000000000000003253,23,Lunch-Peak Specialist,2020-02-15T12:07:51+08:00,2020-02-15T12:53:51+08:00,2020-02-15T12:47:03+08:00,True,6.0,1023.0,3261.0,116.353655,39.941735,116.340247,39.934406
deepseek_v4,deepseek_v4_w000409,6000000000000003625,23,Lunch-Peak Specialist,2020-02-15T12:42:51+08:00,2020-02-15T13:22:51+08:00,2020-02-15T13:16:31+08:00,True,3.0,1591.0,5628.0,116.342817,39.940455,116.338517,39.934246
deepseek_v4,deepseek_v4_w000409,6000000000000003693,23,Lunch-Peak Specialist,2020-02-15T12:32:46+08:00,2020-02-15T13:28:46+08:00,2020-02-15T13:16:31+08:00,True,6.0,1591.0,5628.0,116.343191,39.940317,116.325607,39.926066
deepseek_v4,deepseek_v4_w000570,6000000000000004946,23,Lunch-Peak Specialist,2020-02-15T14:57:15+08:00,2020-02-15T15:32:15+08:00,2020-02-15T15:08:04+08:00,True,6.0,1084.0,4016.0,116.347776,39.922938,116.342897,39.911706
deepseek_v4,deepseek_v4_w000638,6000000000000005714,23,Lunch-Peak Specialist,2020-02-15T15:42:51+08:00,2020-02-15T16:24:51+08:00,2020-02-15T16:15:04+08:00,True,6.0,904.0,3266.0,116.351303,39.911535,116.335807,39.915496
deepseek_v4,deepseek_v4_w000711,6000000000000006221,23,Lunch-Peak Specialist,2020-02-15T16:46:22+08:00,2020-02-15T17:36:22+08:00,2020-02-15T17:31:32+08:00,True,6.0,1892.0,6881.0,116.349294,39.918768,116.331577,39.926996
deepseek_v4,deepseek_v4_w000711,6000000000000006561,23,Lunch-Peak Specialist,2020-02-15T16:49:23+08:00,2020-02-15T17:38:23+08:00,2020-02-15T17:31:32+08:00,True,6.0,1892.0,6881.0,116.339779,39.920547,116.316397,39.921496
deepseek_v4,deepseek_v4_w000783,6000000000000007024,23,Lunch-Peak Specialist,2020-02-15T17:47:37+08:00,2020-02-15T18:35:37+08:00,2020-02-15T18:27:23+08:00,True,6.0,2243.0,8344.0,116.314743,39.933295,116.304037,39.927386
deepseek_v4,deepseek_v4_w000783,6000000000000007678,23,Lunch-Peak Specialist,2020-02-15T17:54:04+08:00,2020-02-15T18:42:10+08:00,2020-02-15T18:27:23+08:00,True,3.0,2243.0,8344.0,116.317997,39.936496,116.319857,39.934166
deepseek_v4,deepseek_v4_w000832,6000000000000007048,23,Lunch-Peak Specialist,2020-02-15T18:05:23+08:00,2020-02-15T18:49:23+08:00,2020-02-15T18:51:17+08:00,False,6.0,1277.0,4818.0,116.304708,39.934493,116.309797,39.953156
deepseek_v4,deepseek_v4_w000036,6000000000000000261,24,Lunch-Peak Specialist,2020-02-15T08:50:29+08:00,2020-02-15T10:45:00+08:00,2020-02-15T09:07:19+08:00,True,6.0,1039.0,3827.0,116.306018,39.97894,116.318127,39.990116
deepseek_v4,deepseek_v4_w000058,6000000000000000591,24,Lunch-Peak Specialist,2020-02-15T09:06:08+08:00,2020-02-15T12:06:08+08:00,2020-02-15T09:26:24+08:00,True,3.0,984.0,3599.0,116.306018,39.97894,116.307597,39.986296
deepseek_v4,deepseek_v4_w000128,6000000000000000677,24,Lunch-Peak Specialist,2020-02-15T09:52:28+08:00,2020-02-15T11:00:00+08:00,2020-02-15T10:30:54+08:00,True,6.0,1854.0,6726.0,116.304095,39.977996,116.324997,39.991326
deepseek_v4,deepseek_v4_w000128,6000000000000001100,24,Lunch-Peak Specialist,2020-02-15T09:40:35+08:00,2020-02-15T12:40:35+08:00,2020-02-15T10:30:54+08:00,True,6.0,1854.0,6726.0,116.306018,39.97894,116.320607,39.990526
deepseek_v4,deepseek_v4_w000187,6000000000000001136,24,Lunch-Peak Specialist,2020-02-15T10:46:34+08:00,2020-02-15T11:19:34+08:00,2020-02-15T10:53:24+08:00,True,3.0,804.0,2852.0,116.324049,39.991577,116.329197,39.996926
deepseek_v4,deepseek_v4_w000216,6000000000000001064,24,Lunch-Peak Specialist,2020-02-15T10:46:44+08:00,2020-02-15T11:30:00+08:00,2020-02-15T11:13:14+08:00,True,6.0,794.0,2810.0,116.32582,39.995618,116.332057,40.012206
deepseek_v4,deepseek_v4_w000258,6000000000000001406,24,Lunch-Peak Specialist,2020-02-15T10:50:42+08:00,2020-02-15T11:48:42+08:00,2020-02-15T11:41:04+08:00,True,6.0,1264.0,4767.0,116.332098,40.006788,116.357167,39.997596
deepseek_v4,deepseek_v4_w000309,6000000000000002079,24,Lunch-Peak Specialist,2020-02-15T11:30:31+08:00,2020-02-15T12:00:32+08:00,2020-02-15T12:05:34+08:00,False,3.0,934.0,3394.0,116.364137,40.001036,116.361717,39.999206
deepseek_v4,deepseek_v4_w000353,6000000000000002805,24,Lunch-Peak Specialist,2020-02-15T11:44:05+08:00,2020-02-15T12:14:05+08:00,2020-02-15T12:31:33+08:00,False,6.0,1293.0,4886.0,116.343057,40.003686,116.337777,40.012756
deepseek_v4,deepseek_v4_w000553,6000000000000005039,24,Lunch-Peak Specialist,2020-02-15T14:25:44+08:00,2020-02-15T15:06:44+08:00,2020-02-15T15:15:45+08:00,False,6.0,2145.0,7938.0,116.343574,40.008209,116.344057,39.998816
deepseek_v4,deepseek_v4_w000553,6000000000000005400,24,Lunch-Peak Specialist,2020-02-15T14:48:00+08:00,2020-02-15T15:19:00+08:00,2020-02-15T15:15:45+08:00,True,3.0,2145.0,7938.0,116.343005,40.011263,116.337817,40.016376
deepseek_v4,deepseek_v4_w000049,6000000000000000673,25,Lunch-Peak Specialist,2020-02-15T09:06:40+08:00,2020-02-15T12:06:40+08:00,2020-02-15T09:15:48+08:00,True,3.0,948.0,3448.0,116.452478,39.884308,116.453977,39.889216
deepseek_v4,deepseek_v4_w000075,6000000000000000592,25,Lunch-Peak Specialist,2020-02-15T09:35:48+08:00,2020-02-15T10:10:48+08:00,2020-02-15T09:39:07+08:00,True,6.0,547.0,1780.0,116.455452,39.889015,116.461137,39.880036
deepseek_v4,deepseek_v4_w000113,6000000000000000473,25,Lunch-Peak Specialist,2020-02-15T09:53:54+08:00,2020-02-15T10:28:54+08:00,2020-02-15T10:00:47+08:00,True,3.0,647.0,2194.0,116.467167,39.88449,116.467207,39.886696
deepseek_v4,deepseek_v4_w000135,6000000000000000427,25,Lunch-Peak Specialist,2020-02-15T09:53:32+08:00,2020-02-15T10:40:32+08:00,2020-02-15T10:24:57+08:00,True,6.0,897.0,3238.0,116.468374,39.883906,116.483237,39.897976
deepseek_v4,deepseek_v4_w000181,6000000000000001055,25,Lunch-Peak Specialist,2020-02-15T10:34:41+08:00,2020-02-15T11:15:41+08:00,2020-02-15T10:49:14+08:00,True,3.0,1154.0,3810.0,116.47012,39.892838,116.474227,39.890596
deepseek_v4,deepseek_v4_w000181,6000000000000001205,25,Lunch-Peak Specialist,2020-02-15T10:36:35+08:00,2020-02-15T11:20:35+08:00,2020-02-15T10:49:14+08:00,True,3.0,1154.0,3810.0,116.470015,39.892929,116.473937,39.889646
deepseek_v4,deepseek_v4_w000220,6000000000000001528,25,Lunch-Peak Specialist,2020-02-15T10:45:37+08:00,2020-02-15T11:35:37+08:00,2020-02-15T11:28:58+08:00,True,6.0,1738.0,6742.0,116.468605,39.892822,116.491847,39.878786
deepseek_v4,deepseek_v4_w000076,6000000000000000638,26,Lunch-Peak Specialist,2020-02-15T09:39:04+08:00,2020-02-15T10:30:04+08:00,2020-02-15T09:44:33+08:00,True,3.0,873.0,3138.0,116.494054,39.915226,116.486727,39.910376
deepseek_v4,deepseek_v4_w000196,6000000000000000769,26,Lunch-Peak Specialist,2020-02-15T10:24:05+08:00,2020-02-15T11:09:05+08:00,2020-02-15T11:00:43+08:00,True,6.0,1243.0,4677.0,116.47898,39.918639,116.495157,39.924526
deepseek_v4,deepseek_v4_w000247,6000000000000001442,26,Lunch-Peak Specialist,2020-02-15T10:46:13+08:00,2020-02-15T11:30:00+08:00,2020-02-15T11:30:00+08:00,True,6.0,1200.0,4501.0,116.50734,39.920737,116.499227,39.911916
deepseek_v4,deepseek_v4_w000275,6000000000000001881,26,Lunch-Peak Specialist,2020-02-15T11:20:18+08:00,2020-02-15T12:01:18+08:00,2020-02-15T11:39:19+08:00,True,3.0,559.0,1830.0,116.503155,39.914895,116.498647,39.912276
deepseek_v4,deepseek_v4_w000300,6000000000000001592,26,Lunch-Peak Specialist,2020-02-15T11:13:59+08:00,2020-02-15T12:00:59+08:00,2020-02-15T11:54:50+08:00,True,3.0,890.0,3210.0,116.491087,39.921482,116.494107,39.916966
deepseek_v4,deepseek_v4_w000328,6000000000000003171,26,Lunch-Peak Specialist,2020-02-15T11:55:46+08:00,2020-02-15T12:37:46+08:00,2020-02-15T12:08:34+08:00,True,3.0,514.0,1642.0,116.482482,39.915198,116.484777,39.915746
deepseek_v4,deepseek_v4_w000338,6000000000000002487,26,Lunch-Peak Specialist,2020-02-15T11:52:02+08:00,2020-02-15T12:38:02+08:00,2020-02-15T12:45:55+08:00,False,3.0,2155.0,7979.0,116.482498,39.91526,116.475927,39.912816
deepseek_v4,deepseek_v4_w000338,6000000000000002469,26,Lunch-Peak Specialist,2020-02-15T11:44:15+08:00,2020-02-15T12:40:15+08:00,2020-02-15T12:45:55+08:00,False,6.0,2155.0,7979.0,116.494054,39.915226,116.494007,39.932276
deepseek_v4,deepseek_v4_w000407,6000000000000003610,26,Lunch-Peak Specialist,2020-02-15T12:36:28+08:00,2020-02-15T13:19:28+08:00,2020-02-15T13:02:39+08:00,True,3.0,759.0,2662.0,116.49112,39.937725,116.491017,39.931106
deepseek_v4,deepseek_v4_w000438,6000000000000003877,26,Lunch-Peak Specialist,2020-02-15T12:49:05+08:00,2020-02-15T13:42:05+08:00,2020-02-15T13:31:46+08:00,True,6.0,1306.0,4943.0,116.49112,39.937725,116.507767,39.920216
deepseek_v4,deepseek_v4_w000474,6000000000000003816,26,Lunch-Peak Specialist,2020-02-15T13:13:45+08:00,2020-02-15T13:56:45+08:00,2020-02-15T14:08:44+08:00,False,6.0,1724.0,6183.0,116.508011,39.92149,116.520857,39.938306
deepseek_v4,deepseek_v4_w000474,6000000000000004360,26,Lunch-Peak Specialist,2020-02-15T13:27:12+08:00,2020-02-15T14:03:12+08:00,2020-02-15T14:08:44+08:00,False,6.0,1724.0,6183.0,116.50734,39.920737,116.508677,39.944086
deepseek_v4,deepseek_v4_w000516,6000000000000004874,26,Lunch-Peak Specialist,2020-02-15T14:07:04+08:00,2020-02-15T17:07:04+08:00,2020-02-15T14:22:38+08:00,True,6.0,758.0,2656.0,116.512228,39.939599,116.521877,39.945256
deepseek_v4,deepseek_v4_w000565,6000000000000005249,26,Lunch-Peak Specialist,2020-02-15T14:57:51+08:00,2020-02-15T15:56:51+08:00,2020-02-15T15:05:18+08:00,True,6.0,918.0,3328.0,116.51192,39.939138,116.495457,39.931386
deepseek_v4,deepseek_v4_w000590,6000000000000005299,26,Lunch-Peak Specialist,2020-02-15T14:55:48+08:00,2020-02-15T15:34:48+08:00,2020-02-15T15:44:43+08:00,False,6.0,2083.0,7678.0,116.507643,39.925021,116.518607,39.921206
deepseek_v4,deepseek_v4_w000590,6000000000000005313,26,Lunch-Peak Specialist,2020-02-15T15:11:51+08:00,2020-02-15T15:48:51+08:00,2020-02-15T15:44:43+08:00,True,6.0,2083.0,7678.0,116.505391,39.927877,116.522177,39.923126
deepseek_v4,deepseek_v4_w000763,6000000000000007634,26,Lunch-Peak Specialist,2020-02-15T17:41:59+08:00,2020-02-15T18:23:59+08:00,2020-02-15T17:59:12+08:00,True,6.0,1152.0,4299.0,116.52117,39.915468,116.542827,39.920716
deepseek_v4,deepseek_v4_w000857,6000000000000008553,26,Lunch-Peak Specialist,2020-02-15T18:58:07+08:00,2020-02-15T19:38:07+08:00,2020-02-15T19:27:56+08:00,True,6.0,2276.0,8485.0,116.556558,39.922631,116.568247,39.928976
deepseek_v4,deepseek_v4_w000857,6000000000000007757,26,Lunch-Peak Specialist,2020-02-15T18:28:09+08:00,2020-02-15T19:49:09+08:00,2020-02-15T19:27:56+08:00,True,6.0,2276.0,8485.0,116.545654,39.915477,116.562777,39.920996
deepseek_v4,deepseek_v4_w000089,6000000000000000724,27,Lunch-Peak Specialist,2020-02-15T09:25:37+08:00,2020-02-15T10:30:00+08:00,2020-02-15T09:43:34+08:00,True,3.0,814.0,2895.0,116.398151,39.945018,116.396887,39.944196
deepseek_v4,deepseek_v4_w000109,6000000000000000471,27,Lunch-Peak Specialist,2020-02-15T09:52:34+08:00,2020-02-15T10:24:34+08:00,2020-02-15T10:00:03+08:00,True,3.0,603.0,2014.0,116.395442,39.940058,116.400867,39.945436
deepseek_v4,deepseek_v4_w000164,6000000000000000776,27,Lunch-Peak Specialist,2020-02-15T10:28:00+08:00,2020-02-15T11:03:00+08:00,2020-02-15T10:41:48+08:00,True,6.0,1308.0,4948.0,116.407267,39.936115,116.417887,39.948156
deepseek_v4,deepseek_v4_w000207,6000000000000001364,27,Lunch-Peak Specialist,2020-02-15T10:29:57+08:00,2020-02-15T11:17:57+08:00,2020-02-15T11:10:28+08:00,True,6.0,1228.0,4116.0,116.420447,39.940371,116.403237,39.941896
deepseek_v4,deepseek_v4_w000207,6000000000000000720,27,Lunch-Peak Specialist,2020-02-15T10:38:56+08:00,2020-02-15T11:20:56+08:00,2020-02-15T11:10:28+08:00,True,6.0,1228.0,4116.0,116.419143,39.940516,116.399207,39.937556
deepseek_v4,deepseek_v4_w000256,6000000000000001422,27,Lunch-Peak Specialist,2020-02-15T10:58:36+08:00,2020-02-15T11:34:36+08:00,2020-02-15T11:35:41+08:00,False,3.0,941.0,2919.0,116.396897,39.938745,116.395707,39.943786
deepseek_v4,deepseek_v4_w000256,6000000000000001088,27,Lunch-Peak Specialist,2020-02-15T10:54:56+08:00,2020-02-15T11:34:56+08:00,2020-02-15T11:35:41+08:00,False,3.0,941.0,2919.0,116.392843,39.940046,116.388697,39.942166
deepseek_v4,deepseek_v4_w000294,6000000000000001510,27,Lunch-Peak Specialist,2020-02-15T11:19:15+08:00,2020-02-15T11:54:15+08:00,2020-02-15T11:56:23+08:00,False,3.0,983.0,3096.0,116.398151,39.945018,116.392717,39.946866
deepseek_v4,deepseek_v4_w000294,6000000000000001482,27,Lunch-Peak Specialist,2020-02-15T11:19:36+08:00,2020-02-15T12:05:36+08:00,2020-02-15T11:56:23+08:00,True,3.0,983.0,3096.0,116.394758,39.947291,116.390757,39.945646
deepseek_v4,deepseek_v4_w000324,6000000000000002462,27,Lunch-Peak Specialist,2020-02-15T11:42:31+08:00,2020-02-15T12:37:31+08:00,2020-02-15T12:16:22+08:00,True,6.0,982.0,3591.0,116.392843,39.940046,116.383417,39.929006
deepseek_v4,deepseek_v4_w000368,6000000000000003443,27,Lunch-Peak Specialist,2020-02-15T12:23:35+08:00,2020-02-15T13:00:35+08:00,2020-02-15T12:31:55+08:00,True,3.0,715.0,2478.0,116.370176,39.934216,116.371657,39.934606
deepseek_v4,deepseek_v4_w000390,6000000000000003334,27,Lunch-Peak Specialist,2020-02-15T12:15:50+08:00,2020-02-15T13:01:50+08:00,2020-02-15T12:58:20+08:00,True,6.0,1100.0,4083.0,116.362749,39.937453,116.367417,39.915366
deepseek_v4,deepseek_v4_w000422,6000000000000003868,27,Lunch-Peak Specialist,2020-02-15T12:44:05+08:00,2020-02-15T13:20:05+08:00,2020-02-15T13:12:39+08:00,True,3.0,759.0,2162.0,116.365099,39.908612,116.362917,39.907156
deepseek_v4,deepseek_v4_w000422,6000000000000003640,27,Lunch-Peak Specialist,2020-02-15T12:50:51+08:00,2020-02-15T13:24:51+08:00,2020-02-15T13:12:39+08:00,True,3.0,759.0,2162.0,116.365099,39.908612,116.367147,39.910106
deepseek_v4,deepseek_v4_w000454,6000000000000003980,27,Lunch-Peak Specialist,2020-02-15T12:51:51+08:00,2020-02-15T13:42:51+08:00,2020-02-15T13:33:00+08:00,True,6.0,780.0,2748.0,116.363159,39.909832,116.366797,39.892566
deepseek_v4,deepseek_v4_w000484,6000000000000004122,27,Lunch-Peak Specialist,2020-02-15T13:25:24+08:00,2020-02-15T13:56:24+08:00,2020-02-15T13:55:19+08:00,True,6.0,919.0,3329.0,116.36364,39.900227,116.344957,39.898196
deepseek_v4,deepseek_v4_w000507,6000000000000004230,27,Lunch-Peak Specialist,2020-02-15T13:42:26+08:00,2020-02-15T14:26:44+08:00,2020-02-15T14:19:53+08:00,True,6.0,1193.0,4469.0,116.357477,39.906996,116.340227,39.903626
deepseek_v4,deepseek_v4_w000533,6000000000000004846,27,Lunch-Peak Specialist,2020-02-15T14:13:52+08:00,2020-02-15T14:54:52+08:00,2020-02-15T14:30:31+08:00,True,3.0,631.0,2132.0,116.353757,39.904099,116.355117,39.899076
deepseek_v4,deepseek_v4_w000549,6000000000000004999,27,Lunch-Peak Specialist,2020-02-15T14:37:17+08:00,2020-02-15T15:12:17+08:00,2020-02-15T14:52:53+08:00,True,6.0,773.0,2720.0,116.353703,39.89785,116.341407,39.894226
deepseek_v4,deepseek_v4_w000573,6000000000000005340,27,Lunch-Peak Specialist,2020-02-15T14:53:49+08:00,2020-02-15T15:34:49+08:00,2020-02-15T15:09:32+08:00,True,3.0,572.0,1885.0,116.344519,39.898519,116.341547,39.898866
deepseek_v4,deepseek_v4_w000584,6000000000000005570,27,Lunch-Peak Specialist,2020-02-15T15:17:50+08:00,2020-02-15T16:09:50+08:00,2020-02-15T15:23:58+08:00,True,6.0,838.0,2990.0,116.34339,39.893493,116.331787,39.891846
deepseek_v4,deepseek_v4_w000652,6000000000000006083,27,Lunch-Peak Specialist,2020-02-15T16:27:58+08:00,2020-02-15T17:13:58+08:00,2020-02-15T16:37:56+08:00,True,6.0,1076.0,3982.0,116.330308,39.891783,116.343277,39.879536
deepseek_v4,deepseek_v4_w000678,6000000000000006318,27,Lunch-Peak Specialist,2020-02-15T16:18:01+08:00,2020-02-15T17:06:01+08:00,2020-02-15T16:51:00+08:00,True,3.0,660.0,1751.0,116.343601,39.877731,116.343057,39.883556
deepseek_v4,deepseek_v4_w000678,6000000000000006087,27,Lunch-Peak Specialist,2020-02-15T16:29:30+08:00,2020-02-15T17:09:30+08:00,2020-02-15T16:51:00+08:00,True,3.0,660.0,1751.0,116.343601,39.877731,116.343037,39.879096
deepseek_v4,deepseek_v4_w000704,6000000000000005957,27,Lunch-Peak Specialist,2020-02-15T16:35:45+08:00,2020-02-15T17:30:45+08:00,2020-02-15T17:16:21+08:00,True,6.0,981.0,3588.0,116.343601,39.877731,116.362067,39.867086
deepseek_v4,deepseek_v4_w000744,6000000000000006824,27,Lunch-Peak Specialist,2020-02-15T17:34:19+08:00,2020-02-15T18:11:19+08:00,2020-02-15T17:40:27+08:00,True,6.0,627.0,2113.0,116.359384,39.865811,116.346767,39.859076
deepseek_v4,deepseek_v4_w000782,6000000000000006950,27,Lunch-Peak Specialist,2020-02-15T17:32:30+08:00,2020-02-15T18:19:30+08:00,2020-02-15T18:38:46+08:00,False,6.0,2926.0,11193.0,116.359384,39.865811,116.377107,39.859216
deepseek_v4,deepseek_v4_w000782,6000000000000007342,27,Lunch-Peak Specialist,2020-02-15T17:56:48+08:00,2020-02-15T18:32:48+08:00,2020-02-15T18:38:46+08:00,False,6.0,2926.0,11193.0,116.354537,39.870916,116.360797,39.862496
deepseek_v4,deepseek_v4_w000845,6000000000000007145,27,Lunch-Peak Specialist,2020-02-15T18:12:20+08:00,2020-02-15T18:58:20+08:00,2020-02-15T18:57:45+08:00,True,6.0,1065.0,3939.0,116.355001,39.870796,116.360077,39.880916
deepseek_v4,deepseek_v4_w000907,6000000000000008464,27,Lunch-Peak Specialist,2020-02-15T19:03:30+08:00,2020-02-15T19:48:30+08:00,2020-02-15T19:41:23+08:00,True,6.0,683.0,2345.0,116.36736,39.877458,116.380437,39.879376
deepseek_v4,deepseek_v4_w000097,6000000000000000674,28,Lunch-Peak Specialist,2020-02-15T09:42:36+08:00,2020-02-15T10:30:00+08:00,2020-02-15T09:54:55+08:00,True,6.0,895.0,3230.0,116.329037,39.991301,116.317877,39.995636
deepseek_v4,deepseek_v4_w000192,6000000000000001062,28,Lunch-Peak Specialist,2020-02-15T10:45:44+08:00,2020-02-15T11:30:00+08:00,2020-02-15T10:50:03+08:00,True,3.0,603.0,2011.0,116.32582,39.995618,116.328637,40.001496
deepseek_v4,deepseek_v4_w000262,6000000000000001305,28,Lunch-Peak Specialist,2020-02-15T11:03:17+08:00,2020-02-15T11:51:17+08:00,2020-02-15T11:40:08+08:00,True,6.0,1208.0,4533.0,116.329275,39.990524,116.316107,40.001976
deepseek_v4,deepseek_v4_w000365,6000000000000002641,28,Lunch-Peak Specialist,2020-02-15T11:52:44+08:00,2020-02-15T12:41:44+08:00,2020-02-15T12:45:41+08:00,False,6.0,1541.0,5922.0,116.32582,39.995618,116.349047,39.983346
deepseek_v4,deepseek_v4_w000403,6000000000000003864,28,Lunch-Peak Specialist,2020-02-15T12:31:35+08:00,2020-02-15T13:26:35+08:00,2020-02-15T13:06:06+08:00,True,6.0,966.0,3523.0,116.34955,39.980442,116.371047,39.984036
deepseek_v4,deepseek_v4_w000460,6000000000000004329,28,Lunch-Peak Specialist,2020-02-15T13:12:09+08:00,2020-02-15T13:54:09+08:00,2020-02-15T13:38:39+08:00,True,6.0,1119.0,4161.0,116.360129,39.977534,116.348497,39.985216
deepseek_v4,deepseek_v4_w000478,6000000000000004123,28,Lunch-Peak Specialist,2020-02-15T13:25:41+08:00,2020-02-15T14:02:41+08:00,2020-02-15T13:56:14.312500+08:00,True,3.0,974.31,3063.0,116.355541,39.9812,116.349297,39.985366
deepseek_v4,deepseek_v4_w000478,6000000000000004587,28,Lunch-Peak Specialist,2020-02-15T13:37:28+08:00,2020-02-15T14:07:28+08:00,2020-02-15T13:56:14.312500+08:00,True,3.0,974.31,3063.0,116.349338,39.980475,116.349357,39.985376
deepseek_v4,deepseek_v4_w000502,6000000000000004833,28,Lunch-Peak Specialist,2020-02-15T13:38:36+08:00,2020-02-15T14:25:36+08:00,2020-02-15T14:26:11+08:00,False,3.0,1571.0,5544.0,116.34955,39.980442,116.347747,39.971846
deepseek_v4,deepseek_v4_w000502,6000000000000004159,28,Lunch-Peak Specialist,2020-02-15T13:36:24+08:00,2020-02-15T14:29:24+08:00,2020-02-15T14:26:11+08:00,True,6.0,1571.0,5544.0,116.34955,39.980442,116.333817,39.991956
deepseek_v4,deepseek_v4_w000539,6000000000000005090,28,Lunch-Peak Specialist,2020-02-15T14:11:01+08:00,2020-02-15T14:56:01+08:00,2020-02-15T14:46:57+08:00,True,6.0,1017.0,3735.0,116.329132,39.991111,116.340517,40.002086
deepseek_v4,deepseek_v4_w000563,6000000000000005555,28,Lunch-Peak Specialist,2020-02-15T14:57:13+08:00,2020-02-15T15:57:14+08:00,2020-02-15T15:00:46+08:00,True,3.0,646.0,2191.0,116.344316,40.007976,116.343427,40.015016
deepseek_v4,deepseek_v4_w000725,6000000000000006606,28,Lunch-Peak Specialist,2020-02-15T17:09:43+08:00,2020-02-15T17:57:43+08:00,2020-02-15T17:33:54+08:00,True,6.0,1434.0,5476.0,116.34191,40.00041,116.359757,40.013066
deepseek_v4,deepseek_v4_w000765,6000000000000006891,28,Lunch-Peak Specialist,2020-02-15T17:27:49+08:00,2020-02-15T18:12:49+08:00,2020-02-15T18:05:06+08:00,True,10.0,1506.0,5775.0,116.365528,40.003828,116.404577,40.007356
deepseek_v4,deepseek_v4_w000208,6000000000000001625,29,Lunch-Peak Specialist,2020-02-15T10:57:16+08:00,2020-02-15T13:15:00+08:00,2020-02-15T11:07:57+08:00,True,6.0,1077.0,3988.0,116.31622,39.756655,116.317317,39.774206
deepseek_v4,deepseek_v4_w000334,6000000000000003203,29,Lunch-Peak Specialist,2020-02-15T12:08:56+08:00,2020-02-15T12:38:56+08:00,2020-02-15T12:11:23+08:00,True,3.0,683.0,2346.0,116.323829,39.762961,116.327887,39.763796
deepseek_v4,deepseek_v4_w000357,6000000000000002759,29,Lunch-Peak Specialist,2020-02-15T12:07:06+08:00,2020-02-15T12:37:07+08:00,2020-02-15T12:35:53+08:00,True,6.0,953.0,3473.0,116.323829,39.762961,116.306587,39.764586
deepseek_v4,deepseek_v4_w000683,6000000000000006165,29,Lunch-Peak Specialist,2020-02-15T16:46:13+08:00,2020-02-15T17:25:13+08:00,2020-02-15T17:01:40+08:00,True,6.0,1300.0,4915.0,116.324877,39.763766,116.336507,39.760306
deepseek_v4,deepseek_v4_w000152,6000000000000001040,30,Lunch-Peak Specialist,2020-02-15T10:22:41+08:00,2020-02-15T11:18:41+08:00,2020-02-15T10:43:32+08:00,True,10.0,1412.0,5383.0,116.532422,40.036321,116.480607,40.032706
deepseek_v4,deepseek_v4_w000248,6000000000000001960,30,Lunch-Peak Specialist,2020-02-15T11:17:18+08:00,2020-02-15T12:03:18+08:00,2020-02-15T11:27:43+08:00,True,6.0,1063.0,3430.0,116.47268,40.040834,116.484347,40.045836
deepseek_v4,deepseek_v4_w000248,6000000000000002157,30,Lunch-Peak Specialist,2020-02-15T11:18:38+08:00,2020-02-15T12:07:38+08:00,2020-02-15T11:27:43+08:00,True,6.0,1063.0,3430.0,116.47268,40.040834,116.484587,40.042576
deepseek_v4,deepseek_v4_w000750,6000000000000006662,30,Lunch-Peak Specialist,2020-02-15T17:21:13+08:00,2020-02-15T18:11:13+08:00,2020-02-15T17:41:40+08:00,True,6.0,700.0,2414.0,116.47268,40.040834,116.484587,40.042576
deepseek_v4,deepseek_v4_w000778,6000000000000007265,30,Lunch-Peak Specialist,2020-02-15T17:56:23+08:00,2020-02-15T18:55:23+08:00,2020-02-15T18:14:26+08:00,True,10.0,1466.0,5607.0,116.47268,40.040834,116.499927,40.022596
deepseek_v4,deepseek_v4_w000927,6000000000000008853,30,Lunch-Peak Specialist,2020-02-15T19:40:41+08:00,2020-02-15T20:27:41+08:00,2020-02-15T19:57:11+08:00,True,6.0,1031.0,3795.0,116.487069,40.031095,116.494037,40.021576
deepseek_v4,deepseek_v4_w000053,6000000000000000620,31,Super Stacker,2020-02-15T09:08:54+08:00,2020-02-15T09:48:54+08:00,2020-02-15T09:22:13+08:00,True,6.0,1333.0,5053.0,116.331118,40.041751,116.338357,40.034476
deepseek_v4,deepseek_v4_w000086,6000000000000000589,31,Super Stacker,2020-02-15T09:34:34+08:00,2020-02-15T12:04:34+08:00,2020-02-15T09:46:21+08:00,True,6.0,981.0,3587.0,116.352575,40.030326,116.364387,40.034516
deepseek_v4,deepseek_v4_w000115,6000000000000000742,31,Super Stacker,2020-02-15T09:55:54+08:00,2020-02-15T10:37:54+08:00,2020-02-15T10:08:48+08:00,True,6.0,1128.0,4201.0,116.356859,40.031124,116.331387,40.034036
deepseek_v4,deepseek_v4_w000139,6000000000000000823,31,Super Stacker,2020-02-15T10:03:29+08:00,2020-02-15T10:40:29+08:00,2020-02-15T10:29:06+08:00,True,3.0,1146.0,3769.0,116.336902,40.032579,116.330267,40.034286
deepseek_v4,deepseek_v4_w000139,6000000000000001092,31,Super Stacker,2020-02-15T10:02:59+08:00,2020-02-15T10:52:59+08:00,2020-02-15T10:29:06+08:00,True,6.0,1146.0,3769.0,116.337449,40.032518,116.323907,40.035646
deepseek_v4,deepseek_v4_w000178,6000000000000001268,31,Super Stacker,2020-02-15T10:29:29+08:00,2020-02-15T11:01:29+08:00,2020-02-15T10:56:40+08:00,True,3.0,1600.0,5166.0,116.336902,40.032579,116.338637,40.034116
deepseek_v4,deepseek_v4_w000178,6000000000000001048,31,Super Stacker,2020-02-15T10:28:44+08:00,2020-02-15T11:08:45+08:00,2020-02-15T10:56:40+08:00,True,3.0,1600.0,5166.0,116.337449,40.032518,116.330237,40.029256
deepseek_v4,deepseek_v4_w000178,6000000000000000846,31,Super Stacker,2020-02-15T10:32:40+08:00,2020-02-15T11:29:41+08:00,2020-02-15T10:56:40+08:00,True,6.0,1600.0,5166.0,116.337449,40.032518,116.317787,40.029246
deepseek_v4,deepseek_v4_w000230,6000000000000001621,31,Super Stacker,2020-02-15T10:51:06+08:00,2020-02-15T11:30:06+08:00,2020-02-15T12:51:32+08:00,False,6.0,6692.0,25881.0,116.301862,40.027618,116.287737,40.029056
deepseek_v4,deepseek_v4_w000230,6000000000000001552,31,Super Stacker,2020-02-15T11:00:00+08:00,2020-02-15T11:59:00+08:00,2020-02-15T12:51:32+08:00,False,6.0,6692.0,25881.0,116.337449,40.032518,116.336047,40.044886
deepseek_v4,deepseek_v4_w000230,6000000000000002247,31,Super Stacker,2020-02-15T11:09:11+08:00,2020-02-15T11:59:11+08:00,2020-02-15T12:51:32+08:00,False,6.0,6692.0,25881.0,116.326547,40.028846,116.349317,40.032436
deepseek_v4,deepseek_v4_w000230,6000000000000001644,31,Super Stacker,2020-02-15T11:09:48+08:00,2020-02-15T12:00:48+08:00,2020-02-15T12:51:32+08:00,False,6.0,6692.0,25881.0,116.337449,40.032518,116.335487,40.042406
deepseek_v4,deepseek_v4_w000425,6000000000000003392,31,Super Stacker,2020-02-15T12:41:58+08:00,2020-02-15T13:12:58+08:00,2020-02-15T13:31:57+08:00,False,6.0,1917.0,6986.0,116.336902,40.032579,116.325047,40.033556
deepseek_v4,deepseek_v4_w000425,6000000000000003381,31,Super Stacker,2020-02-15T12:36:44+08:00,2020-02-15T13:19:44+08:00,2020-02-15T13:31:57+08:00,False,6.0,1917.0,6986.0,116.337449,40.032518,116.339687,40.045886
deepseek_v4,deepseek_v4_w000475,6000000000000004209,31,Super Stacker,2020-02-15T13:38:07+08:00,2020-02-15T14:10:07+08:00,2020-02-15T14:03:25+08:00,True,6.0,1405.0,4853.0,116.3398,40.042487,116.337067,40.032596
deepseek_v4,deepseek_v4_w000475,6000000000000004302,31,Super Stacker,2020-02-15T13:38:41+08:00,2020-02-15T14:12:41+08:00,2020-02-15T14:03:25+08:00,True,6.0,1405.0,4853.0,116.3398,40.042487,116.350767,40.036396
deepseek_v4,deepseek_v4_w000532,6000000000000004539,31,Super Stacker,2020-02-15T13:58:38+08:00,2020-02-15T14:28:38+08:00,2020-02-15T15:03:37+08:00,False,3.0,2617.0,9398.0,116.336039,40.033079,116.340277,40.038896
deepseek_v4,deepseek_v4_w000532,6000000000000004700,31,Super Stacker,2020-02-15T14:18:41+08:00,2020-02-15T15:05:42+08:00,2020-02-15T15:03:37+08:00,True,3.0,2617.0,9398.0,116.337449,40.032518,116.345347,40.032656
deepseek_v4,deepseek_v4_w000532,6000000000000004558,31,Super Stacker,2020-02-15T14:16:06+08:00,2020-02-15T16:46:06+08:00,2020-02-15T15:03:37+08:00,True,6.0,2617.0,9398.0,116.352575,40.030326,116.331777,40.032306
deepseek_v4,deepseek_v4_w000592,6000000000000004882,31,Super Stacker,2020-02-15T14:44:32+08:00,2020-02-15T15:16:32+08:00,2020-02-15T16:35:06+08:00,False,3.0,5106.0,19272.0,116.342668,40.032547,116.349277,40.036796
deepseek_v4,deepseek_v4_w000592,6000000000000005165,31,Super Stacker,2020-02-15T14:44:30+08:00,2020-02-15T15:19:30+08:00,2020-02-15T16:35:06+08:00,False,3.0,5106.0,19272.0,116.309849,40.031112,116.306307,40.028786
deepseek_v4,deepseek_v4_w000592,6000000000000005230,31,Super Stacker,2020-02-15T14:44:00+08:00,2020-02-15T15:22:00+08:00,2020-02-15T16:35:06+08:00,False,3.0,5106.0,19272.0,116.309849,40.031112,116.316727,40.033356
deepseek_v4,deepseek_v4_w000592,6000000000000005511,31,Super Stacker,2020-02-15T15:08:11+08:00,2020-02-15T15:41:11+08:00,2020-02-15T16:35:06+08:00,False,6.0,5106.0,19272.0,116.309362,40.031629,116.327157,40.036586
deepseek_v4,deepseek_v4_w000684,6000000000000006188,31,Super Stacker,2020-02-15T16:21:12+08:00,2020-02-15T16:57:12+08:00,2020-02-15T17:01:01+08:00,False,3.0,1261.0,4251.0,116.309849,40.031112,116.312167,40.029886
deepseek_v4,deepseek_v4_w000684,6000000000000005891,31,Super Stacker,2020-02-15T16:17:47+08:00,2020-02-15T16:58:47+08:00,2020-02-15T17:01:01+08:00,False,3.0,1261.0,4251.0,116.309849,40.031112,116.320137,40.026806
deepseek_v4,deepseek_v4_w000730,6000000000000006487,31,Super Stacker,2020-02-15T16:47:16+08:00,2020-02-15T17:37:16+08:00,2020-02-15T17:39:40+08:00,False,6.0,1780.0,6419.0,116.300658,40.033053,116.312467,40.032976
deepseek_v4,deepseek_v4_w000730,6000000000000006500,31,Super Stacker,2020-02-15T16:54:54+08:00,2020-02-15T17:57:54+08:00,2020-02-15T17:39:40+08:00,True,6.0,1780.0,6419.0,116.300658,40.033053,116.325417,40.027736
deepseek_v4,deepseek_v4_w000767,6000000000000006739,31,Super Stacker,2020-02-15T17:23:02+08:00,2020-02-15T18:06:02+08:00,2020-02-15T18:09:11+08:00,False,3.0,1751.0,6292.0,116.327956,40.041184,116.32008700000002,40.040116
deepseek_v4,deepseek_v4_w000767,6000000000000006670,31,Super Stacker,2020-02-15T17:26:34+08:00,2020-02-15T18:06:34+08:00,2020-02-15T18:09:11+08:00,False,3.0,1751.0,6292.0,116.323447,40.038916,116.312807,40.041776
deepseek_v4,deepseek_v4_w000809,6000000000000007569,31,Super Stacker,2020-02-15T17:45:48+08:00,2020-02-15T18:35:48+08:00,2020-02-15T19:01:01+08:00,False,6.0,3061.0,11254.0,116.298804,40.035314,116.289127,40.029326
deepseek_v4,deepseek_v4_w000809,6000000000000007812,31,Super Stacker,2020-02-15T18:01:54+08:00,2020-02-15T18:40:54+08:00,2020-02-15T19:01:01+08:00,False,6.0,3061.0,11254.0,116.301631,40.034439,116.285297,40.027396
deepseek_v4,deepseek_v4_w000809,6000000000000007115,31,Super Stacker,2020-02-15T17:49:52+08:00,2020-02-15T18:55:52+08:00,2020-02-15T19:01:01+08:00,False,6.0,3061.0,11254.0,116.301709,40.033771,116.273267,40.031036
deepseek_v4,deepseek_v4_w000879,6000000000000008290,31,Super Stacker,2020-02-15T19:03:25+08:00,2020-02-15T19:51:25+08:00,2020-02-15T19:41:03+08:00,True,3.0,1863.0,6266.0,116.26718,40.029099,116.272957,40.032366
deepseek_v4,deepseek_v4_w000879,6000000000000007800,31,Super Stacker,2020-02-15T18:57:59+08:00,2020-02-15T19:54:59+08:00,2020-02-15T19:41:03+08:00,True,6.0,1863.0,6266.0,116.26718,40.029099,116.282317,40.024346
deepseek_v4,deepseek_v4_w000879,6000000000000008692,31,Super Stacker,2020-02-15T19:10:50+08:00,2020-02-15T20:02:50+08:00,2020-02-15T19:41:03+08:00,True,6.0,1863.0,6266.0,116.26718,40.029099,116.278947,40.031396
deepseek_v4,deepseek_v4_w000938,6000000000000008910,31,Super Stacker,2020-02-15T19:23:24+08:00,2020-02-15T19:53:24+08:00,2020-02-15T20:45:37+08:00,False,3.0,3337.0,12405.0,116.278312,40.04548,116.274177,40.049496
deepseek_v4,deepseek_v4_w000938,6000000000000007978,31,Super Stacker,2020-02-15T19:27:47+08:00,2020-02-15T20:05:47+08:00,2020-02-15T20:45:37+08:00,False,6.0,3337.0,12405.0,116.278312,40.04548,116.304437,40.051666
deepseek_v4,deepseek_v4_w000938,6000000000000009039,31,Super Stacker,2020-02-15T19:31:23+08:00,2020-02-15T20:26:23+08:00,2020-02-15T20:45:37+08:00,False,6.0,3337.0,12405.0,116.291958,40.042893,116.306167,40.040786
deepseek_v4,deepseek_v4_w000231,6000000000000001731,32,Super Stacker,2020-02-15T11:04:47+08:00,2020-02-15T11:55:47+08:00,2020-02-15T11:33:23+08:00,True,6.0,2003.0,6846.0,116.553236,39.801485,116.576447,39.794186
deepseek_v4,deepseek_v4_w000231,6000000000000001733,32,Super Stacker,2020-02-15T11:05:49+08:00,2020-02-15T12:01:49+08:00,2020-02-15T11:33:23+08:00,True,6.0,2003.0,6846.0,116.564779,39.801614,116.576617,39.791386
deepseek_v4,deepseek_v4_w000231,6000000000000002133,32,Super Stacker,2020-02-15T11:09:50+08:00,2020-02-15T12:05:51+08:00,2020-02-15T11:33:23+08:00,True,6.0,2003.0,6846.0,116.564779,39.801614,116.576247,39.794476
deepseek_v4,deepseek_v4_w000296,6000000000000001689,32,Super Stacker,2020-02-15T11:25:51+08:00,2020-02-15T12:25:51+08:00,2020-02-15T12:02:28+08:00,True,6.0,1348.0,5117.0,116.569143,39.801742,116.572407,39.816406
deepseek_v4,deepseek_v4_w000336,6000000000000002727,32,Super Stacker,2020-02-15T11:59:47+08:00,2020-02-15T12:45:47+08:00,2020-02-15T12:29:40+08:00,True,3.0,1180.0,3916.0,116.569921,39.81617,116.570757,39.811286
deepseek_v4,deepseek_v4_w000336,6000000000000003124,32,Super Stacker,2020-02-15T12:10:14+08:00,2020-02-15T13:04:14+08:00,2020-02-15T12:29:40+08:00,True,6.0,1180.0,3916.0,116.569921,39.81617,116.569107,39.802116
deepseek_v4,deepseek_v4_w000384,6000000000000003423,32,Super Stacker,2020-02-15T12:16:00+08:00,2020-02-15T13:12:00+08:00,2020-02-15T13:19:38+08:00,False,6.0,2978.0,11409.0,116.57017700000002,39.816475,116.564867,39.806506
deepseek_v4,deepseek_v4_w000384,6000000000000003277,32,Super Stacker,2020-02-15T12:20:14+08:00,2020-02-15T13:27:14+08:00,2020-02-15T13:19:38+08:00,True,10.0,2978.0,11409.0,116.569921,39.81617,116.558597,39.782036
deepseek_v4,deepseek_v4_w000459,6000000000000004118,32,Super Stacker,2020-02-15T13:19:12+08:00,2020-02-15T13:53:12+08:00,2020-02-15T14:13:53+08:00,False,3.0,3233.0,12474.0,116.560301,39.794953,116.567297,39.797716
deepseek_v4,deepseek_v4_w000459,6000000000000003733,32,Super Stacker,2020-02-15T13:04:35+08:00,2020-02-15T13:56:35+08:00,2020-02-15T14:13:53+08:00,False,6.0,3233.0,12474.0,116.549327,39.780866,116.532577,39.802956
deepseek_v4,deepseek_v4_w000928,6000000000000008537,32,Super Stacker,2020-02-15T19:27:39+08:00,2020-02-15T20:19:39+08:00,2020-02-15T20:48:30+08:00,False,3.0,4110.0,15127.0,116.553667,39.796376,116.552717,39.789566
deepseek_v4,deepseek_v4_w000928,6000000000000008646,32,Super Stacker,2020-02-15T19:42:09+08:00,2020-02-15T20:41:09+08:00,2020-02-15T20:48:30+08:00,False,6.0,4110.0,15127.0,116.553667,39.796376,116.569427,39.796686
deepseek_v4,deepseek_v4_w000928,6000000000000008544,32,Super Stacker,2020-02-15T19:45:31+08:00,2020-02-15T20:41:31+08:00,2020-02-15T20:48:30+08:00,False,6.0,4110.0,15127.0,116.553667,39.796376,116.542917,39.787316
deepseek_v4,deepseek_v4_w000928,6000000000000008648,32,Super Stacker,2020-02-15T19:46:29+08:00,2020-02-15T20:56:29+08:00,2020-02-15T20:48:30+08:00,True,10.0,4110.0,15127.0,116.553667,39.796376,116.580007,39.815336
deepseek_v4,deepseek_v4_w000006,6000000000000000293,33,Super Stacker,2020-02-15T08:11:16+08:00,2020-02-15T10:45:00+08:00,2020-02-15T08:16:38+08:00,True,3.0,398.0,1160.0,116.646255,39.888966,116.641297,39.888796
deepseek_v4,deepseek_v4_w000019,6000000000000000503,33,Super Stacker,2020-02-15T08:27:41+08:00,2020-02-15T09:26:55+08:00,2020-02-15T08:44:56+08:00,True,3.0,896.0,3234.0,116.636117,39.883756,116.639807,39.876166
deepseek_v4,deepseek_v4_w000054,6000000000000000452,33,Super Stacker,2020-02-15T09:15:35+08:00,2020-02-15T10:00:35+08:00,2020-02-15T09:19:21+08:00,True,6.0,561.0,1837.0,116.637959,39.87628,116.651707,39.880456
deepseek_v4,deepseek_v4_w000085,6000000000000000587,33,Super Stacker,2020-02-15T09:32:56+08:00,2020-02-15T10:16:56+08:00,2020-02-15T09:48:23+08:00,True,6.0,1103.0,4098.0,116.637937,39.87622,116.655207,39.868586
deepseek_v4,deepseek_v4_w000132,6000000000000000821,33,Super Stacker,2020-02-15T10:01:37+08:00,2020-02-15T10:48:37+08:00,2020-02-15T10:55:20+08:00,False,6.0,3320.0,12833.0,116.656645,39.883346,116.641297,39.888796
deepseek_v4,deepseek_v4_w000132,6000000000000000687,33,Super Stacker,2020-02-15T10:06:10+08:00,2020-02-15T11:01:10+08:00,2020-02-15T10:55:20+08:00,True,6.0,3320.0,12833.0,116.655609,39.875004,116.639877,39.892426
deepseek_v4,deepseek_v4_w000233,6000000000000001234,33,Super Stacker,2020-02-15T10:53:01+08:00,2020-02-15T11:35:01+08:00,2020-02-15T12:34:02+08:00,False,6.0,5642.0,22512.0,116.637937,39.87622,116.641177,39.861126
deepseek_v4,deepseek_v4_w000233,6000000000000001728,33,Super Stacker,2020-02-15T11:03:13+08:00,2020-02-15T11:48:13+08:00,2020-02-15T12:34:02+08:00,False,6.0,5642.0,22512.0,116.632643,39.904136,116.650017,39.914806
deepseek_v4,deepseek_v4_w000400,6000000000000002768,33,Super Stacker,2020-02-15T12:10:53+08:00,2020-02-15T13:03:53+08:00,2020-02-15T13:14:11+08:00,False,6.0,2051.0,7044.0,116.663146,39.928254,116.641837,39.942056
deepseek_v4,deepseek_v4_w000400,6000000000000003134,33,Super Stacker,2020-02-15T12:19:48+08:00,2020-02-15T13:14:48+08:00,2020-02-15T13:14:11+08:00,True,6.0,2051.0,7044.0,116.663146,39.928254,116.642887,39.942936
deepseek_v4,deepseek_v4_w000400,6000000000000003051,33,Super Stacker,2020-02-15T12:24:40+08:00,2020-02-15T13:19:40+08:00,2020-02-15T13:14:11+08:00,True,6.0,2051.0,7044.0,116.663146,39.928254,116.643437,39.946206
deepseek_v4,deepseek_v4_w000003,6000000000000000245,34,Super Stacker,2020-02-15T08:07:36+08:00,2020-02-15T11:07:36+08:00,2020-02-15T08:23:32+08:00,True,6.0,1412.0,5384.0,116.303914,40.048656,116.275927,40.040806
deepseek_v4,deepseek_v4_w000033,6000000000000000217,34,Super Stacker,2020-02-15T08:55:30+08:00,2020-02-15T09:50:30+08:00,2020-02-15T09:11:08+08:00,True,6.0,1268.0,4782.0,116.286864,40.032712,116.269987,40.029926
deepseek_v4,deepseek_v4_w000153,6000000000000001192,34,Super Stacker,2020-02-15T10:26:54+08:00,2020-02-15T11:02:54+08:00,2020-02-15T10:43:04+08:00,True,6.0,1384.0,4771.0,116.268285,40.028957,116.257357,40.037876
deepseek_v4,deepseek_v4_w000153,6000000000000000701,34,Super Stacker,2020-02-15T10:24:02+08:00,2020-02-15T11:15:00+08:00,2020-02-15T10:43:04+08:00,True,6.0,1384.0,4771.0,116.268917,40.028555,116.251467,40.046676
deepseek_v4,deepseek_v4_w000224,6000000000000001738,34,Super Stacker,2020-02-15T11:01:05+08:00,2020-02-15T11:45:05+08:00,2020-02-15T11:13:09+08:00,True,6.0,789.0,2788.0,116.242437,40.046631,116.230807,40.047926
deepseek_v4,deepseek_v4_w000264,6000000000000001497,34,Super Stacker,2020-02-15T11:21:25+08:00,2020-02-15T12:15:25+08:00,2020-02-15T12:04:03+08:00,True,10.0,2643.0,10014.0,116.242236,40.048368,116.268847,40.066176
deepseek_v4,deepseek_v4_w000264,6000000000000002522,34,Super Stacker,2020-02-15T11:24:13+08:00,2020-02-15T12:29:13+08:00,2020-02-15T12:04:03+08:00,True,6.0,2643.0,10014.0,116.242437,40.046631,116.235707,40.061706
deepseek_v4,deepseek_v4_w000350,6000000000000002739,34,Super Stacker,2020-02-15T12:02:54+08:00,2020-02-15T12:38:54+08:00,2020-02-15T12:40:55+08:00,False,6.0,1855.0,6729.0,116.239082,40.072874,116.235967,40.061036
deepseek_v4,deepseek_v4_w000350,6000000000000003247,34,Super Stacker,2020-02-15T12:05:22+08:00,2020-02-15T12:40:22+08:00,2020-02-15T12:40:55+08:00,False,6.0,1855.0,6729.0,116.239082,40.072874,116.246637,40.065836
deepseek_v4,deepseek_v4_w000415,6000000000000003448,34,Super Stacker,2020-02-15T12:25:19+08:00,2020-02-15T13:10:19+08:00,2020-02-15T13:27:43+08:00,False,6.0,2263.0,8428.0,116.242236,40.048368,116.258387,40.051376
deepseek_v4,deepseek_v4_w000415,6000000000000004168,34,Super Stacker,2020-02-15T12:58:32+08:00,2020-02-15T13:40:32+08:00,2020-02-15T13:27:43+08:00,True,6.0,2263.0,8428.0,116.242236,40.048368,116.240657,40.036416
deepseek_v4,deepseek_v4_w000473,6000000000000004324,34,Super Stacker,2020-02-15T13:00:12+08:00,2020-02-15T13:37:12+08:00,2020-02-15T13:53:08+08:00,False,3.0,1388.0,4282.0,116.254561,40.049781,116.257697,40.048566
deepseek_v4,deepseek_v4_w000473,6000000000000004426,34,Super Stacker,2020-02-15T13:19:45+08:00,2020-02-15T13:59:45+08:00,2020-02-15T13:53:08+08:00,True,3.0,1388.0,4282.0,116.254561,40.049781,116.253197,40.050706
deepseek_v4,deepseek_v4_w000473,6000000000000004377,34,Super Stacker,2020-02-15T13:29:16+08:00,2020-02-15T14:07:16+08:00,2020-02-15T13:53:08+08:00,True,3.0,1388.0,4282.0,116.254561,40.049781,116.254937,40.050766
deepseek_v4,deepseek_v4_w000504,6000000000000004380,34,Super Stacker,2020-02-15T13:36:11+08:00,2020-02-15T14:28:11+08:00,2020-02-15T14:42:17+08:00,False,6.0,2537.0,9573.0,116.242437,40.046631,116.235837,40.061976
deepseek_v4,deepseek_v4_w000504,6000000000000004740,34,Super Stacker,2020-02-15T14:07:29+08:00,2020-02-15T17:15:00+08:00,2020-02-15T14:42:17+08:00,True,6.0,2537.0,9573.0,116.254561,40.049781,116.268147,40.066266
deepseek_v4,deepseek_v4_w000664,6000000000000005946,34,Super Stacker,2020-02-15T16:31:29+08:00,2020-02-15T17:09:29+08:00,2020-02-15T16:42:27.312000+08:00,True,6.0,747.31,2612.0,116.268126,40.066303,116.259967,40.073106
deepseek_v4,deepseek_v4_w000702,6000000000000006253,34,Super Stacker,2020-02-15T16:20:32+08:00,2020-02-15T16:59:32+08:00,2020-02-15T17:15:28+08:00,False,6.0,1528.0,5369.0,116.239082,40.072874,116.262257,40.076796
deepseek_v4,deepseek_v4_w000702,6000000000000006698,34,Super Stacker,2020-02-15T16:55:08+08:00,2020-02-15T17:31:08+08:00,2020-02-15T17:15:28+08:00,True,6.0,1528.0,5369.0,116.239082,40.072874,116.258597,40.075376
deepseek_v4,deepseek_v4_w000742,6000000000000006433,34,Super Stacker,2020-02-15T17:03:06+08:00,2020-02-15T17:47:06+08:00,2020-02-15T18:16:42+08:00,False,6.0,3402.0,13173.0,116.239082,40.072874,116.261767,40.062996
deepseek_v4,deepseek_v4_w000742,6000000000000006309,34,Super Stacker,2020-02-15T17:01:33+08:00,2020-02-15T17:49:33+08:00,2020-02-15T18:16:42+08:00,False,6.0,3402.0,13173.0,116.239082,40.072874,116.208037,40.066076
deepseek_v4,deepseek_v4_w000819,6000000000000007283,34,Super Stacker,2020-02-15T18:07:32+08:00,2020-02-15T18:47:32+08:00,2020-02-15T19:07:10+08:00,False,6.0,2830.0,10790.0,116.222954,40.068792,116.224147,40.081466
deepseek_v4,deepseek_v4_w000819,6000000000000008225,34,Super Stacker,2020-02-15T18:19:55+08:00,2020-02-15T19:26:55+08:00,2020-02-15T19:07:10+08:00,True,6.0,2830.0,10790.0,116.20831,40.064022,116.221177,40.071456
deepseek_v4,deepseek_v4_w000887,6000000000000008457,34,Super Stacker,2020-02-15T18:56:56+08:00,2020-02-15T19:26:56+08:00,2020-02-15T20:02:26+08:00,False,6.0,3146.0,12107.0,116.239999,40.073555,116.241167,40.063746
deepseek_v4,deepseek_v4_w000887,6000000000000007798,34,Super Stacker,2020-02-15T18:57:30+08:00,2020-02-15T19:52:30+08:00,2020-02-15T20:02:26+08:00,False,6.0,3146.0,12107.0,116.226866,40.084679,116.250147,40.086516
deepseek_v4,deepseek_v4_w000005,6000000000000000178,35,Super Stacker,2020-02-15T08:02:01+08:00,2020-02-15T08:40:01+08:00,2020-02-15T08:29:30+08:00,True,3.0,1770.0,6378.0,116.348517,39.907678,116.355357,39.905616
deepseek_v4,deepseek_v4_w000005,6000000000000000109,35,Super Stacker,2020-02-15T08:08:58+08:00,2020-02-15T08:51:58+08:00,2020-02-15T08:29:30+08:00,True,6.0,1770.0,6378.0,116.348517,39.907678,116.333207,39.909166
deepseek_v4,deepseek_v4_w000023,6000000000000000205,35,Super Stacker,2020-02-15T08:12:02+08:00,2020-02-15T08:51:02+08:00,2020-02-15T08:51:11+08:00,False,3.0,1271.0,4294.0,116.348517,39.907678,116.344597,39.911456
deepseek_v4,deepseek_v4_w000023,6000000000000000344,35,Super Stacker,2020-02-15T08:20:17+08:00,2020-02-15T09:00:17+08:00,2020-02-15T08:51:11+08:00,True,3.0,1271.0,4294.0,116.348517,39.907678,116.342897,39.911706
deepseek_v4,deepseek_v4_w000052,6000000000000000183,35,Super Stacker,2020-02-15T08:43:15+08:00,2020-02-15T09:30:15+08:00,2020-02-15T09:31:44+08:00,False,3.0,1904.0,6937.0,116.363931,39.919349,116.366717,39.910986
deepseek_v4,deepseek_v4_w000052,6000000000000000301,35,Super Stacker,2020-02-15T08:47:48+08:00,2020-02-15T09:36:48+08:00,2020-02-15T09:31:44+08:00,True,6.0,1904.0,6937.0,116.363931,39.919349,116.345627,39.917836
deepseek_v4,deepseek_v4_w000099,6000000000000000318,35,Super Stacker,2020-02-15T09:13:52+08:00,2020-02-15T09:53:52+08:00,2020-02-15T10:27:27+08:00,False,6.0,2847.0,10866.0,116.356152,39.917305,116.368057,39.913636
deepseek_v4,deepseek_v4_w000099,6000000000000000358,35,Super Stacker,2020-02-15T09:30:30+08:00,2020-02-15T16:45:00+08:00,2020-02-15T10:27:27+08:00,True,6.0,2847.0,10866.0,116.334979,39.920349,116.347407,39.920686
deepseek_v4,deepseek_v4_w000179,6000000000000001032,35,Super Stacker,2020-02-15T10:08:31+08:00,2020-02-15T10:40:31+08:00,2020-02-15T11:24:45+08:00,False,3.0,3285.0,12689.0,116.342927,39.91011,116.344327,39.909106
deepseek_v4,deepseek_v4_w000179,6000000000000001340,35,Super Stacker,2020-02-15T10:15:20+08:00,2020-02-15T10:59:20+08:00,2020-02-15T11:24:45+08:00,False,6.0,3285.0,12689.0,116.348917,39.930946,116.358747,39.936326
deepseek_v4,deepseek_v4_w000273,6000000000000001469,35,Super Stacker,2020-02-15T11:07:52+08:00,2020-02-15T11:43:52+08:00,2020-02-15T11:55:19+08:00,False,6.0,1519.0,5331.0,116.363569,39.933856,116.364197,39.912786
deepseek_v4,deepseek_v4_w000273,6000000000000001730,35,Super Stacker,2020-02-15T11:04:29+08:00,2020-02-15T11:47:29+08:00,2020-02-15T11:55:19+08:00,False,6.0,1519.0,5331.0,116.363034,39.936663,116.362137,39.914736
deepseek_v4,deepseek_v4_w000326,6000000000000002292,35,Super Stacker,2020-02-15T11:33:03+08:00,2020-02-15T12:21:03+08:00,2020-02-15T12:25:44+08:00,False,6.0,1544.0,5428.0,116.36377,39.9238,116.365527,39.908396
deepseek_v4,deepseek_v4_w000326,6000000000000002409,35,Super Stacker,2020-02-15T11:52:40+08:00,2020-02-15T12:26:49+08:00,2020-02-15T12:25:44+08:00,True,3.0,1544.0,5428.0,116.363127,39.908756,116.367857,39.902266
deepseek_v4,deepseek_v4_w000382,6000000000000002876,35,Super Stacker,2020-02-15T12:11:05+08:00,2020-02-15T12:41:05+08:00,2020-02-15T12:57:10+08:00,False,3.0,1630.0,5294.0,116.35311000000002,39.8971,116.354037,39.896406
deepseek_v4,deepseek_v4_w000382,6000000000000003221,35,Super Stacker,2020-02-15T12:12:49+08:00,2020-02-15T12:49:49+08:00,2020-02-15T12:57:10+08:00,False,3.0,1630.0,5294.0,116.354626,39.898649,116.350097,39.897926
deepseek_v4,deepseek_v4_w000382,6000000000000003208,35,Super Stacker,2020-02-15T12:09:48+08:00,2020-02-15T12:53:48+08:00,2020-02-15T12:57:10+08:00,False,3.0,1630.0,5294.0,116.354626,39.898649,116.357577,39.894466
deepseek_v4,deepseek_v4_w000423,6000000000000003299,35,Super Stacker,2020-02-15T12:37:23+08:00,2020-02-15T13:10:23+08:00,2020-02-15T13:28:28+08:00,False,6.0,1708.0,6115.0,116.36364,39.900227,116.350547,39.896666
deepseek_v4,deepseek_v4_w000423,6000000000000003633,35,Super Stacker,2020-02-15T12:46:14+08:00,2020-02-15T13:24:14+08:00,2020-02-15T13:28:28+08:00,False,6.0,1708.0,6115.0,116.35963,39.902895,116.369007,39.892736
deepseek_v4,deepseek_v4_w000472,6000000000000004087,35,Super Stacker,2020-02-15T13:02:46+08:00,2020-02-15T13:45:46+08:00,2020-02-15T14:12:20+08:00,False,6.0,2540.0,9087.0,116.362946,39.908968,116.369667,39.896716
deepseek_v4,deepseek_v4_w000472,6000000000000004116,35,Super Stacker,2020-02-15T13:18:42+08:00,2020-02-15T13:48:42+08:00,2020-02-15T14:12:20+08:00,False,3.0,2540.0,9087.0,116.363553,39.908702,116.363017,39.909926
deepseek_v4,deepseek_v4_w000472,6000000000000004246,35,Super Stacker,2020-02-15T13:07:03+08:00,2020-02-15T14:00:00+08:00,2020-02-15T14:12:20+08:00,False,6.0,2540.0,9087.0,116.36442,39.908428,116.344697,39.914026
deepseek_v4,deepseek_v4_w000540,6000000000000004932,35,Super Stacker,2020-02-15T14:30:49+08:00,2020-02-15T15:03:49+08:00,2020-02-15T14:52:46+08:00,True,6.0,1366.0,4688.0,116.342152,39.917611,116.328017,39.908626
deepseek_v4,deepseek_v4_w000540,6000000000000004865,35,Super Stacker,2020-02-15T14:31:49+08:00,2020-02-15T15:17:49+08:00,2020-02-15T14:52:46+08:00,True,6.0,1366.0,4688.0,116.337442,39.913143,116.314427,39.903986
deepseek_v4,deepseek_v4_w000572,6000000000000005132,35,Super Stacker,2020-02-15T14:52:41+08:00,2020-02-15T15:24:41+08:00,2020-02-15T15:32:36+08:00,False,3.0,1956.0,7148.0,116.313355,39.900122,116.312467,39.906256
deepseek_v4,deepseek_v4_w000572,6000000000000005190,35,Super Stacker,2020-02-15T15:06:31+08:00,2020-02-15T15:40:31+08:00,2020-02-15T15:32:36+08:00,True,3.0,1956.0,7148.0,116.314483,39.90599,116.308087,39.899916
deepseek_v4,deepseek_v4_w000724,6000000000000007071,35,Super Stacker,2020-02-15T17:15:27+08:00,2020-02-15T18:05:27+08:00,2020-02-15T17:32:03+08:00,True,6.0,1323.0,5011.0,116.293066,39.910938,116.283697,39.917286
deepseek_v4,deepseek_v4_w000764,6000000000000006375,35,Super Stacker,2020-02-15T17:17:24+08:00,2020-02-15T18:12:24+08:00,2020-02-15T18:00:32+08:00,True,6.0,1232.0,4634.0,116.29349,39.911325,116.276267,39.924226
deepseek_v4,deepseek_v4_w000813,6000000000000007366,35,Super Stacker,2020-02-15T18:06:59+08:00,2020-02-15T18:50:59+08:00,2020-02-15T19:21:27+08:00,False,3.0,4287.0,16866.0,116.254166,39.927445,116.249017,39.929166
deepseek_v4,deepseek_v4_w000813,6000000000000007036,35,Super Stacker,2020-02-15T17:57:22+08:00,2020-02-15T19:12:22+08:00,2020-02-15T19:21:27+08:00,False,6.0,4287.0,16866.0,116.293272,39.933825,116.281697,39.946226
deepseek_v4,deepseek_v4_w000912,6000000000000008138,35,Super Stacker,2020-02-15T19:16:38+08:00,2020-02-15T20:11:38+08:00,2020-02-15T20:42:25+08:00,False,6.0,4345.0,16108.0,116.296102,39.94226,116.294527,39.924306
deepseek_v4,deepseek_v4_w000912,6000000000000008911,35,Super Stacker,2020-02-15T19:23:48+08:00,2020-02-15T20:15:48+08:00,2020-02-15T20:42:25+08:00,False,3.0,4345.0,16108.0,116.291082,39.944919,116.295207,39.945796
deepseek_v4,deepseek_v4_w000912,6000000000000008847,35,Super Stacker,2020-02-15T19:30:33+08:00,2020-02-15T20:24:33+08:00,2020-02-15T20:42:25+08:00,False,3.0,4345.0,16108.0,116.293842,39.935906,116.300857,39.937936
deepseek_v4,deepseek_v4_w000912,6000000000000008709,35,Super Stacker,2020-02-15T19:24:27+08:00,2020-02-15T20:31:27+08:00,2020-02-15T20:42:25+08:00,False,6.0,4345.0,16108.0,116.293272,39.933825,116.311817,39.923926
deepseek_v4,deepseek_v4_w000024,6000000000000000348,36,Super Stacker,2020-02-15T08:33:39+08:00,2020-02-15T10:15:00+08:00,2020-02-15T08:50:38+08:00,True,6.0,1238.0,4656.0,116.368498,40.077757,116.351167,40.077466
deepseek_v4,deepseek_v4_w000095,6000000000000000603,36,Super Stacker,2020-02-15T09:48:29+08:00,2020-02-15T10:27:29+08:00,2020-02-15T10:27:40+08:00,False,6.0,2860.0,10416.0,116.357252,40.073895,116.364297,40.085386
deepseek_v4,deepseek_v4_w000095,6000000000000000371,36,Super Stacker,2020-02-15T09:49:22+08:00,2020-02-15T10:33:22+08:00,2020-02-15T10:27:40+08:00,True,6.0,2860.0,10416.0,116.348128,40.081539,116.361127,40.078376
deepseek_v4,deepseek_v4_w000095,6000000000000000737,36,Super Stacker,2020-02-15T09:48:21+08:00,2020-02-15T10:34:21+08:00,2020-02-15T10:27:40+08:00,True,6.0,2860.0,10416.0,116.345988,40.08017,116.349837,40.068396
deepseek_v4,deepseek_v4_w000176,6000000000000000820,36,Super Stacker,2020-02-15T10:00:26+08:00,2020-02-15T10:45:26+08:00,2020-02-15T12:39:50+08:00,False,6.0,7790.0,29466.0,116.345988,40.08017,116.334747,40.071886
deepseek_v4,deepseek_v4_w000176,6000000000000000889,36,Super Stacker,2020-02-15T10:14:34+08:00,2020-02-15T10:50:34+08:00,2020-02-15T12:39:50+08:00,False,3.0,7790.0,29466.0,116.357187,40.082356,116.363947,40.083386
deepseek_v4,deepseek_v4_w000176,6000000000000001046,36,Super Stacker,2020-02-15T10:26:52+08:00,2020-02-15T11:14:52+08:00,2020-02-15T12:39:50+08:00,False,3.0,7790.0,29466.0,116.348374,40.076398,116.350607,40.068306
deepseek_v4,deepseek_v4_w000176,6000000000000000708,36,Super Stacker,2020-02-15T10:35:53+08:00,2020-02-15T11:17:53+08:00,2020-02-15T12:39:50+08:00,False,6.0,7790.0,29466.0,116.341745,40.079774,116.339917,40.064536
deepseek_v4,deepseek_v4_w000176,6000000000000001051,36,Super Stacker,2020-02-15T10:30:08+08:00,2020-02-15T11:20:08+08:00,2020-02-15T12:39:50+08:00,False,10.0,7790.0,29466.0,116.34936700000002,40.071692,116.31417700000002,40.084486
deepseek_v4,deepseek_v4_w000176,6000000000000000910,36,Super Stacker,2020-02-15T10:31:13+08:00,2020-02-15T11:20:13+08:00,2020-02-15T12:39:50+08:00,False,6.0,7790.0,29466.0,116.348374,40.076398,116.334967,40.063446
deepseek_v4,deepseek_v4_w000401,6000000000000002781,36,Super Stacker,2020-02-15T12:19:44+08:00,2020-02-15T12:56:44+08:00,2020-02-15T13:17:08+08:00,False,3.0,2228.0,7785.0,116.320696,40.050245,116.325357,40.048356
deepseek_v4,deepseek_v4_w000401,6000000000000003550,36,Super Stacker,2020-02-15T12:30:34+08:00,2020-02-15T13:05:34+08:00,2020-02-15T13:17:08+08:00,False,3.0,2228.0,7785.0,116.320696,40.050245,116.315577,40.054486
deepseek_v4,deepseek_v4_w000401,6000000000000003469,36,Super Stacker,2020-02-15T12:33:47+08:00,2020-02-15T13:12:47+08:00,2020-02-15T13:17:08+08:00,False,6.0,2228.0,7785.0,116.320696,40.050245,116.323207,40.035476
deepseek_v4,deepseek_v4_w000458,6000000000000003649,36,Super Stacker,2020-02-15T12:54:25+08:00,2020-02-15T13:39:25+08:00,2020-02-15T13:30:20+08:00,True,3.0,620.0,2082.0,116.326547,40.028846,116.333277,40.027466
deepseek_v4,deepseek_v4_w000491,6000000000000004501,36,Super Stacker,2020-02-15T13:28:21+08:00,2020-02-15T14:06:21+08:00,2020-02-15T14:07:08+08:00,False,6.0,1628.0,6286.0,116.355151,40.031513,116.341617,40.049236
deepseek_v4,deepseek_v4_w000517,6000000000000004379,36,Super Stacker,2020-02-15T13:43:50+08:00,2020-02-15T14:24:50+08:00,2020-02-15T14:47:50+08:00,False,6.0,2270.0,7959.0,116.347929,40.044617,116.348897,40.030006
deepseek_v4,deepseek_v4_w000517,6000000000000004394,36,Super Stacker,2020-02-15T13:50:26+08:00,2020-02-15T14:30:26+08:00,2020-02-15T14:47:50+08:00,False,6.0,2270.0,7959.0,116.3398,40.042487,116.337377,40.028416
deepseek_v4,deepseek_v4_w000517,6000000000000003968,36,Super Stacker,2020-02-15T13:52:49+08:00,2020-02-15T14:38:49+08:00,2020-02-15T14:47:50+08:00,False,6.0,2270.0,7959.0,116.339735,40.042694,116.342947,40.024676
deepseek_v4,deepseek_v4_w000571,6000000000000005174,36,Super Stacker,2020-02-15T14:53:22+08:00,2020-02-15T15:26:22+08:00,2020-02-15T15:30:23+08:00,False,6.0,2423.0,8594.0,116.3398,40.042487,116.336687,40.051876
deepseek_v4,deepseek_v4_w000571,6000000000000005135,36,Super Stacker,2020-02-15T14:53:24+08:00,2020-02-15T15:30:24+08:00,2020-02-15T15:30:23+08:00,True,6.0,2423.0,8594.0,116.3398,40.042487,116.349317,40.032436
deepseek_v4,deepseek_v4_w000571,6000000000000005244,36,Super Stacker,2020-02-15T14:57:13+08:00,2020-02-15T15:41:13+08:00,2020-02-15T15:30:23+08:00,True,6.0,2423.0,8594.0,116.3398,40.042487,116.348777,40.029816
deepseek_v4,deepseek_v4_w000622,6000000000000005274,36,Super Stacker,2020-02-15T15:24:29+08:00,2020-02-15T16:03:29+08:00,2020-02-15T15:58:41+08:00,True,6.0,1121.0,4169.0,116.3398,40.042487,116.358957,40.037476
deepseek_v4,deepseek_v4_w000635,6000000000000005484,36,Super Stacker,2020-02-15T15:43:36+08:00,2020-02-15T16:54:36+08:00,2020-02-15T16:17:42+08:00,True,6.0,1062.0,3925.0,116.360193,40.036036,116.343537,40.035586
deepseek_v4,deepseek_v4_w000655,6000000000000005764,36,Super Stacker,2020-02-15T16:13:23+08:00,2020-02-15T16:57:23+08:00,2020-02-15T16:54:32+08:00,True,6.0,2072.0,7632.0,116.344266,40.040946,116.317797,40.045706
deepseek_v4,deepseek_v4_w000655,6000000000000006047,36,Super Stacker,2020-02-15T16:05:51+08:00,2020-02-15T17:14:51+08:00,2020-02-15T16:54:32+08:00,True,6.0,2072.0,7632.0,116.334235,40.038302,116.317887,40.039416
deepseek_v4,deepseek_v4_w000713,6000000000000006097,36,Super Stacker,2020-02-15T16:32:41+08:00,2020-02-15T17:17:41+08:00,2020-02-15T17:49:38+08:00,False,6.0,2978.0,11407.0,116.309362,40.031629,116.297137,40.054846
deepseek_v4,deepseek_v4_w000713,6000000000000006267,36,Super Stacker,2020-02-15T16:31:56+08:00,2020-02-15T17:17:56+08:00,2020-02-15T17:49:38+08:00,False,10.0,2978.0,11407.0,116.309362,40.031629,116.267127,40.030656
deepseek_v4,deepseek_v4_w000773,6000000000000007435,36,Super Stacker,2020-02-15T17:49:41+08:00,2020-02-15T18:24:41+08:00,2020-02-15T18:09:46+08:00,True,6.0,1186.0,3944.0,116.268285,40.028957,116.259737,40.022066
deepseek_v4,deepseek_v4_w000773,6000000000000007430,36,Super Stacker,2020-02-15T17:47:06+08:00,2020-02-15T18:36:06+08:00,2020-02-15T18:09:46+08:00,True,6.0,1186.0,3944.0,116.26718,40.029099,116.269207,40.017996
deepseek_v4,deepseek_v4_w000814,6000000000000007350,36,Super Stacker,2020-02-15T17:59:32+08:00,2020-02-15T18:34:32+08:00,2020-02-15T18:53:23+08:00,False,6.0,2603.0,8848.0,116.290526,40.0233,116.272837,40.017296
deepseek_v4,deepseek_v4_w000814,6000000000000007466,36,Super Stacker,2020-02-15T18:04:04+08:00,2020-02-15T18:44:04+08:00,2020-02-15T18:53:23+08:00,False,6.0,2603.0,8848.0,116.290526,40.0233,116.272567,40.017456
deepseek_v4,deepseek_v4_w000814,6000000000000007823,36,Super Stacker,2020-02-15T18:07:21+08:00,2020-02-15T18:48:21+08:00,2020-02-15T18:53:23+08:00,False,6.0,2603.0,8848.0,116.290526,40.0233,116.276977,40.015306
deepseek_v4,deepseek_v4_w000814,6000000000000007988,36,Super Stacker,2020-02-15T18:12:17+08:00,2020-02-15T18:50:17+08:00,2020-02-15T18:53:23+08:00,False,6.0,2603.0,8848.0,116.290526,40.0233,116.279677,40.031376
deepseek_v4,deepseek_v4_w000872,6000000000000008407,36,Super Stacker,2020-02-15T18:31:11+08:00,2020-02-15T19:12:11+08:00,2020-02-15T21:31:21+08:00,False,6.0,9081.0,34835.0,116.268285,40.028957,116.273447,40.016216
deepseek_v4,deepseek_v4_w000872,6000000000000007866,36,Super Stacker,2020-02-15T18:37:48+08:00,2020-02-15T19:22:48+08:00,2020-02-15T21:31:21+08:00,False,6.0,9081.0,34835.0,116.286864,40.032712,116.259677,40.036066
deepseek_v4,deepseek_v4_w000872,6000000000000008493,36,Super Stacker,2020-02-15T18:36:31+08:00,2020-02-15T19:23:31+08:00,2020-02-15T21:31:21+08:00,False,6.0,9081.0,34835.0,116.279635,40.042486,116.254847,40.051556
deepseek_v4,deepseek_v4_w000872,6000000000000008439,36,Super Stacker,2020-02-15T18:35:59+08:00,2020-02-15T19:24:59+08:00,2020-02-15T21:31:21+08:00,False,6.0,9081.0,34835.0,116.277767,40.016973,116.268237,40.029066
deepseek_v4,deepseek_v4_w000872,6000000000000008499,36,Super Stacker,2020-02-15T18:42:22+08:00,2020-02-15T19:29:22+08:00,2020-02-15T21:31:21+08:00,False,6.0,9081.0,34835.0,116.285897,40.032625,116.269437,40.015986
deepseek_v4,deepseek_v4_w000872,6000000000000007932,36,Super Stacker,2020-02-15T18:42:50+08:00,2020-02-15T19:29:50+08:00,2020-02-15T21:31:21+08:00,False,3.0,9081.0,34835.0,116.26718,40.029099,116.264247,40.030666
deepseek_v4,deepseek_v4_w000012,6000000000000000242,37,Super Stacker,2020-02-15T08:29:20+08:00,2020-02-15T10:15:00+08:00,2020-02-15T08:37:32+08:00,True,6.0,1052.0,3883.0,116.408074,39.961742,116.432497,39.968486
deepseek_v4,deepseek_v4_w000028,6000000000000000155,37,Super Stacker,2020-02-15T08:10:53+08:00,2020-02-15T09:12:53+08:00,2020-02-15T09:25:07+08:00,False,6.0,2707.0,10281.0,116.436007,39.955315,116.434687,39.944116
deepseek_v4,deepseek_v4_w000028,6000000000000000506,37,Super Stacker,2020-02-15T08:44:26+08:00,2020-02-15T09:18:26+08:00,2020-02-15T09:25:07+08:00,False,3.0,2707.0,10281.0,116.434102,39.96412,116.429887,39.957316
deepseek_v4,deepseek_v4_w000082,6000000000000000466,37,Super Stacker,2020-02-15T09:11:50+08:00,2020-02-15T12:11:50+08:00,2020-02-15T10:29:04+08:00,True,3.0,3544.0,12263.0,116.435008,39.965337,116.435707,39.966216
deepseek_v4,deepseek_v4_w000082,6000000000000000600,37,Super Stacker,2020-02-15T09:18:27+08:00,2020-02-15T12:17:27+08:00,2020-02-15T10:29:04+08:00,True,6.0,3544.0,12263.0,116.435008,39.965337,116.424377,39.981606
deepseek_v4,deepseek_v4_w000082,6000000000000000602,37,Super Stacker,2020-02-15T09:18:52+08:00,2020-02-15T12:18:52+08:00,2020-02-15T10:29:04+08:00,True,6.0,3544.0,12263.0,116.435008,39.965337,116.431207,39.977596
deepseek_v4,deepseek_v4_w000082,6000000000000000418,37,Super Stacker,2020-02-15T09:21:31+08:00,2020-02-15T12:20:31+08:00,2020-02-15T10:29:04+08:00,True,6.0,3544.0,12263.0,116.435008,39.965337,116.417317,39.982376
deepseek_v4,deepseek_v4_w000082,6000000000000000819,37,Super Stacker,2020-02-15T09:30:11+08:00,2020-02-15T12:30:11+08:00,2020-02-15T10:29:04+08:00,True,3.0,3544.0,12263.0,116.435008,39.965337,116.429867,39.957276
deepseek_v4,deepseek_v4_w000169,6000000000000001341,37,Super Stacker,2020-02-15T10:16:12+08:00,2020-02-15T11:08:12+08:00,2020-02-15T10:56:35+08:00,True,6.0,1595.0,5646.0,116.430049,39.955605,116.438977,39.971476
deepseek_v4,deepseek_v4_w000169,6000000000000000968,37,Super Stacker,2020-02-15T10:15:33+08:00,2020-02-15T11:09:33+08:00,2020-02-15T10:56:35+08:00,True,6.0,1595.0,5646.0,116.430049,39.955605,116.443477,39.970446
deepseek_v4,deepseek_v4_w000226,6000000000000001003,37,Super Stacker,2020-02-15T10:48:40+08:00,2020-02-15T11:31:40+08:00,2020-02-15T11:32:06+08:00,False,6.0,1926.0,7022.0,116.451825,39.966849,116.428047,39.968566
deepseek_v4,deepseek_v4_w000226,6000000000000000920,37,Super Stacker,2020-02-15T10:38:34+08:00,2020-02-15T11:32:34+08:00,2020-02-15T11:32:06+08:00,True,6.0,1926.0,7022.0,116.451825,39.966849,116.417647,39.972946
deepseek_v4,deepseek_v4_w000297,6000000000000001325,37,Super Stacker,2020-02-15T11:18:22+08:00,2020-02-15T11:50:22+08:00,2020-02-15T12:21:34+08:00,False,3.0,2494.0,9397.0,116.421547,39.980175,116.417337,39.972826
deepseek_v4,deepseek_v4_w000297,6000000000000001949,37,Super Stacker,2020-02-15T11:12:03+08:00,2020-02-15T11:54:03+08:00,2020-02-15T12:21:34+08:00,False,3.0,2494.0,9397.0,116.403651,39.97669,116.403567,39.984396
deepseek_v4,deepseek_v4_w000386,6000000000000003229,37,Super Stacker,2020-02-15T12:16:39+08:00,2020-02-15T12:54:39+08:00,2020-02-15T13:02:00+08:00,False,6.0,1320.0,4496.0,116.406753,39.985226,116.401027,39.971786
deepseek_v4,deepseek_v4_w000386,6000000000000002778,37,Super Stacker,2020-02-15T12:15:51+08:00,2020-02-15T12:56:51+08:00,2020-02-15T13:02:00+08:00,False,3.0,1320.0,4496.0,116.407213,39.980035,116.407347,39.973116
deepseek_v4,deepseek_v4_w000440,6000000000000003484,37,Super Stacker,2020-02-15T12:44:22+08:00,2020-02-15T13:17:22+08:00,2020-02-15T13:28:34+08:00,False,3.0,1114.0,3644.0,116.400436,39.965779,116.402907,39.962186
deepseek_v4,deepseek_v4_w000440,6000000000000003386,37,Super Stacker,2020-02-15T12:40:11+08:00,2020-02-15T13:28:11+08:00,2020-02-15T13:28:34+08:00,False,3.0,1114.0,3644.0,116.400747,39.965488,116.398377,39.958586
deepseek_v4,deepseek_v4_w000466,6000000000000003802,37,Super Stacker,2020-02-15T13:01:44+08:00,2020-02-15T13:40:44+08:00,2020-02-15T14:18:35+08:00,False,6.0,2915.0,11146.0,116.40785,39.961264,116.417227,39.968036
deepseek_v4,deepseek_v4_w000466,6000000000000004428,37,Super Stacker,2020-02-15T13:00:42+08:00,2020-02-15T16:00:42+08:00,2020-02-15T14:18:35+08:00,True,6.0,2915.0,11146.0,116.391958,39.966242,116.371897,39.958596
deepseek_v4,deepseek_v4_w000534,6000000000000004972,37,Super Stacker,2020-02-15T14:13:52+08:00,2020-02-15T14:47:52+08:00,2020-02-15T15:23:18+08:00,False,3.0,3798.0,14832.0,116.348947,39.957196,116.345027,39.953096
deepseek_v4,deepseek_v4_w000534,6000000000000004982,37,Super Stacker,2020-02-15T14:17:59+08:00,2020-02-15T14:52:59+08:00,2020-02-15T15:23:18+08:00,False,3.0,3798.0,14832.0,116.374706,39.968368,116.367817,39.965976
deepseek_v4,deepseek_v4_w000610,6000000000000005303,37,Super Stacker,2020-02-15T15:05:01+08:00,2020-02-15T15:54:01+08:00,2020-02-15T16:20:29+08:00,False,6.0,3029.0,11623.0,116.377957,39.961272,116.387587,39.967466
deepseek_v4,deepseek_v4_w000610,6000000000000005200,37,Super Stacker,2020-02-15T15:13:43+08:00,2020-02-15T17:43:43+08:00,2020-02-15T16:20:29+08:00,True,3.0,3029.0,11623.0,116.369014,39.975133,116.36691700000002,39.980966
deepseek_v4,deepseek_v4_w000670,6000000000000005770,37,Super Stacker,2020-02-15T16:20:46+08:00,2020-02-15T16:57:46+08:00,2020-02-15T16:59:44+08:00,False,3.0,1784.0,6435.0,116.355541,39.9812,116.360387,39.986906
deepseek_v4,deepseek_v4_w000670,6000000000000006005,37,Super Stacker,2020-02-15T16:20:11+08:00,2020-02-15T17:05:11+08:00,2020-02-15T16:59:44+08:00,True,6.0,1784.0,6435.0,116.354236,39.980466,116.335107,39.995876
deepseek_v4,deepseek_v4_w000707,6000000000000006389,37,Super Stacker,2020-02-15T16:30:09+08:00,2020-02-15T17:11:09+08:00,2020-02-15T17:23:58+08:00,False,6.0,1438.0,4993.0,116.329116,39.991329,116.341507,40.012546
deepseek_v4,deepseek_v4_w000707,6000000000000005944,37,Super Stacker,2020-02-15T16:31:10+08:00,2020-02-15T17:17:10+08:00,2020-02-15T17:23:58+08:00,False,6.0,1438.0,4993.0,116.329116,39.991329,116.341607,40.012646
deepseek_v4,deepseek_v4_w000748,6000000000000007010,37,Super Stacker,2020-02-15T17:31:53+08:00,2020-02-15T18:11:53+08:00,2020-02-15T17:43:41+08:00,True,6.0,821.0,2922.0,116.344397,40.007822,116.362067,40.008456
deepseek_v4,deepseek_v4_w000780,6000000000000007158,37,Super Stacker,2020-02-15T17:22:02+08:00,2020-02-15T18:01:02+08:00,2020-02-15T18:16:11+08:00,False,6.0,1571.0,6049.0,116.367487,39.997383,116.396957,40.002486
deepseek_v4,deepseek_v4_w000822,6000000000000007037,37,Super Stacker,2020-02-15T17:58:56+08:00,2020-02-15T18:40:56+08:00,2020-02-15T19:06:26+08:00,False,6.0,2786.0,10105.0,116.383701,39.999083,116.364877,39.996726
deepseek_v4,deepseek_v4_w000822,6000000000000007600,37,Super Stacker,2020-02-15T18:00:13+08:00,2020-02-15T18:42:13+08:00,2020-02-15T19:06:26+08:00,False,6.0,2786.0,10105.0,116.383701,39.999083,116.404607,40.001066
deepseek_v4,deepseek_v4_w000822,6000000000000007671,37,Super Stacker,2020-02-15T17:58:26+08:00,2020-02-15T18:42:26+08:00,2020-02-15T19:06:26+08:00,False,6.0,2786.0,10105.0,116.383701,39.999083,116.400317,40.004056
deepseek_v4,deepseek_v4_w000883,6000000000000007779,37,Super Stacker,2020-02-15T18:46:53+08:00,2020-02-15T19:34:53+08:00,2020-02-15T19:22:16+08:00,True,3.0,736.0,2568.0,116.400121,39.993694,116.401137,39.996716
deepseek_v4,deepseek_v4_w000914,6000000000000008143,37,Super Stacker,2020-02-15T19:18:43+08:00,2020-02-15T20:10:43+08:00,2020-02-15T20:17:18+08:00,False,6.0,2838.0,10823.0,116.414293,39.992039,116.426037,39.979016
deepseek_v4,deepseek_v4_w000914,6000000000000008706,37,Super Stacker,2020-02-15T19:23:22+08:00,2020-02-15T20:14:22+08:00,2020-02-15T20:17:18+08:00,False,6.0,2838.0,10823.0,116.418347,39.99297,116.395417,40.005106
deepseek_v4,deepseek_v4_w000007,6000000000000000339,38,Super Stacker,2020-02-15T08:14:41+08:00,2020-02-15T08:52:41+08:00,2020-02-15T08:35:02+08:00,True,3.0,1502.0,5255.0,116.455166,39.890279,116.456077,39.890396
deepseek_v4,deepseek_v4_w000007,6000000000000000557,38,Super Stacker,2020-02-15T08:04:41+08:00,2020-02-15T10:45:00+08:00,2020-02-15T08:35:02+08:00,True,3.0,1502.0,5255.0,116.464045,39.89318,116.463927,39.885486
deepseek_v4,deepseek_v4_w000029,6000000000000000502,38,Super Stacker,2020-02-15T08:21:43+08:00,2020-02-15T09:01:43+08:00,2020-02-15T09:29:16+08:00,False,6.0,2956.0,10822.0,116.45922600000002,39.890149,116.461037,39.873846
deepseek_v4,deepseek_v4_w000029,6000000000000000505,38,Super Stacker,2020-02-15T08:42:17+08:00,2020-02-15T09:12:19+08:00,2020-02-15T09:29:16+08:00,False,3.0,2956.0,10822.0,116.450157,39.892116,116.447167,39.895036
deepseek_v4,deepseek_v4_w000029,6000000000000000608,38,Super Stacker,2020-02-15T08:46:53+08:00,2020-02-15T09:16:53+08:00,2020-02-15T09:29:16+08:00,False,3.0,2956.0,10822.0,116.450157,39.892116,116.449197,39.893756
deepseek_v4,deepseek_v4_w000077,6000000000000000258,38,Super Stacker,2020-02-15T09:10:32+08:00,2020-02-15T09:40:32+08:00,2020-02-15T09:43:55+08:00,False,3.0,835.0,2477.0,116.45064800000002,39.896061,116.454867,39.897226
deepseek_v4,deepseek_v4_w000077,6000000000000000451,38,Super Stacker,2020-02-15T09:12:10+08:00,2020-02-15T09:42:11+08:00,2020-02-15T09:43:55+08:00,False,3.0,835.0,2477.0,116.45064800000002,39.896061,116.450077,39.899146
deepseek_v4,deepseek_v4_w000110,6000000000000000421,38,Super Stacker,2020-02-15T09:52:03+08:00,2020-02-15T10:22:04+08:00,2020-02-15T10:14:42+08:00,True,3.0,1482.0,5176.0,116.45064800000002,39.896061,116.448567,39.895566
deepseek_v4,deepseek_v4_w000110,6000000000000000538,38,Super Stacker,2020-02-15T09:55:33+08:00,2020-02-15T10:25:33+08:00,2020-02-15T10:14:42+08:00,True,6.0,1482.0,5176.0,116.452933,39.893163,116.466657,39.888636
deepseek_v4,deepseek_v4_w000157,6000000000000000896,38,Super Stacker,2020-02-15T10:16:33+08:00,2020-02-15T10:58:33+08:00,2020-02-15T10:41:34+08:00,True,6.0,1294.0,4390.0,116.468527,39.893047,116.455047,39.893506
deepseek_v4,deepseek_v4_w000157,6000000000000001183,38,Super Stacker,2020-02-15T10:11:57+08:00,2020-02-15T11:01:57+08:00,2020-02-15T10:41:34+08:00,True,6.0,1294.0,4390.0,116.469315,39.892902,116.450357,39.890686
deepseek_v4,deepseek_v4_w000203,6000000000000001271,38,Super Stacker,2020-02-15T10:31:07+08:00,2020-02-15T11:01:07+08:00,2020-02-15T11:16:30+08:00,False,6.0,1590.0,5626.0,116.452933,39.893163,116.453067,39.875036
deepseek_v4,deepseek_v4_w000203,6000000000000000982,38,Super Stacker,2020-02-15T10:32:51+08:00,2020-02-15T11:02:51+08:00,2020-02-15T11:16:30+08:00,False,3.0,1590.0,5626.0,116.452933,39.893163,116.452247,39.885326
deepseek_v4,deepseek_v4_w000260,6000000000000001226,38,Super Stacker,2020-02-15T10:51:46+08:00,2020-02-15T11:22:46+08:00,2020-02-15T11:43:55+08:00,False,3.0,1435.0,4473.0,116.45922600000002,39.890149,116.457307,39.892996
deepseek_v4,deepseek_v4_w000260,6000000000000001465,38,Super Stacker,2020-02-15T11:06:46+08:00,2020-02-15T11:36:46+08:00,2020-02-15T11:43:55+08:00,False,3.0,1435.0,4473.0,116.455577,39.890346,116.460547,39.887786
deepseek_v4,deepseek_v4_w000260,6000000000000001838,38,Super Stacker,2020-02-15T11:04:28+08:00,2020-02-15T11:38:28+08:00,2020-02-15T11:43:55+08:00,False,3.0,1435.0,4473.0,116.458827,39.890986,116.455897,39.888326
deepseek_v4,deepseek_v4_w000306,6000000000000001496,38,Super Stacker,2020-02-15T11:23:24+08:00,2020-02-15T11:53:24+08:00,2020-02-15T12:12:06+08:00,False,6.0,1326.0,4523.0,116.450157,39.892116,116.445877,39.881076
deepseek_v4,deepseek_v4_w000306,6000000000000002180,38,Super Stacker,2020-02-15T11:23:25+08:00,2020-02-15T12:19:25+08:00,2020-02-15T12:12:06+08:00,True,6.0,1326.0,4523.0,116.452138,39.888071,116.446777,39.872896
deepseek_v4,deepseek_v4_w000367,6000000000000002405,38,Super Stacker,2020-02-15T11:52:12+08:00,2020-02-15T12:30:12+08:00,2020-02-15T12:52:09+08:00,False,6.0,1929.0,7040.0,116.44568,39.8839,116.450307,39.869926
deepseek_v4,deepseek_v4_w000367,6000000000000002417,38,Super Stacker,2020-02-15T11:56:22+08:00,2020-02-15T12:35:22+08:00,2020-02-15T12:52:09+08:00,False,6.0,1929.0,7040.0,116.44568,39.8839,116.465867,39.881446
deepseek_v4,deepseek_v4_w000427,6000000000000003601,38,Super Stacker,2020-02-15T12:30:27+08:00,2020-02-15T13:03:27+08:00,2020-02-15T13:32:12+08:00,False,3.0,1932.0,6049.0,116.458552,39.890743,116.455477,39.889716
deepseek_v4,deepseek_v4_w000427,6000000000000003687,38,Super Stacker,2020-02-15T12:30:16+08:00,2020-02-15T13:09:16+08:00,2020-02-15T13:32:12+08:00,False,3.0,1932.0,6049.0,116.458552,39.890743,116.469417,39.893196
deepseek_v4,deepseek_v4_w000427,6000000000000003395,38,Super Stacker,2020-02-15T12:42:59+08:00,2020-02-15T13:15:59+08:00,2020-02-15T13:32:12+08:00,False,3.0,1932.0,6049.0,116.458827,39.890986,116.454717,39.888346
deepseek_v4,deepseek_v4_w000427,6000000000000003391,38,Super Stacker,2020-02-15T12:41:58+08:00,2020-02-15T13:16:58+08:00,2020-02-15T13:32:12+08:00,False,3.0,1932.0,6049.0,116.459109,39.889916,116.454927,39.888486
deepseek_v4,deepseek_v4_w000479,6000000000000004349,38,Super Stacker,2020-02-15T13:22:47+08:00,2020-02-15T13:52:48+08:00,2020-02-15T14:00:41+08:00,False,6.0,1241.0,4175.0,116.45099,39.894333,116.454257,39.884266
deepseek_v4,deepseek_v4_w000479,6000000000000004352,38,Super Stacker,2020-02-15T13:24:31+08:00,2020-02-15T13:54:31+08:00,2020-02-15T14:00:41+08:00,False,6.0,1241.0,4175.0,116.45099,39.894333,116.454417,39.885386
deepseek_v4,deepseek_v4_w000518,6000000000000004594,38,Super Stacker,2020-02-15T13:40:43+08:00,2020-02-15T14:18:43+08:00,2020-02-15T14:53:28+08:00,False,3.0,2608.0,9867.0,116.450679,39.894508,116.449887,39.894386
deepseek_v4,deepseek_v4_w000518,6000000000000004712,38,Super Stacker,2020-02-15T13:42:28+08:00,2020-02-15T14:23:28+08:00,2020-02-15T14:53:28+08:00,False,6.0,2608.0,9867.0,116.459457,39.883096,116.467107,39.873056
deepseek_v4,deepseek_v4_w000578,6000000000000004943,38,Super Stacker,2020-02-15T14:41:35+08:00,2020-02-15T15:19:35+08:00,2020-02-15T15:56:39+08:00,False,6.0,3399.0,13161.0,116.467034,39.885093,116.476007,39.893086
deepseek_v4,deepseek_v4_w000578,6000000000000005621,38,Super Stacker,2020-02-15T15:02:39+08:00,2020-02-15T15:52:39+08:00,2020-02-15T15:56:39+08:00,False,6.0,3399.0,13161.0,116.460902,39.873657,116.440707,39.876266
deepseek_v4,deepseek_v4_w000640,6000000000000005377,38,Super Stacker,2020-02-15T15:33:58+08:00,2020-02-15T16:11:58+08:00,2020-02-15T18:32:26+08:00,False,3.0,9146.0,35104.0,116.451929,39.884293,116.443367,39.881366
deepseek_v4,deepseek_v4_w000640,6000000000000005588,38,Super Stacker,2020-02-15T15:37:17+08:00,2020-02-15T16:14:17+08:00,2020-02-15T18:32:26+08:00,False,6.0,9146.0,35104.0,116.444705,39.879808,116.435587,39.889476
deepseek_v4,deepseek_v4_w000640,6000000000000005585,38,Super Stacker,2020-02-15T15:34:44+08:00,2020-02-15T16:14:44+08:00,2020-02-15T18:32:26+08:00,False,6.0,9146.0,35104.0,116.454818,39.874982,116.465077,39.868756
deepseek_v4,deepseek_v4_w000640,6000000000000005666,38,Super Stacker,2020-02-15T15:52:46+08:00,2020-02-15T16:22:46+08:00,2020-02-15T18:32:26+08:00,False,3.0,9146.0,35104.0,116.450157,39.892116,116.453247,39.886736
deepseek_v4,deepseek_v4_w000640,6000000000000005337,38,Super Stacker,2020-02-15T15:32:07+08:00,2020-02-15T16:28:07+08:00,2020-02-15T18:32:26+08:00,False,10.0,9146.0,35104.0,116.441168,39.881283,116.469267,39.863476
deepseek_v4,deepseek_v4_w000640,6000000000000005748,38,Super Stacker,2020-02-15T15:57:43+08:00,2020-02-15T16:33:43+08:00,2020-02-15T18:32:26+08:00,False,6.0,9146.0,35104.0,116.44576800000002,39.884215,116.457167,39.893896
deepseek_v4,deepseek_v4_w000839,6000000000000007828,38,Super Stacker,2020-02-15T18:10:04+08:00,2020-02-15T18:40:05+08:00,2020-02-15T18:53:16+08:00,False,3.0,796.0,2321.0,116.45099,39.894333,116.455267,39.893766
deepseek_v4,deepseek_v4_w000839,6000000000000008226,38,Super Stacker,2020-02-15T18:20:05+08:00,2020-02-15T18:50:06+08:00,2020-02-15T18:53:16+08:00,False,3.0,796.0,2321.0,116.45099,39.894333,116.452277,39.896156
deepseek_v4,deepseek_v4_w000870,6000000000000008095,38,Super Stacker,2020-02-15T18:30:37+08:00,2020-02-15T19:25:37+08:00,2020-02-15T19:41:58+08:00,False,6.0,2518.0,9490.0,116.455139,39.890607,116.446817,39.878126
deepseek_v4,deepseek_v4_w000870,6000000000000007891,38,Super Stacker,2020-02-15T18:56:03+08:00,2020-02-15T19:33:03+08:00,2020-02-15T19:41:58+08:00,False,6.0,2518.0,9490.0,116.45922600000002,39.890149,116.474887,39.898576
deepseek_v4,deepseek_v4_w000934,6000000000000008907,38,Super Stacker,2020-02-15T19:21:56+08:00,2020-02-15T19:56:56+08:00,2020-02-15T20:49:33+08:00,False,6.0,3573.0,13391.0,116.45922600000002,39.890149,116.469657,39.880206
deepseek_v4,deepseek_v4_w000934,6000000000000008631,38,Super Stacker,2020-02-15T19:20:07+08:00,2020-02-15T19:57:07+08:00,2020-02-15T20:49:33+08:00,False,3.0,3573.0,13391.0,116.459747,39.890366,116.461997,39.887106
deepseek_v4,deepseek_v4_w000934,6000000000000008583,38,Super Stacker,2020-02-15T19:30:46+08:00,2020-02-15T20:08:47+08:00,2020-02-15T20:49:33+08:00,False,3.0,3573.0,13391.0,116.477647,39.897196,116.476917,39.898196
deepseek_v4,deepseek_v4_w000032,6000000000000000377,39,Super Stacker,2020-02-15T08:25:33+08:00,2020-02-15T09:12:33+08:00,2020-02-15T09:27:06+08:00,False,3.0,2826.0,10775.0,116.332098,40.006788,116.339267,40.012586
deepseek_v4,deepseek_v4_w000032,6000000000000000387,39,Super Stacker,2020-02-15T08:40:53+08:00,2020-02-15T09:33:53+08:00,2020-02-15T09:27:06+08:00,True,6.0,2826.0,10775.0,116.332098,40.006788,116.327577,40.025756
deepseek_v4,deepseek_v4_w000101,6000000000000000468,39,Super Stacker,2020-02-15T09:49:35+08:00,2020-02-15T11:11:35+08:00,2020-02-15T10:06:33+08:00,True,6.0,1593.0,6138.0,116.327938,40.041177,116.334657,40.053376
deepseek_v4,deepseek_v4_w000147,6000000000000000536,39,Super Stacker,2020-02-15T09:50:53+08:00,2020-02-15T11:12:53+08:00,2020-02-15T10:45:04+08:00,True,6.0,2104.0,7768.0,116.327938,40.041177,116.318567,40.057896
deepseek_v4,deepseek_v4_w000147,6000000000000000814,39,Super Stacker,2020-02-15T09:53:38+08:00,2020-02-15T11:15:38+08:00,2020-02-15T10:45:04+08:00,True,6.0,2104.0,7768.0,116.327938,40.041177,116.307367,40.060516
deepseek_v4,deepseek_v4_w000205,6000000000000000842,39,Super Stacker,2020-02-15T10:30:34+08:00,2020-02-15T11:26:34+08:00,2020-02-15T11:12:32+08:00,True,6.0,1352.0,5132.0,116.303899,40.067199,116.302127,40.048646
deepseek_v4,deepseek_v4_w000263,6000000000000002227,39,Super Stacker,2020-02-15T11:06:49+08:00,2020-02-15T11:46:49+08:00,2020-02-15T11:52:17+08:00,False,6.0,1937.0,7073.0,116.293209,40.053724,116.302467,40.046936
deepseek_v4,deepseek_v4_w000263,6000000000000001585,39,Super Stacker,2020-02-15T11:13:18+08:00,2020-02-15T11:50:18+08:00,2020-02-15T11:52:17+08:00,False,3.0,1937.0,7073.0,116.293209,40.053724,116.295127,40.050536
deepseek_v4,deepseek_v4_w000321,6000000000000002200,39,Super Stacker,2020-02-15T11:31:30+08:00,2020-02-15T12:25:30+08:00,2020-02-15T12:27:29+08:00,False,6.0,1649.0,5870.0,116.291484,40.052133,116.301717,40.063566
deepseek_v4,deepseek_v4_w000321,6000000000000001703,39,Super Stacker,2020-02-15T11:32:47+08:00,2020-02-15T12:25:47+08:00,2020-02-15T12:27:29+08:00,False,6.0,1649.0,5870.0,116.290371,40.052052,116.301817,40.066096
deepseek_v4,deepseek_v4_w000375,6000000000000002429,39,Super Stacker,2020-02-15T12:07:18+08:00,2020-02-15T12:50:18+08:00,2020-02-15T12:53:35+08:00,False,3.0,1415.0,4900.0,116.30531,40.065128,116.305977,40.064566
deepseek_v4,deepseek_v4_w000375,6000000000000002424,39,Super Stacker,2020-02-15T12:06:03+08:00,2020-02-15T12:53:03+08:00,2020-02-15T12:53:35+08:00,False,6.0,1415.0,4900.0,116.30728,40.066116,116.300417,40.050676
deepseek_v4,deepseek_v4_w000424,6000000000000002690,39,Super Stacker,2020-02-15T12:33:51+08:00,2020-02-15T13:16:51+08:00,2020-02-15T13:52:16+08:00,False,6.0,3136.0,11565.0,116.291958,40.042893,116.299497,40.050156
deepseek_v4,deepseek_v4_w000424,6000000000000002696,39,Super Stacker,2020-02-15T12:40:13+08:00,2020-02-15T13:18:13+08:00,2020-02-15T13:52:16+08:00,False,6.0,3136.0,11565.0,116.292116,40.042699,116.304937,40.035966
deepseek_v4,deepseek_v4_w000424,6000000000000003402,39,Super Stacker,2020-02-15T12:48:10+08:00,2020-02-15T13:24:10+08:00,2020-02-15T13:52:16+08:00,False,3.0,3136.0,11565.0,116.293209,40.053724,116.300227,40.050536
deepseek_v4,deepseek_v4_w000511,6000000000000004601,39,Super Stacker,2020-02-15T13:46:37+08:00,2020-02-15T14:21:37+08:00,2020-02-15T14:23:14+08:00,False,6.0,1394.0,5309.0,116.320696,40.050245,116.325917,40.033466
deepseek_v4,deepseek_v4_w000542,6000000000000004480,39,Super Stacker,2020-02-15T14:10:37+08:00,2020-02-15T14:59:37+08:00,2020-02-15T15:34:12+08:00,False,6.0,3852.0,14551.0,116.326547,40.028846,116.342737,40.013916
deepseek_v4,deepseek_v4_w000542,6000000000000005213,39,Super Stacker,2020-02-15T14:24:21+08:00,2020-02-15T15:01:21+08:00,2020-02-15T15:34:12+08:00,False,6.0,3852.0,14551.0,116.309362,40.031629,116.333017,40.030846
deepseek_v4,deepseek_v4_w000542,6000000000000004869,39,Super Stacker,2020-02-15T14:33:55+08:00,2020-02-15T15:06:55+08:00,2020-02-15T15:34:12+08:00,False,6.0,3852.0,14551.0,116.336902,40.032579,116.348997,40.029766
deepseek_v4,deepseek_v4_w000620,6000000000000005525,39,Super Stacker,2020-02-15T15:17:32+08:00,2020-02-15T15:57:32+08:00,2020-02-15T16:20:34+08:00,False,6.0,2434.0,9143.0,116.356085,40.034319,116.344837,40.042016
deepseek_v4,deepseek_v4_w000620,6000000000000005273,39,Super Stacker,2020-02-15T15:24:12+08:00,2020-02-15T16:03:12+08:00,2020-02-15T16:20:34+08:00,False,6.0,2434.0,9143.0,116.340558,40.034998,116.335367,40.016696
deepseek_v4,deepseek_v4_w000674,6000000000000005761,39,Super Stacker,2020-02-15T16:08:39+08:00,2020-02-15T16:46:39+08:00,2020-02-15T16:59:55+08:00,False,3.0,1795.0,6474.0,116.336901,40.032577,116.344167,40.031326
deepseek_v4,deepseek_v4_w000674,6000000000000005953,39,Super Stacker,2020-02-15T16:33:38+08:00,2020-02-15T17:22:38+08:00,2020-02-15T16:59:55+08:00,True,6.0,1795.0,6474.0,116.344464,40.029429,116.357957,40.039386
deepseek_v4,deepseek_v4_w000715,6000000000000006302,39,Super Stacker,2020-02-15T16:54:39+08:00,2020-02-15T17:26:39+08:00,2020-02-15T17:44:53+08:00,False,3.0,2693.0,10221.0,116.341764,40.028926,116.338537,40.032926
deepseek_v4,deepseek_v4_w000715,6000000000000006595,39,Super Stacker,2020-02-15T17:05:49+08:00,2020-02-15T18:03:50+08:00,2020-02-15T17:44:53+08:00,True,10.0,2693.0,10221.0,116.355777,40.031346,116.325357,40.051886
deepseek_v4,deepseek_v4_w000776,6000000000000006802,39,Super Stacker,2020-02-15T17:22:41+08:00,2020-02-15T18:03:41+08:00,2020-02-15T18:31:11+08:00,False,3.0,2471.0,9300.0,116.327849,40.046265,116.336057,40.045296
deepseek_v4,deepseek_v4_w000776,6000000000000006960,39,Super Stacker,2020-02-15T17:38:09+08:00,2020-02-15T18:31:09+08:00,2020-02-15T18:31:11+08:00,False,6.0,2471.0,9300.0,116.317327,40.048579,116.310107,40.037276
deepseek_v4,deepseek_v4_w000849,6000000000000007921,39,Super Stacker,2020-02-15T18:13:35+08:00,2020-02-15T18:56:35+08:00,2020-02-15T19:24:03+08:00,False,6.0,2643.0,9511.0,116.320696,40.050245,116.310927,40.061396
deepseek_v4,deepseek_v4_w000849,6000000000000007761,39,Super Stacker,2020-02-15T18:29:38+08:00,2020-02-15T19:00:38+08:00,2020-02-15T19:24:03+08:00,False,3.0,2643.0,9511.0,116.320696,40.050245,116.317817,40.050446
deepseek_v4,deepseek_v4_w000849,6000000000000008331,39,Super Stacker,2020-02-15T18:28:19+08:00,2020-02-15T19:10:19+08:00,2020-02-15T19:24:03+08:00,False,6.0,2643.0,9511.0,116.320696,40.050245,116.334427,40.057886
deepseek_v4,deepseek_v4_w000917,6000000000000007951,39,Super Stacker,2020-02-15T19:02:18+08:00,2020-02-15T19:43:18+08:00,2020-02-15T19:57:55+08:00,False,6.0,1675.0,5980.0,116.347929,40.044617,116.346647,40.035436
deepseek_v4,deepseek_v4_w000917,6000000000000008121,39,Super Stacker,2020-02-15T19:06:06+08:00,2020-02-15T19:47:06+08:00,2020-02-15T19:57:55+08:00,False,6.0,1675.0,5980.0,116.347929,40.044617,116.347287,40.029156
deepseek_v4,deepseek_v4_w000184,6000000000000000711,40,Super Stacker,2020-02-15T10:36:25+08:00,2020-02-15T11:08:25+08:00,2020-02-15T11:55:08+08:00,False,3.0,5108.0,19784.0,116.285057,39.886239,116.282757,39.887086
deepseek_v4,deepseek_v4_w000184,6000000000000000794,40,Super Stacker,2020-02-15T10:38:38+08:00,2020-02-15T11:19:38+08:00,2020-02-15T11:55:08+08:00,False,6.0,5108.0,19784.0,116.245371,39.888885,116.239457,39.874656
deepseek_v4,deepseek_v4_w000184,6000000000000001196,40,Super Stacker,2020-02-15T10:30:21+08:00,2020-02-15T11:30:21+08:00,2020-02-15T11:55:08+08:00,False,6.0,5108.0,19784.0,116.245371,39.888885,116.219057,39.875076
deepseek_v4,deepseek_v4_w000372,6000000000000003753,40,Super Stacker,2020-02-15T12:26:25+08:00,2020-02-15T13:00:25+08:00,2020-02-15T12:49:08+08:00,True,3.0,1748.0,6283.0,116.237783,39.864326,116.237177,39.864066
deepseek_v4,deepseek_v4_w000372,6000000000000003589,40,Super Stacker,2020-02-15T12:21:18+08:00,2020-02-15T13:08:18+08:00,2020-02-15T12:49:08+08:00,True,6.0,1748.0,6283.0,116.237783,39.864326,116.218997,39.877816
deepseek_v4,deepseek_v4_w000497,6000000000000004381,40,Super Stacker,2020-02-15T13:44:19+08:00,2020-02-15T14:14:19+08:00,2020-02-15T14:16:48+08:00,False,3.0,1608.0,5702.0,116.240732,39.879602,116.238647,39.874666
deepseek_v4,deepseek_v4_w000497,6000000000000004728,40,Super Stacker,2020-02-15T13:55:08+08:00,2020-02-15T14:47:08+08:00,2020-02-15T14:16:48+08:00,True,3.0,1608.0,5702.0,116.24185500000002,39.874994,116.238997,39.873046
deepseek_v4,deepseek_v4_w000527,6000000000000004696,40,Super Stacker,2020-02-15T14:17:28+08:00,2020-02-15T15:14:28+08:00,2020-02-15T14:50:30+08:00,True,6.0,1830.0,6124.0,116.24185500000002,39.874994,116.249567,39.887466
deepseek_v4,deepseek_v4_w000527,6000000000000004752,40,Super Stacker,2020-02-15T14:18:43+08:00,2020-02-15T15:16:43+08:00,2020-02-15T14:50:30+08:00,True,6.0,1830.0,6124.0,116.24185500000002,39.874994,116.252757,39.890176
deepseek_v4,deepseek_v4_w000527,6000000000000004853,40,Super Stacker,2020-02-15T14:24:31+08:00,2020-02-15T15:20:31+08:00,2020-02-15T14:50:30+08:00,True,6.0,1830.0,6124.0,116.24185500000002,39.874994,116.248937,39.887596
deepseek_v4,deepseek_v4_w000642,6000000000000006049,40,Super Stacker,2020-02-15T16:07:05+08:00,2020-02-15T16:58:05+08:00,2020-02-15T16:43:26+08:00,True,6.0,2606.0,9863.0,116.255341,39.904313,116.245787,39.891846
deepseek_v4,deepseek_v4_w000642,6000000000000006473,40,Super Stacker,2020-02-15T16:03:41+08:00,2020-02-15T19:03:41+08:00,2020-02-15T16:43:26+08:00,True,6.0,2606.0,9863.0,116.241422,39.889506,116.259847,39.903866
deepseek_v4,deepseek_v4_w000703,6000000000000006480,40,Super Stacker,2020-02-15T16:39:00+08:00,2020-02-15T17:19:00+08:00,2020-02-15T17:16:18+08:00,True,6.0,1578.0,6076.0,116.247174,39.888774,116.268547,39.898506
deepseek_v4,deepseek_v4_w000873,6000000000000007802,40,Super Stacker,2020-02-15T18:58:09+08:00,2020-02-15T19:28:09+08:00,2020-02-15T19:33:37+08:00,False,3.0,2017.0,7406.0,116.254314,39.89282,116.252947,39.891176
deepseek_v4,deepseek_v4_w000873,6000000000000008289,40,Super Stacker,2020-02-15T19:03:00+08:00,2020-02-15T20:00:00+08:00,2020-02-15T19:33:37+08:00,True,6.0,2017.0,7406.0,116.255342,39.88749,116.240057,39.877326
deepseek_v4,deepseek_v4_w000919,6000000000000008591,40,Super Stacker,2020-02-15T19:39:25+08:00,2020-02-15T20:13:25+08:00,2020-02-15T19:56:09+08:00,True,6.0,969.0,3538.0,116.24185500000002,39.874994,116.252747,39.891976
deepseek_v4,deepseek_v4_w000939,6000000000000009132,40,Super Stacker,2020-02-15T19:58:28+08:00,2020-02-15T20:28:28+08:00,2020-02-15T20:22:34.312000+08:00,True,3.0,1354.31,4646.0,116.254314,39.89282,116.249187,39.886586
deepseek_v4,deepseek_v4_w000939,6000000000000008550,40,Super Stacker,2020-02-15T19:54:55+08:00,2020-02-15T20:39:55+08:00,2020-02-15T20:22:34.312000+08:00,True,6.0,1354.31,4646.0,116.254311,39.893033,116.265367,39.887046
deepseek_v4,deepseek_v4_w000037,6000000000000000390,41,Super Stacker,2020-02-15T08:44:13+08:00,2020-02-15T10:45:00+08:00,2020-02-15T09:17:01+08:00,True,3.0,1621.0,5753.0,116.327938,40.041177,116.332237,40.037746
deepseek_v4,deepseek_v4_w000037,6000000000000000509,41,Super Stacker,2020-02-15T08:57:22+08:00,2020-02-15T12:15:00+08:00,2020-02-15T09:17:01+08:00,True,6.0,1621.0,5753.0,116.327938,40.041177,116.311807,40.040916
deepseek_v4,deepseek_v4_w000067,6000000000000000219,41,Super Stacker,2020-02-15T09:05:14+08:00,2020-02-15T09:52:14+08:00,2020-02-15T09:52:17.312500+08:00,False,3.0,1937.31,7074.0,116.327956,40.041184,116.335847,40.042826
deepseek_v4,deepseek_v4_w000067,6000000000000000316,41,Super Stacker,2020-02-15T09:12:52+08:00,2020-02-15T10:34:52+08:00,2020-02-15T09:52:17.312500+08:00,True,6.0,1937.31,7074.0,116.327938,40.041177,116.31332700000002,40.057096
deepseek_v4,deepseek_v4_w000129,6000000000000000825,41,Super Stacker,2020-02-15T10:04:29+08:00,2020-02-15T10:48:29+08:00,2020-02-15T10:20:12+08:00,True,6.0,1212.0,4550.0,116.303709,40.052374,116.322127,40.044206
deepseek_v4,deepseek_v4_w000213,6000000000000001408,41,Super Stacker,2020-02-15T10:51:54+08:00,2020-02-15T11:28:54+08:00,2020-02-15T11:27:23+08:00,True,3.0,2243.0,8347.0,116.339746,40.042544,116.341987,40.047016
deepseek_v4,deepseek_v4_w000213,6000000000000001001,41,Super Stacker,2020-02-15T10:47:52+08:00,2020-02-15T11:35:53+08:00,2020-02-15T11:27:23+08:00,True,3.0,2243.0,8347.0,116.337449,40.032518,116.339887,40.038806
deepseek_v4,deepseek_v4_w000276,6000000000000001732,41,Super Stacker,2020-02-15T11:05:46+08:00,2020-02-15T11:52:46+08:00,2020-02-15T11:57:03+08:00,False,6.0,1623.0,5762.0,116.347616,40.044933,116.348737,40.059886
deepseek_v4,deepseek_v4_w000276,6000000000000001613,41,Super Stacker,2020-02-15T11:19:11+08:00,2020-02-15T12:05:11+08:00,2020-02-15T11:57:03+08:00,True,6.0,1623.0,5762.0,116.3398,40.042487,116.348797,40.059886
deepseek_v4,deepseek_v4_w000335,6000000000000002376,41,Super Stacker,2020-02-15T11:43:26+08:00,2020-02-15T12:24:26+08:00,2020-02-15T12:41:08+08:00,False,3.0,2468.0,9285.0,116.338685,40.052625,116.342267,40.047336
deepseek_v4,deepseek_v4_w000335,6000000000000002629,41,Super Stacker,2020-02-15T11:44:27+08:00,2020-02-15T13:15:00+08:00,2020-02-15T12:41:08+08:00,True,6.0,2468.0,9285.0,116.327555,40.05389,116.349007,40.034846
deepseek_v4,deepseek_v4_w000405,6000000000000003700,41,Super Stacker,2020-02-15T12:40:37+08:00,2020-02-15T13:14:37+08:00,2020-02-15T13:15:19+08:00,False,3.0,1519.0,5327.0,116.342716,40.030674,116.346257,40.035216
deepseek_v4,deepseek_v4_w000405,6000000000000003709,41,Super Stacker,2020-02-15T12:50:00+08:00,2020-02-15T13:25:00+08:00,2020-02-15T13:15:19+08:00,True,3.0,1519.0,5327.0,116.343982,40.035621,116.345707,40.028426
deepseek_v4,deepseek_v4_w000457,6000000000000003881,41,Super Stacker,2020-02-15T12:51:43+08:00,2020-02-15T13:33:44+08:00,2020-02-15T13:33:24+08:00,True,3.0,804.0,2349.0,116.337449,40.032518,116.329947,40.033126
deepseek_v4,deepseek_v4_w000457,6000000000000003643,41,Super Stacker,2020-02-15T12:54:16+08:00,2020-02-15T13:41:17+08:00,2020-02-15T13:33:24+08:00,True,3.0,804.0,2349.0,116.337449,40.032518,116.331467,40.034076
deepseek_v4,deepseek_v4_w000490,6000000000000004025,41,Super Stacker,2020-02-15T13:13:43+08:00,2020-02-15T13:44:43+08:00,2020-02-15T15:31:35+08:00,False,3.0,6695.0,25895.0,116.309362,40.031629,116.312977,40.039446
deepseek_v4,deepseek_v4_w000490,6000000000000004300,41,Super Stacker,2020-02-15T13:36:36+08:00,2020-02-15T14:08:36+08:00,2020-02-15T15:31:35+08:00,False,3.0,6695.0,25895.0,116.339761,40.04278,116.338337,40.038996
deepseek_v4,deepseek_v4_w000490,6000000000000004354,41,Super Stacker,2020-02-15T13:25:02+08:00,2020-02-15T14:10:02+08:00,2020-02-15T15:31:35+08:00,False,6.0,6695.0,25895.0,116.327952,40.046289,116.323007,40.065686
deepseek_v4,deepseek_v4_w000490,6000000000000004150,41,Super Stacker,2020-02-15T13:42:47+08:00,2020-02-15T14:23:47+08:00,2020-02-15T15:31:35+08:00,False,6.0,6695.0,25895.0,116.309849,40.031112,116.322037,40.031876
deepseek_v4,deepseek_v4_w000623,6000000000000005205,41,Super Stacker,2020-02-15T15:15:37+08:00,2020-02-15T15:52:37+08:00,2020-02-15T16:25:48+08:00,False,6.0,2748.0,9949.0,116.301115,40.028892,116.312467,40.032976
deepseek_v4,deepseek_v4_w000623,6000000000000005316,41,Super Stacker,2020-02-15T15:13:59+08:00,2020-02-15T16:00:59+08:00,2020-02-15T16:25:48+08:00,False,3.0,2748.0,9949.0,116.308126,40.03283,116.304767,40.031466
deepseek_v4,deepseek_v4_w000623,6000000000000005700,41,Super Stacker,2020-02-15T15:34:39+08:00,2020-02-15T16:17:39+08:00,2020-02-15T16:25:48+08:00,False,6.0,2748.0,9949.0,116.309849,40.031112,116.287737,40.029056
deepseek_v4,deepseek_v4_w000676,6000000000000005827,41,Super Stacker,2020-02-15T16:04:30+08:00,2020-02-15T16:34:30+08:00,2020-02-15T17:14:45+08:00,False,6.0,2685.0,9686.0,116.265934,40.028383,116.258637,40.042386
deepseek_v4,deepseek_v4_w000676,6000000000000006120,41,Super Stacker,2020-02-15T16:08:05+08:00,2020-02-15T16:43:05+08:00,2020-02-15T17:14:45+08:00,False,3.0,2685.0,9686.0,116.26676,40.028505,116.271167,40.030116
deepseek_v4,deepseek_v4_w000676,6000000000000005934,41,Super Stacker,2020-02-15T16:20:20+08:00,2020-02-15T16:52:20+08:00,2020-02-15T17:14:45+08:00,False,3.0,2685.0,9686.0,116.26676,40.028505,116.270537,40.023006
deepseek_v4,deepseek_v4_w000738,6000000000000006434,41,Super Stacker,2020-02-15T17:03:20+08:00,2020-02-15T17:50:20+08:00,2020-02-15T18:12:06+08:00,False,6.0,3126.0,12027.0,116.261576,40.019582,116.272987,40.000986
deepseek_v4,deepseek_v4_w000738,6000000000000006521,41,Super Stacker,2020-02-15T17:18:02+08:00,2020-02-15T18:01:02+08:00,2020-02-15T18:12:06+08:00,False,6.0,3126.0,12027.0,116.261576,40.019582,116.269747,40.030946
deepseek_v4,deepseek_v4_w000823,6000000000000007677,41,Super Stacker,2020-02-15T18:01:04+08:00,2020-02-15T18:47:04+08:00,2020-02-15T19:01:00+08:00,False,6.0,2460.0,8754.0,116.289533,40.023681,116.263627,40.018796
deepseek_v4,deepseek_v4_w000823,6000000000000007723,41,Super Stacker,2020-02-15T18:00:23+08:00,2020-02-15T18:48:23+08:00,2020-02-15T19:01:00+08:00,False,6.0,2460.0,8754.0,116.289533,40.023681,116.265497,40.027586
deepseek_v4,deepseek_v4_w000823,6000000000000007846,41,Super Stacker,2020-02-15T18:21:33+08:00,2020-02-15T19:15:33+08:00,2020-02-15T19:01:00+08:00,True,3.0,2460.0,8754.0,116.267245,40.02903,116.265787,40.027506
deepseek_v4,deepseek_v4_w000886,6000000000000008353,41,Super Stacker,2020-02-15T18:43:05+08:00,2020-02-15T19:32:05+08:00,2020-02-15T20:20:03+08:00,False,6.0,4203.0,16012.0,116.260887,40.013524,116.259777,40.035566
deepseek_v4,deepseek_v4_w000886,6000000000000008118,41,Super Stacker,2020-02-15T19:05:20+08:00,2020-02-15T19:42:20+08:00,2020-02-15T20:20:03+08:00,False,3.0,4203.0,16012.0,116.261576,40.019582,116.270077,40.021136
deepseek_v4,deepseek_v4_w000886,6000000000000008291,41,Super Stacker,2020-02-15T19:03:00+08:00,2020-02-15T19:43:00+08:00,2020-02-15T20:20:03+08:00,False,3.0,4203.0,16012.0,116.260993,40.015709,116.269647,40.019216
deepseek_v4,deepseek_v4_w000021,6000000000000000616,42,Super Stacker,2020-02-15T08:31:10+08:00,2020-02-15T11:31:10+08:00,2020-02-15T08:47:57+08:00,True,6.0,1077.0,3987.0,116.323448,39.971733,116.323797,39.988076
deepseek_v4,deepseek_v4_w000038,6000000000000000572,42,Super Stacker,2020-02-15T08:44:23+08:00,2020-02-15T13:45:00+08:00,2020-02-15T09:13:40+08:00,True,6.0,1420.0,5418.0,116.306018,39.97894,116.313437,39.967206
deepseek_v4,deepseek_v4_w000068,6000000000000000356,42,Super Stacker,2020-02-15T09:24:58+08:00,2020-02-15T10:08:58+08:00,2020-02-15T09:35:39+08:00,True,3.0,939.0,3412.0,116.323589,39.974057,116.317307,39.974236
deepseek_v4,deepseek_v4_w000103,6000000000000000675,42,Super Stacker,2020-02-15T09:44:09+08:00,2020-02-15T10:47:09+08:00,2020-02-15T11:03:28+08:00,False,6.0,5008.0,19865.0,116.338116,39.972934,116.326437,39.988706
deepseek_v4,deepseek_v4_w000103,6000000000000000726,42,Super Stacker,2020-02-15T09:26:50+08:00,2020-02-15T10:48:50+08:00,2020-02-15T11:03:28+08:00,False,6.0,5008.0,19865.0,116.296814,39.966228,116.290607,39.952666
deepseek_v4,deepseek_v4_w000249,6000000000000001223,42,Super Stacker,2020-02-15T10:51:17+08:00,2020-02-15T11:23:17+08:00,2020-02-15T12:02:47+08:00,False,6.0,3167.0,11698.0,116.287717,39.965656,116.292297,39.974536
deepseek_v4,deepseek_v4_w000249,6000000000000001242,42,Super Stacker,2020-02-15T10:55:43+08:00,2020-02-15T11:28:43+08:00,2020-02-15T12:02:47+08:00,False,3.0,3167.0,11698.0,116.287615,39.963806,116.292997,39.964976
deepseek_v4,deepseek_v4_w000249,6000000000000001004,42,Super Stacker,2020-02-15T10:49:55+08:00,2020-02-15T11:29:55+08:00,2020-02-15T12:02:47+08:00,False,6.0,3167.0,11698.0,116.288597,39.96708,116.290737,39.952206
deepseek_v4,deepseek_v4_w000352,6000000000000002795,42,Super Stacker,2020-02-15T11:41:40+08:00,2020-02-15T12:32:40+08:00,2020-02-15T12:57:25+08:00,False,6.0,2845.0,10856.0,116.293822,39.964875,116.274447,39.960156
deepseek_v4,deepseek_v4_w000352,6000000000000003132,42,Super Stacker,2020-02-15T12:15:09+08:00,2020-02-15T12:57:09+08:00,2020-02-15T12:57:25+08:00,False,6.0,2845.0,10856.0,116.293822,39.964875,116.293667,39.985056
deepseek_v4,deepseek_v4_w000429,6000000000000003374,42,Super Stacker,2020-02-15T12:33:14+08:00,2020-02-15T13:06:14+08:00,2020-02-15T13:59:09+08:00,False,6.0,3549.0,13284.0,116.308319,39.976022,116.322587,39.979726
deepseek_v4,deepseek_v4_w000429,6000000000000003365,42,Super Stacker,2020-02-15T12:31:13+08:00,2020-02-15T13:18:13+08:00,2020-02-15T13:59:09+08:00,False,6.0,3549.0,13284.0,116.304597,39.978334,116.295297,39.964586
deepseek_v4,deepseek_v4_w000429,6000000000000003400,42,Super Stacker,2020-02-15T12:47:11+08:00,2020-02-15T13:24:11+08:00,2020-02-15T13:59:09+08:00,False,3.0,3549.0,13284.0,116.305372,39.977375,116.295107,39.980736
deepseek_v4,deepseek_v4_w000500,6000000000000004512,42,Super Stacker,2020-02-15T13:34:12+08:00,2020-02-15T14:13:12+08:00,2020-02-15T14:37:36+08:00,False,3.0,2256.0,8398.0,116.297859,39.975273,116.294397,39.981376
deepseek_v4,deepseek_v4_w000500,6000000000000004778,42,Super Stacker,2020-02-15T13:48:32+08:00,2020-02-15T14:24:32+08:00,2020-02-15T14:37:36+08:00,False,3.0,2256.0,8398.0,116.29583,39.97923,116.294837,39.980716
deepseek_v4,deepseek_v4_w000550,6000000000000004818,42,Super Stacker,2020-02-15T14:32:44+08:00,2020-02-15T15:07:44+08:00,2020-02-15T15:07:44+08:00,True,3.0,1664.0,5434.0,116.29583,39.97923,116.297147,39.980526
deepseek_v4,deepseek_v4_w000550,6000000000000005071,42,Super Stacker,2020-02-15T14:43:03+08:00,2020-02-15T15:17:03+08:00,2020-02-15T15:07:44+08:00,True,3.0,1664.0,5434.0,116.297139,39.981273,116.296547,39.979216
deepseek_v4,deepseek_v4_w000550,6000000000000005064,42,Super Stacker,2020-02-15T14:41:49+08:00,2020-02-15T15:19:49+08:00,2020-02-15T15:07:44+08:00,True,6.0,1664.0,5434.0,116.29582,39.97839,116.295007,39.963486
deepseek_v4,deepseek_v4_w000585,6000000000000005675,42,Super Stacker,2020-02-15T15:06:49+08:00,2020-02-15T15:40:49+08:00,2020-02-15T15:58:43+08:00,False,3.0,2923.0,11178.0,116.295917,39.975486,116.294037,39.980996
deepseek_v4,deepseek_v4_w000585,6000000000000005628,42,Super Stacker,2020-02-15T15:16:50+08:00,2020-02-15T15:51:50+08:00,2020-02-15T15:58:43+08:00,False,6.0,2923.0,11178.0,116.29842,39.963423,116.304447,39.951766
deepseek_v4,deepseek_v4_w000641,6000000000000005796,42,Super Stacker,2020-02-15T15:30:01+08:00,2020-02-15T16:00:01+08:00,2020-02-15T16:46:24+08:00,False,3.0,2784.0,10602.0,116.314724,39.952683,116.306167,39.955476
deepseek_v4,deepseek_v4_w000641,6000000000000005976,42,Super Stacker,2020-02-15T15:52:05+08:00,2020-02-15T16:24:05+08:00,2020-02-15T16:46:24+08:00,False,6.0,2784.0,10602.0,116.29842,39.963423,116.297317,39.973896
deepseek_v4,deepseek_v4_w000689,6000000000000006395,42,Super Stacker,2020-02-15T16:34:32+08:00,2020-02-15T17:16:32+08:00,2020-02-15T17:27:01+08:00,False,3.0,2221.0,7755.0,116.297139,39.981273,116.301217,39.974576
deepseek_v4,deepseek_v4_w000689,6000000000000006625,42,Super Stacker,2020-02-15T16:54:17+08:00,2020-02-15T17:26:17+08:00,2020-02-15T17:27:01+08:00,False,3.0,2221.0,7755.0,116.295917,39.975486,116.292247,39.974526
deepseek_v4,deepseek_v4_w000689,6000000000000006345,42,Super Stacker,2020-02-15T16:49:18+08:00,2020-02-15T17:27:18+08:00,2020-02-15T17:27:01+08:00,True,6.0,2221.0,7755.0,116.30529500000002,39.977336,116.294307,39.969716
deepseek_v4,deepseek_v4_w000753,6000000000000006856,42,Super Stacker,2020-02-15T17:08:26+08:00,2020-02-15T17:51:26+08:00,2020-02-15T18:09:27+08:00,False,3.0,2367.0,8359.0,116.304588,39.978203,116.302647,39.985086
deepseek_v4,deepseek_v4_w000753,6000000000000006602,42,Super Stacker,2020-02-15T17:07:55+08:00,2020-02-15T17:51:55+08:00,2020-02-15T18:09:27+08:00,False,3.0,2367.0,8359.0,116.304588,39.978203,116.294777,39.982836
deepseek_v4,deepseek_v4_w000753,6000000000000006883,42,Super Stacker,2020-02-15T17:24:58+08:00,2020-02-15T18:02:58+08:00,2020-02-15T18:09:27+08:00,False,6.0,2367.0,8359.0,116.304273,39.978389,116.317457,39.975016
deepseek_v4,deepseek_v4_w000811,6000000000000007247,42,Super Stacker,2020-02-15T17:45:20+08:00,2020-02-15T18:15:20+08:00,2020-02-15T20:21:02+08:00,False,3.0,7862.0,29759.0,116.295917,39.975486,116.295807,39.972876
deepseek_v4,deepseek_v4_w000811,6000000000000007239,42,Super Stacker,2020-02-15T17:40:05+08:00,2020-02-15T18:21:05+08:00,2020-02-15T20:21:02+08:00,False,6.0,7862.0,29759.0,116.305288,39.97734,116.327527,39.972146
deepseek_v4,deepseek_v4_w000811,6000000000000007198,42,Super Stacker,2020-02-15T17:45:03+08:00,2020-02-15T18:23:03+08:00,2020-02-15T20:21:02+08:00,False,6.0,7862.0,29759.0,116.29582,39.97839,116.308257,39.976946
deepseek_v4,deepseek_v4_w000811,6000000000000007647,42,Super Stacker,2020-02-15T17:46:59+08:00,2020-02-15T18:25:59+08:00,2020-02-15T20:21:02+08:00,False,6.0,7862.0,29759.0,116.29582,39.97839,116.314667,39.976246
deepseek_v4,deepseek_v4_w000811,6000000000000007264,42,Super Stacker,2020-02-15T17:54:44+08:00,2020-02-15T18:28:44+08:00,2020-02-15T20:21:02+08:00,False,3.0,7862.0,29759.0,116.331932,39.963554,116.328507,39.963536
deepseek_v4,deepseek_v4_w000811,6000000000000007022,42,Super Stacker,2020-02-15T17:42:01+08:00,2020-02-15T18:29:01+08:00,2020-02-15T20:21:02+08:00,False,6.0,7862.0,29759.0,116.332277,39.965511,116.348147,39.966086
deepseek_v4,deepseek_v4_w000016,6000000000000000563,43,Super Stacker,2020-02-15T08:30:01+08:00,2020-02-15T10:45:00+08:00,2020-02-15T08:52:37+08:00,True,6.0,1357.0,4656.0,116.450694,39.9779,116.454227,39.988116
deepseek_v4,deepseek_v4_w000016,6000000000000000186,43,Super Stacker,2020-02-15T08:39:26+08:00,2020-02-15T10:45:00+08:00,2020-02-15T08:52:37+08:00,True,6.0,1357.0,4656.0,116.450694,39.9779,116.450627,39.988626
deepseek_v4,deepseek_v4_w000045,6000000000000000185,43,Super Stacker,2020-02-15T08:52:51+08:00,2020-02-15T10:15:00+08:00,2020-02-15T10:02:46+08:00,True,3.0,3766.0,14687.0,116.464308,39.996491,116.474497,39.997726
deepseek_v4,deepseek_v4_w000045,6000000000000000401,43,Super Stacker,2020-02-15T08:48:15+08:00,2020-02-15T10:45:00+08:00,2020-02-15T10:02:46+08:00,True,6.0,3766.0,14687.0,116.450694,39.9779,116.442907,39.992406
deepseek_v4,deepseek_v4_w000167,6000000000000000681,43,Super Stacker,2020-02-15T10:03:21+08:00,2020-02-15T10:42:21+08:00,2020-02-15T11:21:58+08:00,False,3.0,3718.0,13984.0,116.456816,40.001275,116.460447,40.007766
deepseek_v4,deepseek_v4_w000167,6000000000000000651,43,Super Stacker,2020-02-15T09:59:44+08:00,2020-02-15T10:56:44+08:00,2020-02-15T11:21:58+08:00,False,6.0,3718.0,13984.0,116.455367,39.998946,116.450567,40.019286
deepseek_v4,deepseek_v4_w000167,6000000000000001346,43,Super Stacker,2020-02-15T10:18:49+08:00,2020-02-15T12:15:00+08:00,2020-02-15T11:21:58+08:00,True,6.0,3718.0,13984.0,116.464058,39.996812,116.460707,40.007596
deepseek_v4,deepseek_v4_w000286,6000000000000001486,43,Super Stacker,2020-02-15T11:21:42+08:00,2020-02-15T11:57:42+08:00,2020-02-15T12:06:13+08:00,False,6.0,2173.0,8060.0,116.478326,39.996603,116.488207,39.990356
deepseek_v4,deepseek_v4_w000286,6000000000000001659,43,Super Stacker,2020-02-15T11:14:47+08:00,2020-02-15T12:11:47+08:00,2020-02-15T12:06:13+08:00,True,6.0,2173.0,8060.0,116.470225,39.99603,116.486897,39.990546
deepseek_v4,deepseek_v4_w000349,6000000000000002400,43,Super Stacker,2020-02-15T11:51:43+08:00,2020-02-15T12:27:43+08:00,2020-02-15T12:43:08+08:00,False,3.0,1988.0,6781.0,116.472585,39.989308,116.467667,39.989686
deepseek_v4,deepseek_v4_w000349,6000000000000002020,43,Super Stacker,2020-02-15T11:43:57+08:00,2020-02-15T12:29:57+08:00,2020-02-15T12:43:08+08:00,False,3.0,1988.0,6781.0,116.472117,39.988966,116.476867,39.994196
deepseek_v4,deepseek_v4_w000349,6000000000000003087,43,Super Stacker,2020-02-15T11:51:34+08:00,2020-02-15T12:36:34+08:00,2020-02-15T12:43:08+08:00,False,3.0,1988.0,6781.0,116.472431,39.989322,116.478747,39.983336
deepseek_v4,deepseek_v4_w000402,6000000000000002669,43,Super Stacker,2020-02-15T12:25:25+08:00,2020-02-15T13:01:25+08:00,2020-02-15T13:06:50+08:00,False,3.0,1010.0,3207.0,116.479238,39.986305,116.480377,39.984456
deepseek_v4,deepseek_v4_w000402,6000000000000003055,43,Super Stacker,2020-02-15T12:25:50+08:00,2020-02-15T13:01:50+08:00,2020-02-15T13:06:50+08:00,False,3.0,1010.0,3207.0,116.479517,39.983058,116.482837,39.988176
deepseek_v4,deepseek_v4_w000444,6000000000000003782,43,Super Stacker,2020-02-15T12:51:12+08:00,2020-02-15T13:25:12+08:00,2020-02-15T15:13:03+08:00,False,6.0,7383.0,28263.0,116.4759,39.981088,116.471017,39.972376
deepseek_v4,deepseek_v4_w000444,6000000000000003390,43,Super Stacker,2020-02-15T12:41:38+08:00,2020-02-15T13:27:38+08:00,2020-02-15T15:13:03+08:00,False,6.0,7383.0,28263.0,116.472585,39.989308,116.446467,39.989376
deepseek_v4,deepseek_v4_w000444,6000000000000003723,43,Super Stacker,2020-02-15T12:58:38+08:00,2020-02-15T13:28:38+08:00,2020-02-15T15:13:03+08:00,False,3.0,7383.0,28263.0,116.469012,39.976123,116.466047,39.974256
deepseek_v4,deepseek_v4_w000444,6000000000000003652,43,Super Stacker,2020-02-15T13:00:48+08:00,2020-02-15T13:32:48+08:00,2020-02-15T15:13:03+08:00,False,3.0,7383.0,28263.0,116.467184,39.988849,116.459857,39.988356
deepseek_v4,deepseek_v4_w000444,6000000000000003572,43,Super Stacker,2020-02-15T12:47:41+08:00,2020-02-15T13:35:41+08:00,2020-02-15T15:13:03+08:00,False,6.0,7383.0,28263.0,116.480437,39.975176,116.476667,39.960376
deepseek_v4,deepseek_v4_w000607,6000000000000005343,43,Super Stacker,2020-02-15T14:57:51+08:00,2020-02-15T15:27:51+08:00,2020-02-15T16:04:01+08:00,False,6.0,2641.0,10503.0,116.473284,39.97545,116.477637,39.961596
deepseek_v4,deepseek_v4_w000650,6000000000000006213,43,Super Stacker,2020-02-15T16:11:36+08:00,2020-02-15T19:11:36+08:00,2020-02-15T16:43:12+08:00,True,6.0,1992.0,7301.0,116.493072,39.970867,116.493667,39.958326
deepseek_v4,deepseek_v4_w000650,6000000000000006288,43,Super Stacker,2020-02-15T16:13:26+08:00,2020-02-15T19:12:26+08:00,2020-02-15T16:43:12+08:00,True,6.0,1992.0,7301.0,116.493072,39.970867,116.488997,39.954726
deepseek_v4,deepseek_v4_w000699,6000000000000006404,43,Super Stacker,2020-02-15T16:42:30+08:00,2020-02-15T17:13:30+08:00,2020-02-15T17:18:08+08:00,False,6.0,1688.0,6035.0,116.479437,39.968717,116.477117,39.959706
deepseek_v4,deepseek_v4_w000699,6000000000000006154,43,Super Stacker,2020-02-15T16:40:01+08:00,2020-02-15T17:17:01+08:00,2020-02-15T17:18:08+08:00,False,3.0,1688.0,6035.0,116.480937,39.968706,116.476707,39.961026
deepseek_v4,deepseek_v4_w000743,6000000000000006631,43,Super Stacker,2020-02-15T16:55:18+08:00,2020-02-15T17:53:18+08:00,2020-02-15T17:50:17+08:00,True,10.0,1817.0,6570.0,116.463868,39.948411,116.474687,39.922276
deepseek_v4,deepseek_v4_w000743,6000000000000006575,43,Super Stacker,2020-02-15T16:56:33+08:00,2020-02-15T17:54:33+08:00,2020-02-15T17:50:17+08:00,True,10.0,1817.0,6570.0,116.463868,39.948411,116.474687,39.922276
deepseek_v4,deepseek_v4_w000806,6000000000000007249,43,Super Stacker,2020-02-15T17:48:12+08:00,2020-02-15T18:32:12+08:00,2020-02-15T18:55:12+08:00,False,3.0,2712.0,10297.0,116.466927,39.921126,116.471797,39.926636
deepseek_v4,deepseek_v4_w000806,6000000000000006966,43,Super Stacker,2020-02-15T17:40:50+08:00,2020-02-15T18:38:50+08:00,2020-02-15T18:55:12+08:00,False,6.0,2712.0,10297.0,116.481487,39.912616,116.499987,39.912206
deepseek_v4,deepseek_v4_w000874,6000000000000007769,43,Super Stacker,2020-02-15T18:38:19+08:00,2020-02-15T19:27:19+08:00,2020-02-15T19:51:36+08:00,False,6.0,3096.0,11404.0,116.506938,39.927883,116.526607,39.920296
deepseek_v4,deepseek_v4_w000874,6000000000000008437,43,Super Stacker,2020-02-15T18:44:22+08:00,2020-02-15T19:32:22+08:00,2020-02-15T19:51:36+08:00,False,3.0,3096.0,11404.0,116.521328,39.916693,116.519647,39.914696
deepseek_v4,deepseek_v4_w000874,6000000000000008281,43,Super Stacker,2020-02-15T19:01:28+08:00,2020-02-15T19:40:28+08:00,2020-02-15T19:51:36+08:00,False,3.0,3096.0,11404.0,116.521328,39.916693,116.512827,39.913026
deepseek_v4,deepseek_v4_w000942,6000000000000008713,43,Super Stacker,2020-02-15T19:31:47+08:00,2020-02-15T20:20:47+08:00,2020-02-15T20:37:05+08:00,False,6.0,2225.0,8270.0,116.507557,39.915986,116.526307,39.919206
deepseek_v4,deepseek_v4_w000942,6000000000000008545,43,Super Stacker,2020-02-15T19:45:44+08:00,2020-02-15T20:28:44+08:00,2020-02-15T20:37:05+08:00,False,3.0,2225.0,8270.0,116.507559,39.915985,116.505747,39.919946
deepseek_v4,deepseek_v4_w000056,6000000000000000225,44,Super Stacker,2020-02-15T09:14:59+08:00,2020-02-15T09:55:59+08:00,2020-02-15T09:34:39+08:00,True,3.0,1479.0,5164.0,116.354905,39.836519,116.364567,39.837356
deepseek_v4,deepseek_v4_w000056,6000000000000000454,44,Super Stacker,2020-02-15T09:18:08+08:00,2020-02-15T10:04:08+08:00,2020-02-15T09:34:39+08:00,True,6.0,1479.0,5164.0,116.354905,39.836519,116.372937,39.836976
deepseek_v4,deepseek_v4_w000100,6000000000000000629,44,Super Stacker,2020-02-15T09:28:13+08:00,2020-02-15T10:05:13+08:00,2020-02-15T10:37:24+08:00,False,3.0,3444.0,13347.0,116.377322,39.854598,116.371177,39.851026
deepseek_v4,deepseek_v4_w000100,6000000000000000325,44,Super Stacker,2020-02-15T09:30:00+08:00,2020-02-15T10:31:01+08:00,2020-02-15T10:37:24+08:00,False,6.0,3444.0,13347.0,116.359472,39.833364,116.375997,39.832606
deepseek_v4,deepseek_v4_w000200,6000000000000000858,44,Super Stacker,2020-02-15T10:40:04+08:00,2020-02-15T11:13:04+08:00,2020-02-15T10:59:58+08:00,True,3.0,1198.0,3991.0,116.35823200000002,39.834056,116.359317,39.831946
deepseek_v4,deepseek_v4_w000200,6000000000000001213,44,Super Stacker,2020-02-15T10:44:57+08:00,2020-02-15T11:20:57+08:00,2020-02-15T10:59:58+08:00,True,3.0,1198.0,3991.0,116.358301,39.838012,116.359077,39.836636
deepseek_v4,deepseek_v4_w000218,6000000000000001617,44,Super Stacker,2020-02-15T10:46:51+08:00,2020-02-15T11:27:51+08:00,2020-02-15T11:30:18+08:00,False,6.0,1818.0,6573.0,116.354287,39.835816,116.365387,39.846146
deepseek_v4,deepseek_v4_w000218,6000000000000001147,44,Super Stacker,2020-02-15T10:54:26+08:00,2020-02-15T11:32:26+08:00,2020-02-15T11:30:18+08:00,True,3.0,1818.0,6573.0,116.354287,39.835816,116.353187,39.843716
deepseek_v4,deepseek_v4_w000292,6000000000000001590,44,Super Stacker,2020-02-15T11:13:46+08:00,2020-02-15T11:50:46+08:00,2020-02-15T12:39:37+08:00,False,3.0,3577.0,12407.0,116.360752,39.845855,116.368997,39.843466
deepseek_v4,deepseek_v4_w000292,6000000000000001964,44,Super Stacker,2020-02-15T11:18:26+08:00,2020-02-15T11:56:26+08:00,2020-02-15T12:39:37+08:00,False,3.0,3577.0,12407.0,116.360752,39.845855,116.353647,39.848826
deepseek_v4,deepseek_v4_w000292,6000000000000001945,44,Super Stacker,2020-02-15T11:10:16+08:00,2020-02-15T12:02:16+08:00,2020-02-15T12:39:37+08:00,False,3.0,3577.0,12407.0,116.360752,39.845855,116.366217,39.846536
deepseek_v4,deepseek_v4_w000292,6000000000000002156,44,Super Stacker,2020-02-15T11:18:35+08:00,2020-02-15T12:02:35+08:00,2020-02-15T12:39:37+08:00,False,6.0,3577.0,12407.0,116.360752,39.845855,116.342237,39.845406
deepseek_v4,deepseek_v4_w000292,6000000000000001503,44,Super Stacker,2020-02-15T11:24:52+08:00,2020-02-15T12:03:52+08:00,2020-02-15T12:39:37+08:00,False,3.0,3577.0,12407.0,116.360752,39.845855,116.364227,39.851876
deepseek_v4,deepseek_v4_w000388,6000000000000002767,44,Super Stacker,2020-02-15T12:10:22+08:00,2020-02-15T12:43:22+08:00,2020-02-15T13:04:02+08:00,False,3.0,1442.0,5006.0,116.356637,39.853706,116.356887,39.853606
deepseek_v4,deepseek_v4_w000388,6000000000000003442,44,Super Stacker,2020-02-15T12:23:00+08:00,2020-02-15T13:03:00+08:00,2020-02-15T13:04:02+08:00,False,3.0,1442.0,5006.0,116.356637,39.853706,116.351857,39.847006
deepseek_v4,deepseek_v4_w000435,6000000000000002698,44,Super Stacker,2020-02-15T12:41:27+08:00,2020-02-15T13:23:27+08:00,2020-02-15T13:54:35+08:00,False,6.0,2675.0,9642.0,116.34855,39.849979,116.345807,39.859806
deepseek_v4,deepseek_v4_w000435,6000000000000003778,44,Super Stacker,2020-02-15T12:50:32+08:00,2020-02-15T13:26:32+08:00,2020-02-15T13:54:35+08:00,False,6.0,2675.0,9642.0,116.34855,39.849979,116.355747,39.859786
deepseek_v4,deepseek_v4_w000435,6000000000000003307,44,Super Stacker,2020-02-15T12:41:34+08:00,2020-02-15T13:26:34+08:00,2020-02-15T13:54:35+08:00,False,6.0,2675.0,9642.0,116.34855,39.849979,116.337947,39.832576
deepseek_v4,deepseek_v4_w000509,6000000000000004727,44,Super Stacker,2020-02-15T13:54:53+08:00,2020-02-15T14:47:53+08:00,2020-02-15T14:34:42+08:00,True,6.0,2082.0,7676.0,116.348479,39.845278,116.326387,39.844866
deepseek_v4,deepseek_v4_w000509,6000000000000004469,44,Super Stacker,2020-02-15T14:03:25+08:00,2020-02-15T14:49:25+08:00,2020-02-15T14:34:42+08:00,True,6.0,2082.0,7676.0,116.340487,39.845249,116.318847,39.842446
deepseek_v4,deepseek_v4_w000564,6000000000000004949,44,Super Stacker,2020-02-15T14:30:21+08:00,2020-02-15T17:30:21+08:00,2020-02-15T15:08:21+08:00,True,3.0,1101.0,3588.0,116.309383,39.844365,116.300747,39.848926
deepseek_v4,deepseek_v4_w000564,6000000000000005139,44,Super Stacker,2020-02-15T14:30:26+08:00,2020-02-15T17:30:26+08:00,2020-02-15T15:08:21+08:00,True,3.0,1101.0,3588.0,116.309383,39.844365,116.308187,39.851906
deepseek_v4,deepseek_v4_w000605,6000000000000005436,44,Super Stacker,2020-02-15T15:24:05+08:00,2020-02-15T16:09:05+08:00,2020-02-15T17:17:55+08:00,False,6.0,7075.0,27983.0,116.296153,39.865432,116.312927,39.884326
deepseek_v4,deepseek_v4_w000605,6000000000000005374,44,Super Stacker,2020-02-15T15:29:03+08:00,2020-02-15T16:10:03+08:00,2020-02-15T17:17:55+08:00,False,3.0,7075.0,27983.0,116.310219,39.847394,116.31135700000002,39.848516
deepseek_v4,deepseek_v4_w000605,6000000000000005576,44,Super Stacker,2020-02-15T15:21:47+08:00,2020-02-15T16:16:47+08:00,2020-02-15T17:17:55+08:00,False,10.0,7075.0,27983.0,116.295037,39.865266,116.267867,39.884146
deepseek_v4,deepseek_v4_w000737,6000000000000007066,44,Super Stacker,2020-02-15T17:14:48+08:00,2020-02-15T18:39:00+08:00,2020-02-15T18:01:55+08:00,True,6.0,2515.0,9483.0,116.259382,39.882491,116.236927,39.864016
deepseek_v4,deepseek_v4_w000737,6000000000000007088,44,Super Stacker,2020-02-15T17:27:26+08:00,2020-02-15T18:45:00+08:00,2020-02-15T18:01:55+08:00,True,3.0,2515.0,9483.0,116.259382,39.882491,116.256287,39.878046
deepseek_v4,deepseek_v4_w000827,6000000000000008424,44,Super Stacker,2020-02-15T18:37:00+08:00,2020-02-15T19:17:00+08:00,2020-02-15T18:48:28+08:00,True,6.0,1108.0,4115.0,116.255246,39.879629,116.236877,39.864296
deepseek_v4,deepseek_v4_w000852,6000000000000007783,44,Super Stacker,2020-02-15T18:48:15+08:00,2020-02-15T19:38:15+08:00,2020-02-15T19:07:43+08:00,True,6.0,1063.0,3927.0,116.237783,39.864326,116.262797,39.865246
deepseek_v4,deepseek_v4_w000916,6000000000000009038,44,Super Stacker,2020-02-15T19:34:16+08:00,2020-02-15T20:06:16+08:00,2020-02-15T20:06:06+08:00,True,3.0,2166.0,8027.0,116.26111,39.880584,116.256397,39.882596
deepseek_v4,deepseek_v4_w000916,6000000000000009085,44,Super Stacker,2020-02-15T19:39:58+08:00,2020-02-15T20:10:58+08:00,2020-02-15T20:06:06+08:00,True,6.0,2166.0,8027.0,116.260057,39.880336,116.259147,39.893536
deepseek_v4,deepseek_v4_w000001,6000000000000000177,45,Super Stacker,2020-02-15T08:01:41+08:00,2020-02-15T10:15:00+08:00,2020-02-15T08:46:40+08:00,True,6.0,2800.0,10666.0,116.408074,39.961742,116.377907,39.964606
deepseek_v4,deepseek_v4_w000001,6000000000000000238,45,Super Stacker,2020-02-15T08:02:53+08:00,2020-02-15T10:15:00+08:00,2020-02-15T08:46:40+08:00,True,6.0,2800.0,10666.0,116.408074,39.961742,116.422727,39.976566
deepseek_v4,deepseek_v4_w000050,6000000000000000220,45,Super Stacker,2020-02-15T09:08:41+08:00,2020-02-15T09:49:41+08:00,2020-02-15T09:29:36+08:00,True,3.0,1776.0,6400.0,116.439968,39.965399,116.432407,39.963086
deepseek_v4,deepseek_v4_w000050,6000000000000000565,45,Super Stacker,2020-02-15T09:02:45+08:00,2020-02-15T09:53:45+08:00,2020-02-15T09:29:36+08:00,True,6.0,1776.0,6400.0,116.439968,39.965399,116.428737,39.946466
deepseek_v4,deepseek_v4_w000088,6000000000000000266,45,Super Stacker,2020-02-15T09:30:28+08:00,2020-02-15T10:09:28+08:00,2020-02-15T09:59:35+08:00,True,3.0,1775.0,6393.0,116.415958,39.93544,116.410907,39.936246
deepseek_v4,deepseek_v4_w000088,6000000000000000364,45,Super Stacker,2020-02-15T09:39:34+08:00,2020-02-15T10:16:34+08:00,2020-02-15T09:59:35+08:00,True,3.0,1775.0,6393.0,116.420447,39.939687,116.417017,39.935766
deepseek_v4,deepseek_v4_w000130,6000000000000000373,45,Super Stacker,2020-02-15T09:53:12+08:00,2020-02-15T10:34:12+08:00,2020-02-15T10:55:37+08:00,False,6.0,3337.0,12411.0,116.404707,39.939625,116.412717,39.949626
deepseek_v4,deepseek_v4_w000130,6000000000000001031,45,Super Stacker,2020-02-15T10:08:25+08:00,2020-02-15T10:41:25+08:00,2020-02-15T10:55:37+08:00,False,3.0,3337.0,12411.0,116.407267,39.936115,116.396617,39.935276
deepseek_v4,deepseek_v4_w000130,6000000000000000654,45,Super Stacker,2020-02-15T10:06:01+08:00,2020-02-15T10:45:01+08:00,2020-02-15T10:55:37+08:00,False,6.0,3337.0,12411.0,116.406864,39.940865,116.412477,39.924806
deepseek_v4,deepseek_v4_w000232,6000000000000001376,45,Super Stacker,2020-02-15T10:33:58+08:00,2020-02-15T11:15:58+08:00,2020-02-15T12:30:16+08:00,False,6.0,5416.0,21065.0,116.396601,39.912752,116.409487,39.925096
deepseek_v4,deepseek_v4_w000232,6000000000000001371,45,Super Stacker,2020-02-15T10:32:23+08:00,2020-02-15T11:18:23+08:00,2020-02-15T12:30:16+08:00,False,6.0,5416.0,21065.0,116.40703200000002,39.938633,116.42856700000002,39.948036
deepseek_v4,deepseek_v4_w000232,6000000000000001074,45,Super Stacker,2020-02-15T10:50:05+08:00,2020-02-15T11:24:05+08:00,2020-02-15T12:30:16+08:00,False,6.0,5416.0,21065.0,116.41779,39.933144,116.411817,39.922756
deepseek_v4,deepseek_v4_w000398,6000000000000002581,45,Super Stacker,2020-02-15T12:11:32+08:00,2020-02-15T12:44:32+08:00,2020-02-15T13:10:01+08:00,False,3.0,1801.0,6508.0,116.402499,39.908678,116.406187,39.908796
deepseek_v4,deepseek_v4_w000398,6000000000000003594,45,Super Stacker,2020-02-15T12:17:18+08:00,2020-02-15T13:06:18+08:00,2020-02-15T13:10:01+08:00,False,6.0,1801.0,6508.0,116.409333,39.908506,116.425027,39.905396
deepseek_v4,deepseek_v4_w000468,6000000000000003737,45,Super Stacker,2020-02-15T13:07:50+08:00,2020-02-15T13:41:50+08:00,2020-02-15T14:05:38+08:00,False,6.0,2138.0,7907.0,116.417063,39.902484,116.411517,39.914216
deepseek_v4,deepseek_v4_w000468,6000000000000003732,45,Super Stacker,2020-02-15T13:03:53+08:00,2020-02-15T13:49:53+08:00,2020-02-15T14:05:38+08:00,False,6.0,2138.0,7907.0,116.406988,39.900197,116.416967,39.893366
deepseek_v4,deepseek_v4_w000588,6000000000000004824,45,Super Stacker,2020-02-15T14:43:49+08:00,2020-02-15T15:26:49+08:00,2020-02-15T15:48:32+08:00,False,3.0,2312.0,8636.0,116.409138,39.895478,116.403707,39.889566
deepseek_v4,deepseek_v4_w000588,6000000000000005574,45,Super Stacker,2020-02-15T15:18:52+08:00,2020-02-15T15:54:52+08:00,2020-02-15T15:48:32+08:00,True,3.0,2312.0,8636.0,116.417448,39.902379,116.416997,39.897266
deepseek_v4,deepseek_v4_w000630,6000000000000005691,45,Super Stacker,2020-02-15T15:22:49+08:00,2020-02-15T16:15:49+08:00,2020-02-15T16:36:58+08:00,False,6.0,2818.0,10245.0,116.409901,39.897303,116.427277,39.874846
deepseek_v4,deepseek_v4_w000630,6000000000000005798,45,Super Stacker,2020-02-15T15:30:55+08:00,2020-02-15T16:15:55+08:00,2020-02-15T16:36:58+08:00,False,6.0,2818.0,10245.0,116.409063,39.896463,116.427237,39.881106
deepseek_v4,deepseek_v4_w000630,6000000000000005904,45,Super Stacker,2020-02-15T15:51:49+08:00,2020-02-15T16:31:49+08:00,2020-02-15T16:36:58+08:00,False,6.0,2818.0,10245.0,116.409563,39.895495,116.392407,39.888856
deepseek_v4,deepseek_v4_w000698,6000000000000005777,45,Super Stacker,2020-02-15T16:23:16+08:00,2020-02-15T16:56:16+08:00,2020-02-15T17:29:00+08:00,False,3.0,2340.0,6750.0,116.409187,39.897496,116.419467,39.897786
deepseek_v4,deepseek_v4_w000698,6000000000000006503,45,Super Stacker,2020-02-15T16:55:54+08:00,2020-02-15T17:28:54+08:00,2020-02-15T17:29:00+08:00,False,3.0,2340.0,6750.0,116.409044,39.896077,116.407677,39.900656
deepseek_v4,deepseek_v4_w000698,6000000000000006573,45,Super Stacker,2020-02-15T16:54:43+08:00,2020-02-15T17:29:43+08:00,2020-02-15T17:29:00+08:00,True,3.0,2340.0,6750.0,116.409044,39.896077,116.407177,39.901456
deepseek_v4,deepseek_v4_w000698,6000000000000006498,45,Super Stacker,2020-02-15T16:54:05+08:00,2020-02-15T17:30:05+08:00,2020-02-15T17:29:00+08:00,True,3.0,2340.0,6750.0,116.409044,39.896077,116.407297,39.901886
deepseek_v4,deepseek_v4_w000698,6000000000000006705,45,Super Stacker,2020-02-15T16:57:56+08:00,2020-02-15T17:36:56+08:00,2020-02-15T17:29:00+08:00,True,3.0,2340.0,6750.0,116.409044,39.896077,116.407337,39.901756
deepseek_v4,deepseek_v4_w000698,6000000000000006571,45,Super Stacker,2020-02-15T16:53:30+08:00,2020-02-15T17:45:00+08:00,2020-02-15T17:29:00+08:00,True,3.0,2340.0,6750.0,116.409384,39.896613,116.410387,39.893996
deepseek_v4,deepseek_v4_w000745,6000000000000006597,45,Super Stacker,2020-02-15T17:05:50+08:00,2020-02-15T17:45:50+08:00,2020-02-15T18:07:25+08:00,False,6.0,2245.0,8348.0,116.409563,39.895495,116.399987,39.888446
deepseek_v4,deepseek_v4_w000745,6000000000000006535,45,Super Stacker,2020-02-15T17:21:53+08:00,2020-02-15T18:09:53+08:00,2020-02-15T18:07:25+08:00,True,6.0,2245.0,8348.0,116.410961,39.89942,116.426907,39.911036
deepseek_v4,deepseek_v4_w000802,6000000000000007563,45,Super Stacker,2020-02-15T17:44:51+08:00,2020-02-15T18:31:51+08:00,2020-02-15T18:37:13+08:00,False,6.0,1633.0,5805.0,116.420423,39.908534,116.410077,39.922346
deepseek_v4,deepseek_v4_w000802,6000000000000007661,45,Super Stacker,2020-02-15T17:51:42+08:00,2020-02-15T18:32:42+08:00,2020-02-15T18:37:13+08:00,False,3.0,1633.0,5805.0,116.420423,39.908534,116.410767,39.905696
deepseek_v4,deepseek_v4_w000838,6000000000000008066,45,Super Stacker,2020-02-15T18:16:24+08:00,2020-02-15T18:55:24+08:00,2020-02-15T19:05:12+08:00,False,3.0,1512.0,5299.0,116.407894,39.910339,116.404187,39.908256
deepseek_v4,deepseek_v4_w000838,6000000000000007843,45,Super Stacker,2020-02-15T18:23:30+08:00,2020-02-15T19:32:30+08:00,2020-02-15T19:05:12+08:00,True,6.0,1512.0,5299.0,116.409333,39.908506,116.424687,39.903686
deepseek_v4,deepseek_v4_w000915,6000000000000008373,45,Super Stacker,2020-02-15T19:07:26+08:00,2020-02-15T20:04:26+08:00,2020-02-15T20:04:09+08:00,True,6.0,2049.0,7540.0,116.424848,39.893068,116.411707,39.890976
deepseek_v4,deepseek_v4_w000915,6000000000000008715,45,Super Stacker,2020-02-15T19:33:44+08:00,2020-02-15T20:17:44+08:00,2020-02-15T20:04:09+08:00,True,6.0,2049.0,7540.0,116.403805,39.898633,116.414357,39.891986
deepseek_v4,deepseek_v4_w000062,6000000000000000514,46,Dinner-Peak Core,2020-02-15T09:13:09+08:00,2020-02-15T09:53:10+08:00,2020-02-15T09:32:26+08:00,True,3.0,746.0,2111.0,116.481895,39.913428,116.483007,39.911986
deepseek_v4,deepseek_v4_w000062,6000000000000000229,46,Dinner-Peak Core,2020-02-15T09:16:27+08:00,2020-02-15T09:55:28+08:00,2020-02-15T09:32:26+08:00,True,3.0,746.0,2111.0,116.481895,39.913428,116.481207,39.911486
deepseek_v4,deepseek_v4_w000092,6000000000000000314,46,Dinner-Peak Core,2020-02-15T09:10:11+08:00,2020-02-15T09:58:11+08:00,2020-02-15T09:58:37+08:00,False,3.0,1117.0,4154.0,116.481895,39.913428,116.492067,39.916186
deepseek_v4,deepseek_v4_w000131,6000000000000000959,46,Dinner-Peak Core,2020-02-15T10:06:55+08:00,2020-02-15T10:36:56+08:00,2020-02-15T10:19:16+08:00,True,3.0,1156.0,4319.0,116.491777,39.925646,116.488807,39.917136
deepseek_v4,deepseek_v4_w000158,6000000000000000904,46,Dinner-Peak Core,2020-02-15T10:27:50+08:00,2020-02-15T11:17:50+08:00,2020-02-15T10:35:51+08:00,True,6.0,951.0,3459.0,116.482498,39.91526,116.504627,39.911456
deepseek_v4,deepseek_v4_w000188,6000000000000001380,46,Dinner-Peak Core,2020-02-15T10:35:13+08:00,2020-02-15T11:20:13+08:00,2020-02-15T10:57:03+08:00,True,6.0,1023.0,3764.0,116.50435,39.91497,116.538847,39.914446
deepseek_v4,deepseek_v4_w000239,6000000000000001480,46,Dinner-Peak Core,2020-02-15T11:17:37+08:00,2020-02-15T12:09:37+08:00,2020-02-15T11:30:00+08:00,True,6.0,1200.0,4498.0,116.541672,39.915172,116.538857,39.897686
deepseek_v4,deepseek_v4_w000282,6000000000000001686,46,Dinner-Peak Core,2020-02-15T11:25:20+08:00,2020-02-15T11:57:20+08:00,2020-02-15T11:45:27+08:00,True,3.0,927.0,3361.0,116.541297,39.908466,116.542497,39.907926
deepseek_v4,deepseek_v4_w000364,6000000000000003054,46,Dinner-Peak Core,2020-02-15T12:25:36+08:00,2020-02-15T13:15:36+08:00,2020-02-15T12:38:44+08:00,True,6.0,1124.0,4185.0,116.541672,39.915172,116.554607,39.918286
deepseek_v4,deepseek_v4_w000416,6000000000000003653,46,Dinner-Peak Core,2020-02-15T13:01:05+08:00,2020-02-15T13:48:05+08:00,2020-02-15T13:13:25+08:00,True,6.0,805.0,2853.0,116.553977,39.918782,116.537167,39.915846
deepseek_v4,deepseek_v4_w000456,6000000000000004283,46,Dinner-Peak Core,2020-02-15T13:20:09+08:00,2020-02-15T14:01:09+08:00,2020-02-15T13:27:48+08:00,True,3.0,468.0,1450.0,116.541147,39.910632,116.542917,39.912486
deepseek_v4,deepseek_v4_w000471,6000000000000004026,46,Dinner-Peak Core,2020-02-15T13:14:20+08:00,2020-02-15T13:56:20+08:00,2020-02-15T13:53:57+08:00,True,6.0,1437.0,5485.0,116.524147,39.916774,116.548227,39.922596
deepseek_v4,deepseek_v4_w000602,6000000000000005378,46,Dinner-Peak Core,2020-02-15T15:27:28+08:00,2020-02-15T16:20:28+08:00,2020-02-15T15:39:17+08:00,True,6.0,1157.0,4320.0,116.551948,39.915561,116.543087,39.902546
deepseek_v4,deepseek_v4_w000627,6000000000000005715,46,Dinner-Peak Core,2020-02-15T15:48:01+08:00,2020-02-15T16:42:01+08:00,2020-02-15T16:06:27+08:00,True,6.0,1587.0,6114.0,116.5584,39.915093,116.540967,39.904756
deepseek_v4,deepseek_v4_w000679,6000000000000005893,46,Dinner-Peak Core,2020-02-15T16:18:45+08:00,2020-02-15T16:48:45+08:00,2020-02-15T16:57:22+08:00,False,3.0,1042.0,3838.0,116.541297,39.908466,116.538467,39.904376
deepseek_v4,deepseek_v4_w000717,6000000000000006337,46,Dinner-Peak Core,2020-02-15T16:40:40+08:00,2020-02-15T17:27:40+08:00,2020-02-15T17:24:45+08:00,True,6.0,1485.0,5691.0,116.543591,39.91971,116.529497,39.916376
deepseek_v4,deepseek_v4_w000749,6000000000000006685,46,Dinner-Peak Core,2020-02-15T17:28:20+08:00,2020-02-15T18:17:20+08:00,2020-02-15T17:48:43+08:00,True,6.0,1123.0,4179.0,116.538487,39.914767,116.536907,39.904266
deepseek_v4,deepseek_v4_w000775,6000000000000006944,46,Dinner-Peak Core,2020-02-15T17:27:46+08:00,2020-02-15T18:11:46+08:00,2020-02-15T18:11:05+08:00,True,6.0,1265.0,4771.0,116.541297,39.908466,116.528717,39.912346
deepseek_v4,deepseek_v4_w000824,6000000000000007668,46,Dinner-Peak Core,2020-02-15T17:56:12+08:00,2020-02-15T19:08:12+08:00,2020-02-15T18:39:53+08:00,True,6.0,1193.0,4471.0,116.545654,39.915477,116.557627,39.905376
deepseek_v4,deepseek_v4_w000846,6000000000000008099,46,Dinner-Peak Core,2020-02-15T18:34:34+08:00,2020-02-15T19:19:34+08:00,2020-02-15T18:58:09+08:00,True,3.0,1089.0,4035.0,116.5584,39.915093,116.564157,39.919906
deepseek_v4,deepseek_v4_w000866,6000000000000008129,46,Dinner-Peak Core,2020-02-15T19:09:10+08:00,2020-02-15T20:23:10+08:00,2020-02-15T19:21:27+08:00,True,6.0,1287.0,4860.0,116.565649,39.922496,116.594657,39.915556
deepseek_v4,deepseek_v4_w000910,6000000000000008629,46,Dinner-Peak Core,2020-02-15T19:19:13+08:00,2020-02-15T19:50:13+08:00,2020-02-15T19:54:36+08:00,False,3.0,1476.0,5150.0,116.589947,39.927625,116.591477,39.930646
deepseek_v4,deepseek_v4_w000910,6000000000000008916,46,Dinner-Peak Core,2020-02-15T19:31:09+08:00,2020-02-15T20:31:09+08:00,2020-02-15T19:54:36+08:00,True,3.0,1476.0,5150.0,116.591737,39.925177,116.586547,39.926066
deepseek_v4,deepseek_v4_w000941,6000000000000009050,46,Dinner-Peak Core,2020-02-15T19:50:37+08:00,2020-02-15T20:32:37+08:00,2020-02-15T20:12:56+08:00,True,6.0,776.0,2736.0,116.589947,39.927625,116.575257,39.923376
deepseek_v4,deepseek_v4_w000043,6000000000000000257,47,Dinner-Peak Core,2020-02-15T09:08:41+08:00,2020-02-15T09:57:41+08:00,2020-02-15T09:19:17+08:00,True,6.0,1157.0,4318.0,116.128983,39.733849,116.136267,39.749446
deepseek_v4,deepseek_v4_w000091,6000000000000000635,47,Dinner-Peak Core,2020-02-15T09:34:36+08:00,2020-02-15T10:27:36+08:00,2020-02-15T09:54:22+08:00,True,6.0,1462.0,5591.0,116.128983,39.733849,116.141097,39.716556
deepseek_v4,deepseek_v4_w000151,6000000000000001106,47,Dinner-Peak Core,2020-02-15T10:14:07+08:00,2020-02-15T10:56:07+08:00,2020-02-15T10:26:57+08:00,True,3.0,1017.0,3740.0,116.125307,39.728116,116.128027,39.720276
deepseek_v4,deepseek_v4_w000180,6000000000000001274,47,Dinner-Peak Core,2020-02-15T10:37:44+08:00,2020-02-15T11:19:44+08:00,2020-02-15T10:41:04+08:00,True,3.0,664.0,2264.0,116.126371,39.731273,116.132507,39.730386
deepseek_v4,deepseek_v4_w000204,6000000000000000699,47,Dinner-Peak Core,2020-02-15T10:22:45+08:00,2020-02-15T11:17:45+08:00,2020-02-15T11:10:45+08:00,True,6.0,1245.0,4686.0,116.125583,39.729588,116.149607,39.731936
deepseek_v4,deepseek_v4_w000271,6000000000000001430,47,Dinner-Peak Core,2020-02-15T11:04:14+08:00,2020-02-15T11:53:14+08:00,2020-02-15T11:43:01+08:00,True,6.0,1381.0,5256.0,116.126371,39.731273,116.130907,39.748866
deepseek_v4,deepseek_v4_w000308,6000000000000002553,47,Dinner-Peak Core,2020-02-15T11:55:00+08:00,2020-02-15T12:38:00+08:00,2020-02-15T12:02:36+08:00,True,3.0,756.0,2647.0,116.127787,39.744206,116.127967,39.743336
deepseek_v4,deepseek_v4_w000348,6000000000000003012,47,Dinner-Peak Core,2020-02-15T11:52:04+08:00,2020-02-15T12:48:04+08:00,2020-02-15T12:31:43+08:00,True,6.0,1303.0,4931.0,116.125743,39.733033,116.130907,39.748866
deepseek_v4,deepseek_v4_w000399,6000000000000003337,47,Dinner-Peak Core,2020-02-15T12:16:06+08:00,2020-02-15T13:09:06+08:00,2020-02-15T12:59:43+08:00,True,3.0,1183.0,4428.0,116.126422,39.732806,116.117447,39.728216
deepseek_v4,deepseek_v4_w000417,6000000000000003306,47,Dinner-Peak Core,2020-02-15T12:41:32+08:00,2020-02-15T13:30:32+08:00,2020-02-15T13:22:20+08:00,True,6.0,1340.0,5085.0,116.115587,39.729851,116.098117,39.733296
deepseek_v4,deepseek_v4_w000682,6000000000000006342,47,Dinner-Peak Core,2020-02-15T16:48:15+08:00,2020-02-15T17:37:15+08:00,2020-02-15T17:04:39+08:00,True,6.0,1479.0,5662.0,116.114984,39.72985,116.139007,39.718506
deepseek_v4,deepseek_v4_w000727,6000000000000006566,47,Dinner-Peak Core,2020-02-15T16:51:30+08:00,2020-02-15T17:55:30+08:00,2020-02-15T17:34:11+08:00,True,6.0,1451.0,5544.0,116.125583,39.729588,116.138397,39.720466
deepseek_v4,deepseek_v4_w000772,6000000000000007232,47,Dinner-Peak Core,2020-02-15T17:34:57+08:00,2020-02-15T18:08:57+08:00,2020-02-15T17:55:34+08:00,True,3.0,934.0,3390.0,116.159934,39.721748,116.160007,39.723706
deepseek_v4,deepseek_v4_w000785,6000000000000007400,47,Dinner-Peak Core,2020-02-15T17:32:59+08:00,2020-02-15T18:27:59+08:00,2020-02-15T18:11:16+08:00,True,6.0,676.0,2315.0,116.159883,39.721425,116.171767,39.718506
deepseek_v4,deepseek_v4_w000830,6000000000000007844,47,Dinner-Peak Core,2020-02-15T18:30:27+08:00,2020-02-15T19:25:27+08:00,2020-02-15T18:50:57+08:00,True,6.0,1257.0,4239.0,116.163684,39.723408,116.182437,39.713496
deepseek_v4,deepseek_v4_w000830,6000000000000008017,47,Dinner-Peak Core,2020-02-15T18:31:58+08:00,2020-02-15T19:28:58+08:00,2020-02-15T18:50:57+08:00,True,6.0,1257.0,4239.0,116.163684,39.723408,116.182437,39.713496
deepseek_v4,deepseek_v4_w000889,6000000000000008382,47,Dinner-Peak Core,2020-02-15T19:14:49+08:00,2020-02-15T19:52:49+08:00,2020-02-15T19:35:11+08:00,True,6.0,1511.0,5795.0,116.163684,39.723408,116.162537,39.735896
deepseek_v4,deepseek_v4_w000926,6000000000000008634,47,Dinner-Peak Core,2020-02-15T19:21:31+08:00,2020-02-15T20:08:31+08:00,2020-02-15T20:04:04+08:00,True,6.0,1444.0,5515.0,116.163684,39.723408,116.176237,39.737696
deepseek_v4,deepseek_v4_w000014,6000000000000000288,48,Dinner-Peak Core,2020-02-15T08:27:34+08:00,2020-02-15T10:45:00+08:00,2020-02-15T08:40:39+08:00,True,6.0,1239.0,4663.0,116.323719,39.875486,116.325777,39.892926
deepseek_v4,deepseek_v4_w000047,6000000000000000309,48,Dinner-Peak Core,2020-02-15T09:02:48+08:00,2020-02-15T10:00:48+08:00,2020-02-15T09:16:29+08:00,True,6.0,989.0,3620.0,116.326969,39.905982,116.339037,39.908756
deepseek_v4,deepseek_v4_w000065,6000000000000000450,48,Dinner-Peak Core,2020-02-15T09:11:06+08:00,2020-02-15T09:44:06+08:00,2020-02-15T09:34:03+08:00,True,3.0,843.0,3016.0,116.347635,39.904613,116.339777,39.900796
deepseek_v4,deepseek_v4_w000117,6000000000000001363,48,Dinner-Peak Core,2020-02-15T09:53:21+08:00,2020-02-15T11:00:00+08:00,2020-02-15T10:00:42+08:00,True,3.0,642.0,2175.0,116.353878,39.903315,116.355087,39.899086
deepseek_v4,deepseek_v4_w000146,6000000000000001097,48,Dinner-Peak Core,2020-02-15T10:09:29+08:00,2020-02-15T10:47:29+08:00,2020-02-15T10:27:49+08:00,True,6.0,1069.0,3953.0,116.348517,39.907678,116.368787,39.900896
deepseek_v4,deepseek_v4_w000168,6000000000000000485,48,Dinner-Peak Core,2020-02-15T10:06:44+08:00,2020-02-15T10:38:44+08:00,2020-02-15T10:36:41+08:00,True,3.0,401.0,1172.0,116.368573,39.901199,116.365857,39.897996
deepseek_v4,deepseek_v4_w000191,6000000000000000664,48,Dinner-Peak Core,2020-02-15T10:13:19+08:00,2020-02-15T10:57:19+08:00,2020-02-15T10:53:29+08:00,True,6.0,809.0,2869.0,116.365149,39.892292,116.377447,39.897286
deepseek_v4,deepseek_v4_w000229,6000000000000001277,48,Dinner-Peak Core,2020-02-15T10:39:57+08:00,2020-02-15T11:30:00+08:00,2020-02-15T11:20:10+08:00,True,6.0,1210.0,4542.0,116.390083,39.891142,116.371757,39.899696
deepseek_v4,deepseek_v4_w000272,6000000000000002246,48,Dinner-Peak Core,2020-02-15T11:13:51+08:00,2020-02-15T11:49:51+08:00,2020-02-15T11:42:27+08:00,True,6.0,747.0,2612.0,116.368573,39.901199,116.369687,39.913796
deepseek_v4,deepseek_v4_w000313,6000000000000001894,48,Dinner-Peak Core,2020-02-15T11:27:56+08:00,2020-02-15T12:01:56+08:00,2020-02-15T12:01:03+08:00,True,3.0,663.0,2259.0,116.363316,39.921907,116.359687,39.921076
deepseek_v4,deepseek_v4_w000337,6000000000000002320,48,Dinner-Peak Core,2020-02-15T11:42:42+08:00,2020-02-15T12:19:42+08:00,2020-02-15T12:18:46+08:00,True,3.0,526.0,1690.0,116.363386,39.923254,116.361707,39.928386
deepseek_v4,deepseek_v4_w000374,6000000000000003120,48,Dinner-Peak Core,2020-02-15T12:07:50+08:00,2020-02-15T12:43:50+08:00,2020-02-15T12:43:21+08:00,True,6.0,801.0,2836.0,116.363111,39.925692,116.350067,39.927276
deepseek_v4,deepseek_v4_w000412,6000000000000003620,48,Dinner-Peak Core,2020-02-15T12:40:08+08:00,2020-02-15T13:22:08+08:00,2020-02-15T13:06:53+08:00,True,6.0,1013.0,3717.0,116.356152,39.917305,116.368617,39.909826
deepseek_v4,deepseek_v4_w000433,6000000000000003794,48,Dinner-Peak Core,2020-02-15T12:59:39+08:00,2020-02-15T13:31:39+08:00,2020-02-15T13:16:06+08:00,True,3.0,366.0,1024.0,116.36442,39.908428,116.364777,39.909836
deepseek_v4,deepseek_v4_w000450,6000000000000003720,48,Dinner-Peak Core,2020-02-15T12:57:05+08:00,2020-02-15T13:41:05+08:00,2020-02-15T13:34:54+08:00,True,6.0,894.0,3224.0,116.363037,39.909937,116.338637,39.906856
deepseek_v4,deepseek_v4_w000481,6000000000000004372,48,Dinner-Peak Core,2020-02-15T13:34:41+08:00,2020-02-15T14:07:41+08:00,2020-02-15T13:53:35+08:00,True,6.0,815.0,2899.0,116.347977,39.906916,116.358217,39.897536
deepseek_v4,deepseek_v4_w000505,6000000000000004686,48,Dinner-Peak Core,2020-02-15T14:05:16+08:00,2020-02-15T14:41:16+08:00,2020-02-15T14:19:16+08:00,True,6.0,1156.0,4317.0,116.349201,39.896337,116.337277,39.881516
deepseek_v4,deepseek_v4_w000541,6000000000000004859,48,Dinner-Peak Core,2020-02-15T14:27:07+08:00,2020-02-15T15:05:07+08:00,2020-02-15T14:44:30+08:00,True,3.0,870.0,3123.0,116.345003,39.875945,116.352107,39.882906
deepseek_v4,deepseek_v4_w000560,6000000000000005047,48,Dinner-Peak Core,2020-02-15T14:27:29+08:00,2020-02-15T15:15:29+08:00,2020-02-15T15:08:42+08:00,True,6.0,1122.0,4175.0,116.354078,39.882203,116.328367,39.888276
deepseek_v4,deepseek_v4_w000615,6000000000000005364,48,Dinner-Peak Core,2020-02-15T15:21:31+08:00,2020-02-15T15:56:31+08:00,2020-02-15T15:50:45+08:00,True,6.0,1245.0,4690.0,116.351183,39.887967,116.344367,39.896546
deepseek_v4,deepseek_v4_w000651,6000000000000005721,48,Dinner-Peak Core,2020-02-15T15:56:37+08:00,2020-02-15T16:45:37+08:00,2020-02-15T16:33:59+08:00,True,6.0,1439.0,5493.0,116.364971,39.89271,116.383077,39.883286
deepseek_v4,deepseek_v4_w000705,6000000000000006948,48,Dinner-Peak Core,2020-02-15T17:01:22+08:00,2020-02-15T20:01:22+08:00,2020-02-15T17:16:05+08:00,True,6.0,965.0,3522.0,116.38304,39.885979,116.39131700000002,39.872906
deepseek_v4,deepseek_v4_w000739,6000000000000006811,48,Dinner-Peak Core,2020-02-15T17:29:10+08:00,2020-02-15T18:07:10+08:00,2020-02-15T17:38:43+08:00,True,6.0,1123.0,4180.0,116.378965,39.869538,116.365437,39.878916
deepseek_v4,deepseek_v4_w000768,6000000000000006456,48,Dinner-Peak Core,2020-02-15T17:10:09+08:00,2020-02-15T17:58:09+08:00,2020-02-15T18:39:47+08:00,False,6.0,3587.0,13947.0,116.354537,39.870916,116.344327,39.855266
deepseek_v4,deepseek_v4_w000768,6000000000000007175,48,Dinner-Peak Core,2020-02-15T17:30:31+08:00,2020-02-15T18:10:31+08:00,2020-02-15T18:39:47+08:00,False,6.0,3587.0,13947.0,116.378965,39.869538,116.372167,39.877886
deepseek_v4,deepseek_v4_w000848,6000000000000007534,48,Dinner-Peak Core,2020-02-15T18:16:07+08:00,2020-02-15T18:54:07+08:00,2020-02-15T18:59:01+08:00,False,3.0,1141.0,3755.0,116.386628,39.885367,116.382067,39.879936
deepseek_v4,deepseek_v4_w000848,6000000000000008318,48,Dinner-Peak Core,2020-02-15T18:24:25+08:00,2020-02-15T19:00:25+08:00,2020-02-15T18:59:01+08:00,True,3.0,1141.0,3755.0,116.386628,39.885367,116.382817,39.886066
deepseek_v4,deepseek_v4_w000864,6000000000000008104,48,Dinner-Peak Core,2020-02-15T18:44:00+08:00,2020-02-15T19:31:00+08:00,2020-02-15T19:08:46+08:00,True,3.0,526.0,1692.0,116.38509,39.883956,116.387737,39.890606
deepseek_v4,deepseek_v4_w000877,6000000000000007867,48,Dinner-Peak Core,2020-02-15T18:40:29+08:00,2020-02-15T19:33:29+08:00,2020-02-15T19:18:34+08:00,True,3.0,514.0,1641.0,116.384591,39.894163,116.377037,39.892196
deepseek_v4,deepseek_v4_w000899,6000000000000008510,48,Dinner-Peak Core,2020-02-15T18:51:43+08:00,2020-02-15T19:26:43+08:00,2020-02-15T19:39:16+08:00,False,6.0,1156.0,4316.0,116.368573,39.901199,116.356537,39.912626
deepseek_v4,deepseek_v4_w000924,6000000000000008569,48,Dinner-Peak Core,2020-02-15T19:16:48+08:00,2020-02-15T19:50:48+08:00,2020-02-15T19:58:57+08:00,False,6.0,1137.0,4236.0,116.349294,39.918768,116.337507,39.908256
deepseek_v4,deepseek_v4_w000944,6000000000000008776,48,Dinner-Peak Core,2020-02-15T19:34:32+08:00,2020-02-15T20:10:32+08:00,2020-02-15T20:30:11+08:00,False,6.0,1811.0,6545.0,116.347635,39.904613,116.331647,39.915106
deepseek_v4,deepseek_v4_w000944,6000000000000008724,48,Dinner-Peak Core,2020-02-15T19:45:28+08:00,2020-02-15T20:15:28+08:00,2020-02-15T20:30:11+08:00,False,3.0,1811.0,6545.0,116.347635,39.904613,116.341167,39.902266
deepseek_v4,deepseek_v4_w000048,6000000000000000632,49,Dinner-Peak Core,2020-02-15T09:04:01+08:00,2020-02-15T12:04:01+08:00,2020-02-15T09:20:43+08:00,True,6.0,1243.0,4682.0,116.306018,39.97894,116.318957,39.989556
deepseek_v4,deepseek_v4_w000090,6000000000000000735,49,Dinner-Peak Core,2020-02-15T09:16:57+08:00,2020-02-15T12:16:57+08:00,2020-02-15T10:02:10+08:00,True,10.0,1930.0,7542.0,116.306018,39.97894,116.322767,40.010126
deepseek_v4,deepseek_v4_w000150,6000000000000000893,49,Dinner-Peak Core,2020-02-15T10:15:20+08:00,2020-02-15T11:15:00+08:00,2020-02-15T10:39:50+08:00,True,6.0,1790.0,6961.0,116.343574,40.008209,116.357567,40.010666
deepseek_v4,deepseek_v4_w000228,6000000000000001575,49,Dinner-Peak Core,2020-02-15T11:08:13+08:00,2020-02-15T11:48:13+08:00,2020-02-15T11:17:08+08:00,True,6.0,1028.0,3784.0,116.343974,40.007658,116.331517,39.998716
deepseek_v4,deepseek_v4_w000269,6000000000000001294,49,Dinner-Peak Core,2020-02-15T10:50:38+08:00,2020-02-15T11:25:38+08:00,2020-02-15T11:36:27+08:00,False,6.0,987.0,3614.0,116.324115,39.987352,116.312327,39.983906
deepseek_v4,deepseek_v4_w000287,6000000000000001331,49,Dinner-Peak Core,2020-02-15T11:16:12+08:00,2020-02-15T11:55:12+08:00,2020-02-15T11:46:38+08:00,True,3.0,398.0,1158.0,116.314707,39.981816,116.317867,39.980616
deepseek_v4,deepseek_v4_w000315,6000000000000001810,49,Dinner-Peak Core,2020-02-15T11:33:31+08:00,2020-02-15T12:03:31+08:00,2020-02-15T12:03:57+08:00,False,3.0,837.0,2985.0,116.305467,39.977306,116.301847,39.978606
deepseek_v4,deepseek_v4_w000340,6000000000000002802,49,Dinner-Peak Core,2020-02-15T11:43:28+08:00,2020-02-15T12:18:28+08:00,2020-02-15T12:26:52+08:00,False,6.0,1012.0,3718.0,116.309263,39.979225,116.291897,39.978226
deepseek_v4,deepseek_v4_w000381,6000000000000003038,49,Dinner-Peak Core,2020-02-15T12:09:52+08:00,2020-02-15T13:00:52+08:00,2020-02-15T12:50:18+08:00,True,6.0,1218.0,4572.0,116.291835,39.968411,116.288587,39.950606
deepseek_v4,deepseek_v4_w000420,6000000000000003731,49,Dinner-Peak Core,2020-02-15T13:02:58+08:00,2020-02-15T13:43:58+08:00,2020-02-15T13:16:19+08:00,True,6.0,979.0,3576.0,116.291082,39.944919,116.294187,39.932276
deepseek_v4,deepseek_v4_w000451,6000000000000004286,49,Dinner-Peak Core,2020-02-15T13:27:42+08:00,2020-02-15T14:18:42+08:00,2020-02-15T13:32:09+08:00,True,6.0,729.0,2538.0,116.293272,39.933825,116.281357,39.926396
deepseek_v4,deepseek_v4_w000487,6000000000000004664,49,Dinner-Peak Core,2020-02-15T13:43:23+08:00,2020-02-15T14:37:23+08:00,2020-02-15T13:56:20+08:00,True,6.0,980.0,3585.0,116.293272,39.933825,116.288117,39.922526
deepseek_v4,deepseek_v4_w000510,6000000000000004227,49,Dinner-Peak Core,2020-02-15T13:49:17+08:00,2020-02-15T14:43:17+08:00,2020-02-15T14:19:35+08:00,True,6.0,1175.0,4399.0,116.293958,39.936545,116.294527,39.924306
deepseek_v4,deepseek_v4_w000589,6000000000000005357,49,Dinner-Peak Core,2020-02-15T15:15:44+08:00,2020-02-15T16:22:44+08:00,2020-02-15T15:30:35+08:00,True,6.0,1235.0,4647.0,116.293272,39.933825,116.278697,39.943086
deepseek_v4,deepseek_v4_w000626,6000000000000005693,49,Dinner-Peak Core,2020-02-15T15:27:43+08:00,2020-02-15T16:28:43+08:00,2020-02-15T16:03:13+08:00,True,6.0,1393.0,5302.0,116.293151,39.932632,116.281947,39.943486
deepseek_v4,deepseek_v4_w000661,6000000000000005906,49,Dinner-Peak Core,2020-02-15T15:54:10+08:00,2020-02-15T16:45:15+08:00,2020-02-15T16:44:06+08:00,True,6.0,1446.0,5524.0,116.297227,39.941976,116.300807,39.932806
deepseek_v4,deepseek_v4_w000688,6000000000000006153,49,Dinner-Peak Core,2020-02-15T16:38:26+08:00,2020-02-15T17:27:42+08:00,2020-02-15T16:57:58+08:00,True,3.0,478.0,1493.0,116.299687,39.932746,116.304547,39.940316
deepseek_v4,deepseek_v4_w000706,6000000000000006224,49,Dinner-Peak Core,2020-02-15T16:50:40+08:00,2020-02-15T17:47:42+08:00,2020-02-15T17:24:49+08:00,True,6.0,1489.0,5704.0,116.297227,39.941976,116.276287,39.936506
deepseek_v4,deepseek_v4_w000755,6000000000000007002,49,Dinner-Peak Core,2020-02-15T17:30:00+08:00,2020-02-15T18:31:00+08:00,2020-02-15T17:54:32+08:00,True,6.0,1472.0,5631.0,116.293272,39.933825,116.283267,39.941706
deepseek_v4,deepseek_v4_w000798,6000000000000006822,49,Dinner-Peak Core,2020-02-15T17:33:58+08:00,2020-02-15T18:37:07+08:00,2020-02-15T18:30:22+08:00,True,6.0,1822.0,7091.0,116.299687,39.932746,116.333027,39.926666
deepseek_v4,deepseek_v4_w000861,6000000000000007856,49,Dinner-Peak Core,2020-02-15T18:33:20+08:00,2020-02-15T19:04:20+08:00,2020-02-15T19:14:56+08:00,False,3.0,1496.0,5234.0,116.347776,39.922938,116.350547,39.928066
deepseek_v4,deepseek_v4_w000861,6000000000000007768,49,Dinner-Peak Core,2020-02-15T18:37:19+08:00,2020-02-15T19:11:19+08:00,2020-02-15T19:14:56+08:00,False,6.0,1496.0,5234.0,116.347776,39.922938,116.332277,39.924556
deepseek_v4,deepseek_v4_w000906,6000000000000008394,49,Dinner-Peak Core,2020-02-15T19:24:37+08:00,2020-02-15T19:57:37+08:00,2020-02-15T19:50:42+08:00,True,3.0,1242.0,4179.0,116.335218,39.920237,116.341877,39.921536
deepseek_v4,deepseek_v4_w000906,6000000000000008974,49,Dinner-Peak Core,2020-02-15T19:36:47+08:00,2020-02-15T20:10:47+08:00,2020-02-15T19:50:42+08:00,True,3.0,1242.0,4179.0,116.334979,39.920349,116.335217,39.920236
deepseek_v4,deepseek_v4_w000945,6000000000000008597,49,Dinner-Peak Core,2020-02-15T19:42:51+08:00,2020-02-15T20:15:51+08:00,2020-02-15T20:16:24+08:00,False,6.0,984.0,3600.0,116.34864,39.922954,116.335207,39.928966
deepseek_v4,deepseek_v4_w000080,6000000000000000191,50,Dinner-Peak Core,2020-02-15T09:18:10+08:00,2020-02-15T10:07:10+08:00,2020-02-15T09:43:30+08:00,True,3.0,810.0,2878.0,116.481895,39.913428,116.483057,39.912456
deepseek_v4,deepseek_v4_w000116,6000000000000000678,50,Dinner-Peak Core,2020-02-15T09:54:26+08:00,2020-02-15T10:24:27+08:00,2020-02-15T09:58:57+08:00,True,3.0,537.0,1736.0,116.471426,39.910719,116.469717,39.908576
deepseek_v4,deepseek_v4_w000123,6000000000000000807,50,Dinner-Peak Core,2020-02-15T09:47:55+08:00,2020-02-15T10:34:55+08:00,2020-02-15T10:09:08+08:00,True,3.0,548.0,1784.0,116.469762,39.908475,116.463117,39.914556
deepseek_v4,deepseek_v4_w000138,6000000000000000697,50,Dinner-Peak Core,2020-02-15T10:18:47+08:00,2020-02-15T10:48:47+08:00,2020-02-15T10:18:39+08:00,True,3.0,519.0,1665.0,116.46676,39.911872,116.463687,39.909906
deepseek_v4,deepseek_v4_w000155,6000000000000000743,50,Dinner-Peak Core,2020-02-15T09:55:56+08:00,2020-02-15T10:25:56+08:00,2020-02-15T10:43:00+08:00,False,3.0,1380.0,4753.0,116.46676,39.911872,116.468607,39.905586
deepseek_v4,deepseek_v4_w000155,6000000000000001264,50,Dinner-Peak Core,2020-02-15T10:22:15+08:00,2020-02-15T10:52:15+08:00,2020-02-15T10:43:00+08:00,True,3.0,1380.0,4753.0,116.46676,39.911872,116.464387,39.913436
deepseek_v4,deepseek_v4_w000209,6000000000000001366,50,Dinner-Peak Core,2020-02-15T10:31:09+08:00,2020-02-15T11:15:09+08:00,2020-02-15T11:06:35+08:00,True,6.0,995.0,3646.0,116.472437,39.922206,116.464877,39.930696
deepseek_v4,deepseek_v4_w000243,6000000000000001849,50,Dinner-Peak Core,2020-02-15T11:06:36+08:00,2020-02-15T11:46:36+08:00,2020-02-15T11:18:14+08:00,True,3.0,494.0,1556.0,116.467901,39.925326,116.467777,39.924806
deepseek_v4,deepseek_v4_w000257,6000000000000001225,50,Dinner-Peak Core,2020-02-15T10:51:38+08:00,2020-02-15T11:51:38+08:00,2020-02-15T11:40:13+08:00,True,6.0,1213.0,4551.0,116.472437,39.922206,116.464197,39.947046
deepseek_v4,deepseek_v4_w000316,6000000000000002333,50,Dinner-Peak Core,2020-02-15T11:21:58+08:00,2020-02-15T12:08:58+08:00,2020-02-15T12:08:43+08:00,True,6.0,1123.0,4180.0,116.456003,39.957218,116.439327,39.948276
deepseek_v4,deepseek_v4_w000341,6000000000000002018,50,Dinner-Peak Core,2020-02-15T11:43:35+08:00,2020-02-15T12:30:35+08:00,2020-02-15T12:24:16+08:00,True,6.0,856.0,3068.0,116.434774,39.953412,116.449097,39.964976
deepseek_v4,deepseek_v4_w000380,6000000000000003587,50,Dinner-Peak Core,2020-02-15T12:20:10+08:00,2020-02-15T13:10:10+08:00,2020-02-15T12:48:13+08:00,True,6.0,1093.0,4055.0,116.45690700000002,39.960136,116.440027,39.955146
deepseek_v4,deepseek_v4_w000411,6000000000000003397,50,Dinner-Peak Core,2020-02-15T12:44:09+08:00,2020-02-15T13:23:09+08:00,2020-02-15T13:03:33+08:00,True,6.0,813.0,2884.0,116.433654,39.961238,116.425167,39.954226
deepseek_v4,deepseek_v4_w000436,6000000000000003906,50,Dinner-Peak Core,2020-02-15T13:12:16+08:00,2020-02-15T13:47:16+08:00,2020-02-15T13:15:14+08:00,True,3.0,314.0,806.0,116.430049,39.955605,116.430547,39.954566
deepseek_v4,deepseek_v4_w000455,6000000000000003711,50,Dinner-Peak Core,2020-02-15T12:53:34+08:00,2020-02-15T13:37:34+08:00,2020-02-15T13:35:28+08:00,True,6.0,928.0,3367.0,116.435178,39.955209,116.439877,39.946456
deepseek_v4,deepseek_v4_w000488,6000000000000004102,50,Dinner-Peak Core,2020-02-15T13:10:04+08:00,2020-02-15T13:51:04+08:00,2020-02-15T13:59:52+08:00,False,6.0,1192.0,4465.0,116.430049,39.955605,116.421227,39.941196
deepseek_v4,deepseek_v4_w000506,6000000000000004522,50,Dinner-Peak Core,2020-02-15T13:41:46+08:00,2020-02-15T14:20:46+08:00,2020-02-15T14:19:58+08:00,True,6.0,1198.0,4489.0,116.417779,39.932541,116.393507,39.939006
deepseek_v4,deepseek_v4_w000535,6000000000000004811,50,Dinner-Peak Core,2020-02-15T14:26:21+08:00,2020-02-15T15:05:21+08:00,2020-02-15T14:37:45+08:00,True,6.0,1065.0,3939.0,116.411268,39.947688,116.408257,39.937336
deepseek_v4,deepseek_v4_w000548,6000000000000004998,50,Dinner-Peak Core,2020-02-15T14:35:02+08:00,2020-02-15T15:17:02+08:00,2020-02-15T15:02:43+08:00,True,6.0,1363.0,5179.0,116.407267,39.936115,116.382117,39.924776
deepseek_v4,deepseek_v4_w000593,6000000000000005193,50,Dinner-Peak Core,2020-02-15T15:07:21+08:00,2020-02-15T15:58:21+08:00,2020-02-15T15:30:25+08:00,True,6.0,1225.0,4604.0,116.370202,39.911403,116.351187,39.911816
deepseek_v4,deepseek_v4_w000616,6000000000000005529,50,Dinner-Peak Core,2020-02-15T15:23:13+08:00,2020-02-15T16:03:13+08:00,2020-02-15T15:54:56+08:00,True,6.0,896.0,3234.0,116.351706,39.914653,116.362457,39.902206
deepseek_v4,deepseek_v4_w000637,6000000000000005655,50,Dinner-Peak Core,2020-02-15T15:45:08+08:00,2020-02-15T16:31:08+08:00,2020-02-15T16:22:31+08:00,True,10.0,1351.0,5128.0,116.368573,39.901199,116.331037,39.913266
deepseek_v4,deepseek_v4_w000675,6000000000000005897,50,Dinner-Peak Core,2020-02-15T16:24:39+08:00,2020-02-15T16:59:39+08:00,2020-02-15T16:48:08+08:00,True,6.0,1088.0,4035.0,116.351018,39.916312,116.339257,39.915926
deepseek_v4,deepseek_v4_w000696,6000000000000005790,50,Dinner-Peak Core,2020-02-15T16:30:47+08:00,2020-02-15T17:18:47+08:00,2020-02-15T17:06:34+08:00,True,6.0,994.0,3639.0,116.349294,39.918768,116.346167,39.902756
deepseek_v4,deepseek_v4_w000720,6000000000000006214,50,Dinner-Peak Core,2020-02-15T16:42:14+08:00,2020-02-15T17:40:14+08:00,2020-02-15T17:22:19+08:00,True,6.0,739.0,2577.0,116.353757,39.904099,116.349587,39.891366
deepseek_v4,deepseek_v4_w000761,6000000000000007243,50,Dinner-Peak Core,2020-02-15T17:42:46+08:00,2020-02-15T18:12:46+08:00,2020-02-15T17:52:31+08:00,True,6.0,751.0,2626.0,116.349201,39.896337,116.361407,39.902906
deepseek_v4,deepseek_v4_w000790,6000000000000006947,50,Dinner-Peak Core,2020-02-15T17:30:25+08:00,2020-02-15T18:21:25+08:00,2020-02-15T18:19:39+08:00,True,6.0,1179.0,4412.0,116.354626,39.898649,116.345967,39.918296
deepseek_v4,deepseek_v4_w000828,6000000000000007519,50,Dinner-Peak Core,2020-02-15T18:12:32+08:00,2020-02-15T18:53:32+08:00,2020-02-15T18:40:18+08:00,True,6.0,618.0,2075.0,116.349294,39.918768,116.342707,39.927756
deepseek_v4,deepseek_v4_w000862,6000000000000008162,50,Dinner-Peak Core,2020-02-15T18:23:59+08:00,2020-02-15T18:56:59+08:00,2020-02-15T19:11:43+08:00,False,6.0,1303.0,4930.0,116.363569,39.933856,116.356907,39.922796
deepseek_v4,deepseek_v4_w000892,6000000000000008562,50,Dinner-Peak Core,2020-02-15T19:06:03+08:00,2020-02-15T19:42:03+08:00,2020-02-15T19:34:43+08:00,True,6.0,883.0,3178.0,116.36377,39.9238,116.368437,39.908046
deepseek_v4,deepseek_v4_w000920,6000000000000008771,50,Dinner-Peak Core,2020-02-15T19:21:31+08:00,2020-02-15T19:54:31+08:00,2020-02-15T19:48:11+08:00,True,3.0,491.0,1544.0,116.370202,39.911403,116.368567,39.909636
deepseek_v4,deepseek_v4_w000937,6000000000000007974,50,Dinner-Peak Core,2020-02-15T19:25:32+08:00,2020-02-15T20:10:32+08:00,2020-02-15T20:06:46+08:00,True,6.0,1006.0,3694.0,116.353757,39.904099,116.341357,39.898426
deepseek_v4,deepseek_v4_w000002,6000000000000000154,51,Dinner-Peak Core,2020-02-15T08:09:23+08:00,2020-02-15T08:42:23+08:00,2020-02-15T08:10:49+08:00,True,3.0,649.0,2205.0,116.362749,39.937453,116.355197,39.937626
deepseek_v4,deepseek_v4_w000011,6000000000000000209,51,Dinner-Peak Core,2020-02-15T08:29:23+08:00,2020-02-15T09:06:23+08:00,2020-02-15T08:33:15+08:00,True,3.0,795.0,2812.0,116.362749,39.937453,116.360367,39.932556
deepseek_v4,deepseek_v4_w000031,6000000000000000375,51,Dinner-Peak Core,2020-02-15T08:16:06+08:00,2020-02-15T09:03:06+08:00,2020-02-15T08:59:06+08:00,True,6.0,1146.0,4275.0,116.363931,39.919349,116.369797,39.936586
deepseek_v4,deepseek_v4_w000042,6000000000000000392,51,Dinner-Peak Core,2020-02-15T08:52:55+08:00,2020-02-15T09:36:55+08:00,2020-02-15T09:16:20+08:00,True,6.0,980.0,3585.0,116.362648,39.942124,116.379957,39.950756
deepseek_v4,deepseek_v4_w000073,6000000000000000319,51,Dinner-Peak Core,2020-02-15T09:22:51+08:00,2020-02-15T10:03:51+08:00,2020-02-15T09:39:14+08:00,True,6.0,1154.0,4305.0,116.361078,39.943279,116.344117,39.946716
deepseek_v4,deepseek_v4_w000102,6000000000000000188,51,Dinner-Peak Core,2020-02-15T09:11:02+08:00,2020-02-15T10:45:00+08:00,2020-02-15T09:54:47+08:00,True,3.0,887.0,3193.0,116.324945,39.951397,116.322857,39.957336
deepseek_v4,deepseek_v4_w000134,6000000000000000740,51,Dinner-Peak Core,2020-02-15T09:53:10+08:00,2020-02-15T10:41:10+08:00,2020-02-15T10:28:18+08:00,True,6.0,1698.0,6576.0,116.308492,39.971103,116.290687,39.962386
deepseek_v4,deepseek_v4_w000177,6000000000000000680,51,Dinner-Peak Core,2020-02-15T10:03:16+08:00,2020-02-15T11:00:00+08:00,2020-02-15T10:52:16+08:00,True,6.0,1336.0,5067.0,116.285368,39.971993,116.301217,39.974576
deepseek_v4,deepseek_v4_w000227,6000000000000000916,51,Dinner-Peak Core,2020-02-15T10:36:45+08:00,2020-02-15T11:18:45+08:00,2020-02-15T11:08:53+08:00,True,3.0,533.0,1722.0,116.291996,39.977883,116.29371700000002,39.980076
deepseek_v4,deepseek_v4_w000255,6000000000000001828,51,Dinner-Peak Core,2020-02-15T10:57:27+08:00,2020-02-15T11:47:27+08:00,2020-02-15T11:37:05+08:00,True,6.0,1025.0,3768.0,116.291996,39.977883,116.306277,39.989256
deepseek_v4,deepseek_v4_w000301,6000000000000001973,51,Dinner-Peak Core,2020-02-15T11:26:44+08:00,2020-02-15T11:58:44+08:00,2020-02-15T11:53:26+08:00,True,3.0,806.0,2861.0,116.305155,39.977331,116.301797,39.978556
deepseek_v4,deepseek_v4_w000319,6000000000000002297,51,Dinner-Peak Core,2020-02-15T11:35:38+08:00,2020-02-15T12:10:38+08:00,2020-02-15T12:21:11+08:00,False,3.0,1271.0,4297.0,116.305155,39.977331,116.301957,39.978486
deepseek_v4,deepseek_v4_w000319,6000000000000002610,51,Dinner-Peak Core,2020-02-15T11:35:35+08:00,2020-02-15T12:13:35+08:00,2020-02-15T12:21:11+08:00,False,3.0,1271.0,4297.0,116.304818,39.977083,116.298117,39.977676
deepseek_v4,deepseek_v4_w000378,6000000000000003113,51,Dinner-Peak Core,2020-02-15T12:01:03+08:00,2020-02-15T12:35:03+08:00,2020-02-15T12:48:40+08:00,False,3.0,1120.0,3668.0,116.30529500000002,39.977336,116.298067,39.972166
deepseek_v4,deepseek_v4_w000378,6000000000000002865,51,Dinner-Peak Core,2020-02-15T12:05:59+08:00,2020-02-15T12:41:59+08:00,2020-02-15T12:48:40+08:00,False,6.0,1120.0,3668.0,116.305288,39.97734,116.295807,39.971986
deepseek_v4,deepseek_v4_w000410,6000000000000003292,51,Dinner-Peak Core,2020-02-15T12:30:10+08:00,2020-02-15T13:04:10+08:00,2020-02-15T13:03:56+08:00,True,6.0,836.0,2981.0,116.298287,39.965893,116.292297,39.974356
deepseek_v4,deepseek_v4_w000442,6000000000000003781,51,Dinner-Peak Core,2020-02-15T12:50:48+08:00,2020-02-15T13:41:53+08:00,2020-02-15T13:27:33+08:00,True,6.0,1053.0,3888.0,116.304887,39.978226,116.311697,39.986776
deepseek_v4,deepseek_v4_w000467,6000000000000003519,51,Dinner-Peak Core,2020-02-15T13:00:16+08:00,2020-02-15T13:45:16+08:00,2020-02-15T14:06:52+08:00,False,6.0,2212.0,8217.0,116.306013,39.979495,116.297017,39.963886
deepseek_v4,deepseek_v4_w000467,6000000000000003659,51,Dinner-Peak Core,2020-02-15T13:02:42+08:00,2020-02-15T13:49:45+08:00,2020-02-15T14:06:52+08:00,False,3.0,2212.0,8217.0,116.304717,39.978836,116.308337,39.986166
deepseek_v4,deepseek_v4_w000523,6000000000000004956,51,Dinner-Peak Core,2020-02-15T14:03:07+08:00,2020-02-15T14:40:07+08:00,2020-02-15T14:25:46+08:00,True,6.0,946.0,3440.0,116.324257,39.981,116.326347,39.991576
deepseek_v4,deepseek_v4_w000537,6000000000000004746,51,Dinner-Peak Core,2020-02-15T14:13:01+08:00,2020-02-15T15:13:02+08:00,2020-02-15T14:40:02+08:00,True,6.0,602.0,2007.0,116.329356,39.991454,116.340197,40.000756
deepseek_v4,deepseek_v4_w000575,6000000000000005559,51,Dinner-Peak Core,2020-02-15T15:03:38+08:00,2020-02-15T15:45:38+08:00,2020-02-15T15:09:42+08:00,True,3.0,582.0,1922.0,116.338389,40.006062,116.339687,40.000116
deepseek_v4,deepseek_v4_w000583,6000000000000005421,51,Dinner-Peak Core,2020-02-15T15:12:14+08:00,2020-02-15T15:49:14+08:00,2020-02-15T15:22:27+08:00,True,6.0,747.0,2613.0,116.342057,40.000316,116.341747,40.010386
deepseek_v4,deepseek_v4_w000633,6000000000000005600,51,Dinner-Peak Core,2020-02-15T15:50:01+08:00,2020-02-15T16:45:00+08:00,2020-02-15T16:14:27+08:00,True,6.0,1467.0,5615.0,116.359147,40.002863,116.369777,39.992756
deepseek_v4,deepseek_v4_w000671,6000000000000005991,51,Dinner-Peak Core,2020-02-15T16:08:51+08:00,2020-02-15T16:38:51+08:00,2020-02-15T16:40:32+08:00,False,3.0,632.0,2132.0,116.364137,40.001036,116.367297,40.000416
deepseek_v4,deepseek_v4_w000694,6000000000000006256,51,Dinner-Peak Core,2020-02-15T16:22:40+08:00,2020-02-15T17:14:40+08:00,2020-02-15T17:03:42+08:00,True,3.0,822.0,2924.0,116.371476,40.00766,116.365017,40.004746
deepseek_v4,deepseek_v4_w000728,6000000000000006771,51,Dinner-Peak Core,2020-02-15T16:47:41+08:00,2020-02-15T17:28:41+08:00,2020-02-15T17:47:57+08:00,False,6.0,2277.0,8488.0,116.383701,39.999083,116.402437,39.995696
deepseek_v4,deepseek_v4_w000728,6000000000000006600,51,Dinner-Peak Core,2020-02-15T17:07:06+08:00,2020-02-15T17:43:06+08:00,2020-02-15T17:47:57+08:00,False,6.0,2277.0,8488.0,116.383701,39.999083,116.376517,40.008976
deepseek_v4,deepseek_v4_w000833,6000000000000007729,51,Dinner-Peak Core,2020-02-15T18:04:49+08:00,2020-02-15T19:01:49+08:00,2020-02-15T19:00:54+08:00,True,10.0,1854.0,7225.0,116.386252,39.99971,116.354177,40.014686
deepseek_v4,deepseek_v4_w000884,6000000000000008470,51,Dinner-Peak Core,2020-02-15T19:03:12+08:00,2020-02-15T19:34:12+08:00,2020-02-15T19:21:49+08:00,True,3.0,709.0,2455.0,116.343005,40.011263,116.341167,40.013946
deepseek_v4,deepseek_v4_w000902,6000000000000007952,51,Dinner-Peak Core,2020-02-15T19:03:47+08:00,2020-02-15T19:47:47+08:00,2020-02-15T19:43:53+08:00,True,6.0,833.0,2971.0,116.342767,40.013869,116.351727,40.000836
deepseek_v4,deepseek_v4_w000221,6000000000000001471,52,Dinner-Peak Core,2020-02-15T11:09:04+08:00,2020-02-15T11:47:04+08:00,2020-02-15T11:07:49+08:00,True,3.0,469.0,1453.0,116.544248,40.009268,116.541927,40.008906
deepseek_v4,deepseek_v4_w000238,6000000000000001778,52,Dinner-Peak Core,2020-02-15T11:18:50+08:00,2020-02-15T12:08:50+08:00,2020-02-15T11:20:24+08:00,True,6.0,624.0,2101.0,116.544248,40.009268,116.531467,40.008516
deepseek_v4,deepseek_v4_w000281,6000000000000002185,52,Dinner-Peak Core,2020-02-15T11:24:16+08:00,2020-02-15T12:05:16+08:00,2020-02-15T11:41:38+08:00,True,3.0,698.0,2410.0,116.544248,40.009268,116.544047,40.008856
deepseek_v4,deepseek_v4_w000885,6000000000000008302,52,Dinner-Peak Core,2020-02-15T19:10:32+08:00,2020-02-15T19:50:32+08:00,2020-02-15T19:18:42+08:00,True,3.0,522.0,1673.0,116.558981,40.009662,116.560737,40.010756
deepseek_v4,deepseek_v4_w000891,6000000000000007801,52,Dinner-Peak Core,2020-02-15T18:57:36+08:00,2020-02-15T19:41:36+08:00,2020-02-15T19:28:19+08:00,True,3.0,499.0,1580.0,116.558981,40.009662,116.561487,40.006826
deepseek_v4,deepseek_v4_w000903,6000000000000008848,52,Dinner-Peak Core,2020-02-15T19:32:54+08:00,2020-02-15T20:11:54+08:00,2020-02-15T19:42:01+08:00,True,3.0,721.0,2501.0,116.558981,40.009662,116.564987,40.005176
deepseek_v4,deepseek_v4_w000236,6000000000000002035,53,Dinner-Peak Core,2020-02-15T11:09:01+08:00,2020-02-15T11:43:01+08:00,2020-02-15T11:16:56+08:00,True,6.0,1016.0,3733.0,116.321348,39.752737,116.307537,39.751546
deepseek_v4,deepseek_v4_w000266,6000000000000002039,53,Dinner-Peak Core,2020-02-15T11:10:18+08:00,2020-02-15T11:53:18+08:00,2020-02-15T11:45:36+08:00,True,6.0,1536.0,5900.0,116.32138,39.753189,116.299917,39.754406
deepseek_v4,deepseek_v4_w000325,6000000000000002496,53,Dinner-Peak Core,2020-02-15T11:55:27+08:00,2020-02-15T12:29:27+08:00,2020-02-15T12:27:01+08:00,True,3.0,1621.0,5754.0,116.307587,39.758156,116.303007,39.762106
deepseek_v4,deepseek_v4_w000325,6000000000000002575,53,Dinner-Peak Core,2020-02-15T12:05:55+08:00,2020-02-15T12:37:55+08:00,2020-02-15T12:27:01+08:00,True,3.0,1621.0,5754.0,116.307587,39.758156,116.302347,39.762486
deepseek_v4,deepseek_v4_w000449,6000000000000003930,53,Dinner-Peak Core,2020-02-15T13:11:45+08:00,2020-02-15T13:41:45+08:00,2020-02-15T13:29:56+08:00,True,6.0,1196.0,4485.0,116.323829,39.762961,116.308777,39.760676
deepseek_v4,deepseek_v4_w000521,6000000000000004751,53,Dinner-Peak Core,2020-02-15T14:15:32+08:00,2020-02-15T15:11:32+08:00,2020-02-15T14:31:30+08:00,True,6.0,1290.0,4875.0,116.323813,39.762869,116.328227,39.783616
deepseek_v4,deepseek_v4_w000556,6000000000000005089,53,Dinner-Peak Core,2020-02-15T14:10:39+08:00,2020-02-15T14:48:39+08:00,2020-02-15T14:58:46+08:00,False,6.0,1126.0,4189.0,116.320134,39.77414,116.320227,39.785966
deepseek_v4,deepseek_v4_w000579,6000000000000005062,53,Dinner-Peak Core,2020-02-15T14:39:33+08:00,2020-02-15T15:28:33+08:00,2020-02-15T15:28:00+08:00,True,6.0,1680.0,6498.0,116.324937,39.774351,116.309237,39.774836
deepseek_v4,deepseek_v4_w000634,6000000000000005487,53,Dinner-Peak Core,2020-02-15T15:53:14+08:00,2020-02-15T16:51:14+08:00,2020-02-15T16:15:04+08:00,True,6.0,1504.0,5765.0,116.323591,39.762882,116.326197,39.774056
deepseek_v4,deepseek_v4_w000656,6000000000000006037,53,Dinner-Peak Core,2020-02-15T15:58:51+08:00,2020-02-15T16:35:51+08:00,2020-02-15T16:29:30+08:00,True,3.0,570.0,1873.0,116.317186,39.771352,116.315267,39.770656
deepseek_v4,deepseek_v4_w000665,6000000000000006123,53,Dinner-Peak Core,2020-02-15T16:09:53+08:00,2020-02-15T16:43:53+08:00,2020-02-15T16:42:44+08:00,True,3.0,764.0,2682.0,116.320134,39.77414,116.313127,39.771186
deepseek_v4,deepseek_v4_w000690,6000000000000006108,53,Dinner-Peak Core,2020-02-15T16:40:31+08:00,2020-02-15T17:20:31+08:00,2020-02-15T17:07:55+08:00,True,6.0,1075.0,3977.0,116.317643,39.775667,116.333217,39.773596
deepseek_v4,deepseek_v4_w000726,6000000000000006723,53,Dinner-Peak Core,2020-02-15T17:06:25+08:00,2020-02-15T18:01:25+08:00,2020-02-15T17:30:37+08:00,True,6.0,1237.0,4651.0,116.321064,39.762011,116.326047,39.746876
deepseek_v4,deepseek_v4_w000771,6000000000000006878,53,Dinner-Peak Core,2020-02-15T17:16:47+08:00,2020-02-15T18:21:47+08:00,2020-02-15T18:01:31+08:00,True,6.0,1291.0,4877.0,116.321064,39.762011,116.325017,39.743306
deepseek_v4,deepseek_v4_w000812,6000000000000007107,53,Dinner-Peak Core,2020-02-15T17:43:35+08:00,2020-02-15T18:46:35+08:00,2020-02-15T18:33:46+08:00,True,6.0,1426.0,5443.0,116.337301,39.730917,116.345347,39.715596
deepseek_v4,deepseek_v4_w000918,6000000000000008845,53,Dinner-Peak Core,2020-02-15T19:29:37+08:00,2020-02-15T20:14:37+08:00,2020-02-15T19:50:03+08:00,True,3.0,1203.0,4513.0,116.333443,39.730735,116.323027,39.727926
deepseek_v4,deepseek_v4_w000940,6000000000000008588,53,Dinner-Peak Core,2020-02-15T19:35:29+08:00,2020-02-15T20:19:29+08:00,2020-02-15T20:14:00+08:00,True,6.0,840.0,3000.0,116.321947,39.729762,116.333367,39.737896
deepseek_v4,deepseek_v4_w000009,6000000000000000338,54,Dinner-Peak Core,2020-02-15T08:14:06+08:00,2020-02-15T09:15:06+08:00,2020-02-15T08:35:38+08:00,True,10.0,1538.0,5908.0,116.148157,39.722357,116.181997,39.713326
deepseek_v4,deepseek_v4_w000034,6000000000000000440,54,Dinner-Peak Core,2020-02-15T08:40:23+08:00,2020-02-15T10:30:00+08:00,2020-02-15T09:19:01+08:00,True,10.0,1741.0,6752.0,116.170908,39.72138,116.136637,39.728656
deepseek_v4,deepseek_v4_w000078,6000000000000000415,54,Dinner-Peak Core,2020-02-15T09:17:25+08:00,2020-02-15T10:30:00+08:00,2020-02-15T09:36:52+08:00,True,3.0,412.0,1214.0,116.132985,39.730869,116.134887,39.732826
deepseek_v4,deepseek_v4_w000094,6000000000000000599,54,Dinner-Peak Core,2020-02-15T09:34:36+08:00,2020-02-15T12:04:36+08:00,2020-02-15T09:47:48+08:00,True,3.0,468.0,1450.0,116.129108,39.734254,116.134297,39.735606
deepseek_v4,deepseek_v4_w000114,6000000000000000463,54,Dinner-Peak Core,2020-02-15T09:38:39+08:00,2020-02-15T10:34:39+08:00,2020-02-15T10:12:25+08:00,True,6.0,1345.0,5105.0,116.126422,39.732806,116.138907,39.719296
deepseek_v4,deepseek_v4_w000183,6000000000000001105,54,Dinner-Peak Core,2020-02-15T10:15:01+08:00,2020-02-15T11:08:01+08:00,2020-02-15T10:55:08+08:00,True,6.0,1508.0,5786.0,116.125583,39.729588,116.108537,39.725766
deepseek_v4,deepseek_v4_w000222,6000000000000001623,54,Dinner-Peak Core,2020-02-15T10:55:49+08:00,2020-02-15T11:41:49+08:00,2020-02-15T11:20:29+08:00,True,6.0,1229.0,4620.0,116.114984,39.72985,116.132487,39.741176
deepseek_v4,deepseek_v4_w000279,6000000000000001737,54,Dinner-Peak Core,2020-02-15T11:08:59+08:00,2020-02-15T11:57:59+08:00,2020-02-15T11:49:04+08:00,True,6.0,1144.0,4264.0,116.127767,39.733831,116.137677,39.753086
deepseek_v4,deepseek_v4_w000314,6000000000000003081,54,Dinner-Peak Core,2020-02-15T11:49:06+08:00,2020-02-15T12:47:06+08:00,2020-02-15T12:00:49+08:00,True,3.0,649.0,2207.0,116.130695,39.744671,116.137527,39.750536
deepseek_v4,deepseek_v4_w000383,6000000000000002688,54,Dinner-Peak Core,2020-02-15T12:35:07+08:00,2020-02-15T13:16:07+08:00,2020-02-15T13:11:08+08:00,True,6.0,2468.0,9780.0,116.153437,39.754576,116.155557,39.768426
deepseek_v4,deepseek_v4_w000470,6000000000000004487,54,Dinner-Peak Core,2020-02-15T13:14:58+08:00,2020-02-15T14:11:58+08:00,2020-02-15T14:04:42+08:00,True,6.0,2082.0,8172.0,116.151285,39.755014,116.174817,39.761576
deepseek_v4,deepseek_v4_w000536,6000000000000004870,54,Dinner-Peak Core,2020-02-15T14:34:22+08:00,2020-02-15T15:30:23+08:00,2020-02-15T14:43:30+08:00,True,6.0,810.0,2876.0,116.174402,39.763161,116.175547,39.772876
deepseek_v4,deepseek_v4_w000304,6000000000000002010,55,Dinner-Peak Core,2020-02-15T11:40:33+08:00,2020-02-15T12:24:33+08:00,2020-02-15T12:00:35+08:00,True,6.0,1235.0,4645.0,116.48506700000002,39.783646,116.490947,39.791436
deepseek_v4,deepseek_v4_w000345,6000000000000002871,55,Dinner-Peak Core,2020-02-15T12:07:42+08:00,2020-02-15T13:14:42+08:00,2020-02-15T12:30:30+08:00,True,6.0,1230.0,4622.0,116.501853,39.790929,116.531337,39.800586
deepseek_v4,deepseek_v4_w000431,6000000000000004009,55,Dinner-Peak Core,2020-02-15T13:08:32+08:00,2020-02-15T13:51:32+08:00,2020-02-15T13:26:36+08:00,True,6.0,1596.0,5649.0,116.553667,39.796376,116.570277,39.797196
deepseek_v4,deepseek_v4_w000431,6000000000000004089,55,Dinner-Peak Core,2020-02-15T13:06:04+08:00,2020-02-15T13:53:04+08:00,2020-02-15T13:26:36+08:00,True,6.0,1596.0,5649.0,116.553667,39.796376,116.572167,39.798446
deepseek_v4,deepseek_v4_w000762,6000000000000007420,55,Dinner-Peak Core,2020-02-15T17:44:35+08:00,2020-02-15T18:47:36+08:00,2020-02-15T17:54:08+08:00,True,6.0,848.0,3032.0,116.564779,39.801614,116.574717,39.792866
deepseek_v4,deepseek_v4_w000795,6000000000000007103,55,Dinner-Peak Core,2020-02-15T17:41:31+08:00,2020-02-15T18:46:32+08:00,2020-02-15T18:50:36+08:00,False,6.0,3036.0,11651.0,116.564779,39.801614,116.580997,39.785076
deepseek_v4,deepseek_v4_w000795,6000000000000007662,55,Dinner-Peak Core,2020-02-15T17:52:16+08:00,2020-02-15T19:06:17+08:00,2020-02-15T18:50:36+08:00,True,10.0,3036.0,11651.0,116.564779,39.801614,116.545347,39.827026
deepseek_v4,deepseek_v4_w000126,6000000000000000875,56,Dinner-Peak Core,2020-02-15T10:05:19+08:00,2020-02-15T11:01:19+08:00,2020-02-15T10:24:42+08:00,True,10.0,1482.0,5676.0,115.967939,40.459067,115.948907,40.429596
deepseek_v4,deepseek_v4_w000026,6000000000000000298,57,Dinner-Peak Core,2020-02-15T08:46:20+08:00,2020-02-15T09:33:20+08:00,2020-02-15T08:52:18+08:00,True,6.0,738.0,2571.0,116.415582,39.903099,116.400797,39.899546
deepseek_v4,deepseek_v4_w000044,6000000000000000446,57,Dinner-Peak Core,2020-02-15T08:59:56+08:00,2020-02-15T09:47:56+08:00,2020-02-15T09:15:46+08:00,True,6.0,946.0,3445.0,116.415582,39.903099,116.407277,39.910646
deepseek_v4,deepseek_v4_w000060,6000000000000000566,57,Dinner-Peak Core,2020-02-15T09:06:51+08:00,2020-02-15T09:49:51+08:00,2020-02-15T09:24:27+08:00,True,3.0,267.0,612.0,116.408137,39.911666,116.408407,39.910656
deepseek_v4,deepseek_v4_w000083,6000000000000000400,57,Dinner-Peak Core,2020-02-15T09:16:36+08:00,2020-02-15T10:06:36+08:00,2020-02-15T09:46:00+08:00,True,6.0,960.0,3497.0,116.415582,39.903099,116.404557,39.908466
deepseek_v4,deepseek_v4_w000118,6000000000000000263,57,Dinner-Peak Core,2020-02-15T09:23:52+08:00,2020-02-15T10:18:52+08:00,2020-02-15T10:08:10+08:00,True,6.0,1090.0,4043.0,116.419637,39.911836,116.420717,39.924046
deepseek_v4,deepseek_v4_w000143,6000000000000000498,57,Dinner-Peak Core,2020-02-15T10:11:21+08:00,2020-02-15T10:49:21+08:00,2020-02-15T10:26:31+08:00,True,3.0,991.0,3130.0,116.429947,39.924626,116.432227,39.922166
deepseek_v4,deepseek_v4_w000143,6000000000000000970,57,Dinner-Peak Core,2020-02-15T10:19:55+08:00,2020-02-15T10:58:55+08:00,2020-02-15T10:26:31+08:00,True,3.0,991.0,3130.0,116.430391,39.921703,116.428897,39.926156
deepseek_v4,deepseek_v4_w000174,6000000000000001263,57,Dinner-Peak Core,2020-02-15T10:21:00+08:00,2020-02-15T11:03:00+08:00,2020-02-15T10:45:15+08:00,True,6.0,915.0,3314.0,116.42895,39.9178,116.427777,39.927176
deepseek_v4,deepseek_v4_w000212,6000000000000001355,57,Dinner-Peak Core,2020-02-15T10:21:03+08:00,2020-02-15T11:03:03+08:00,2020-02-15T11:07:59+08:00,False,6.0,1079.0,3996.0,116.417006,39.915784,116.416857,39.929836
deepseek_v4,deepseek_v4_w000244,6000000000000001462,57,Dinner-Peak Core,2020-02-15T11:05:58+08:00,2020-02-15T11:38:58+08:00,2020-02-15T11:21:36+08:00,True,6.0,696.0,2400.0,116.426847,39.931434,116.425937,39.920656
deepseek_v4,deepseek_v4_w000277,6000000000000001565,57,Dinner-Peak Core,2020-02-15T11:03:53+08:00,2020-02-15T11:33:53+08:00,2020-02-15T11:45:41+08:00,False,6.0,941.0,3422.0,116.421817,39.926136,116.403017,39.924706
deepseek_v4,deepseek_v4_w000333,6000000000000001905,57,Dinner-Peak Core,2020-02-15T11:30:35+08:00,2020-02-15T12:16:35+08:00,2020-02-15T12:17:25+08:00,False,6.0,1045.0,3853.0,116.40213,39.912873,116.397957,39.902376
deepseek_v4,deepseek_v4_w000363,6000000000000003323,57,Dinner-Peak Core,2020-02-15T12:12:30+08:00,2020-02-15T12:57:30+08:00,2020-02-15T12:39:43+08:00,True,6.0,1183.0,4428.0,116.402108,39.908815,116.421487,39.894436
deepseek_v4,deepseek_v4_w000394,6000000000000003262,57,Dinner-Peak Core,2020-02-15T12:10:50+08:00,2020-02-15T13:01:50+08:00,2020-02-15T12:52:10+08:00,True,6.0,730.0,2543.0,116.409895,39.897304,116.421557,39.895506
deepseek_v4,deepseek_v4_w000428,6000000000000003296,57,Dinner-Peak Core,2020-02-15T12:34:32+08:00,2020-02-15T13:14:32+08:00,2020-02-15T13:16:00+08:00,False,6.0,960.0,3503.0,116.407697,39.896486,116.412947,39.910646
deepseek_v4,deepseek_v4_w000461,6000000000000003729,57,Dinner-Peak Core,2020-02-15T13:01:37+08:00,2020-02-15T13:31:37+08:00,2020-02-15T13:36:56+08:00,False,3.0,1016.0,3235.0,116.410197,39.89736,116.409497,39.897346
deepseek_v4,deepseek_v4_w000461,6000000000000004006,57,Dinner-Peak Core,2020-02-15T13:04:30+08:00,2020-02-15T13:37:30+08:00,2020-02-15T13:36:56+08:00,True,6.0,1016.0,3235.0,116.410197,39.89736,116.413687,39.887076
deepseek_v4,deepseek_v4_w000480,6000000000000004496,57,Dinner-Peak Core,2020-02-15T13:19:18+08:00,2020-02-15T14:03:18+08:00,2020-02-15T13:56:18+08:00,True,6.0,978.0,3577.0,116.408291,39.892777,116.387917,39.896466
deepseek_v4,deepseek_v4_w000501,6000000000000004368,57,Dinner-Peak Core,2020-02-15T13:32:14+08:00,2020-02-15T14:05:14+08:00,2020-02-15T14:19:36+08:00,False,3.0,1176.0,3901.0,116.388308,39.892694,116.381817,39.898036
deepseek_v4,deepseek_v4_w000501,6000000000000004679,57,Dinner-Peak Core,2020-02-15T13:58:38+08:00,2020-02-15T14:49:38+08:00,2020-02-15T14:19:36+08:00,True,3.0,1176.0,3901.0,116.390083,39.891142,116.381987,39.895016
deepseek_v4,deepseek_v4_w000531,6000000000000003973,57,Dinner-Peak Core,2020-02-15T13:58:05+08:00,2020-02-15T14:45:05+08:00,2020-02-15T14:47:45+08:00,False,6.0,1665.0,6437.0,116.392271,39.890146,116.416027,39.884996
deepseek_v4,deepseek_v4_w000606,6000000000000005639,57,Dinner-Peak Core,2020-02-15T15:25:07+08:00,2020-02-15T16:10:08+08:00,2020-02-15T15:43:40+08:00,True,6.0,1420.0,5418.0,116.4096,39.898808,116.421957,39.883836
deepseek_v4,deepseek_v4_w000645,6000000000000005819,57,Dinner-Peak Core,2020-02-15T15:51:05+08:00,2020-02-15T16:46:05+08:00,2020-02-15T16:24:57+08:00,True,6.0,1497.0,5739.0,116.409588,39.897243,116.386627,39.884676
deepseek_v4,deepseek_v4_w000721,6000000000000006868,57,Dinner-Peak Core,2020-02-15T17:17:27+08:00,2020-02-15T17:59:27+08:00,2020-02-15T17:31:13+08:00,True,6.0,1273.0,4805.0,116.377736,39.879389,116.397307,39.872466
deepseek_v4,deepseek_v4_w000770,6000000000000006825,57,Dinner-Peak Core,2020-02-15T17:34:58+08:00,2020-02-15T18:12:58+08:00,2020-02-15T17:55:07+08:00,True,3.0,907.0,3282.0,116.414997,39.865023,116.417847,39.869676
deepseek_v4,deepseek_v4_w000788,6000000000000007099,57,Dinner-Peak Core,2020-02-15T17:38:35+08:00,2020-02-15T18:21:35+08:00,2020-02-15T18:10:24+08:00,True,6.0,624.0,2100.0,116.412206,39.866326,116.423927,39.866636
deepseek_v4,deepseek_v4_w000816,6000000000000007056,57,Dinner-Peak Core,2020-02-15T18:07:17+08:00,2020-02-15T19:06:17+08:00,2020-02-15T18:35:50+08:00,True,6.0,950.0,3460.0,116.425387,39.864556,116.439437,39.874786
deepseek_v4,deepseek_v4_w000850,6000000000000008410,57,Dinner-Peak Core,2020-02-15T18:32:17+08:00,2020-02-15T19:40:17+08:00,2020-02-15T19:16:13+08:00,True,10.0,2173.0,8053.0,116.429496,39.861207,116.394877,39.855966
deepseek_v4,deepseek_v4_w000850,6000000000000008269,57,Dinner-Peak Core,2020-02-15T18:39:39+08:00,2020-02-15T19:42:39+08:00,2020-02-15T19:16:13+08:00,True,6.0,2173.0,8053.0,116.429496,39.861207,116.404817,39.851276
deepseek_v4,deepseek_v4_w000900,6000000000000008381,57,Dinner-Peak Core,2020-02-15T19:14:32+08:00,2020-02-15T19:57:32+08:00,2020-02-15T19:31:42+08:00,True,3.0,702.0,2428.0,116.404681,39.83964,116.413477,39.843886
deepseek_v4,deepseek_v4_w000932,6000000000000009095,57,Dinner-Peak Core,2020-02-15T19:56:44+08:00,2020-02-15T20:48:44+08:00,2020-02-15T20:03:40+08:00,True,6.0,820.0,2914.0,116.404681,39.83964,116.415467,39.850226
deepseek_v4,deepseek_v4_w000197,6000000000000001402,58,Dinner-Peak Core,2020-02-15T10:47:31+08:00,2020-02-15T11:30:00+08:00,2020-02-15T11:03:39+08:00,True,6.0,1419.0,5415.0,116.480889,39.970553,116.485387,39.954806
deepseek_v4,deepseek_v4_w000242,6000000000000001633,58,Dinner-Peak Core,2020-02-15T11:04:55+08:00,2020-02-15T11:54:55+08:00,2020-02-15T11:31:30+08:00,True,6.0,1290.0,4875.0,116.48118,39.959474,116.489917,39.974196
deepseek_v4,deepseek_v4_w000298,6000000000000002140,58,Dinner-Peak Core,2020-02-15T11:13:36+08:00,2020-02-15T11:49:36+08:00,2020-02-15T11:56:01+08:00,False,6.0,961.0,3504.0,116.479488,39.968664,116.489847,39.974436
deepseek_v4,deepseek_v4_w000320,6000000000000001907,58,Dinner-Peak Core,2020-02-15T11:33:04+08:00,2020-02-15T12:15:04+08:00,2020-02-15T12:07:33+08:00,True,3.0,453.0,1388.0,116.487721,39.976742,116.481667,39.978006
deepseek_v4,deepseek_v4_w000346,6000000000000002845,58,Dinner-Peak Core,2020-02-15T11:58:58+08:00,2020-02-15T12:28:58+08:00,2020-02-15T12:27:25+08:00,True,6.0,1045.0,3856.0,116.480582,39.969483,116.489787,39.958446
deepseek_v4,deepseek_v4_w000377,6000000000000003220,58,Dinner-Peak Core,2020-02-15T12:12:46+08:00,2020-02-15T12:50:46+08:00,2020-02-15T12:40:41+08:00,True,3.0,641.0,1671.0,116.493221,39.963001,116.493837,39.964376
deepseek_v4,deepseek_v4_w000377,6000000000000003046,58,Dinner-Peak Core,2020-02-15T12:20:55+08:00,2020-02-15T12:58:55+08:00,2020-02-15T12:40:41+08:00,True,3.0,641.0,1671.0,116.493221,39.963001,116.491467,39.965136
deepseek_v4,deepseek_v4_w000404,6000000000000003770,58,Dinner-Peak Core,2020-02-15T12:35:04+08:00,2020-02-15T13:23:04+08:00,2020-02-15T13:03:22+08:00,True,6.0,802.0,2842.0,116.49275000000002,39.962291,116.478867,39.969796
deepseek_v4,deepseek_v4_w000434,6000000000000003501,58,Dinner-Peak Core,2020-02-15T12:51:34+08:00,2020-02-15T13:22:34+08:00,2020-02-15T13:31:32+08:00,False,3.0,1292.0,4385.0,116.474748,39.974926,116.471057,39.972236
deepseek_v4,deepseek_v4_w000434,6000000000000003786,58,Dinner-Peak Core,2020-02-15T12:52:59+08:00,2020-02-15T13:22:59+08:00,2020-02-15T13:31:32+08:00,False,3.0,1292.0,4385.0,116.480582,39.969483,116.471007,39.971076
deepseek_v4,deepseek_v4_w000483,6000000000000004568,58,Dinner-Peak Core,2020-02-15T13:18:03+08:00,2020-02-15T13:53:03+08:00,2020-02-15T14:06:26+08:00,False,6.0,1586.0,6111.0,116.480647,39.970666,116.476387,39.960236
deepseek_v4,deepseek_v4_w000524,6000000000000004913,58,Dinner-Peak Core,2020-02-15T14:14:24+08:00,2020-02-15T15:09:24+08:00,2020-02-15T14:36:06+08:00,True,6.0,1566.0,6025.0,116.465271,39.948092,116.430747,39.943116
deepseek_v4,deepseek_v4_w000555,6000000000000004563,58,Dinner-Peak Core,2020-02-15T14:16:59+08:00,2020-02-15T15:04:59+08:00,2020-02-15T15:12:34+08:00,False,6.0,1954.0,7142.0,116.438931,39.940015,116.450587,39.929916
deepseek_v4,deepseek_v4_w000555,6000000000000004851,58,Dinner-Peak Core,2020-02-15T14:23:00+08:00,2020-02-15T15:10:00+08:00,2020-02-15T15:12:34+08:00,False,6.0,1954.0,7142.0,116.438931,39.940015,116.44405700000002,39.955316
deepseek_v4,deepseek_v4_w000597,6000000000000005571,58,Dinner-Peak Core,2020-02-15T15:17:54+08:00,2020-02-15T16:06:54+08:00,2020-02-15T15:33:30+08:00,True,6.0,810.0,2877.0,116.445856,39.95223,116.438607,39.964766
deepseek_v4,deepseek_v4_w000618,6000000000000005335,58,Dinner-Peak Core,2020-02-15T15:31:08+08:00,2020-02-15T16:10:08+08:00,2020-02-15T15:50:16+08:00,True,3.0,616.0,2068.0,116.437162,39.959078,116.434897,39.952976
deepseek_v4,deepseek_v4_w000636,6000000000000005857,58,Dinner-Peak Core,2020-02-15T15:36:32+08:00,2020-02-15T16:12:32+08:00,2020-02-15T16:06:57+08:00,True,3.0,417.0,1240.0,116.435299,39.954888,116.437687,39.959536
deepseek_v4,deepseek_v4_w000648,6000000000000005550,58,Dinner-Peak Core,2020-02-15T15:47:52+08:00,2020-02-15T16:25:52+08:00,2020-02-15T16:19:50+08:00,True,6.0,590.0,1962.0,116.440257,39.957399,116.436077,39.969266
deepseek_v4,deepseek_v4_w000660,6000000000000005665,58,Dinner-Peak Core,2020-02-15T15:52:28+08:00,2020-02-15T16:28:28+08:00,2020-02-15T16:32:07+08:00,False,3.0,727.0,2530.0,116.447507,39.961876,116.44714700000002,39.966106
deepseek_v4,deepseek_v4_w000685,6000000000000005994,58,Dinner-Peak Core,2020-02-15T16:10:08+08:00,2020-02-15T16:51:08+08:00,2020-02-15T17:03:36+08:00,False,6.0,1416.0,5398.0,116.428297,39.96149,116.440867,39.965256
deepseek_v4,deepseek_v4_w000719,6000000000000006707,58,Dinner-Peak Core,2020-02-15T16:58:47+08:00,2020-02-15T17:34:47+08:00,2020-02-15T17:19:32+08:00,True,3.0,572.0,1885.0,116.441683,39.967167,116.444857,39.966236
deepseek_v4,deepseek_v4_w000740,6000000000000006312,58,Dinner-Peak Core,2020-02-15T16:59:32+08:00,2020-02-15T17:42:32+08:00,2020-02-15T17:44:00+08:00,False,6.0,1440.0,5502.0,116.447595,39.954206,116.462387,39.942216
deepseek_v4,deepseek_v4_w000784,6000000000000007012,58,Dinner-Peak Core,2020-02-15T17:32:18+08:00,2020-02-15T18:11:18+08:00,2020-02-15T18:08:31+08:00,True,6.0,1111.0,4129.0,116.445074,39.949573,116.432817,39.953426
deepseek_v4,deepseek_v4_w000801,6000000000000007633,58,Dinner-Peak Core,2020-02-15T17:41:37+08:00,2020-02-15T18:24:37+08:00,2020-02-15T18:35:16+08:00,False,3.0,1516.0,5319.0,116.430185,39.960486,116.426487,39.959636
deepseek_v4,deepseek_v4_w000801,6000000000000007329,58,Dinner-Peak Core,2020-02-15T17:49:57+08:00,2020-02-15T18:24:57+08:00,2020-02-15T18:35:16+08:00,False,3.0,1516.0,5319.0,116.436007,39.955315,116.436097,39.956126
deepseek_v4,deepseek_v4_w000834,6000000000000007703,58,Dinner-Peak Core,2020-02-15T18:13:25+08:00,2020-02-15T18:47:25+08:00,2020-02-15T18:46:37+08:00,True,3.0,397.0,648.0,116.435178,39.955209,116.434667,39.955716
deepseek_v4,deepseek_v4_w000834,6000000000000007622,58,Dinner-Peak Core,2020-02-15T18:22:22+08:00,2020-02-15T19:04:22+08:00,2020-02-15T18:46:37+08:00,True,3.0,397.0,648.0,116.435299,39.954888,116.434997,39.956306
deepseek_v4,deepseek_v4_w000859,6000000000000007775,58,Dinner-Peak Core,2020-02-15T18:43:01+08:00,2020-02-15T19:23:01+08:00,2020-02-15T19:05:19+08:00,True,3.0,919.0,3331.0,116.42295,39.957621,116.421177,39.965706
deepseek_v4,deepseek_v4_w000880,6000000000000008516,58,Dinner-Peak Core,2020-02-15T18:56:19+08:00,2020-02-15T19:36:19+08:00,2020-02-15T19:16:04+08:00,True,3.0,364.0,1014.0,116.415235,39.969673,116.415247,39.969886
deepseek_v4,deepseek_v4_w000898,6000000000000007943,58,Dinner-Peak Core,2020-02-15T18:53:14+08:00,2020-02-15T19:32:14+08:00,2020-02-15T19:35:53+08:00,False,3.0,953.0,2972.0,116.407537,39.960876,116.401927,39.956896
deepseek_v4,deepseek_v4_w000898,6000000000000008280,58,Dinner-Peak Core,2020-02-15T19:00:54+08:00,2020-02-15T19:38:54+08:00,2020-02-15T19:35:53+08:00,True,3.0,953.0,2972.0,116.407537,39.960876,116.403857,39.956176
deepseek_v4,deepseek_v4_w000923,6000000000000008642,58,Dinner-Peak Core,2020-02-15T19:26:52+08:00,2020-02-15T20:06:52+08:00,2020-02-15T19:55:59+08:00,True,3.0,959.0,3495.0,116.406187,39.950046,116.400267,39.946756
deepseek_v4,deepseek_v4_w000943,6000000000000009040,58,Dinner-Peak Core,2020-02-15T19:34:30+08:00,2020-02-15T20:12:30+08:00,2020-02-15T20:19:13+08:00,False,6.0,1153.0,4304.0,116.392795,39.944068,116.416527,39.942116
deepseek_v4,deepseek_v4_w000008,6000000000000000553,59,Dinner-Peak Core,2020-02-15T08:15:37+08:00,2020-02-15T09:05:37+08:00,2020-02-15T08:28:51+08:00,True,6.0,1131.0,4211.0,116.434679,39.952347,116.428727,39.938696
deepseek_v4,deepseek_v4_w000066,6000000000000000520,59,Dinner-Peak Core,2020-02-15T09:23:03+08:00,2020-02-15T09:59:03+08:00,2020-02-15T09:33:34+08:00,True,3.0,814.0,2893.0,116.415983,39.942189,116.411487,39.935496
deepseek_v4,deepseek_v4_w000093,6000000000000000640,59,Dinner-Peak Core,2020-02-15T09:43:03+08:00,2020-02-15T10:23:03+08:00,2020-02-15T10:01:48+08:00,True,3.0,1308.0,4451.0,116.415958,39.93544,116.406027,39.938656
deepseek_v4,deepseek_v4_w000093,6000000000000000469,59,Dinner-Peak Core,2020-02-15T09:49:53+08:00,2020-02-15T10:24:53+08:00,2020-02-15T10:01:48+08:00,True,3.0,1308.0,4451.0,116.407672,39.940222,116.403347,39.937556
deepseek_v4,deepseek_v4_w000137,6000000000000000431,59,Dinner-Peak Core,2020-02-15T09:58:52+08:00,2020-02-15T10:44:52+08:00,2020-02-15T10:24:46+08:00,True,6.0,886.0,3192.0,116.399934,39.939994,116.390207,39.926596
deepseek_v4,deepseek_v4_w000172,6000000000000001039,59,Dinner-Peak Core,2020-02-15T10:20:02+08:00,2020-02-15T10:51:02+08:00,2020-02-15T10:38:03+08:00,True,3.0,483.0,1511.0,116.39351,39.923353,116.388897,39.928316
deepseek_v4,deepseek_v4_w000201,6000000000000000962,59,Dinner-Peak Core,2020-02-15T10:13:16+08:00,2020-02-15T11:04:16+08:00,2020-02-15T11:04:23+08:00,False,6.0,1463.0,5596.0,116.408073,39.933076,116.430677,39.933846
deepseek_v4,deepseek_v4_w000240,6000000000000001312,59,Dinner-Peak Core,2020-02-15T11:05:00+08:00,2020-02-15T11:38:00+08:00,2020-02-15T11:20:10+08:00,True,6.0,610.0,2043.0,116.426847,39.931434,116.425937,39.920656
deepseek_v4,deepseek_v4_w000274,6000000000000001962,59,Dinner-Peak Core,2020-02-15T11:18:02+08:00,2020-02-15T11:49:02+08:00,2020-02-15T11:39:51+08:00,True,3.0,591.0,1961.0,116.428914,39.9238,116.437437,39.923646
deepseek_v4,deepseek_v4_w000290,6000000000000001611,59,Dinner-Peak Core,2020-02-15T11:17:22+08:00,2020-02-15T11:57:22+08:00,2020-02-15T11:50:17+08:00,True,3.0,617.0,2070.0,116.439897,39.918606,116.444287,39.914426
deepseek_v4,deepseek_v4_w000322,6000000000000001819,59,Dinner-Peak Core,2020-02-15T11:35:03+08:00,2020-02-15T12:16:03+08:00,2020-02-15T12:10:40+08:00,True,3.0,640.0,2165.0,116.440007,39.918246,116.447367,39.916566
deepseek_v4,deepseek_v4_w000361,6000000000000002493,59,Dinner-Peak Core,2020-02-15T11:54:48+08:00,2020-02-15T12:28:48+08:00,2020-02-15T12:30:58+08:00,False,3.0,658.0,2243.0,116.438893,39.918679,116.446007,39.923116
deepseek_v4,deepseek_v4_w000389,6000000000000003361,59,Dinner-Peak Core,2020-02-15T12:28:11+08:00,2020-02-15T13:11:11+08:00,2020-02-15T12:56:27+08:00,True,6.0,987.0,3613.0,116.449677,39.916436,116.462837,39.921516
deepseek_v4,deepseek_v4_w000421,6000000000000003470,59,Dinner-Peak Core,2020-02-15T12:35:05+08:00,2020-02-15T13:20:05+08:00,2020-02-15T13:18:27+08:00,True,6.0,1107.0,4115.0,116.468037,39.92631,116.488747,39.932376
deepseek_v4,deepseek_v4_w000463,6000000000000003510,59,Dinner-Peak Core,2020-02-15T12:53:26+08:00,2020-02-15T13:32:26+08:00,2020-02-15T13:36:16+08:00,False,3.0,976.0,3563.0,116.467341,39.931301,116.459637,39.934236
deepseek_v4,deepseek_v4_w000476,6000000000000004493,59,Dinner-Peak Core,2020-02-15T13:17:02+08:00,2020-02-15T14:22:02+08:00,2020-02-15T14:06:06+08:00,True,3.0,1566.0,5529.0,116.456584,39.933043,116.463857,39.940026
deepseek_v4,deepseek_v4_w000476,6000000000000004435,59,Dinner-Peak Core,2020-02-15T13:32:02+08:00,2020-02-15T14:23:02+08:00,2020-02-15T14:06:06+08:00,True,3.0,1566.0,5529.0,116.45671000000002,39.930163,116.456397,39.934086
deepseek_v4,deepseek_v4_w000514,6000000000000004975,59,Dinner-Peak Core,2020-02-15T13:46:33+08:00,2020-02-15T16:15:00+08:00,2020-02-15T14:21:58+08:00,True,6.0,718.0,2492.0,116.45776,39.930611,116.473267,39.932396
deepseek_v4,deepseek_v4_w000547,6000000000000004707,59,Dinner-Peak Core,2020-02-15T14:23:49+08:00,2020-02-15T15:14:49+08:00,2020-02-15T14:52:37+08:00,True,6.0,1357.0,5154.0,116.471286,39.914835,116.487987,39.916886
deepseek_v4,deepseek_v4_w000574,6000000000000005339,59,Dinner-Peak Core,2020-02-15T14:53:27+08:00,2020-02-15T15:49:27+08:00,2020-02-15T15:13:49+08:00,True,6.0,829.0,2951.0,116.481502,39.915072,116.493777,39.911226
deepseek_v4,deepseek_v4_w000598,6000000000000005425,59,Dinner-Peak Core,2020-02-15T15:18:00+08:00,2020-02-15T15:48:00+08:00,2020-02-15T15:30:42+08:00,True,6.0,642.0,2176.0,116.495134,39.914462,116.490287,39.922656
deepseek_v4,deepseek_v4_w000621,6000000000000005564,59,Dinner-Peak Core,2020-02-15T15:15:41+08:00,2020-02-15T15:57:41+08:00,2020-02-15T15:54:40+08:00,True,6.0,880.0,3165.0,116.49568,39.914159,116.489407,39.922866
deepseek_v4,deepseek_v4_w000639,6000000000000005806,59,Dinner-Peak Core,2020-02-15T15:37:39+08:00,2020-02-15T16:15:39+08:00,2020-02-15T16:22:55+08:00,False,6.0,1375.0,5230.0,116.486964,39.914347,116.515407,39.921966
deepseek_v4,deepseek_v4_w000667,6000000000000006011,59,Dinner-Peak Core,2020-02-15T16:24:12+08:00,2020-02-15T17:12:12+08:00,2020-02-15T17:07:50+08:00,True,3.0,2270.0,8462.0,116.507775,39.923937,116.502537,39.930106
deepseek_v4,deepseek_v4_w000667,6000000000000006078,59,Dinner-Peak Core,2020-02-15T16:26:34+08:00,2020-02-15T17:23:34+08:00,2020-02-15T17:07:50+08:00,True,6.0,2270.0,8462.0,116.507775,39.923937,116.507577,39.944856
deepseek_v4,deepseek_v4_w000729,6000000000000006430,59,Dinner-Peak Core,2020-02-15T17:02:37+08:00,2020-02-15T18:14:37+08:00,2020-02-15T17:29:12+08:00,True,6.0,1152.0,4303.0,116.495335,39.932599,116.495797,39.921256
deepseek_v4,deepseek_v4_w000752,6000000000000006426,59,Dinner-Peak Core,2020-02-15T17:01:24+08:00,2020-02-15T18:06:24+08:00,2020-02-15T18:01:05+08:00,True,6.0,1865.0,6777.0,116.508208,39.923382,116.485027,39.909066
deepseek_v4,deepseek_v4_w000752,6000000000000006316,59,Dinner-Peak Core,2020-02-15T17:03:39+08:00,2020-02-15T18:07:39+08:00,2020-02-15T18:01:05+08:00,True,6.0,1865.0,6777.0,116.50852700000002,39.923456,116.490867,39.909506
deepseek_v4,deepseek_v4_w000800,6000000000000007642,59,Dinner-Peak Core,2020-02-15T17:44:20+08:00,2020-02-15T18:21:20+08:00,2020-02-15T18:18:54+08:00,True,3.0,534.0,1725.0,116.489708,39.914563,116.492877,39.912596
deepseek_v4,deepseek_v4_w000817,6000000000000007599,59,Dinner-Peak Core,2020-02-15T17:59:44+08:00,2020-02-15T18:41:44+08:00,2020-02-15T18:28:34+08:00,True,3.0,514.0,1139.0,116.493923,39.915282,116.495047,39.915886
deepseek_v4,deepseek_v4_w000817,6000000000000007269,59,Dinner-Peak Core,2020-02-15T18:01:55+08:00,2020-02-15T18:44:55+08:00,2020-02-15T18:28:34+08:00,True,3.0,514.0,1139.0,116.493923,39.915282,116.495047,39.915886
deepseek_v4,deepseek_v4_w000826,6000000000000007993,59,Dinner-Peak Core,2020-02-15T18:17:19+08:00,2020-02-15T19:01:19+08:00,2020-02-15T18:42:35+08:00,True,6.0,755.0,2645.0,116.494046,39.915096,116.507507,39.913886
deepseek_v4,deepseek_v4_w000853,6000000000000007763,59,Dinner-Peak Core,2020-02-15T18:29:55+08:00,2020-02-15T19:10:55+08:00,2020-02-15T19:07:20.625000+08:00,True,3.0,1040.62,3335.0,116.507582,39.916013,116.507307,39.917266
deepseek_v4,deepseek_v4_w000853,6000000000000008400,59,Dinner-Peak Core,2020-02-15T18:28:20+08:00,2020-02-15T19:20:20+08:00,2020-02-15T19:07:20.625000+08:00,True,6.0,1040.62,3335.0,116.507559,39.915985,116.506177,39.925876
deepseek_v4,deepseek_v4_w000882,6000000000000008368,59,Dinner-Peak Core,2020-02-15T18:56:05+08:00,2020-02-15T19:51:05+08:00,2020-02-15T19:33:19+08:00,True,6.0,1399.0,5329.0,116.504756,39.932538,116.511307,39.914766
deepseek_v4,deepseek_v4_w000921,6000000000000008536,59,Dinner-Peak Core,2020-02-15T19:27:28+08:00,2020-02-15T20:04:28+08:00,2020-02-15T19:49:24+08:00,True,3.0,564.0,1852.0,116.50435,39.91497,116.507097,39.913526
deepseek_v4,deepseek_v4_w000933,6000000000000008585,59,Dinner-Peak Core,2020-02-15T19:23:10+08:00,2020-02-15T20:13:10+08:00,2020-02-15T20:06:01+08:00,True,6.0,961.0,3501.0,116.494967,39.915156,116.484797,39.920166
deepseek_v4,deepseek_v4_w000013,6000000000000000442,60,Dinner-Peak Core,2020-02-15T08:11:04+08:00,2020-02-15T10:45:00+08:00,2020-02-15T08:29:02+08:00,True,3.0,542.0,1758.0,116.306018,39.97894,116.311937,39.979456
deepseek_v4,deepseek_v4_w000017,6000000000000000562,60,Dinner-Peak Core,2020-02-15T08:26:09+08:00,2020-02-15T11:15:00+08:00,2020-02-15T08:46:53+08:00,True,6.0,1013.0,3724.0,116.306018,39.97894,116.324447,39.989186
deepseek_v4,deepseek_v4_w000051,6000000000000000586,60,Dinner-Peak Core,2020-02-15T09:02:42+08:00,2020-02-15T12:02:42+08:00,2020-02-15T09:20:34+08:00,True,6.0,1234.0,4640.0,116.323448,39.971733,116.308777,39.980966
deepseek_v4,deepseek_v4_w000084,6000000000000000189,60,Dinner-Peak Core,2020-02-15T09:11:05+08:00,2020-02-15T09:51:05+08:00,2020-02-15T09:46:31+08:00,True,3.0,991.0,3630.0,116.29547,39.980442,116.292297,39.974446
deepseek_v4,deepseek_v4_w000111,6000000000000000534,60,Dinner-Peak Core,2020-02-15T09:49:58+08:00,2020-02-15T10:28:58+08:00,2020-02-15T09:58:43+08:00,True,3.0,523.0,1679.0,116.291835,39.968411,116.292737,39.964996
deepseek_v4,deepseek_v4_w000125,6000000000000000607,60,Dinner-Peak Core,2020-02-15T09:51:02+08:00,2020-02-15T10:31:02+08:00,2020-02-15T10:18:50+08:00,True,3.0,1130.0,3705.0,116.291835,39.968411,116.28695700000002,39.964836
deepseek_v4,deepseek_v4_w000125,6000000000000000410,60,Dinner-Peak Core,2020-02-15T09:43:59+08:00,2020-02-15T10:33:59+08:00,2020-02-15T10:18:50+08:00,True,6.0,1130.0,3705.0,116.291835,39.968411,116.293747,39.958536
deepseek_v4,deepseek_v4_w000161,6000000000000000543,60,Dinner-Peak Core,2020-02-15T09:56:29+08:00,2020-02-15T11:00:00+08:00,2020-02-15T10:38:00+08:00,True,6.0,1080.0,4001.0,116.293822,39.964875,116.292567,39.978156
deepseek_v4,deepseek_v4_w000195,6000000000000000693,60,Dinner-Peak Core,2020-02-15T10:11:51+08:00,2020-02-15T10:55:51+08:00,2020-02-15T10:53:13+08:00,True,3.0,793.0,2302.0,116.291835,39.968411,116.294627,39.971656
deepseek_v4,deepseek_v4_w000195,6000000000000000495,60,Dinner-Peak Core,2020-02-15T10:11:00+08:00,2020-02-15T10:56:00+08:00,2020-02-15T10:53:13+08:00,True,3.0,793.0,2302.0,116.291835,39.968411,116.293987,39.972496
deepseek_v4,deepseek_v4_w000219,6000000000000001116,60,Dinner-Peak Core,2020-02-15T10:30:54+08:00,2020-02-15T11:12:54+08:00,2020-02-15T11:18:32+08:00,False,3.0,1112.0,3630.0,116.291835,39.968411,116.293277,39.973656
deepseek_v4,deepseek_v4_w000219,6000000000000001008,60,Dinner-Peak Core,2020-02-15T10:50:48+08:00,2020-02-15T11:28:48+08:00,2020-02-15T11:18:32+08:00,True,3.0,1112.0,3630.0,116.291835,39.968411,116.295717,39.963516
deepseek_v4,deepseek_v4_w000259,6000000000000001632,60,Dinner-Peak Core,2020-02-15T11:04:57+08:00,2020-02-15T11:37:57+08:00,2020-02-15T11:34:14+08:00,True,3.0,854.0,3059.0,116.287717,39.965656,116.288687,39.959666
deepseek_v4,deepseek_v4_w000289,6000000000000002326,60,Dinner-Peak Core,2020-02-15T11:19:56+08:00,2020-02-15T12:05:56+08:00,2020-02-15T11:55:43+08:00,True,6.0,943.0,3426.0,116.287615,39.963806,116.301527,39.955976
deepseek_v4,deepseek_v4_w000331,6000000000000002361,60,Dinner-Peak Core,2020-02-15T11:34:40+08:00,2020-02-15T12:09:40+08:00,2020-02-15T12:13:31+08:00,False,3.0,811.0,2878.0,116.298287,39.965893,116.293507,39.967116
deepseek_v4,deepseek_v4_w000355,6000000000000002735,60,Dinner-Peak Core,2020-02-15T12:00:57+08:00,2020-02-15T12:37:57+08:00,2020-02-15T12:32:50+08:00,True,3.0,770.0,2707.0,116.291835,39.968411,116.289337,39.963076
deepseek_v4,deepseek_v4_w000393,6000000000000003549,60,Dinner-Peak Core,2020-02-15T12:30:13+08:00,2020-02-15T13:15:13+08:00,2020-02-15T13:00:06+08:00,True,6.0,1206.0,4524.0,116.27813700000002,39.960016,116.27710700000002,39.948576
deepseek_v4,deepseek_v4_w000447,6000000000000003900,60,Dinner-Peak Core,2020-02-15T13:09:26+08:00,2020-02-15T14:22:26+08:00,2020-02-15T13:41:54+08:00,True,6.0,1914.0,7474.0,116.296102,39.94226,116.276287,39.921296
deepseek_v4,deepseek_v4_w000525,6000000000000004396,60,Dinner-Peak Core,2020-02-15T13:53:31+08:00,2020-02-15T14:25:31+08:00,2020-02-15T14:27:17+08:00,False,3.0,1037.0,3822.0,116.258561,39.928133,116.267737,39.922966
deepseek_v4,deepseek_v4_w000544,6000000000000004473,60,Dinner-Peak Core,2020-02-15T14:08:49+08:00,2020-02-15T14:48:49+08:00,2020-02-15T14:50:39+08:00,False,6.0,1239.0,4659.0,116.253568,39.928497,116.279037,39.925676
deepseek_v4,deepseek_v4_w000608,6000000000000005270,60,Dinner-Peak Core,2020-02-15T15:22:20+08:00,2020-02-15T16:12:20+08:00,2020-02-15T15:41:06+08:00,True,6.0,1266.0,4775.0,116.299694,39.932273,116.303777,39.941866
deepseek_v4,deepseek_v4_w000628,6000000000000005579,60,Dinner-Peak Core,2020-02-15T15:28:46+08:00,2020-02-15T16:29:46+08:00,2020-02-15T16:07:08+08:00,True,6.0,1028.0,3786.0,116.301618,39.942336,116.290387,39.930166
deepseek_v4,deepseek_v4_w000649,6000000000000005452,60,Dinner-Peak Core,2020-02-15T15:46:00+08:00,2020-02-15T16:48:00+08:00,2020-02-15T16:24:52+08:00,True,6.0,892.0,3215.0,116.293151,39.932632,116.294477,39.923466
deepseek_v4,deepseek_v4_w000714,6000000000000006789,60,Dinner-Peak Core,2020-02-15T17:09:57+08:00,2020-02-15T18:15:57+08:00,2020-02-15T17:22:05+08:00,True,6.0,1325.0,5022.0,116.293272,39.933825,116.276707,39.939226
deepseek_v4,deepseek_v4_w000766,6000000000000007419,60,Dinner-Peak Core,2020-02-15T17:44:13+08:00,2020-02-15T18:46:13+08:00,2020-02-15T17:59:08+08:00,True,6.0,1148.0,4287.0,116.291145,39.944752,116.277127,39.940456
deepseek_v4,deepseek_v4_w000797,6000000000000007488,60,Dinner-Peak Core,2020-02-15T17:54:34+08:00,2020-02-15T19:02:34+08:00,2020-02-15T18:42:04+08:00,True,6.0,2524.0,9515.0,116.293272,39.933825,116.275107,39.930216
deepseek_v4,deepseek_v4_w000797,6000000000000007687,60,Dinner-Peak Core,2020-02-15T18:04:49+08:00,2020-02-15T19:06:49+08:00,2020-02-15T18:42:04+08:00,True,6.0,2524.0,9515.0,116.293272,39.933825,116.299577,39.943736
deepseek_v4,deepseek_v4_w000854,6000000000000007741,60,Dinner-Peak Core,2020-02-15T18:20:21+08:00,2020-02-15T19:19:21+08:00,2020-02-15T19:08:22+08:00,True,6.0,1102.0,4092.0,116.29723,39.941977,116.311467,39.937266
deepseek_v4,deepseek_v4_w000878,6000000000000008475,60,Dinner-Peak Core,2020-02-15T19:13:01+08:00,2020-02-15T19:55:01+08:00,2020-02-15T19:24:32+08:00,True,6.0,872.0,3133.0,116.314743,39.933295,116.328317,39.927896
deepseek_v4,deepseek_v4_w000913,6000000000000008555,60,Dinner-Peak Core,2020-02-15T19:00:11+08:00,2020-02-15T19:43:11+08:00,2020-02-15T19:55:19+08:00,False,6.0,1519.0,5327.0,116.320017,39.938226,116.324927,39.923586
deepseek_v4,deepseek_v4_w000913,6000000000000008564,60,Dinner-Peak Core,2020-02-15T19:09:44+08:00,2020-02-15T19:50:44+08:00,2020-02-15T19:55:19+08:00,False,6.0,1519.0,5327.0,116.320017,39.938226,116.331287,39.925246
