avg_daily_work_duration_hr,lunch_ratio,dinner_ratio,late_night_ratio,time_fragmentation,avg_wave_distance_m,avg_wave_duration_s,avg_dist_per_action_m,avg_dur_per_action_s,stacked_order_ratio,activity_area_km2,area_aspect_ratio,rider_level,rider_speed,rider_max_load,courier_id
0.7556754860751834,-0.4685190488364646,0.3830711095813242,-0.1695797577544513,1.3251375454954113,1.221589239459805,1.1357617461636853,1.044318639132761,0.781426439981193,0.7957087013204109,0.755755600312178,-0.2309072452933275,-0.5142513094152622,-0.2135593469402849,1.0417974766168068,1
0.7448041809760135,1.554316488516263,-0.3593247430133088,-0.1695797577544513,0.1745856642416582,-0.5076754532853279,-0.6034814681126903,-0.3678700328011962,-0.4825405243420632,-0.3186737409069631,-0.3847278396757519,-0.2695096485873088,0.6673617316359872,0.2141062861518136,0.559609596305247,2
0.0623291903993363,-1.2933646077569945,0.2225530873987008,-0.1695797577544513,0.3061680966461833,-0.6429701784800329,-0.7298318271764409,0.1596534278328726,0.1226138098937252,-0.8440254636712966,0.3718136860057383,-0.8293341688812885,0.6673617316359872,1.994419572249922,0.0774217159936871,3
-1.3911404964629628,-1.2933646077569945,-0.9412025734253184,-0.1695797577544513,-1.0803018469105024,-0.6027963709420936,-0.4750314328687569,0.8565743072256212,1.2409022893695587,-1.0350624537674178,-0.2821830494477763,-0.4748888922767247,-0.5142513094152622,-0.5957237505923706,-0.8869540446294324,4
0.6183900004647551,0.7167632249064814,-0.325096635342014,-0.1695797577544513,0.5423675724648754,0.6910144505896467,0.8802285093965518,0.5501859459344127,0.8123060241535844,-0.048038004937458,0.8294909466427911,-0.8871322970492995,-0.5142513094152622,-0.2853673050275183,0.559609596305247,5
0.7140659379637866,0.2443831842305645,0.6298675686871077,-0.1695797577544513,0.5423675724648754,0.9627451980791528,0.8038315013477654,1.2376586639210878,0.9035699327010632,-0.7348614693306559,0.6963142381006423,-0.9624310758522052,0.6673617316359872,-2.4141784403184885,2.970548997863046,6
0.5015966622865428,-0.4074193778053144,0.6104716410067073,-0.1695797577544513,0.9781639404985828,-0.2598804165047396,-0.3249365354535826,-0.3352650537473451,-0.433198256352541,-0.1594762491601953,0.8763109029590906,-0.094574161391719,0.6673617316359872,0.5373758471501536,0.559609596305247,7
-1.3274964618300855,2.123852707770914,-0.9412025734253184,-0.1695797577544513,-0.9434506035223198,-0.8080413868687139,-1.17246145035479,0.4945413717595475,0.026174127999847,-1.3534574372609536,-1.432363415236059,1.514880641803362,0.6673617316359872,-0.3073025785037426,1.0417974766168068,8
-0.5935675554570109,0.2253986435887427,-0.9412025734253184,-0.1695797577544513,-0.2946266432554523,0.9177195407248178,1.1092110851471788,0.7537528309891172,0.9995869611588268,0.8753074471937949,0.848824542419142,-0.4469889215176998,0.6673617316359872,-0.5830926625087944,0.0774217159936871,9
0.8507193779712866,-0.1542921692476915,-0.1653654662093056,-0.1695797577544513,1.3935357786783087,0.2001838700470071,0.1179484018324126,0.0175908425011228,-0.1560788802312834,-0.034392505644878,1.0272618713477804,-0.2526757313150669,0.6673617316359872,0.181813546563185,0.0774217159936871,10
0.7049740558746226,0.2838126147943481,0.6701514184848623,-0.1695797577544513,0.4863059004621416,-0.6544747568766139,-0.7021640964412703,-0.135457208393799,-0.1252209097825648,-0.6911958715943997,0.3245308044142947,1.3072100196623964,0.6673617316359872,0.1408819687474174,0.0774217159936871,11
0.840238076593673,-0.1542921692476915,1.0953698330167156,-0.1695797577544513,0.7980261366826243,0.0152501328508302,-0.0432438061505776,0.7912798929179341,0.7480076482974902,-0.1435564999855187,0.9676921228767984,0.7669750172343752,0.6673617316359872,0.6686806397681035,0.559609596305247,12
0.6216478382102009,0.8812282293971293,0.3283490565645208,-0.1695797577544513,0.1047911649042819,-1.207366493100512,-1.1590538612164831,-0.5369722827878798,-0.3029160306237465,0.302196476905431,-0.1822300825479881,-0.70365485010779,0.6673617316359872,-0.7893367178451083,-0.4047661643178726,13
-1.823340545512784,0.4152440500069599,-0.9412025734253184,-0.1695797577544513,-1.7735368186888454,-2.241214981971668,-2.433619482088075,-2.0326779383500764,-2.16841076196584,-0.0798775032868114,-1.8574355483270344,-0.4536660954176574,-0.5142513094152622,-2.1253564710897344,0.559609596305247,14
-0.8668017764948884,0.2253986435887427,-0.9412025734253184,-0.1695797577544513,-0.4847922049148178,0.8558656608206285,0.8671094778200561,0.644658862415623,0.5779981534904579,-1.671852420754489,0.0941973574959882,-0.0557105155160393,-0.5142513094152622,-0.4835624605342937,-0.4047661643178726,15
0.5412154801307031,-0.4390602788750172,-0.9412025734253184,-0.1695797577544513,0.5423675724648754,-0.0819925308901264,0.1378525081378468,-0.1464278891922708,0.2379000776400259,-0.0798775032868114,0.4975848610261042,0.1225932561175186,-0.5142513094152622,-0.2467648956727129,-2.333517685564112,16
0.789196331552135,-0.2254841966545229,0.1498183585971997,1.3972091304319767,0.368346869310675,-0.2055210443652071,-0.21359342106888,0.5694223227664827,0.6318408157417794,-0.981996623185162,0.5428098007326173,0.2296237254281698,-1.6958643504665116,0.3791050349462697,-0.8869540446294324,17
0.4325362652349062,-0.4390602788750172,-0.9412025734253184,-0.1695797577544513,0.7980261366826243,-0.5108627910884157,-0.4702689302177633,-0.6482718337198403,-0.5466045161209802,1.7349739026263409,0.5546400336516115,-0.6654630406613591,-2.877477391517761,0.0525573317400219,2.970548997863046,18
0.8117243724998617,0.9278266473361464,0.1061775213162989,-0.1695797577544513,0.9781639404985828,0.360468952702511,0.1774679431962649,0.175392443443731,-0.1869573554645305,0.4295544703028451,0.9815511686505042,-0.6997733106298017,0.6673617316359872,1.6058099257048009,0.559609596305247,19
-2.1207896421468257,-1.2933646077569945,2.5500644090467395,-0.1695797577544513,-2.001839154318893,-2.174867639924405,-1.9791395963871792,-1.9157212993211257,-1.3779258866076056,-1.9902474042480245,-2.3939519255739627,0.6421583435804444,0.6673617316359872,0.168025423421069,2.0061732372399264,20
-0.9785765287781922,2.123852707770914,-0.9412025734253184,-0.1695797577544513,-0.5884438068740612,-0.4690481927700312,-0.6495617582492823,-1.28725618778631,-1.625727346039745,1.4484184174821588,-1.5049370093589651,3.254809052135679,0.6673617316359872,0.7743892019776293,0.0774217159936871,21
-0.1589421801575681,-0.6720523685701019,-0.9412025734253184,-0.1695797577544513,0.0320258085011839,0.3989648838907267,0.3706174062162599,0.5420580957601197,0.4710961465546872,-0.7166674702738824,0.0889375922756446,0.6058926060447176,0.6673617316359872,0.3768058802690147,0.559609596305247,22
0.6308497252543477,-0.2966762240613543,0.6589614602077081,-0.1695797577544513,0.9348773800708068,0.9291729141806228,0.8944592484695209,-0.2138444819938626,-0.4383104196009814,0.2728061707367971,0.6069121459196504,-0.8095372767097966,0.6673617316359872,0.7899290026122847,0.559609596305247,23
-0.2914991603346374,0.2599159902102367,0.0109611490670609,-0.1695797577544513,-0.0439746062202448,0.0607457768392184,-0.0005878402939414,-0.0544292247970665,-0.17513701672993,0.6630441248647716,-0.758537306055587,-0.6264191527793033,0.6673617316359872,0.222148916223125,1.0417974766168068,24
1.03541134803943,0.3203213467978513,0.5134920026047058,-0.1695797577544513,1.55343988112546,1.7969397823003297,1.9389520682482668,-0.0757427656413934,-0.1198685481803299,0.9501191356230452,0.8392611898931661,-0.3188403701554476,-0.5142513094152622,0.2820799431523221,-0.8869540446294324,25
-1.1832623195488177,0.4152440500069599,-0.9412025734253184,-0.1695797577544513,-0.8167461425041092,1.6782609844038685,1.7787943264939643,0.1193784500526472,0.0369535747891149,0.8753074471937949,-0.6222676719984916,-0.0426457971837623,-1.6958643504665116,-0.2643329184532928,0.0774217159936871,26
-1.405820221560774,-1.2933646077569945,-0.9412025734253184,-0.1695797577544513,-1.0803018469105024,-1.5471053391849752,-1.8348590112728356,-0.8088987934517443,-1.1268796237492444,-1.9902474042480245,-2.3353069214250612,0.340423844988814,-1.6958643504665116,-0.5009513882143702,-0.4047661643178726,27
0.6484242328274714,0.1711570988978235,-0.0683858278073039,-0.1695797577544513,1.179540872240484,0.4326111290842446,0.3474268779970641,0.3026220538576996,0.1088871290086862,0.8480164486086349,0.7869630403734567,0.4359960292818793,0.6673617316359872,0.0054271788143268,2.0061732372399264,28
0.8428122917836371,-0.2883006914252565,0.0856406567135221,-0.1695797577544513,0.7498616048685348,-0.6306509628243636,-0.5233457585676634,-1.014359941886708,-0.8057442002400297,0.2385174802067237,1.482438467365241,-0.0602671508420561,0.6673617316359872,1.054311090686837,0.0774217159936871,29
-0.5044229015873593,1.0724012260700193,-0.9412025734253184,-0.1695797577544513,0.0320258085011839,1.1897296713075354,1.1383136477963072,-0.2836277405990943,-0.5838770006304277,2.3823770357298626,0.3213481693241899,-0.3617508199020539,-0.5142513094152622,0.0429166372414138,-0.4047661643178726,30
-1.2942195704430055,2.123852707770914,-0.9412025734253184,-0.1695797577544513,-0.9434506035223198,-2.41515740350313,-2.179012044089976,-3.104605407731922,-2.5492867731537685,-0.3982724867803471,-1.7584613309936858,0.2403945035475037,-0.5142513094152622,-0.1241828330237528,0.0774217159936871,31
0.5699453860760416,0.2599159902102367,-0.3064267584303988,-0.1695797577544513,0.5423675724648754,1.097217296742676,1.1210285434964005,1.7737060189151697,1.7780840463900625,-1.3534574372609536,0.1598895980453835,1.9832173218389104,-1.6958643504665116,-2.371743806743837,-0.8869540446294324,32
-2.28929977916115,-1.2933646077569945,2.5500644090467395,-0.1695797577544513,-2.5771150949457695,0.1265349877606391,-0.3310805783203713,0.7506448205266428,-0.0083845190647833,1.8304923976744016,-0.9934416277012572,0.8978058947625378,0.6673617316359872,-2.3039387229147983,1.0417974766168068,33
0.9621087989338716,1.0986875131125415,-0.5920758751781127,-0.1695797577544513,0.7003008068999663,1.2548260772056796,1.2937953827957296,-0.0013284613867841,-0.1329348606590941,-0.9713834570687108,0.5404201468279246,-0.1226290011416782,0.6673617316359872,0.2337763888917653,0.559609596305247,34
0.6056338816312731,0.6288201322274543,0.586226731406207,-0.1695797577544513,0.2416424082924644,1.1697372738525482,1.4476950265109618,0.6148143608130721,0.96040313306544,0.5569124637002594,0.4616433731283778,-0.5748371682445205,0.6673617316359872,-0.1791066782926948,1.0417974766168068,35
-1.057179400405616,0.4152440500069599,-0.9412025734253184,-0.1695797577544513,-1.3920220831309849,-2.3300976308589116,-2.7400063097010303,-2.1893521761549275,-2.7010146429252098,-0.0798775032868114,-2.130334053242397,0.2452684100292174,0.6673617316359872,0.0284199933824436,0.0774217159936871,36
1.0621334067960355,-0.0872879081589089,0.2910093027412903,-0.1695797577544513,0.8448709248486781,-0.0574321892385699,0.0030067537294149,1.151811407680677,1.3551768359838932,-1.0805474514093516,-0.0347093888702865,-0.1451833289499908,0.6673617316359872,0.1760101790617345,0.559609596305247,37
0.3745711995135397,0.7569657815597508,0.4553042195635048,-0.1695797577544513,-1.3920220831309849,-2.264235290083961,-2.7705455444650395,-2.8386941756720216,-3.5766215615938943,0.8753074471937949,-2.047854632762708,1.4972652013078531,0.6673617316359872,0.899809231226379,0.559609596305247,38
0.0653135277520992,-0.4390602788750172,-0.0683858278073039,-0.1695797577544513,0.2416424082924644,-0.5004700789561817,-0.3096887045694849,0.0492180898118906,0.4644960290435882,-0.2921408256158352,-0.1566360220664528,-0.7968692512909856,0.6673617316359872,0.9469260626716262,1.5239853569283666,39
0.2321336088467632,-1.2933646077569945,-0.0683858278073039,1.3972091304319767,-0.2069290713162014,1.3929228734579873,1.4061342933123882,1.9964976765304443,1.9527077699758084,-1.226099443863539,0.5492733197492307,-0.4074961595059475,0.6673617316359872,-2.5415572144624505,1.0417974766168068,40
0.7210098607848223,0.2838126147943481,0.4015924198331655,-0.1695797577544513,0.5423675724648754,0.9639321436364472,1.2351821451459055,0.9648657856469744,1.3586460382769134,-0.7697333008561384,0.6933157174389786,-0.8195054936184216,-1.6958643504665116,-0.199765549391239,-1.3691419249409922,41
-2.138009743078127,2.123852707770914,-0.9412025734253184,-0.1695797577544513,-2.001839154318893,-1.1183784357389557,-1.0888065477700202,-1.4446437779643273,-1.32697058920594,-0.7166674702738824,-1.767052516365582,0.9322968522528235,-0.5142513094152622,0.2983182121488479,0.559609596305247,42
0.8801021057827624,-0.5739504360669084,0.3450536832749133,-0.1695797577544513,1.3251375454954113,2.026467224840783,2.0454530485491773,-0.2002549412366375,-0.5044931138504827,1.6741894057775752,0.5667978956311752,0.066554128687879,0.6673617316359872,-2.5153888259713812,0.559609596305247,43
0.6643388160240468,-0.0872879081589089,-0.5304652813697822,-0.1695797577544513,0.8904663685593319,0.3080266729986841,0.2447020920787269,-0.1252408844288335,-0.2940985850580602,0.1020624872809228,0.7223933389978888,-0.3643019424264466,0.6673617316359872,-2.5269479702059505,2.0061732372399264,44
-0.8282605578903214,-1.2933646077569945,0.1330334211814687,-0.1695797577544513,-0.2946266432554523,2.732836544668384,2.7565027706545853,0.3120570832732817,-0.0568882925439802,0.0670740275563586,0.7692629712671477,-0.0160590606307353,0.6673617316359872,0.2716208166295296,-0.4047661643178726,45
0.4983938617832957,0.7000121596342858,-0.0683858278073039,-0.1695797577544513,0.4283434747215191,-0.2404883347580779,-0.2737269290990547,0.1033189785965482,0.0914643787184748,-0.3186737409069631,0.5541884071736419,-0.8483077747914345,0.6673617316359872,0.201094862662704,0.559609596305247,46
0.9522326912350406,-0.5047759964813231,0.2225530873987008,-0.1695797577544513,1.613436486536303,-0.3001362491788016,-0.3122107411894651,-0.2766853626112865,-0.2715153079987774,-0.1390080002213252,1.1853032062309363,-0.2504039965612152,0.6673617316359872,0.4050270791758826,0.559609596305247,47
0.608036658777482,0.2838126147943481,0.1330334211814687,-0.1695797577544513,0.368346869310675,-0.0397139296192777,-0.2192892053127113,0.1825771541009653,-0.1097709168995892,1.273301176560714,0.6839118776750807,-0.9236688627952692,0.6673617316359872,1.2310747995250126,0.0774217159936871,48
-0.0395675282348096,0.4152440500069599,-0.9412025734253184,-0.1695797577544513,-0.3870668751321598,0.3509639387718947,0.3462812499952987,0.1586296993107926,0.1068927898241317,1.4484184174821588,-0.5073008710139535,-0.8097581313973922,-2.877477391517761,-0.3407965129244752,0.559609596305247,49
-1.3589083778211903,2.123852707770914,-0.9412025734253184,-0.1695797577544513,-1.0803018469105024,0.8879326612488605,0.8880134099727257,1.105697049595214,1.050178212200666,-1.9902474042480245,-1.1360860239462354,-0.5181210744715602,-2.877477391517761,0.5212326012709737,-3.780081326498791,50
0.8554110412069693,-0.4019166124018878,-0.6376141401668787,-0.1695797577544513,1.2171188203159682,0.2679026767198508,0.4254163019387734,0.0121480611001122,0.2446582214593474,-0.0091230625104703,1.4582514795273256,0.1299880487311921,0.6673617316359872,0.0171387827896127,0.559609596305247,51
0.9891043053089412,-0.1542921692476915,0.9208064838931124,-0.1695797577544513,0.7498616048685348,-0.1766485375328067,-0.194513584146227,0.2159086070280713,0.2293781238500597,-1.1114772498058665,0.7358989581966657,-0.6729024833319667,0.6673617316359872,0.0286468289862346,0.559609596305247,52
-0.0811952759102459,0.4152440500069599,-0.9412025734253184,-0.1695797577544513,0.4283434747215191,0.8538487756934613,0.6947864387637555,0.8373838658217075,0.4893991852695574,-0.3300449903174464,0.4919503899828494,0.3165161943300115,0.6673617316359872,-1.8273628283227423,0.0774217159936871,53
-0.0663407248452463,-0.0119081144340286,-0.9412025734253184,-0.1695797577544513,-0.2069290713162014,-0.3769207312942955,-0.4191636030142817,0.2671168690394058,0.2738671659978365,-0.2921408256158352,-0.5637769838395321,0.4295670519643593,-0.5142513094152622,-0.4818077377378101,0.0774217159936871,54
-1.7105316314661267,0.7569657815597508,-0.9412025734253184,-0.1695797577544513,-1.5721598869469433,0.1817358229741996,0.244216596323078,1.474154025290488,1.6681176452475226,-1.3534574372609536,0.0379875387228018,-0.7943693763239267,-2.877477391517761,0.1450268773672622,-0.8869540446294324,55
0.3722938893232365,-0.0872879081589089,-0.9412025734253184,-0.1695797577544513,-0.0439746062202448,1.0232460979172162,1.0025087082272044,0.1482938757424889,-0.0389282398457513,0.0565774896389893,0.4504938411868819,-0.1386888119100255,0.6673617316359872,0.7161188462589229,0.559609596305247,56
-0.2664376092548644,0.4152440500069599,-0.9412025734253184,-0.1695797577544513,0.3061680966461833,0.5992194988758959,0.6026974010866332,0.0671580212157256,-0.0168367589854418,0.9359541107163728,-0.2114675119939302,-0.0405022425808214,0.6673617316359872,0.4489151900831425,1.5239853569283666,57
1.0064407283605377,0.2016679677864656,0.3680225450017033,-0.1695797577544513,1.179540872240484,-0.1637498007544844,-0.1601989011143947,0.4349223660293414,0.5005526760051388,-0.981996623185162,1.1918546285002358,-0.9729472055465708,0.6673617316359872,0.1173346074436523,0.559609596305247,58
0.4646039141652419,-0.4390602788750172,1.6772476634287252,-0.1695797577544513,-0.0439746062202448,0.7167833080741145,0.8989835171686611,0.8038180427194536,1.0692840492057407,-0.7166674702738824,0.9400663733579196,-0.5591551433164382,-0.5142513094152622,-0.170961879325449,-0.8869540446294324,59
1.0687522746093876,0.0209497443691244,0.4015924198331655,-0.1695797577544513,1.3935357786783087,0.2605367826523052,0.2872917089664976,0.1240255461327695,0.1387023475525891,-0.3073024914964799,1.159454395071496,-0.7638889847814858,-2.877477391517761,0.0687890731769446,0.0774217159936871,60
0.8585031826976329,-1.0797885255365,-0.0683858278073039,-0.1695797577544513,0.6492603655580976,2.166800185596006,1.953194027541312,0.3908481666659302,-0.2950028377735198,0.8525649483728281,0.1430543838394216,-0.4556911972904515,0.6673617316359872,-0.1051424330174139,-0.4047661643178726,61
0.3583874742360187,-0.1542921692476915,1.38630874822272,-0.1695797577544513,-0.4847922049148178,-1.0649344570098045,-0.967092512939427,0.0414371959775608,0.3838053864795805,-0.0798775032868114,-0.1428404471023712,-0.0418925277521995,0.6673617316359872,0.437985890384966,1.0417974766168068,62
-0.0292946912472625,0.4152440500069599,-0.9412025734253184,-0.1695797577544513,0.4863059004621416,-0.1448027891411902,-0.341715651208354,-0.7155980274609051,-1.090350411841005,0.6365112095736434,0.4153096794065055,-0.5556177281021623,0.6673617316359872,1.5978044755520522,0.559609596305247,63
0.7491528259640582,0.1304759403796342,0.2225530873987008,-0.1695797577544513,0.5423675724648754,-1.0601632532259322,-1.3128424402376742,-0.5760891895685096,-0.8922307954738332,-0.2072354966842258,-0.1040672784571119,-0.0474420967841872,0.6673617316359872,0.3304640232005407,0.559609596305247,64
1.0956685277556482,0.2599159902102367,-0.3064267584303988,-0.1695797577544513,0.368346869310675,-1.3615226726027303,-1.1107400709897004,-1.5746748543733822,-1.0436407006468134,-0.0002787574134278,-0.4294175706725294,-0.7451108134953893,-0.5142513094152622,0.3666290657973756,1.0417974766168068,65
-1.4260300869372995,2.123852707770914,-0.9412025734253184,-0.1695797577544513,-1.0803018469105024,1.4882271787574035,1.5478235905658673,0.7720734010911596,0.6989783836063814,1.8304923976744016,-0.8642601141892069,2.166475452164367,-1.6958643504665116,0.4744842581792685,0.0774217159936871,66
-1.5470631764464302,2.123852707770914,-0.9412025734253184,-0.1695797577544513,-1.229067618035029,0.41178404759546,0.300122378826842,1.2537944266215757,1.090764035192905,-0.7166674702738824,-1.5695557977782038,1.083011955289081,0.6673617316359872,0.9560025141545854,-0.4047661643178726,67
-1.1171761767639323,2.123852707770914,-0.9412025734253184,-0.1695797577544513,-0.6987871113526425,-0.1967690043796987,-0.030828410588508,-0.8072231206109727,-0.5494637820649511,2.2125663778666445,-0.5724609136295816,0.5114074132095974,-1.6958643504665116,0.0506870842775807,-1.851329805252552,68
0.9126971643396968,1.2245849931583066,-0.3899498919823619,-0.1695797577544513,0.368346869310675,-0.6082550157985203,-0.7961782216905504,-1.53265185437988,-1.8806227509884896,0.569648263040001,-0.1630863993863142,1.251561618266558,0.6673617316359872,-2.307333422720805,0.559609596305247,69
-1.5010664083388003,-1.2933646077569945,-0.9412025734253184,-0.1695797577544513,-1.229067618035029,1.0784575001075465,1.1205999671454092,0.0494046149486138,-0.0447601061032473,-0.0798775032868114,-0.3742429702438666,0.388012884596573,-0.5142513094152622,0.0645211052789745,-0.4047661643178726,70
0.905179227651678,-1.2933646077569945,0.9631248715594404,-0.1695797577544513,0.1745856642416582,0.6227664795003928,0.5854915355237099,0.9367951215354338,0.8452677410485877,-0.2072354966842258,0.0173512098810882,0.5861756042339973,-0.5142513094152622,-1.7978737769493645,1.0417974766168068,71
0.7495556958698775,0.2253986435887427,0.8044309178107106,-0.1695797577544513,0.4863059004621416,0.6350244417763945,0.4054570628667595,0.2551719318223106,-0.2256595945603999,-0.1594762491601953,0.5905657096841651,0.0854894254612973,0.6673617316359872,0.1655087513903798,1.0417974766168068,72
0.6699061851760812,0.1045879304135137,-0.6238146659278586,-0.1695797577544513,0.9781639404985828,0.5611380347368177,0.4738072999412944,0.2020309346631567,-0.0235931875959333,0.6333272597387083,1.1078493253625492,-0.6848295342614387,0.6673617316359872,-0.5377776668505821,0.0774217159936871,73
-0.7005042130751531,-1.2933646077569945,2.5500644090467395,-0.1695797577544513,-0.2069290713162014,-0.2735048185635395,-0.1471870074793402,-0.3166424928480143,-0.077881417771973,0.3446491413712356,0.1973113531736716,0.2317952046360944,-0.5142513094152622,0.5291139370955993,-0.4047661643178726,74
-0.8325647011894983,-1.2933646077569945,1.053807130844429,-0.1695797577544513,-0.5884438068740612,0.9092004593428268,0.901835995220026,1.6018130180374082,1.5684172897469344,0.0793199884599561,-0.6448653443299728,3.3239162337200208,0.6673617316359872,0.3364127429220784,1.0417974766168068,75
1.1847596271250795,-1.2933646077569945,0.2589204517994515,-0.1695797577544513,1.4593026488006116,0.1299236737631389,0.0855718853441498,-0.336816298676745,-0.4606629791759544,0.4812936551205447,0.9330869503939396,0.3834550989253628,0.6673617316359872,1.4468775344920448,0.0774217159936871,76
-0.6313271276211984,0.2599159902102367,-0.9412025734253184,-0.1695797577544513,-0.123511170725766,2.7588315967089843,2.702221522912277,0.9315521602847106,0.4664905920153426,1.8304923976744016,0.8295447151407144,-0.6225175985972645,0.6673617316359872,-0.4554571136275685,0.0774217159936871,77
0.5485621366496299,-0.8377356323532733,1.619059880387524,-0.1695797577544513,0.5423675724648754,1.9578452935152983,1.9742361791881016,0.8340649929804513,0.6158948219968876,0.1405497929779439,0.5817297081012683,-0.9033363935397928,0.6673617316359872,-0.1836825984736753,-0.4047661643178726,78
-1.3023478761423883,-1.2933646077569945,2.5500644090467395,-0.1695797577544513,-1.3920220831309849,-1.6574427745494291,-1.9111234697409825,-1.7692692379637551,-2.0836590882178094,0.2385174802067237,-1.7069808337947086,-0.7754151335430449,-0.5142513094152622,-0.4253857910261374,-1.3691419249409922,79
0.7257432553807547,0.4152440500069599,0.8044309178107106,-0.1695797577544513,0.7003008068999663,-0.258478837009911,-0.1853412656708717,0.6976348402518839,0.919823156864622,-0.0798775032868114,-0.09850705180113,1.4788125815769275,-0.5142513094152622,0.2678693402138889,-2.333517685564112,80
0.3537243742327901,0.7569657815597508,-0.9412025734253184,-0.1695797577544513,0.0320258085011839,-0.6552475865073676,-0.5668966363641815,-0.0021614565629416,0.2553375769272715,-0.7166674702738824,0.4522566284965683,-0.9587676057225044,-0.5142513094152622,1.272877843729904,0.0774217159936871,81
0.6119516403082986,-0.5339829820841259,-0.553284019817312,-0.1695797577544513,0.596649204940723,-0.0628408061731756,0.0946385198538829,-0.2093725045583548,0.0584793454497213,0.3840694726609117,0.5213226185476162,-0.0476966932681295,-1.6958643504665116,0.402721900159577,-1.851329805252552,82
-1.2508171549620213,-1.2933646077569945,-0.9412025734253184,-0.1695797577544513,-0.9434506035223198,0.0872818692517466,-0.2219076830412395,0.681409677851725,0.1816827472834989,-1.9902474042480245,-1.4168658520976898,0.1580034105986931,-1.6958643504665116,0.2961316736077587,-0.8869540446294324,83
0.9060703336318112,0.0438073852756655,0.4249453762376608,-0.1695797577544513,0.8904663685593319,-0.0177639225501631,0.0444553359379394,0.1837627486808062,0.3089706014512246,-1.4444274325448208,0.8205936137931723,-0.4958737183043366,0.6673617316359872,0.9141978602208264,0.0774217159936871,84
0.277219070195016,0.1711570988978235,-0.9412025734253184,-0.1695797577544513,0.8904663685593319,1.003121150668984,0.949635197626861,0.2153054572493248,-0.020559933587236,0.1987181072700319,0.4067703698613047,-0.9428604958418654,0.6673617316359872,0.6873586926444465,-0.4047661643178726,85
0.6671721594651872,-0.6990659441869234,0.4249453762376608,-0.1695797577544513,0.8904663685593319,0.9946886983003028,1.0774748279328137,0.8140318198191909,0.8629955929330846,-0.4492156841393127,1.4158763634181126,-0.009009068206816,0.6673617316359872,0.1301531629382633,-0.4047661643178726,86
-0.7160857546342864,1.6682237323671931,-0.9412025734253184,-0.1695797577544513,-0.2069290713162014,1.3954411203870714,1.3093437337498297,-0.1577599550443394,-0.5413518466853724,1.4059657530163538,1.2451505799744005,-0.5174077965069234,0.6673617316359872,-2.152365813377912,1.0417974766168068,87
-0.1152211156538538,-1.2933646077569945,1.1535576160579164,4.844144684442119,-0.123511170725766,-0.1165932725087867,-0.0005878402939414,-0.0399333464882397,0.1773289941060253,2.1488873811679365,0.0991226408678405,-0.375516586902087,0.6673617316359872,1.6245307050681794,0.0774217159936871,88
1.0625730952514794,0.0355532371705256,-0.553284019817312,-0.1695797577544513,0.7003008068999663,0.5558701529323179,0.4886317246627261,0.8818141948025643,0.7444777624105842,0.1238952861490512,1.0502318050576622,-0.2507537550946961,0.6673617316359872,0.7053946785912846,2.0061732372399264,89
1.1953285760487184,-0.1542921692476915,0.2225530873987008,-0.1695797577544513,1.179540872240484,-0.5736701913144998,-0.4825369966577397,-0.0258073424199485,0.2217689398224105,-0.5893094768764682,1.3045740776628578,-0.5209442915600768,0.6673617316359872,0.2980095445523362,0.559609596305247,90
0.7154846388881624,-0.6720523685701019,-0.1477328046816689,-0.1695797577544513,1.0203815869739816,-0.3810374068560545,-0.5057405003714716,-0.3042610076934846,-0.4844108557501757,0.6706249578050935,0.6157302505680488,0.0388648899487414,0.6673617316359872,-0.2894579112915609,1.0417974766168068,91
1.006934325256147,-0.1542921692476915,-0.3593247430133088,-0.1695797577544513,0.4283434747215191,-1.3096347306722365,-1.0697386055973503,-1.0159851656539869,-0.469132341468948,-0.2709144933829327,0.0600963118079742,-0.634820805247793,0.6673617316359872,-0.2649857983244442,0.559609596305247,92
0.6973568829331397,0.3409567170607011,0.5767395928668807,-0.1695797577544513,0.8904663685593319,-0.2368592891137537,-0.6960755225989396,-0.7318164022821261,-1.5494168608493082,-0.7803464669725896,0.8449502850826826,-0.6566844156868701,0.6673617316359872,0.0148219166183795,1.0417974766168068,93
0.96222599662758,0.1137248751074385,-0.119727989314246,-0.1695797577544513,1.061581841089018,0.4002306259457777,0.325820650694745,0.6072993462035573,0.4609721416442168,-0.1435564999855187,0.8599189320006668,0.6265976681050962,0.6673617316359872,-0.1437910210590079,-0.8869540446294324,94
-2.14940547330448,2.123852707770914,-0.9412025734253184,-0.1695797577544513,-2.2653948587252866,-0.9975669223605972,-1.523077758178387,-1.2316589199245445,-2.082107742927455,0.5569124637002594,-2.3133621008837904,4.046559671262585,-0.5142513094152622,0.8924621355222881,-0.4047661643178726,95
0.8753601896775869,0.2443831842305645,-0.0683858278073039,-0.1695797577544513,0.7003008068999663,0.7493676767379646,0.6301832293816676,-0.0724589611897502,-0.4045118014313236,-0.2466558279739015,0.3309620222605621,1.0351092459568645,0.6673617316359872,1.0480947596108432,0.559609596305247,96
1.171353181701136,-0.0973385473222264,-0.4175125260545098,-0.1695797577544513,1.0203815869739816,-0.9966894482673424,-0.9796128919761072,-1.062653392151226,-0.9567354784094768,-0.4437574844222808,0.6292520713094842,-0.3156295809167169,0.6673617316359872,-0.3091906116634778,0.0774217159936871,97
0.9402746350074715,0.4895313829532188,0.121356942979221,-0.1695797577544513,1.1411184055945387,1.1123247709116173,1.0527714229837746,0.2552601947514252,-0.005430782241414,0.6487571704772408,1.310374362471126,-0.4106689417638838,0.6673617316359872,-2.239070134095882,0.0774217159936871,98
1.1874339385845951,0.4152440500069599,0.0109611490670609,0.9699030700174964,0.8448709248486781,0.641954165447246,0.7866476136949555,0.3445575889805765,0.5210338538000017,-0.1881317976746135,1.0894010760220827,-0.6313982857536858,0.6673617316359872,-0.3606218318113007,0.0774217159936871,99
-1.9446770971665317,-1.2933646077569945,2.5500644090467395,-0.1695797577544513,-1.7735368186888454,0.1080522269696505,0.0064228911707843,2.110584500597384,2.079771278161653,-1.9902474042480245,-2.505053966746954,1.8749717524173783,-0.5142513094152622,0.9392900367161472,0.559609596305247,100
-2.0081557251800204,-1.2933646077569945,-0.9412025734253184,-0.1695797577544513,-2.001839154318893,-0.3034789868738011,-0.1883149531226555,1.384576781728419,1.7404409317385363,-1.9902474042480245,-2.3908207205955168,0.4187892040347116,-0.5142513094152622,0.8896232555090282,0.559609596305247,101
0.6131242253578681,0.1711570988978235,-0.4424501473578816,-0.1695797577544513,0.6492603655580976,-1.1894605137379544,-0.9935869589658972,-0.7073853327479194,-0.2324172375746897,0.3977149719534917,0.4874156038195464,-0.3850693665600261,-1.6958643504665116,-0.2834294355739202,-0.4047661643178726,102
1.083027862831191,-0.8662124433160058,-0.0683858278073039,-0.1695797577544513,0.4863059004621416,1.684624291035142,1.7830352523545567,-0.2737908345766507,-0.3911873814568097,2.741591888902057,0.5086043913771989,0.7988300741871468,0.6673617316359872,0.5342460427486561,0.559609596305247,103
-0.5061208948091963,0.8423962144479485,-0.9412025734253184,-0.1695797577544513,-0.5884438068740612,-1.0575989777903838,-1.0863834051708798,-0.9332357856317188,-0.887545583124655,-0.9289307926029062,-0.2706016786154471,-0.2582782592477561,-0.5142513094152622,-0.1310847897099014,0.0774217159936871,104
0.7021623328046344,0.1454637356231776,-0.0224481043537242,-0.1695797577544513,1.061581841089018,-0.6412980923067605,-0.795614928004684,-0.7890950313045202,-1.0167082490036357,-0.3133671578487375,-0.251062605194095,2.536877287846148,0.6673617316359872,-0.2239986994794498,0.0774217159936871,105
1.0962064562887817,0.6202770889386346,-0.2429491769309068,2.337282463343834,0.6492603655580976,1.1494921480574023,1.062925107129612,0.0345104650712411,-0.2960817070980993,0.1429989851586634,0.4598464725745689,-0.2760148040764442,0.6673617316359872,0.0041263385337883,1.5239853569283666,106
-0.6040656469922356,-1.2933646077569945,2.5500644090467395,-0.1695797577544513,-0.123511170725766,0.5527937062499927,0.628788085996599,-0.0147132521619165,0.0285780757218834,0.5023304665299392,0.5882694403450415,-0.2662827472050134,0.6673617316359872,0.0094415596457366,0.0774217159936871,107
-0.0782282526340352,1.554316488516263,-0.9412025734253184,-0.1695797577544513,0.1745856642416582,-0.7449741738894293,-1.090322416176687,-0.7863062165209874,-1.3296072914418644,0.3977149719534917,-0.7799540874651346,3.1767876968412225,0.6673617316359872,0.6330435160233984,0.0774217159936871,108
1.154034487126032,-0.1542921692476915,0.2225530873987008,-0.1695797577544513,1.9103537920943112,0.575734228686502,0.5579064644206717,-0.1242109780848089,-0.2562952160084389,-0.4858311072410692,1.14687785244775,-0.9733329273519096,-0.5142513094152622,-2.2969139353648114,-1.851329805252552,109
1.3489579155050428,-1.2933646077569945,-0.9412025734253184,4.844144684442119,-0.4847922049148178,0.6899386921567879,0.599322132806934,1.2150397566948377,1.041482763578767,-1.226099443863539,-0.9389305530565324,-0.3936391110669943,0.6673617316359872,0.0380155445859906,0.0774217159936871,110
1.1514062094353033,-1.2933646077569945,1.240839290619718,-0.1695797577544513,-0.5884438068740612,0.4150583106188295,0.3935719608808348,-0.1327396931299366,-0.246344671850709,0.9708259422418556,0.6589031473151846,-0.45736365744194,0.6673617316359872,-0.0187179920555619,0.0774217159936871,111
-0.1047498273326117,0.917776008172829,-0.9412025734253184,-0.1695797577544513,0.5423675724648754,1.030848038973923,0.9430053538616766,1.1495816660315754,0.9216291879063112,0.7161099554470269,0.9442111807695048,-0.3286454147664915,-0.5142513094152622,0.560878007614198,0.0774217159936871,112
0.3132499094212945,-0.723828388502343,-0.0683858278073039,-0.1695797577544513,0.368346869310675,0.3784824550234274,0.2950716436407689,1.195051842019221,1.0819667851021566,-0.0002787574134278,0.5661672008480384,-0.4912940727658779,0.6673617316359872,0.1755800727181029,-0.4047661643178726,113
-0.8654177990951384,-1.2933646077569945,1.1535576160579164,-0.1695797577544513,-0.3870668751321598,-1.3878694223262995,-0.9048589578691246,-1.2940328313482674,-0.3330532040130298,0.8753074471937949,-0.7564849968331898,0.6919613183319001,0.6673617316359872,-2.237723266955878,0.0774217159936871,114
1.216486906244997,-0.723828388502343,1.0953698330167156,-0.1695797577544513,1.2538885774942763,1.536304469976709,1.556045827945762,0.7166849756069484,0.56227437034435,0.9469463184798406,1.3878120988968643,-0.5009724461247667,0.6673617316359872,-0.1979085014368123,0.559609596305247,115
0.8050863774945896,0.1523811795817362,-0.6726435747736217,-0.1695797577544513,0.7003008068999663,1.319841949592681,1.1369317481513057,0.2002537888295277,-0.3123076043164887,0.2100893566805157,0.4914440348437627,-0.0927882462454189,-2.877477391517761,2.225447219701931,1.0417974766168068,116
0.3033375949275896,-0.3613962489766557,-0.3064267584303988,-0.1695797577544513,0.1047911649042819,0.7205438305849164,0.8429065897799614,1.109261401143275,1.2935993409929,1.1937024306873305,0.8835828183285063,1.8457210774757224,0.6673617316359872,0.9456954898609716,0.559609596305247,117
-2.2737423023137606,-1.2933646077569945,-0.9412025734253184,-0.1695797577544513,-2.2653948587252866,-0.858101200655211,-0.6051704458688563,0.406243787694248,1.014192288045901,-0.0798775032868114,-1.2201478410110451,-0.5610496226785372,-1.6958643504665116,-0.3282593062555424,0.559609596305247,118
0.905543832407278,-0.6903262579579517,1.317852532880131,-0.1695797577544513,0.4283434747215191,0.8961063438644002,0.8334421221591363,-0.0759121860210255,-0.3331670430179588,1.6375257410116526,0.2307640648054457,-0.2565580718186229,-2.877477391517761,0.0894494033526017,0.559609596305247,119
-0.3344212598088919,-0.2681994130986218,-0.9412025734253184,-0.1695797577544513,-0.3870668751321598,-0.234459054125716,-0.3397974060088732,0.7400022652508158,0.6508116980853837,-0.2390749950335793,-0.2832870342738275,-0.0668097605762316,-0.5142513094152622,0.9876013543234864,-0.8869540446294324,120
0.3159692425981469,-0.5611037544295855,0.3056784917432737,-0.1695797577544513,0.6492603655580976,-0.1934462897101199,-0.0940232132324567,-0.3429691559953095,-0.1657558562848689,-0.2390749950335793,-0.0123150274013959,0.3517405084535704,-0.5142513094152622,0.1882239116140114,0.0774217159936871,121
1.0323515854218102,-0.2681994130986218,-0.4175125260545098,-0.1695797577544513,1.2538885774942763,0.3834562123616589,0.4639055062022046,0.2159323000369565,0.3116673453051262,-0.1053491019662942,1.4188336277922744,-0.73981651083254,0.6673617316359872,-0.0116873610272207,0.0774217159936871,122
-1.2899236939793706,-1.2933646077569945,-0.9412025734253184,-0.1695797577544513,-0.9434506035223198,1.7024647761960423,1.7822505339714292,1.7761198242584768,1.781964148226373,-0.4619514834790539,0.2697294761585587,-0.488410854138002,-1.6958643504665116,0.3182868161913387,-0.4047661643178726,123
1.1255462214144318,-0.636207431693935,0.6701514184848623,-0.1695797577544513,1.55343988112546,0.7358780803725651,0.4863607266305935,0.4330388229092707,-0.0848463300281293,-0.1594762491601953,1.7666502538634998,-0.8885937326091538,0.6673617316359872,-2.559932416987166,0.0774217159936871,124
0.1926909705180996,0.4152440500069599,-0.9412025734253184,-0.1695797577544513,0.368346869310675,0.0035040572079889,-0.0311968710713046,0.5336441550048114,0.5137492879919935,-1.3534574372609536,-0.0204563939431352,0.2766945130515142,0.6673617316359872,-1.4042467763799702,0.559609596305247,125
0.4004126414436442,0.6593310011160962,-0.6918263603916001,-0.1695797577544513,0.368346869310675,-0.8575293801149197,-0.7239698662053643,-0.1220299149720964,0.237011229891564,-0.3982724867803469,-0.219420666048702,-0.973990856100402,-2.877477391517761,0.6496573838397967,2.0061732372399264,126
-1.2373577648056118,-1.2933646077569945,-0.9412025734253184,-0.1695797577544513,-0.9434506035223198,-0.1239015972300165,-0.0822896415752886,-1.4446437779643273,-1.463564279825699,3.3587883184433713,-1.1112168137025056,0.8332205183968808,-0.5142513094152622,-1.8484264219299968,1.0417974766168068,127
0.8859375639821011,-0.2883006914252565,-0.119727989314246,-0.1695797577544513,1.4912611084609677,1.1316204816301878,1.3255577163279109,0.3394168529024437,0.5234371893334473,-0.8852535320467415,1.0703617630338935,-0.7995148090490526,0.6673617316359872,-0.4422921238428657,0.559609596305247,128
0.6630621340911506,-0.1542921692476915,0.2225530873987008,-0.1695797577544513,-0.9434506035223198,0.2733124027882691,0.1947668776564641,1.0095398323371052,0.9072648639984564,-0.0798775032868114,-0.0421624922925579,-0.9741300172573054,0.6673617316359872,0.295792917404341,-0.4047661643178726,129
0.470768075037472,0.0735223184541691,0.2225530873987008,-0.1695797577544513,0.7003008068999663,0.9854998156619044,1.1009356392948308,0.5114970874836089,0.5953632571551645,-0.2921408256158352,0.575696346277547,-0.5871325778505719,0.6673617316359872,0.27716232193237,0.0774217159936871,130
0.7154846388881624,-0.9827084881635484,-0.3064267584303988,-0.1695797577544513,0.2416424082924644,0.1920274836548887,0.2062217600738388,0.1770920039251021,0.1848714029390191,-0.2921408256158352,0.7503962251586662,-0.7000281341335078,0.6673617316359872,1.284208639605139,0.559609596305247,131
0.22670245758878,0.1711570988978235,-0.6918263603916001,-0.1695797577544513,0.1745856642416582,-0.6790109303782703,-0.4196354402295526,-0.4331506986753636,0.0925942144094428,-0.0798775032868114,1.0098197379966494,0.0357661313522872,-0.5142513094152622,-0.7957695738682198,-0.4047661643178726,132
0.345515837633007,-0.4390602788750172,-0.9412025734253184,-0.1695797577544513,-0.6987871113526425,-0.6793587278658649,-0.9674741409963376,0.7215230866536093,0.3831407626289089,-1.5126549290077211,-0.7538464300004294,0.6115705283949724,-0.5142513094152622,0.32494539623586,-0.8869540446294324,133
-1.516248777249133,-1.2933646077569945,2.5500644090467395,-0.1695797577544513,-1.229067618035029,1.0695525383825235,0.9343672155541964,-0.9539035777964188,-1.4320309637841029,2.7856773481550077,-0.7732421632027944,-0.3829601376615433,-2.877477391517761,0.0019948774881447,-2.8157055658756716,134
-0.7112924020007312,0.6050894564251772,-0.9412025734253184,-0.1695797577544513,-0.2069290713162014,1.881961636445991,1.9802510106734583,0.0741844011174559,-0.0479942403121869,4.377652265622685,0.3626917400514857,-0.7950554858684,-2.877477391517761,-0.2133429645362607,0.0774217159936871,135
0.4737075815330075,0.4152440500069599,0.8044309178107106,-0.1695797577544513,-1.229067618035029,-1.91060312368179,-1.8202711772491007,-1.4498334782039948,-1.1014946416509632,-0.0798775032868114,-2.070446761404777,1.705053106570205,0.6673617316359872,-0.1008320190351876,0.559609596305247,136
0.1291681680099951,-1.2933646077569945,1.502684314305122,-0.1695797577544513,0.2416424082924644,-0.1004429188285184,-0.2747597824993116,0.9763927067158013,0.7640820175438766,-1.0350624537674178,0.4827166879912365,0.8443092139442991,-0.5142513094152622,0.3190198191465828,-0.8869540446294324,137
-1.2775974798925598,2.123852707770914,-0.9412025734253184,-0.1695797577544513,-0.9434506035223198,0.6979281328207037,0.6045196408048711,0.0043456758298821,-0.2687832676429141,-1.226099443863539,-0.7556588510879365,-0.5209368104102621,-0.5142513094152622,0.2631276841511736,0.0774217159936871,138
-1.010262302591368,1.2695483788889372,-0.9412025734253184,-0.1695797577544513,-0.5884438068740612,-0.5909606048416798,-0.5984225741050632,-1.502166152345515,-1.5368073431710032,-0.0798775032868114,-1.35076738479967,-0.3802418057247067,0.6673617316359872,1.9926637384279051,0.0774217159936871,139
-2.037158456391097,-1.2933646077569945,-0.9412025734253184,-0.1695797577544513,-2.001839154318893,-1.1504544242616452,-1.113191162183229,-1.5011897506183671,-1.3693845475356248,1.8304923976744016,-2.0683622232678074,2.511964519853456,0.6673617316359872,0.560539197622719,1.0417974766168068,140
0.6196550422931216,0.2253986435887427,-0.553284019817312,-0.1695797577544513,1.0203815869739816,0.1927684625165285,0.3491177535688791,0.2414023461790209,0.5015374259158797,0.6842704570976735,0.914446686968954,0.756251037036452,0.6673617316359872,0.410249501976547,0.559609596305247,141
-0.7315932720513572,0.5466754852195718,-0.9412025734253184,-0.1695797577544513,-0.2069290713162014,0.2001996847374915,0.408005948704936,-1.7737148347746676,-1.5801865732677862,1.1482174330453967,-0.9972728848201122,-0.967582100437167,0.6673617316359872,-0.3367340479720866,1.0417974766168068,142
-1.0753405799449864,-1.2933646077569945,0.8044309178107106,-0.1695797577544513,-0.6987871113526425,0.5014441949389227,0.6555405877089082,1.4119536120594876,1.7098966879987,-0.7166674702738824,-1.200604481510496,0.291117862719088,-0.5142513094152622,0.6866801721000853,0.0774217159936871,143
-0.0479688643789342,-0.8377356323532733,0.9208064838931124,-0.1695797577544513,0.3061680966461833,2.0492138916176854,1.9478281704112297,0.9952165756121132,0.5699170777000101,1.8646061459058512,0.1405995350008232,0.8979626170887837,-0.5142513094152622,0.9220509819510336,-1.851329805252552,144
-1.9190522941654744,2.123852707770914,-0.9412025734253184,-0.1695797577544513,-1.7735368186888454,-1.5618255252615594,-1.0912324565142806,-0.8348561243391557,0.1676199856638441,-0.0798775032868114,-1.466380274686829,0.2914111673610655,0.6673617316359872,0.3094002380416248,0.0774217159936871,145
0.7016547621093033,-1.2933646077569945,-0.9412025734253184,-0.1695797577544513,0.2416424082924644,0.49574578809421,0.6914232881199144,1.4019015986843266,1.7724113512550872,-0.3982724867803469,0.6954485519719517,-0.9307851327145882,-0.5142513094152622,0.7348799025104639,-0.8869540446294324,146
0.8037899747242259,-1.2933646077569945,0.6457369640619807,-0.1695797577544513,0.0320258085011839,0.0935284775818279,0.2287305694486837,-0.2953514854420612,-0.0977307030925274,-0.2390749950335793,0.3739645662413586,-0.4585988743705586,0.6673617316359872,-0.3827497293286628,-0.4047661643178726,147
-0.0064791512868354,0.4152440500069599,-0.9412025734253184,-0.1695797577544513,-0.123511170725766,-0.1597058860525093,-0.1683064699546873,0.6502314032330921,0.7107099378719689,-0.3982724867803469,0.1125371114942799,-0.6191591569222917,0.6673617316359872,1.0515645233999242,1.0417974766168068,148
-1.4459576091804685,0.4152440500069599,-0.9412025734253184,-0.1695797577544513,-1.229067618035029,-0.8845881446737649,-0.9783794507497704,0.3595255498797353,0.3641487160088709,-1.0350624537674178,-1.9728251858073311,1.9149893264927476,0.6673617316359872,-0.3246542856501079,0.0774217159936871,149
-2.089657982804925,-1.2933646077569945,-0.9412025734253184,-0.1695797577544513,-2.001839154318893,-0.6224587202864656,-0.7314706133221974,0.8218908844852215,0.7941878505681504,-1.9902474042480245,-1.5329983033031294,1.2914269427544622,-2.877477391517761,0.2502889886176792,-2.8157055658756716,150
-1.400498374486081,-1.2933646077569945,-0.9412025734253184,-0.1695797577544513,-1.0803018469105024,0.7633448445358276,0.5819967651204094,0.8859433079262682,0.5172768054249457,-0.0798775032868114,-1.30187444814814,-0.7208710734796034,-1.6958643504665116,-0.0240784085403367,-0.4047661643178726,151
-0.2519310144518963,-0.6424660714659642,-0.6087009560470272,-0.1695797577544513,0.368346869310675,0.9223853767513872,0.7778521947631695,0.232655978882853,-0.1475226286196526,0.7812362020707048,0.6441142602130346,-0.7773927454948638,0.6673617316359872,1.839610048861414,0.0774217159936871,152
0.805690997714104,0.1923820511681832,0.4249453762376608,-0.1695797577544513,1.4593026488006116,1.8881125781963275,2.021230269100913,0.6356024002925416,0.6164050287213595,0.4659424684163923,0.4178939275701565,-0.9811968961537764,0.6673617316359872,0.4395499083063974,0.559609596305247,153
0.6256742744607375,0.4152440500069599,0.2225530873987008,-0.1695797577544513,-0.123511170725766,-0.7575459462622213,-0.6161412048518718,0.5836086484551686,0.9950814127254668,-1.3534574372609536,-0.488112787083433,-0.951489674883268,-0.5142513094152622,0.1206832839884048,0.559609596305247,154
1.236117302785475,-0.6990659441869234,-0.1822314902792189,2.5552704825697714,1.289884176719066,0.4764376364460099,0.4300680283599964,0.2397462820784821,0.1017762403338472,-0.201170830331968,0.925635804848619,-0.6847211894809142,0.6673617316359872,0.4392142638460206,0.559609596305247,155
1.030258544444164,-0.0729298522113126,0.1809903852264145,0.7257281783520789,1.5226331411523992,0.1838859598709274,0.1726189872353644,0.3224659844583885,0.2984300798382426,-1.07486182670411,0.8943541806841917,-0.6925767414725528,0.6673617316359872,0.5881266510604214,0.559609596305247,156
0.6202871795074852,-0.7807820104278081,0.2807408704399017,-0.1695797577544513,0.7003008068999663,0.114309792813102,-0.1805920039958122,-1.0247106902410994,-1.63448004879722,0.2066779818573702,-0.0580083985624898,1.0940630012824393,0.6673617316359872,1.4559451839843722,-0.8869540446294324,157
1.0682778193375009,-0.0343898072993439,0.4369291301820729,-0.1695797577544513,1.7274605842796595,0.7110862947586863,0.963294755923619,0.2036661792045088,0.5454604608312837,0.4056748465408301,1.7262431963195537,-0.0212654287370517,-2.877477391517761,-0.2496924144380286,-2.8157055658756716,158
0.7557646488844084,-0.6720523685701019,0.3283490565645208,-0.1695797577544513,0.1745856642416582,0.0920272173064743,-0.1472518691647314,0.9885830058409464,0.6335355716425538,-0.4778712326537309,0.2462023815406861,-0.9411683839909704,0.6673617316359872,-0.2995768028069809,0.0774217159936871,159
0.5601241870420413,-0.6099211446514127,1.851811012552328,-0.1695797577544513,-0.6987871113526425,-0.1895882117620642,0.004249621000945,0.1930876320320326,0.5754747092015904,-0.5574699785271147,0.4721563295786221,-0.4347861371527705,0.6673617316359872,0.4925777988391284,0.0774217159936871,160
0.7494661781965007,-0.2883006914252565,1.523221178907899,-0.1695797577544513,0.7003008068999663,0.715883098755418,0.3737465218503805,1.360358167651943,0.7558807971343204,0.6296884599273533,1.380624230952449,-0.4928718287211044,0.6673617316359872,1.4802102249549922,0.0774217159936871,161
-0.6940668572205555,1.4404092446653327,-0.9412025734253184,-0.1695797577544513,-0.2069290713162014,1.82224895692957,1.896834591883153,-0.3928395205172417,-0.5826939269508451,1.0663444372899165,-0.0601106076317207,0.5602811520166534,-0.5142513094152622,-0.4862646859460275,-0.8869540446294324,162
0.4139517696575021,0.7569657815597508,-0.2429491769309068,-0.1695797577544513,0.1745856642416582,-1.7458108536329864,-1.1373626613187762,-1.4863824998468658,-0.2651540111996739,0.302196476905431,-1.3349778206249818,0.4497695937528388,0.6673617316359872,0.9696248053545992,0.559609596305247,163
0.7739364716662784,-0.0507401293832093,-0.3064267584303988,-0.1695797577544513,0.4283434747215191,0.5764643678514927,0.5196522271228141,1.5442908287312025,1.4731648433268427,-0.239074995033579,0.3944228999071835,-0.5432330727311363,0.6673617316359872,0.4306726916938609,0.0774217159936871,164
-0.4999370963414912,0.8812282293971293,-0.9412025734253184,-0.1695797577544513,0.1047911649042819,-0.3422899291695798,-0.2541292857065389,-1.3385064706222531,-1.2337516438163612,1.066344437289916,-0.1219959165295629,-0.956869013013514,0.6673617316359872,-0.2821448330807256,0.559609596305247,165
-1.927216541296901,-1.2933646077569945,-0.9412025734253184,-0.1695797577544513,-2.001839154318893,-3.1548289447794384,-3.521456706237846,-3.642627510495404,-4.058043690264374,-0.0798775032868114,-2.5876530780683353,3.332922836202971,-0.5142513094152622,-0.1927439782645855,0.559609596305247,166
0.8149899073502858,0.2443831842305645,0.9789942669343136,-0.1695797577544513,0.8904663685593319,-0.0536377805048652,-0.2282052247752872,-0.5548533606146527,-0.8928871980056909,-0.429202285176862,0.3873214432571591,2.4717036188660857,-0.5142513094152622,-2.201917282542402,0.0774217159936871,167
-0.8095832076872408,0.7569657815597508,-0.9412025734253184,-0.1695797577544513,-0.8167461425041092,-1.0589370518923873,-0.9054149018433072,-0.714060394800875,-0.3340209470069623,-1.3534574372609536,-0.441422371696522,-0.0449268229014241,-0.5142513094152622,-0.3962963986015124,0.0774217159936871,168
-1.21549443819059,2.123852707770914,-0.9412025734253184,-0.1695797577544513,-0.9434506035223198,0.0510493775224393,0.056511643628568,-1.761930998010783,-1.89558741910934,-1.3534574372609536,-1.0306495027844664,-0.4718568363222912,-0.5142513094152622,0.0005152819974286,0.559609596305247,169
-0.0152879992275185,-0.0119081144340286,-0.0683858278073039,-0.1695797577544513,0.5423675724648754,-0.274163830275563,-0.3319294282734175,0.0439289993320289,-0.009862270536296,-1.0350624537674178,-0.2171767153023453,-0.7534716924442804,-0.5142513094152622,0.7018146814411583,-0.4047661643178726,170
-0.8297349294883326,1.6967005433299258,-0.9412025734253184,-0.1695797577544513,-0.4847922049148178,-1.0705959983368842,-1.1469758710274678,-0.95615215199422,-0.9929767958748296,0.2385174802067241,-1.447017069787434,0.6026774140069867,-0.5142513094152622,-1.8153484039372183,1.0417974766168068,171
0.7057107205305319,0.1304759403796342,-0.9412025734253184,-0.1695797577544513,0.4283434747215191,0.7976921202447782,1.0770082097546867,0.6716549200348433,1.083152247062115,0.8753074471937949,-0.556702906481653,-0.2892284877018142,0.6673617316359872,0.5929195857014583,0.0774217159936871,172
-1.8434297944874984,2.123852707770914,-0.9412025734253184,-0.1695797577544513,-1.7735368186888454,-2.595911071980374,-2.326785888364099,-2.65784890107234,-1.9826379694979424,-1.9902474042480245,-2.3157105596989713,-0.5531307735328793,-0.5142513094152622,-0.2558290671309767,0.0774217159936871,173
0.0993318217434311,0.4152440500069599,-0.9412025734253184,-0.1695797577544513,0.5423675724648754,0.4451797838259795,0.4190656186044721,0.6865786657033169,0.6233365163340672,0.0347446907708613,-0.504055688612794,1.0838865912717304,-0.5142513094152622,-1.8196406654904005,0.0774217159936871,174
0.343079677600861,-0.1542921692476915,-0.553284019817312,-0.1695797577544513,-0.2946266432554523,-0.9710235586259616,-0.9694788134452988,-0.1973271537037444,-0.0559672279637345,-1.671852420754489,-0.3156102702555026,0.2302620505954475,0.6673617316359872,0.1572106198657399,-0.4047661643178726,175
-1.592651176199829,-1.2933646077569945,-0.9412025734253184,-0.1695797577544513,-1.3920220831309849,1.2870194588771389,1.3024692553651074,-0.1120732487361193,-0.2982447125761279,1.2846724259711977,-0.6003157026515773,-0.8361292512090476,0.6673617316359872,-1.8146234631856792,0.559609596305247,176
0.8330415842601081,-0.1542921692476915,0.6104716410067073,-0.1695797577544513,0.7003008068999663,0.3515785676371998,0.3197375802018776,-0.2446801502583223,-0.3748416232871186,0.7388524542679941,-0.278421291243779,2.3762833577340783,-0.5142513094152622,0.3128843540591405,0.0774217159936871,177
0.7052043008739215,0.8648779073132636,-0.0224481043537242,-0.1695797577544513,0.7498616048685348,0.5429162849653922,0.4532240367122078,-0.0929008244836693,-0.3424356714503842,-0.6529884735751754,0.6465112132849775,-0.7129390294798638,-0.5142513094152622,0.8580288668053262,-1.3691419249409922,178
0.9027057735832158,0.1045879304135137,0.0109611490670609,-0.1695797577544513,0.8904663685593319,1.4394599772147283,1.2884551978097305,0.6860621166537522,0.2474171308933831,1.1141036848139465,0.98552841407956,-0.4547798033134169,0.6673617316359872,0.7714280403881748,-0.4047661643178726,179
-0.92920463784063,-1.2933646077569945,2.5500644090467395,-0.1695797577544513,-0.5884438068740612,2.366582317836817,2.4134451068058884,-0.0589761304407786,-0.3578910902257101,2.4672823646614725,-0.0491733873263473,1.5934801275471004,0.6673617316359872,-0.3550676981082796,1.0417974766168068,180
1.0794802296020491,-0.3170168033204491,1.053807130844429,-0.1695797577544513,-0.123511170725766,-0.5741918936782879,-0.3209207382712155,-0.4851649610722992,0.0093027010540255,0.8753074471937949,0.2033432420133823,-0.8800746337052725,0.6673617316359872,-1.911689594579755,0.0774217159936871,181
0.7942500266264321,0.0948799266762185,-0.0683858278073039,-0.1695797577544513,1.5226331411523992,1.1104181678413008,1.2099892751494712,-0.8818590853191837,-0.9527304499877284,-0.355819822314542,-0.047069584525113,-0.7063986915888382,0.6673617316359872,0.4272300763832753,0.0774217159936871,182
0.9895650192441678,-0.0808036248277364,-0.715959542298089,-0.1695797577544513,1.671398912276925,0.5381359942184166,0.6645524144374049,0.139241827549961,0.2845178726541121,-0.2284618289171279,1.2238154132941703,-0.7726649606225431,0.6673617316359872,-0.3365005542450926,0.559609596305247,183
0.4741880658638401,-1.2933646077569945,-0.9412025734253184,-0.1695797577544513,-0.6987871113526425,-0.901278609042812,-0.7222688368748101,0.3300867461192666,0.8102159589667342,-0.7166674702738824,-0.3512976659570084,-0.2758084423676309,-2.877477391517761,2.1195425564446615,-2.8157055658756716,184
0.708607967711697,-0.1542921692476915,0.3888038960878464,-0.1695797577544513,0.8904663685593319,1.0929992419239802,0.9635255188545848,0.5335515795854135,0.175662380785025,0.09258644610552,0.9359117669949673,-0.5257988906022575,-0.5142513094152622,1.668611766265118,0.559609596305247,185
-1.5196852274211037,-1.2933646077569945,1.1535576160579164,4.844144684442119,-1.229067618035029,1.3324772200726889,1.67141247449988,1.1234819517952712,1.588885814839841,-0.4619514834790539,-0.4461374057726056,1.8860966305055755,-0.5142513094152622,-2.130100183152257,2.0061732372399264,186
0.1831390880525642,-0.1542921692476915,0.8044309178107106,-0.1695797577544513,-0.5884438068740612,-0.1909410529400323,0.1814725219488856,0.19070170827058,0.8841108879268832,0.3977149719534917,0.801544230759736,-0.7969437152643937,-1.6958643504665116,-2.365351406758012,0.0774217159936871,187
0.5685389508927884,0.7000121596342858,0.2225530873987008,-0.1695797577544513,0.2416424082924644,0.0362330023835281,0.009136357165156,0.5913703060440765,0.5839844580362233,0.9549061930671788,0.6092318106131199,1.0679650870018456,-0.5142513094152622,-1.987823124281183,0.0774217159936871,188
-0.3204261974241766,0.4152440500069599,-0.9412025734253184,-0.1695797577544513,-0.4847922049148178,-1.0667726529256008,-1.2683208340044412,-1.8826493866637253,-2.2083136178453806,0.8753074471937949,-1.807033935572348,-0.8082651221820691,-0.5142513094152622,-0.0229525147781948,-0.4047661643178726,189
-0.1970996115238596,0.9847802692616112,-0.9412025734253184,-0.1695797577544513,0.0320258085011839,0.5991593712112129,0.4156840828980847,0.3215079391952016,-0.0683054469393284,-0.8440254636712966,0.9176572222031985,-0.8093385431725975,-0.5142513094152622,0.8128239233390494,-0.4047661643178726,190
1.110945172644232,-0.8051907055387217,0.3056784917432737,-0.1695797577544513,0.9348773800708068,0.4195539237166412,0.6361943623706955,1.2675002296969702,1.6761923374927086,-1.162420447164832,0.851092977957067,-0.7955239243616096,0.6673617316359872,0.240258375114268,0.0774217159936871,191
-1.181567958040863,-1.2933646077569945,2.5500644090467395,-0.1695797577544513,-0.8167461425041092,-0.3934184619709299,-0.3952669267881925,0.4596265443634615,0.5542096833627208,-0.3982724867803471,-0.8293147446028216,0.1819459954541733,-0.5142513094152622,-0.022741694471023,0.0774217159936871,192
-0.8611477811262581,2.123852707770914,-0.9412025734253184,-0.1695797577544513,-0.5884438068740612,-0.2206690231927241,-0.3549774900620684,-0.3909732238749919,-0.619919296611901,-1.0350624537674178,0.9864591844226772,-0.0970543760273151,-0.5142513094152622,0.4693606250613957,-2.333517685564112,193
0.906758567771914,-0.4390602788750172,0.9789942669343136,-0.1695797577544513,0.9348773800708068,-0.1390841705858616,-0.1473167328298783,-0.0795964892663069,-0.0781072372424952,0.0050278256447981,0.7055280863445499,-0.2997921087652433,0.6673617316359872,-2.1966360247075154,-0.4047661643178726,194
0.38934975090872,-0.2883006914252565,0.0856406567135221,-0.1695797577544513,1.0203815869739816,2.578907920194802,2.5827538528299847,1.4996648405565758,1.2124077112020093,0.962142442692032,1.1480319052819163,1.7084456594935564,0.6673617316359872,0.4634573648895434,0.0774217159936871,195
0.6122448690412745,1.0986875131125415,-0.2429491769309068,-0.1695797577544513,0.4863059004621416,-0.4243712111498612,-0.4754855616939058,0.405033084712506,0.414513623504704,-0.3186737409069631,0.8314238799764186,-0.1474554012945526,-1.6958643504665116,0.2748799799671177,-0.8869540446294324,196
1.1511985254991808,-0.3613962489766557,-0.3064267584303988,0.9699030700174964,0.4283434747215191,-1.0422070074697387,-1.0352386684214827,-1.0117184409068196,-0.9122735527027618,-0.2390749950335793,0.3761062819103209,-0.2752228029928034,-1.6958643504665116,-0.6827312359093076,0.559609596305247,197
0.3594218323473669,-1.2933646077569945,-0.9412025734253184,-0.1695797577544513,-0.0439746062202448,1.4530615256909898,1.4401484481418143,0.7100511852151489,0.5115027551653135,0.5569124637002594,0.2695693779803101,-0.0612915920063007,-0.5142513094152622,0.2284162561322048,0.0774217159936871,198
-0.9297287187678116,0.9847802692616112,-0.9412025734253184,-0.1695797577544513,-0.4847922049148178,-0.0047187442941265,-0.2150661604014842,-0.8729164518064719,-1.3052453875886472,0.3294874754905915,-0.2575606800046521,-0.9714985896912172,0.6673617316359872,-0.2426040530816534,0.0774217159936871,199
-0.4140470629276636,-1.2933646077569945,1.851811012552328,-0.1695797577544513,-0.2069290713162014,-0.0622580071387228,-0.322610675401384,0.4176572160906118,0.0063606854097583,-0.5574699785271147,-0.3532896855515927,0.6767569294029132,0.6673617316359872,-0.1161363977906214,-0.8869540446294324,200
-2.231288754503441,-1.2933646077569945,2.5500644090467395,-0.1695797577544513,-2.2653948587252866,-1.0008463239427212,-1.0219816333559888,0.1544714320835209,0.2882153047959885,-0.0798775032868114,-1.6552484583296156,0.9488090334196978,-0.5142513094152622,0.829181093997979,-0.4047661643178726,201
1.0255014162031308,-0.2883006914252565,0.2910093027412903,-0.1695797577544513,0.8448709248486781,-0.5949533831972738,-0.4355919772740241,-0.3255490191815655,0.0210474697451247,0.7054967893305762,0.1249250171979441,0.5180013746262134,-0.5142513094152622,0.3872563340328281,-0.4047661643178726,202
-2.054014717174173,-1.2933646077569945,2.5500644090467395,-0.1695797577544513,-2.001839154318893,-0.8489721623468657,-0.9255263689417668,0.4223458672397605,0.4561959963639729,-0.0798775032868114,-2.0975740747144407,4.279608599486419,0.6673617316359872,0.874913904623518,0.559609596305247,203
0.6737633908649332,-0.1542921692476915,-0.2429491769309068,-0.1695797577544513,0.8448709248486781,-0.4045622412631643,-0.1778264949971597,-0.9520558517002364,-0.5666856656676393,-0.0957972524614882,0.9920199633209348,-0.1733719989218439,0.6673617316359872,-0.3342742954655996,-0.4047661643178726,204
0.7840386856763119,0.4152440500069599,0.0770836297956985,-0.1695797577544513,1.179540872240484,1.9441061475511157,1.9127635316039144,1.5761752762866323,1.3345066556242222,-0.7052962208633992,1.2499258412372365,1.0887260831512775,-0.5142513094152622,0.1367812046925071,0.0774217159936871,205
0.6300769147722077,-0.5739504360669084,0.5288045770892322,-0.1695797577544513,0.9781639404985828,-1.203504229392822,-1.366866273180012,-0.7929061729078495,-0.9475423954977612,-0.7166674702738824,-0.0752146712406436,-0.6040851585690171,0.6673617316359872,0.3283131513730994,0.0774217159936871,206
-1.7715219821230852,2.123852707770914,-0.9412025734253184,-0.1695797577544513,-1.7735368186888454,-0.8312174988786917,-1.2802261639050172,-0.9383703725140832,-1.6598823476495213,1.8304923976744016,-2.1457271651912215,2.3365694232292062,0.6673617316359872,1.0748410291029065,-0.4047661643178726,207
-1.2846526167121166,2.123852707770914,-0.9412025734253184,-0.1695797577544513,-1.229067618035029,-1.9353071372315944,-2.048452523810019,-2.2590405798136697,-2.3223822953668862,0.8753074471937949,-1.7293438641543777,1.3244782050777753,-0.5142513094152622,0.102996798304369,0.559609596305247,208
0.4664825375987833,0.1045879304135137,-0.9412025734253184,-0.1695797577544513,1.1411184055945387,0.1615901895138897,0.1841380548530141,0.1234134260442054,0.1464253051853126,1.2892209257353913,1.1543212829151126,-0.7769295687746988,0.6673617316359872,-0.1667474675567102,1.0417974766168068,209
0.9854906740396838,-0.4390602788750172,1.240839290619718,1.3972091304319767,0.1745856642416582,-0.091656646386439,-0.2037123419182193,0.770259175344362,0.6490488965948397,-0.3982724867803469,0.088392995874863,0.825172712737353,0.6673617316359872,-0.4732534742056472,0.0774217159936871,210
0.8388014261178824,0.3253172785456991,-0.3899498919823619,-0.1695797577544513,0.9348773800708068,-0.2629440422367701,-0.2259424209709239,-0.1219178819189451,-0.0252971555029301,-0.0040691738835885,1.1514753926988903,-0.6303515383937134,0.6673617316359872,0.2759359850379729,-0.8869540446294324,211
0.5022259497065916,-1.2933646077569945,-0.9412025734253184,-0.1695797577544513,-0.8167461425041092,0.1602723508330691,0.0677966131505526,0.8101518634018285,0.6861378380065867,-0.0798775032868114,-0.7065809458616991,-0.74075511137692,0.6673617316359872,1.1858669400180142,0.0774217159936871,212
0.8449612555819531,0.0084324648250659,-0.4424501473578816,-0.1695797577544513,1.1411184055945387,0.2388544853047233,0.2496047732188028,0.1070478311971228,0.0959950397396893,0.2119845649155958,0.7321262275444999,-0.8580721086115773,0.6673617316359872,0.5953086882898637,1.0417974766168068,213
0.8353734885805801,0.3253172785456991,0.1613027894605945,-0.1695797577544513,1.0203815869739816,0.930147156106818,0.8149467713002697,1.3563179819284572,1.112723719659928,-0.2072354966842256,0.8380015701167908,0.0167377412252264,0.6673617316359872,2.1460200663205593,1.0417974766168068,214
0.6632513379610149,-0.1542921692476915,-0.0683858278073039,-0.1695797577544513,0.4863059004621416,-1.37157189669615,-1.4214486199409495,-1.12519176277841,-1.0812124104690768,-0.4619514834790539,0.1740339508882895,-0.5046029235293632,0.6673617316359872,-0.7401034991847932,1.0417974766168068,215
0.9318532154063252,0.0355532371705256,-0.3593247430133088,-0.1695797577544513,0.5423675724648754,-0.4084423710558952,-0.5524058585821021,-0.192876605440601,-0.3936454736931151,-0.2921408256158352,0.6512051879795273,-0.1345276194491807,0.6673617316359872,-0.2592785493971699,0.559609596305247,216
-1.0584594897668251,2.123852707770914,-0.9412025734253184,-0.1695797577544513,-1.0803018469105024,-0.5954530566688454,-0.8268199660846284,0.1032944962961431,-0.1972039594731315,0.8753074471937949,0.4350104885147368,-0.8924440415303541,-0.5142513094152622,0.1185299298849403,-0.4047661643178726,217
1.0921135492587095,-0.1949733277658808,0.4303665982601329,-0.1695797577544513,1.2538885774942763,0.2252047802819305,0.3359722367194425,-0.7128269299610053,-0.6107634337411466,0.5746010738943447,1.4379293111201494,-0.1221215286134157,0.6673617316359872,-0.6990413383092235,0.0774217159936871,218
0.9671403822399356,-0.3888070830584303,-0.119727989314246,-0.1695797577544513,1.7548168128673605,1.5247212129923906,1.4951530997674496,0.4066393498075571,0.1442991568521773,0.0292864910538297,1.7302844865719589,-0.8964125973124588,0.6673617316359872,-0.4464546321377036,0.559609596305247,219
-1.4822934870191251,2.123852707770914,-0.9412025734253184,-0.1695797577544513,-1.229067618035029,0.335638089589643,0.2677163428009626,0.1316016398740157,-0.0298697887641157,0.8753074471937949,-1.0243194215479894,1.808473137602362,-0.5142513094152622,0.6948093442353372,-1.3691419249409922,220
1.0517280745195436,-0.3365437594091798,0.8742562574601518,-0.1695797577544513,1.3596786760564423,0.5147701703262486,0.5053392016999442,0.3073495758162191,0.2328129890666973,0.7054967893305762,1.1890034895369708,-0.1883674592169299,0.6673617316359872,-2.1771992624368894,0.0774217159936871,221
0.962147865808076,-0.6720523685701019,1.2805127790569002,2.109385897789444,-0.0439746062202448,-0.2916143999299497,-0.129617726082004,0.3119120771960214,0.6642455197855128,-0.3186737409069631,0.0396921851339907,0.0293891092612008,0.6673617316359872,0.0283009811892915,0.0774217159936871,222
-2.151694622343852,2.123852707770914,-0.9412025734253184,-0.1695797577544513,-2.2653948587252866,-2.5912628381445906,-1.73232362699099,-2.6496571311489405,-0.9484441444218568,-0.0798775032868114,-2.026678205758195,-0.5868292381609331,-0.5142513094152622,0.172539342416726,-0.8869540446294324,223
-0.937611090478614,2.123852707770914,-0.9412025734253184,-0.1695797577544513,-0.9434506035223198,0.2661555434623011,0.1257368609253567,0.4675629124534776,0.2168066361748992,-1.5126549290077211,-1.2640521952317212,-0.5531265434478913,-0.5142513094152622,-0.1123595238913761,-0.8869540446294324,224
1.0210683952133155,-0.3613962489766557,0.6457369640619807,-0.1695797577544513,1.4267354201072486,0.9777802721411836,1.1106111229922957,0.0179909744404587,0.095245519539553,1.2977930983679096,0.997001086395921,0.1814339982933825,-2.877477391517761,0.4241520067435853,2.0061732372399264,225
-1.9202865637684132,-1.2933646077569945,2.5500644090467395,-0.1695797577544513,-1.7735368186888454,1.2593293367554188,1.3107159648573676,1.7608284089457495,1.7864733919793194,2.7856773481550077,-0.0630133147586427,0.1013274968468411,0.6673617316359872,0.736680673921815,0.559609596305247,226
-2.1029242777389396,2.123852707770914,-0.9412025734253184,-0.1695797577544513,-2.2653948587252866,-1.999330451663248,-2.1418783740307195,-1.6062637742182615,-1.6610358997102397,-1.9902474042480245,-2.528299050279702,1.248027072241001,0.6673617316359872,-0.1132080442769431,-0.4047661643178726,227
-1.02161699813665,1.6356788055526414,-0.9412025734253184,-0.1695797577544513,-0.6987871113526425,-1.4772236044817886,-1.4726236491214166,-1.2147827931698885,-1.0661609704435384,0.5569124637002594,-0.5104334579285441,0.6067779199270654,-1.6958643504665116,0.8790225806303982,0.0774217159936871,228
0.2061817484351041,0.4152440500069599,0.8044309178107106,-0.1695797577544513,-0.2069290713162014,-1.7305528401020922,-1.7759820524861296,-2.119576026471326,-2.0869578542005365,0.8753074471937949,-0.1581418318063906,-0.8503788075351761,-0.5142513094152622,-2.2330229785077207,-1.3691419249409922,229
-1.1111306759301056,-1.2933646077569945,2.5500644090467395,-0.1695797577544513,-0.6987871113526425,0.3793409063112077,0.382378462771113,0.2086746056614917,0.1697328039126601,1.8304923976744016,-0.4463773627578257,-0.757683166080656,0.6673617316359872,-0.2160950672525559,1.0417974766168068,230
-1.1806445343430974,0.0735223184541691,-0.9412025734253184,-0.1695797577544513,-0.8167461425041092,0.1008427268129571,-0.1334808353610629,0.705328394314449,0.335645263893587,-1.0350624537674178,-0.2569862826755609,0.1576105303442689,0.6673617316359872,-0.4131291104546778,0.0774217159936871,231
1.11289751193633,-0.3012692580876014,0.4102556133380588,-0.1695797577544513,1.583701340337675,-0.0397139296192777,-0.2527655586307984,0.1301554799048413,-0.2244966629166665,0.1493668848285338,2.0929906291538853,-0.8963101282622046,0.6673617316359872,1.120150382967373,1.0417974766168068,232
0.8672865278286865,-0.4390602788750172,0.6298675686871077,-0.1695797577544513,1.2538885774942763,-0.5491574122476865,-0.6274941058546095,0.0174235007828174,-0.030612885793206,0.3579155990167995,0.8189150197612294,-0.7102544946127654,-0.5142513094152622,0.3969916363757571,-0.8869540446294324,233
0.6066150531240105,0.2253986435887427,-0.7472432966213153,-0.1695797577544513,0.8448709248486781,-0.8644023348191011,-0.6415664240185374,-0.0092880262938911,0.5150324100252961,-0.4778712326537309,1.0445689593294554,-0.2654339535025984,0.6673617316359872,0.875665460783769,0.0774217159936871,234
0.6186333572599704,0.0209497443691244,0.1330334211814687,-0.1695797577544513,0.4283434747215191,-0.9412925275067344,-1.1122103864283337,-0.6412480691531434,-0.8389183752996958,0.0474804901106026,0.1683793547030173,-0.9639673640611152,-0.5142513094152622,0.3159597336872642,0.559609596305247,235
0.5499357991361812,-0.2060681891799325,-0.9412025734253184,-0.1695797577544513,1.0203815869739816,1.197572226164605,1.303845931254663,0.4056004720683212,0.4316330825235668,0.5569124637002594,0.8414347788872252,-0.4202621107592978,0.6673617316359872,-0.568563953553069,0.559609596305247,236
-1.629119448398653,-1.2933646077569945,-0.9412025734253184,-0.1695797577544513,-1.3920220831309849,-0.1139897900656721,-0.2915623261980954,0.3264177791559562,0.0604135690872393,-1.9902474042480245,-1.6851893398582385,-0.3014164693880298,0.6673617316359872,0.7225736580301793,0.0774217159936871,237
0.5012294609359604,0.4152440500069599,-0.9412025734253184,-0.1695797577544513,-0.5884438068740612,-0.4565476700951686,-0.4050569823025667,0.1266811056310214,0.2984300798382426,0.8753074471937949,-0.1720658382672805,-0.7283063198583044,0.6673617316359872,1.1547613875555829,0.559609596305247,238
0.8655421139170735,-1.008596498129669,0.2225530873987008,1.9194720931607865,0.4283434747215191,0.5655598985416513,0.674395044894075,0.5370985206716486,0.6781665813209445,0.0474804901106026,0.3283526735751192,-0.6362006813723073,-0.5142513094152622,0.0675810484448418,-1.851329805252552,239
-0.533237579142243,-1.2933646077569945,1.96818657863473,-0.1695797577544513,-0.0439746062202448,1.8212380660723315,1.8963883463008868,1.3594440180051726,1.3059861357022997,-0.6802794721603355,0.8324242374605612,-0.8457416088795076,0.6673617316359872,0.9231172323429598,0.0774217159936871,240
-0.2963852623687142,1.0724012260700193,-0.9412025734253184,-0.1695797577544513,0.1047911649042819,0.326529594765924,0.429771413685891,-0.1592801520205123,-0.0437846787455743,0.6418177926318693,0.9639457049800406,0.0724336090056429,-1.6958643504665116,1.4917391710943049,0.559609596305247,241
-0.5814606644408037,-1.2933646077569945,1.9152885940518205,-0.1695797577544513,-0.0439746062202448,2.656280020423862,2.54833463687108,0.7506816908786752,0.1986149637508373,0.4411324697026101,0.0826092177826663,0.1980223400354882,0.6673617316359872,-2.046479002711542,-0.4047661643178726,242
0.9790113891710726,0.2016679677864656,-0.0683858278073039,-0.1695797577544513,0.4863059004621416,0.7686431994489183,1.004320384235648,-0.3006764614225324,-0.0357749629698276,0.7337985656411123,0.43140384381928,0.8492038676378871,-0.5142513094152622,-0.3227452138252286,0.559609596305247,243
0.1296340307376005,-1.2933646077569945,-0.9412025734253184,-0.1695797577544513,-0.4847922049148178,0.4160163964518514,0.3388638050155839,1.2612601457994226,1.1582439520083732,1.512097414180866,0.0883870634595429,-0.9701240689800534,0.6673617316359872,-0.0224684651841308,1.5239853569283666,244
1.166595925524151,-1.2933646077569945,-0.010198044766103,-0.1695797577544513,0.6492603655580976,-0.8245229424547039,-0.7297635718381705,-0.3006894197540632,-0.0282354994573026,0.2385174802067241,0.2560447013382274,-0.019696088525734,0.6673617316359872,0.9460564760565636,-0.4047661643178726,245
0.7814973201229374,1.2695483788889372,-0.2865900142118076,-0.1695797577544513,0.6492603655580976,0.544586618009924,0.5049574708152834,-0.4876234191352897,-0.6806214993998791,0.7305824546967331,0.5071738758269762,1.5358928656950683,0.6673617316359872,0.249627258066444,0.559609596305247,246
0.8848707276637257,-1.2933646077569945,-0.5047942006163112,-0.1695797577544513,0.6492603655580976,0.4082555760828734,0.2132403510892957,0.2596683343507532,-0.124693143910636,-0.0268116727045557,0.6253436230794605,-0.4593361771892637,0.6673617316359872,0.1802937195238235,2.0061732372399264,247
-1.8030479152667471,-1.2933646077569945,-0.9412025734253184,-0.1695797577544513,-1.5721598869469433,-1.442943839649366,-1.2394966508938503,-0.6252175229581836,-0.0905485409695011,-0.0798775032868114,-1.2268178265063665,-0.3601147633022072,-0.5142513094152622,1.1509024308900715,0.0774217159936871,248
-1.8897184725813987,2.123852707770914,-0.9412025734253184,-0.1695797577544513,-1.7735368186888454,-0.5635658024255223,-0.3895889364039174,-0.4664271621531163,-0.1102381536441421,-1.9902474042480245,-1.718643798928304,-0.8463044499564297,0.6673617316359872,-0.2018467250156705,-0.8869540446294324,249
0.7508531263977387,0.8812282293971293,-0.3064267584303988,-0.1695797577544513,0.3061680966461833,-0.5107830440227288,-0.0262280368189742,-0.0746213995620708,0.844307435482007,0.3977149719534917,-0.6705501760256068,0.9237536216605764,0.6673617316359872,0.3138710612324062,1.0417974766168068,250
0.5252816054485137,0.6050894564251772,0.6104716410067073,-0.1695797577544513,0.1745856642416582,-0.197538331476387,-0.4449729992163668,0.179066505603272,-0.2066476032772922,0.2385174802067241,-0.8214106058835421,0.1253407535948779,0.6673617316359872,0.0392431598236113,-1.851329805252552,251
0.0578768085847977,0.0735223184541691,-0.9412025734253184,-0.1695797577544513,-0.4847922049148178,0.2136587522602034,0.379343044701546,0.3749750801231098,0.6583835291525554,0.8753074471937949,0.3480337873236657,-0.1370259515646623,0.6673617316359872,0.1365179944198545,0.559609596305247,252
0.8465184607379491,-1.2933646077569945,0.2225530873987008,-0.1695797577544513,0.3061680966461833,2.4287143003980747,2.453880332701568,1.6646088115719857,1.4511557024852926,1.022258978036965,0.412885713255842,-0.2394957095386441,0.6673617316359872,2.058700109285516,-0.4047661643178726,253
0.0927370254023539,-0.1542921692476915,-0.9412025734253184,-0.1695797577544513,-1.0803018469105024,-1.075279194323654,-0.8570402230518881,-1.3686635469501118,-0.9237754003378852,0.5569124637002594,-0.3344625845436417,-0.7627340633351517,-2.877477391517761,1.4760825130724498,-0.8869540446294324,254
-0.5510316488483767,-1.2933646077569945,2.162145855438733,-0.1695797577544513,-0.0439746062202448,-0.3998861363622946,-0.766596963958259,-0.1777877107940231,-0.7664035246860018,-1.2473257760964416,0.3298698770138623,0.6314397817848009,0.6673617316359872,0.7419093669969602,-2.8157055658756716,255
-1.9257289576437255,2.123852707770914,-0.9412025734253184,-0.1695797577544513,-1.7735368186888454,-0.0093979017161114,0.0663892648678612,1.9033773192951076,2.1842691102328753,-1.9902474042480245,-0.7909590196312086,-0.412194856739434,-0.5142513094152622,-2.0706355758114916,-0.4047661643178726,256
1.2318821805182396,-1.2933646077569945,-0.0683858278073039,2.963998018618405,-0.8167461425041092,-0.0071800570085615,0.0526185533364835,1.907290029275679,2.1602719078009,-1.0350624537674178,-1.1673134997626664,3.076734370437868,-0.5142513094152622,-0.1111615258910226,0.559609596305247,257
0.08830221221861,-0.3170168033204491,-0.4424501473578816,-0.1695797577544513,-0.2069290713162014,-0.5298824052329317,-0.74208498658637,0.4558408696698675,0.205467683306311,-0.0798775032868114,-0.3642597847991494,-0.4030646492313612,-0.5142513094152622,1.9207113441977033,0.559609596305247,258
-0.8731080718433962,-1.2933646077569945,1.96818657863473,-0.1695797577544513,-0.3870668751321598,-0.7869749915612447,-0.8434959080555493,-0.8603628156486477,-0.9002092719085415,0.3977149719534917,-0.7958889950439875,1.7957440278174222,-1.6958643504665116,-2.101912328626304,-0.8869540446294324,259
-0.1582220500632833,-0.4390602788750172,-0.9412025734253184,-0.1695797577544513,-1.3920220831309849,-3.4358534255813296,-3.780343201516764,-4.137580237834312,-4.507068533961765,-0.0798775032868114,-2.5808929488801557,2.3506674122813127,-0.5142513094152622,0.6185221944577953,-1.3691419249409922,260
-1.937419761029333,2.123852707770914,-0.9412025734253184,-0.1695797577544513,-1.7735368186888454,-1.0285303262698362,-0.7759931288424641,-1.286247262354717,-0.7827536887347175,1.8304923976744016,-1.2104544728180042,0.4913127445771324,-0.5142513094152622,-0.7175324886892511,0.559609596305247,261
-0.3026899186129336,1.3644710820980457,-0.9412025734253184,-0.1695797577544513,0.0320258085011839,0.0971112239742187,0.3137414768468505,0.698746738760631,1.1144856094844915,0.302196476905431,0.3357060882027604,0.4802492170769868,-0.5142513094152622,0.1597218566054616,0.0774217159936871,262
1.2751653970315158,0.2599159902102367,0.0109611490670609,1.5396444839034702,0.7980261366826243,0.4064939183550828,0.4098632096654044,-0.0706858400515456,-0.1348939217706368,-0.2454428947034499,1.5657357547495392,-0.5298715231858336,-0.5142513094152622,-2.1659370624782097,-0.8869540446294324,263
-2.049448266585085,-1.2933646077569945,-0.9412025734253184,-0.1695797577544513,-2.001839154318893,-0.5433507946341479,-0.2965664788146747,0.9614344864546728,1.5518276916080995,-0.0798775032868114,-2.1436070457330665,4.659511066520451,-0.5142513094152622,0.7594193925802889,-0.4047661643178726,264
-1.4720636771277236,-0.6099211446514127,0.4553042195635048,-0.1695797577544513,-1.229067618035029,-0.0707638829861865,-0.275793138138054,1.0287446094212256,0.7622822702068808,-0.3982724867803471,-0.0942546217968606,1.3246377835901963,0.6673617316359872,0.7102686329512039,1.5239853569283666,266
0.7668258749445273,-0.0872879081589089,0.7017465947968266,-0.1695797577544513,0.4863059004621416,0.1848625104852666,0.6429668109909996,-0.342428049265427,0.3991757311569891,1.462063916774739,0.8469743330254592,-0.6870454454859113,0.6673617316359872,0.1670214455056625,1.0417974766168068,267
0.9928628348643928,-0.2419131260560993,1.207269415788256,-0.1695797577544513,0.5423675724648754,-0.0954112022108106,-0.2056448834536405,0.0843495004080525,-0.0860195978072542,-1.0350624537674178,0.8727405321580087,-0.7622311446676966,-0.5142513094152622,0.0773313903209334,0.0774217159936871,268
0.6019981828667106,-1.2933646077569945,-0.9412025734253184,-0.1695797577544513,-1.5721598869469433,-1.168257009798276,-1.5575597874264795,-1.5325730359105003,-2.1420455048969607,-0.5574699785271147,-1.5871540163256128,-0.8079580796107744,-2.877477391517761,-0.2122160917194755,-0.4047661643178726,269
-1.1945534954471522,2.123852707770914,-0.9412025734253184,-0.1695797577544513,-0.8167461425041092,0.1726623888907688,0.1904553278701043,0.302671559311895,0.3294846774561665,-0.4619514834790539,-1.1858441956847117,1.3253357188962465,0.6673617316359872,0.4776083207946618,1.0417974766168068,270
-2.114625365981809,2.123852707770914,-0.9412025734253184,-0.1695797577544513,-2.001839154318893,-2.7198402420564127,-3.1614763586381596,-2.8762437350693943,-3.4331973539842764,-0.0798775032868114,-2.5260936382922226,-0.0141870420941338,0.6673617316359872,1.5358382891399538,0.559609596305247,271
0.4286391664158167,-0.0507401293832093,0.0109611490670609,-0.1695797577544513,0.3061680966461833,-0.5849039057201441,-0.7715508734165175,-0.2053364624269744,-0.4533864423927615,0.4773137178268757,0.3239079216099481,1.4721691104336871,0.6673617316359872,-0.318672064090972,0.559609596305247,272
-0.3885343610874504,-1.2933646077569945,1.6772476634287252,-0.1695797577544513,-0.2069290713162014,-0.8565767188947233,-0.9061563867877452,-0.5787753120519986,-0.5739066437741275,-0.0798775032868114,-0.8798632783945471,-0.2204877635644748,0.6673617316359872,-0.395086372008421,1.0417974766168068,273
-0.1083874332039558,0.9847802692616112,-0.9412025734253184,-0.1695797577544513,-0.9434506035223198,-0.8871019614962882,-0.5730694137530415,-1.036902357056535,-0.4296101384502975,-0.5574699785271147,-0.6717441408263699,-0.6377295353078621,-1.6958643504665116,1.1750795002601508,-0.4047661643178726,274
-1.8528623310027323,-1.2933646077569945,-0.9412025734253184,-0.1695797577544513,-1.7735368186888454,-0.1205050348150974,-0.2999091390857707,1.7073649058720384,1.5460037477279849,-0.0798775032868114,-1.490051330094558,2.436580853904356,0.6673617316359872,2.2566753137248248,1.0417974766168068,275
-0.7662611931256766,1.2695483788889372,-0.9412025734253184,-0.1695797577544513,-0.2946266432554523,-0.9352933026383884,-0.7273760150820295,0.2700917682472105,0.8013200115315405,-1.9902474042480245,-0.8038830786696711,0.676786793992024,0.6673617316359872,-0.2610846140475752,1.0417974766168068,276
0.0273448164816577,0.9847802692616112,-0.9412025734253184,-0.1695797577544513,-1.3920220831309849,-2.64015555657385,-2.5549523228977176,-2.7358213289991444,-2.3793598070508923,-0.0798775032868114,-1.8209186512532964,0.3586486793535406,-0.5142513094152622,-0.3143351265292424,-0.4047661643178726,277
-0.96149952774767,0.7569657815597508,-0.9412025734253184,-0.1695797577544513,-0.6987871113526425,-1.120122407399758,-1.112578124293734,-0.8219490893871334,-0.6945961555448543,-1.0350624537674178,-1.271369068506778,1.0704246858322335,0.6673617316359872,0.4730462827745734,1.5239853569283666,278
-0.3641612830803418,-1.2933646077569945,0.4553042195635048,-0.1695797577544513,-0.8167461425041092,-0.5803530513123702,-0.6505478816215946,0.1299258046148717,0.1096845643513369,-1.3534574372609536,-0.6070842857281975,-0.4982307807594331,0.6673617316359872,0.4348808408303451,0.0774217159936871,279
-1.5660445237637477,2.123852707770914,-0.9412025734253184,-0.1695797577544513,-1.3920220831309849,-0.8531509926544,-0.9904981563447848,0.4149751118720589,0.3430436759818817,-1.9902474042480245,-1.0935201392182008,1.3696531370503555,-0.5142513094152622,0.1927154697591932,-1.3691419249409922,280
-0.0529715941079405,-0.1542921692476915,-0.9412025734253184,-0.1695797577544513,0.5423675724648754,0.6794512387523846,0.6726758720955288,0.5297920002691808,0.4509018473132477,0.2794539780844638,0.6995263236446758,-0.8080398052880836,0.6673617316359872,-2.258311615406431,1.0417974766168068,281
-1.7643533716998254,2.123852707770914,-0.9412025734253184,-0.1695797577544513,-1.5721598869469433,-0.955429822358958,-0.938475727879568,0.2345753578187913,0.4336434578439562,-1.0350624537674178,-1.0076085081108614,2.2903537313877593,-0.5142513094152622,-0.4041097462803567,-1.3691419249409922,282
0.6521442145973778,0.3253172785456991,0.3450536832749133,-0.1695797577544513,1.179540872240484,1.1399050974014828,1.0670682744233977,-0.2039781054778964,-0.5274746985173908,-0.201170830331968,-0.1552988895992841,-0.5821607153143576,-0.5142513094152622,1.6860995451931304,-2.8157055658756716,283
0.2529951876033822,0.7569657815597508,0.4553042195635048,-0.1695797577544513,-0.123511170725766,1.050689887143307,0.8071125819520061,0.6264714261300924,0.0838341142844569,1.034504938940563,-0.147381264042053,0.3623157069700845,-0.5142513094152622,-2.3330475493237777,0.0774217159936871,284
0.9430849050070096,-0.5339829820841259,0.2225530873987008,-0.1695797577544513,0.8904663685593319,-0.0265355760237137,-0.1662112311069212,-0.3309734948222319,-0.5954357042417625,-1.1169354495228985,0.1063835557732612,0.21068154814754,-0.5142513094152622,0.3030107348024051,-0.4047661643178726,285
0.6957363362192258,0.6593310011160962,-0.6087009560470272,-0.1695797577544513,0.8904663685593319,1.8297100862579003,1.912148349939836,0.6852448713924063,0.5909324787416984,-0.0798775032868114,0.5856769939235207,0.4201940917543064,0.6673617316359872,-0.6585045699016928,1.0417974766168068,286
1.0060609323551442,0.4152440500069599,-0.4424501473578816,-0.1695797577544513,0.2416424082924644,-0.6020942214069374,-0.4032416869853075,-0.5343668554941847,-0.1340045742239894,-0.898607460841617,0.0551723721148429,-0.7677050078931,0.6673617316359872,-0.779939450958425,0.0774217159936871,287
0.8141312172405781,0.4152440500069599,-0.9412025734253184,2.337282463343834,0.2416424082924644,0.6331345263945665,0.5551351517352514,1.282402567493213,1.1450623641557058,-0.7166674702738824,-0.0219270413463019,-0.4543335269810143,0.6673617316359872,0.2136587844424109,-1.3691419249409922,288
-2.1084853023547376,2.123852707770914,-0.9412025734253184,-0.1695797577544513,-2.2653948587252866,-1.830135141710292,-1.4101373712575471,-1.3079585628743349,-0.3876396789205122,-0.0798775032868114,-2.1578272877863034,1.7450159956392803,0.6673617316359872,0.6067800101590094,0.559609596305247,289
-2.2115276492701073,-1.2933646077569945,-0.9412025734253184,-0.1695797577544513,-2.2653948587252866,-0.8642110914629455,-0.5172228956107456,0.3954669984447435,1.167400218456916,-0.0798775032868114,-2.2989260076270406,2.483083575469458,0.6673617316359872,1.874363295516443,0.559609596305247,290
0.8884376718713896,0.7569657815597508,-0.2429491769309068,-0.1695797577544513,0.5423675724648754,0.6322332177882991,0.5387597478341355,-0.111503571172055,-0.3832234422932427,1.1618629323379768,0.7328688423943844,-0.2292591380596242,0.6673617316359872,1.467140323226784,1.0417974766168068,291
0.6991144335678539,-0.4390602788750172,0.2225530873987008,-0.1695797577544513,0.368346869310675,1.4687627514700663,1.1272332072594624,0.7377435941567515,-0.0332148990983757,1.8304923976744016,-0.2958626676135643,0.0002928165485533,0.6673617316359872,-0.5574340682159868,0.559609596305247,292
-0.6300284271552705,0.0735223184541691,-0.9412025734253184,-0.1695797577544513,-0.8167461425041092,-0.2065666618187966,-0.3726454269720864,0.7892007859364506,0.593605283027816,-0.0798775032868114,-0.5270594678836813,0.0725405980599353,-0.5142513094152622,0.638437065402386,-0.4047661643178726,293
0.8365593049628076,-0.3365437594091798,-0.3825998562297892,-0.1695797577544513,1.289884176719066,1.5415645805089175,1.5638884835287477,0.3368084747236885,0.1567350004675574,0.7001902062723506,1.207132301394647,0.7755517247764928,0.6673617316359872,0.0943129377032473,0.559609596305247,294
1.114741120217142,-0.5339829820841259,-0.2946716507453077,0.2946539868933792,1.1411184055945387,-0.0142119157017723,0.0686171361097746,-0.8896536575344514,-0.8117960151234069,0.1854516496244679,0.8453586723080946,-0.6089527059446525,-2.877477391517761,-0.2620695173713418,-2.333517685564112,295
0.904855063127543,-0.0403849253967613,-0.3593247430133088,-0.1695797577544513,1.613436486536303,0.5652723540500548,0.684365228176678,1.4119320263443136,1.6387482163287668,1.002665440591209,1.7360904381204474,-0.9569324124997362,0.6673617316359872,0.5566919937879156,0.0774217159936871,296
0.5859297004147053,1.0559722966684428,-0.0683858278073039,-0.1695797577544513,0.5423675724648754,0.3666783208512672,0.2235615398810036,0.1863431225387745,-0.1067280185845837,-0.981996623185162,0.7179983585608711,-0.2127387516243297,-0.5142513094152622,-0.0087301112207463,-0.8869540446294324,297
1.1247366640850358,0.0209497443691244,0.4015924198331655,-0.1695797577544513,1.2171188203159682,0.9511268743067322,0.9088557807014652,0.1866152813054387,-0.023683099659612,-0.2436234947977726,1.0771212440332985,-0.9888681944305948,0.6673617316359872,-0.8380354309074344,0.0774217159936871,298
0.3477745917528934,0.6050894564251772,0.6104716410067073,-0.1695797577544513,-0.4847922049148178,0.1846021448729104,0.4404235454087797,0.8530659060588428,1.3351493846275129,0.8753074471937949,0.3499654089474517,-0.0296277746168469,-0.5142513094152622,-0.386762650643991,0.0774217159936871,299
-0.8291204389851531,-1.2933646077569945,0.8044309178107106,-0.1695797577544513,-0.4847922049148178,-0.611342738265047,-0.5926556890756648,0.8414989109238812,1.0359929451905363,-1.0350624537674178,-0.3939668213612576,2.006292185905226,0.6673617316359872,0.1960969723906317,-0.8869540446294324,300
1.0716324103970731,-0.3170168033204491,-0.3177620408410224,-0.1695797577544513,1.4267354201072486,-0.4691652778401144,-0.454133312114077,-0.829139675525443,-0.7924550825242144,-0.0639577541121347,0.27088859245209,-0.1241873313067102,0.6673617316359872,-0.4418440748542155,0.0774217159936871,301
-2.097382966119537,2.123852707770914,-0.9412025734253184,-0.1695797577544513,-2.001839154318893,-0.6686057886111031,-0.5489552630758474,-1.6390325332366242,-1.4507879301916171,2.7856773481550077,-2.5139914703805726,-0.8734234475559046,-0.5142513094152622,0.0078979966117534,0.0774217159936871,302
0.034645042585344,-0.6526363610955115,-0.2865900142118076,-0.1695797577544513,0.596649204940723,0.0915005271518769,0.0029445912807818,0.4672325961312577,0.3344668811666314,-0.2072354966842256,0.9760583847117186,-0.8803771517909575,0.6673617316359872,0.5937932291418093,1.0417974766168068,303
0.4456380904574842,-0.0872879081589089,-0.7358339273975504,-0.1695797577544513,0.6492603655580976,1.120174147823248,1.1954187033278114,0.3192303681573164,0.2968696422300442,-0.684827971924529,0.9517343470113234,0.0593793887233578,-0.5142513094152622,-0.1881689555615108,0.0774217159936871,304
-1.9239952306821433,-1.2933646077569945,-0.9412025734253184,-0.1695797577544513,-2.001839154318893,-1.1889332508344472,-0.9870286113631628,-1.5690217311595722,-1.1499259498789514,1.8304923976744016,-1.715857515395414,-0.7373576314298388,-0.5142513094152622,-0.5780331959092666,0.0774217159936871,305
0.9023810956744424,0.272859995193297,0.9499003754137127,-0.1695797577544513,1.061581841089018,0.794812090580155,0.7548122692575447,0.9414459190754716,0.8182040994109111,1.0875707695228185,1.0046979743834754,-0.8278809806287015,0.6673617316359872,0.3613545278639826,-2.8157055658756716,306
0.3692713340443996,-0.6424660714659642,0.0563022787095552,-0.1695797577544513,1.061581841089018,1.5008237582986526,1.4710841075066508,2.019263596970293,1.8852573848861884,0.0243244913110726,1.4894080346969678,-0.7669853195315618,0.6673617316359872,-2.35182522764038,-0.4047661643178726,307
-0.900004458470453,0.9847802692616112,-0.9412025734253184,-0.1695797577544513,-0.5884438068740612,-1.1075138599052523,-1.0900191559793535,-1.4254906470343898,-1.3290798009369265,1.352899922434098,-0.3464376099445802,-0.4927519100543926,-0.5142513094152622,0.915438442034712,-0.4047661643178726,308
-2.314836172802234,-1.2933646077569945,-0.9412025734253184,12.364731347736974,-2.5771150949457695,-1.5993992812777265,-1.5987658090500425,-0.901112307216342,-0.7159926912387311,-1.9902474042480245,-2.0410408942305427,0.5579630523310513,-2.877477391517761,-2.324496396520961,0.559609596305247,309
-1.1638110617574358,-1.2933646077569945,2.5500644090467395,-0.1695797577544513,-0.6987871113526425,-0.1910763887683462,-0.0070144851706317,0.19046302475907,0.5558595529047718,-0.5574699785271147,-0.6790502484029786,-0.6425810251814802,-2.877477391517761,0.0911992204301195,-2.8157055658756716,310
-0.7277883151117074,1.147504903334369,-0.9412025734253184,-0.1695797577544513,-0.5884438068740612,-0.7312919184637919,-0.8704890912824713,0.1006073783081477,-0.0181062588325056,0.5569124637002594,-1.1989992773545948,0.6683150802090223,-0.5142513094152622,-0.0754836074602838,1.0417974766168068,311
-1.0900810646739651,1.2695483788889372,-0.9412025734253184,-0.1695797577544513,-1.0803018469105024,-0.940655971829742,-0.9933937772168272,0.2606331723271861,0.338000906169797,-0.0798775032868114,-1.4531705521242393,-0.7639214083575597,-0.5142513094152622,1.2537869424931771,1.0417974766168068,312
0.1094754961861975,1.147504903334369,-0.9412025734253184,-0.1695797577544513,-0.4847922049148178,-0.7694099555138652,-0.189637928841905,0.0333798749227246,1.1676307566899695,-0.0798775032868114,0.4610291969302817,-0.4546509294544771,0.6673617316359872,0.375173280707242,1.0417974766168068,313
0.1334887045803109,0.8812282293971293,-0.9412025734253184,-0.1695797577544513,0.0320258085011839,-0.840716885546912,-0.5414460827211368,0.1096451426893396,0.7725454653602505,-0.0798775032868114,0.767897361304225,-0.4989551373017888,0.6673617316359872,1.0498292309722883,1.0417974766168068,314
0.6546192934680045,-0.2681994130986218,1.1535576160579164,-0.1695797577544513,0.4283434747215191,-0.8317816432341139,-0.7253316706923364,-0.3134901705385658,-0.020519506963058,-1.0350624537674178,-0.0888116309779737,1.0226589513698257,0.6673617316359872,-2.0050823861428784,0.559609596305247,315
-0.0761774535733643,-1.2933646077569945,1.6313099399751452,-0.1695797577544513,0.5423675724648754,1.7367578025144483,1.597143226864978,1.024749827385289,0.5848293898517752,0.8834714211295266,1.2609120642073597,0.1367164815987595,-0.5142513094152622,-0.0601206699910422,-1.3691419249409922,316
-0.8669276534020633,2.123852707770914,-0.9412025734253184,-0.1695797577544513,-0.3870668751321598,1.392982869582692,1.3823941692621744,0.6040912232655217,0.4109528723205394,0.8753074471937949,0.1049982941374634,0.7400734357607448,-0.5142513094152622,-0.295409786575363,0.559609596305247,317
-2.145407511097344,-1.2933646077569945,2.5500644090467395,-0.1695797577544513,-2.2653948587252866,-1.2776862575106438,-1.174143362456197,-0.33378190920314,0.0232454772315196,-0.0798775032868114,-1.634822712458939,1.1791429127860318,-0.5142513094152622,-0.0048047824690497,-0.8869540446294324,318
-2.229180997929387,2.123852707770914,-0.9412025734253184,-0.1695797577544513,-2.5771150949457695,-1.1040499599850726,-1.6360764235560437,-0.0275508461892499,-0.7809334385055566,-0.0798775032868114,-2.494452257518794,0.2078427128263426,-2.877477391517761,1.4484816442908768,0.559609596305247,319
-1.4541835659152098,1.554316488516263,-0.9412025734253184,-0.1695797577544513,-1.229067618035029,-0.1254712419979036,-0.2857390026072192,-2.0730262651530245,-2.4902351283673925,0.5569124637002594,-1.7082794642019676,-0.8588105409765163,0.6673617316359872,-0.0212407348795729,-1.3691419249409922,320
0.7965101833746031,-0.8377356323532733,-0.2429491769309068,-0.1695797577544513,0.368346869310675,-1.8138723584618768,-1.3512641175446285,-2.045007237084988,-1.1099370020274988,-0.6105358091093707,-0.1180388807586518,1.0545003672811464,-0.5142513094152622,0.4891587039577968,-0.4047661643178726,321
0.5271403480823882,-0.8913390412242994,1.9339584709634352,-0.1695797577544513,0.5423675724648754,1.2189887198534346,1.2064245974388494,0.493500229011935,0.316029470475101,-0.6676836266594925,1.003526098633064,-0.632987702906859,-0.5142513094152622,-0.6687453529362949,-0.8869540446294324,322
1.088226148142784,0.2599159902102367,0.0109611490670609,-0.1695797577544513,0.6492603655580976,0.1345091028149553,0.2988608199716301,0.764709765853909,1.08856667916105,-1.114661199640802,0.9081251713068536,-0.7530657058823524,0.6673617316359872,-1.7867756683528255,0.0774217159936871,323
-0.0110593814951178,0.4152440500069599,0.8044309178107106,-0.1695797577544513,-1.3920220831309849,-0.5739172960627033,-0.8843906112480517,0.907515909591233,0.5278392616553633,-1.9902474042480245,-1.103469045515277,1.5597238673832472,0.6673617316359872,-1.8150492586471232,-0.4047661643178726,324
-1.4316203649719794,-1.2933646077569945,2.5500644090467395,-0.1695797577544513,-1.229067618035029,0.0885718736064746,0.0793718109302402,0.683684990446442,0.7062959175184156,-0.0798775032868114,-0.2564738659142157,0.1978811115673339,-0.5142513094152622,-0.3076965227752038,1.0417974766168068,325
0.930418645983915,1.0986875131125415,-0.2429491769309068,-0.1695797577544513,0.8448709248486781,0.5620391456017055,0.4502882127608596,-0.402785942283246,-0.7175257514413931,0.3058702651765102,0.6640718711485641,-0.3539884506003508,-1.6958643504665116,0.1734468132380205,-0.8869540446294324,326
-1.3364799211604994,2.123852707770914,-0.9412025734253184,-0.1695797577544513,-1.0803018469105024,-1.7802175571165004,-2.0135134805496193,-1.985686324949848,-2.2616517973091503,-0.0798775032868114,-1.5542793526951426,1.837889947473875,-0.5142513094152622,-2.336531735051397,0.0774217159936871,327
0.5100185737253835,-0.4390602788750172,0.586226731406207,-0.1695797577544513,1.179540872240484,0.0339073487578361,-0.1853016446021918,0.3656553726724886,0.006728565082286,-0.3855366874406054,0.9433522499350452,-0.6689190876828701,0.6673617316359872,0.8158805371828937,1.5239853569283666,328
-1.6534965618974289,-1.2933646077569945,-0.9412025734253184,12.364731347736974,-1.5721598869469433,0.3444985950482938,0.2568035778153016,2.5277398232197834,2.516105474199642,-1.9902474042480245,-0.3184882880838235,0.0024073590038281,0.6673617316359872,-0.3950351242127312,0.559609596305247,329
0.4015873297238281,1.1187887914391763,-0.5304652813697822,-0.1695797577544513,0.5423675724648754,0.7688636516686975,0.7500550972023965,-0.300287734196579,-0.4782712635408689,0.7797889521457342,0.1438838946943322,-0.6468486733548253,0.6673617316359872,-0.4951312585459406,0.0774217159936871,330
0.9492025038034688,-0.3506839689906748,0.744236659492227,-0.1695797577544513,1.3596786760564423,0.9747111349118602,0.8020396835104158,-0.0171480330497946,-0.4737936977889951,1.8759773953163348,1.36593865772879,-0.2388252269303566,0.6673617316359872,0.6811063560670397,-0.4047661643178726,331
0.9798227699816832,-0.2142433502218654,0.1613027894605945,-0.1695797577544513,0.7498616048685348,-0.6785141845647888,-0.6528741274334188,-0.3255387146407622,-0.1984806398064045,0.6478824589841267,0.0217520472757882,-0.161053290149949,0.6673617316359872,-1.25249657734243,0.0774217159936871,332
1.1548635523116864,-0.7676388669065469,0.6701514184848623,-0.1695797577544513,2.006701974955039,0.7475855974655387,0.9697850103587008,-0.8088005629757831,-0.6031455266760634,0.3250556039254796,1.1431110580900266,-0.638438185747564,0.6673617316359872,-0.322485251192183,1.0417974766168068,333
-0.9070920704969584,0.4152440500069599,-0.9412025734253184,-0.1695797577544513,-0.5884438068740612,0.6738607873195707,0.719906528842198,0.7281123362607019,0.7574185832849717,-0.0798775032868114,0.3658072002638711,1.7041924903246035,-0.5142513094152622,-0.6048946784152763,0.559609596305247,334
-1.7973306886066087,-1.2933646077569945,2.5500644090467395,-0.1695797577544513,-1.5721598869469433,1.6273365671983464,1.4473275218270878,2.410038025583865,2.0244759986179335,2.7856773481550077,-0.9101007129187708,0.9655592716426744,-2.877477391517761,1.9804301936234965,-1.3691419249409922,335
0.7260158990320796,-0.4649482888411377,-0.2006307892645788,-0.1695797577544513,1.4912611084609677,0.3816474712495362,0.504466573185655,-0.3513679712221984,-0.2253510261172829,-0.0269495060307435,0.5153415663943569,-0.9225696174226824,-2.877477391517761,0.2212865963684313,-0.8869540446294324,336
-1.1982835486090964,-1.2933646077569945,2.5500644090467395,-0.1695797577544513,-0.8167461425041092,2.109434430220618,2.069859893852376,1.8678144949664963,1.6081367163504887,-0.7166674702738824,0.1090319697312097,-0.7504583732992595,0.6673617316359872,1.321924875492304,0.0774217159936871,337
0.2998802362305279,-0.3170168033204491,0.555054704776992,-0.1695797577544513,-0.4847922049148178,-0.6779679105002183,-0.3942466825517048,0.1946546232997458,0.8112312806704788,-0.2921408256158352,0.6103843874118542,0.6538655146425634,-2.877477391517761,0.2877300437956059,-2.8157055658756716,338
-0.7358704784709204,-1.2933646077569945,2.5500644090467395,-0.1695797577544513,-0.6987871113526425,-0.0045957602909846,-0.0143134647973614,0.5193580783409604,0.5431493072373392,0.5569124637002594,-0.7770884168201825,-0.7961096962845645,-0.5142513094152622,0.1673783265936954,0.0774217159936871,339
0.8249590438579005,0.1454637356231776,-0.0224481043537242,-0.1695797577544513,0.8448709248486781,-0.2689449248746019,-0.2118542257954026,-0.1325004734534722,-0.0007717738769775,0.5781387959331616,0.7217514684858582,-0.5581067034828201,0.6673617316359872,0.9272408620118178,0.559609596305247,340
-2.18468456761361,-1.2933646077569945,-0.9412025734253184,-0.1695797577544513,-2.2653948587252866,-0.8017345409442163,-0.8843906112480517,0.5056657420463452,0.5278392616553633,-1.9902474042480245,-1.4992032537501907,0.5469683719439703,-2.877477391517761,1.7046930660970228,-1.851329805252552,341
-1.0262099479074591,1.2695483788889372,-0.9412025734253184,-0.1695797577544513,-0.5884438068740612,1.9959831061448228,1.973662449209134,-0.7124148029847064,-1.1228861522968256,-0.7166674702738824,-0.5364939986096144,-0.9056072788010756,-0.5142513094152622,0.7830515166324354,-0.8869540446294324,342
0.2753409855393738,-1.2933646077569945,-0.9412025734253184,-0.1695797577544513,-1.0803018469105024,-1.767099262005051,-1.930850239344374,-1.1968146086406264,-1.2939078387617555,-1.0350624537674178,-2.0678217319182948,2.406633684126283,-1.6958643504665116,0.9715342074728314,-0.8869540446294324,343
0.0828266521005051,-1.2933646077569945,1.1535576160579164,2.337282463343834,0.1745856642416582,-0.8937890223857043,-0.5730694137530415,-0.4228389407645551,0.2445892224083133,-1.1942599455141858,0.095298890467231,-0.4265848008378629,-1.6958643504665116,0.1355211985097943,-0.8869540446294324,344
0.1425561443113351,-0.1542921692476915,0.2225530873987008,-0.1695797577544513,-0.5884438068740612,-0.7861174616091143,-0.3785675330304558,0.5332121150425162,1.408959750348581,-0.0798775032868114,0.1671093887878174,-0.5307157415382148,-0.5142513094152622,-0.0113067776376233,-0.4047661643178726,345
0.5021735187628874,0.2253986435887427,-0.1653654662093056,-0.1695797577544513,0.2416424082924644,0.657094621392399,0.5043847458881668,1.686527010383588,1.4465685225549465,-1.9902474042480245,1.051546599410858,0.4022884368929886,0.6673617316359872,-0.6311822037079219,1.0417974766168068,346
-1.518538904438243,-0.1542921692476915,1.38630874822272,-0.1695797577544513,-1.229067618035029,-0.4886602218024008,-0.2965664788146747,-0.3343380133965338,0.0517016038148079,1.8304923976744016,-1.4978312920510004,-0.5600949529046445,-0.5142513094152622,0.1459933333927288,1.0417974766168068,347
-0.1421458021257064,0.8812282293971293,-0.9412025734253184,-0.1695797577544513,-0.0439746062202448,0.4431092471473548,0.3020133139916767,0.3211367668796503,0.0298316907210473,-1.162420447164832,0.2072863146295067,-0.8550330207412237,0.6673617316359872,-0.1661403606302344,1.0417974766168068,348
-1.2484051773643612,0.4152440500069599,-0.9412025734253184,-0.1695797577544513,-1.3920220831309849,-1.41102900616049,-1.1912481164155908,-0.5689364442140293,-0.0065381577588957,-1.0350624537674178,-1.1153179226977277,-0.8460146405110518,0.6673617316359872,-0.0876743733139053,1.0417974766168068,349
0.8636709363174814,0.4152440500069599,-0.5920758751781127,1.0838513527946911,0.2416424082924644,-0.4874779130471962,-0.3811002952876628,0.2937292148720314,0.5788809533184158,-0.2390749950335793,0.9949168449169222,-0.513138793255332,0.6673617316359872,0.8496976765838408,1.0417974766168068,350
-0.7556743354891997,-1.2933646077569945,2.5500644090467395,-0.1695797577544513,-0.2946266432554523,1.4117902348789246,1.7938348787800773,0.6372612993816029,1.127377430453471,-1.3534574372609536,0.6668945532965748,-0.3525499603745508,-0.5142513094152622,0.0929718379081596,0.0774217159936871,351
0.8764335341882419,-0.8662124433160058,-0.0683858278073039,-0.1695797577544513,0.7003008068999663,-0.3016636458186716,-0.0667449826688035,0.1916843480944738,0.663296472401721,-0.2390749950335793,0.5983563632383913,-0.6832381762057882,0.6673617316359872,-0.4834990707277658,1.5239853569283666,352
0.3812699997040853,-0.2681994130986218,-0.9412025734253184,-0.1695797577544513,0.6492603655580976,0.3303644953469419,0.2803244358474746,-0.6437890144477675,-0.8328872434836567,0.8753074471937949,0.5953282371292528,-0.0790075992727431,0.6673617316359872,0.8761716372094502,0.0774217159936871,353
0.5136141205409321,0.5466754852195718,-0.9412025734253184,-0.1695797577544513,1.0203815869739816,0.7212781224198159,0.6582062877940167,-1.2299910383585035,-1.5485408264561982,2.25880945880261,0.3619208941010293,-0.5120604395556859,0.6673617316359872,-2.4279484735365555,0.559609596305247,354
1.117431719458888,0.2838126147943481,-0.1355255774702281,-0.1695797577544513,0.596649204940723,-0.6253322354479339,-0.6297719823156261,0.5419586428579279,0.6751906563236383,-1.1411941149319298,0.6581927696445141,-0.7553272003337431,0.6673617316359872,1.1338435945658032,1.5239853569283666,355
0.7711579149408964,-0.5611037544295855,0.555054704776992,-0.1695797577544513,0.7498616048685348,0.393375798566012,0.2566426771277987,0.455032719044019,0.1895346532740169,0.2385174802067241,0.2612964932301789,-0.1107282972132232,0.6673617316359872,-0.8155196523558865,-0.8869540446294324,356
-0.5662240429675155,-0.1542921692476915,-0.9412025734253184,-0.1695797577544513,-0.9434506035223198,-0.4531898560404433,-0.5687940434805875,-0.2717878192374414,-0.4221689726517883,-1.0350624537674178,-0.3555422531585974,0.1845430219964986,0.6673617316359872,0.2432751045566768,1.0417974766168068,357
-1.5122491101522029,-1.2933646077569945,1.96818657863473,-0.1695797577544513,-1.229067618035029,-0.2712000324495751,-0.3276885651034781,0.0491559125164038,-0.0024793971195841,-0.7166674702738824,-0.85311842302811,0.4322136718819912,0.6673617316359872,-1.1938913523723678,0.0774217159936871,358
-1.469840587341939,2.123852707770914,-0.9412025734253184,-0.1695797577544513,-1.229067618035029,0.975514185249534,1.06633555854909,-0.1321278759733876,-0.1392047212823483,0.5569124637002594,-1.0246324660586148,2.905331653746682,0.6673617316359872,-0.6389783432817089,0.0774217159936871,359
0.7929881337338901,0.7569657815597508,-0.2429491769309068,-0.1695797577544513,0.3061680966461833,-0.5909606048416798,-0.5553118387329985,0.111217648954281,0.2755097668964103,-1.0350624537674178,-0.2963353070774075,-0.5989382338841076,0.6673617316359872,-0.350218271757841,1.0417974766168068,360
0.5115307531970557,-0.5047759964813231,0.1330334211814687,-0.1695797577544513,0.4283434747215191,-1.5337538531289885,-1.508996862457454,-1.0601002353225402,-0.8555922562660455,0.2385174802067241,0.6130832700844229,-0.7526321881040954,0.6673617316359872,-2.165775837898677,1.0417974766168068,361
0.9207809436664716,-0.1047672806168522,-0.030437273649999,-0.1695797577544513,1.061581841089018,-0.461724871308261,-0.5286346146547047,-0.5991451372769266,-0.6885716244371413,0.7388524542679941,0.1928739038844293,-0.3142835760151896,0.6673617316359872,1.634475195933752,1.0417974766168068,362
0.1321605801411076,0.0735223184541691,1.1535576160579164,-0.1695797577544513,-0.8167461425041092,-1.1057811396760098,-1.0444196416179137,-0.7966612702390607,-0.5759723666011687,-1.3534574372609536,-0.9343547407758152,1.666827111875529,-0.5142513094152622,0.0163505763983464,0.559609596305247,363
0.5441276616191695,0.9847802692616112,0.2225530873987008,-0.1695797577544513,0.1745856642416582,0.7073358844729157,0.826398051677515,0.3827007462361491,0.5071127394818822,-0.0798775032868114,-0.2648509392936435,-0.3634988330347505,-1.6958643504665116,0.7819124911257874,-0.8869540446294324,364
0.9794750869163746,-1.2933646077569945,0.998390194614714,-0.1695797577544513,-0.2069290713162014,-0.4561340880568454,-0.6768482941269643,-0.2769798580173263,-0.610224046396844,-0.2921408256158352,-0.0555322609437738,-0.7651662866781497,0.6673617316359872,1.6154141603158532,1.0417974766168068,365
-1.6154455497530935,2.123852707770914,-0.9412025734253184,-0.1695797577544513,-1.3920220831309849,1.2954899889612146,1.389204167065294,1.8246178629663616,1.9232120298329876,-0.0798775032868114,-0.9277800328069103,2.340051245967653,0.6673617316359872,-1.8744556980881053,-0.4047661643178726,366
0.5521209948545547,-0.1542921692476915,0.2225530873987008,-0.1695797577544513,0.9348773800708068,0.0753263435317964,0.1683628623917367,-0.9533208542090912,-0.8767920145194199,0.4259156704914906,0.6691316617556572,0.2501192236265818,0.6673617316359872,0.6369353419757046,0.0774217159936871,367
0.4688945979018303,0.0735223184541691,-0.9412025734253184,-0.1695797577544513,-0.2946266432554523,-1.0539767099719357,-1.135998791023637,-0.7053136485763587,-0.7353557391269014,0.1589187343333401,0.4390354318459206,0.6320548164133335,-0.5142513094152622,-2.576731040422585,1.0417974766168068,368
0.1272366848918762,-1.166801003478183,0.8690840100787116,-0.1695797577544513,0.7980261366826243,1.3726284722283124,1.3785064797591433,0.1637586590536853,-0.0314387239050258,1.9896898894211696,0.6183037335267962,0.6273435707002972,-0.5142513094152622,-0.0957569864248098,1.0417974766168068,369
0.8794432217389052,-0.4960139008004823,-0.2429491769309068,-0.1695797577544513,1.4267354201072486,0.8417272841616248,0.7409186983401295,-0.4806066442578511,-0.8266505760578711,1.66674640616344,0.9409495344832944,-0.4064105990979404,0.6673617316359872,1.2240411036524836,1.0417974766168068,370
0.0564131032147145,0.0735223184541691,-0.5920758751781127,-0.1695797577544513,0.4283434747215191,-0.3585447855519952,-0.0815348570426887,-0.4666005492646142,0.0364062230690802,-0.3982724867803469,-0.0159277152123119,0.0230671166321931,0.6673617316359872,1.0843498764308206,0.0774217159936871,371
0.9657378478682912,-1.2933646077569945,0.2225530873987008,-0.1695797577544513,0.7980261366826243,-0.3803980416053681,-0.6613264089689409,-0.1434203221741309,-0.5832114752263363,0.8116284504950877,0.2804444226797669,1.1368619887043043,0.6673617316359872,-0.1806356449298946,-1.851329805252552,372
0.5828952726730426,0.4152440500069599,0.8044309178107106,-0.1695797577544513,0.0320258085011839,1.0133068433338432,1.46805319187007,1.953040926169984,2.7355949708988225,0.0050278256447981,0.0465319551937359,-0.0942100391097111,-1.6958643504665116,-0.1890669884683023,-1.3691419249409922,373
-0.5496951829603984,1.554316488516263,-0.9412025734253184,-0.1695797577544513,-0.0439746062202448,-0.3147912642254248,-0.575765733038251,-1.015307064747918,-1.4974098155704034,-0.8227991314383943,-0.8673151759213069,0.5180419542183611,0.6673617316359872,-0.1591059201175188,0.559609596305247,374
1.106427706195934,-0.7676388669065469,0.1330334211814687,-0.1695797577544513,0.596649204940723,-0.1747686657084473,-0.380159202605505,0.8452887606110892,0.5805198811504271,-0.8227991314383943,0.3624121467235401,-0.0177209168109524,0.6673617316359872,0.0408852659151214,1.0417974766168068,375
-1.4047544017211373,-1.2933646077569945,-0.9412025734253184,-0.1695797577544513,-1.0803018469105024,-0.2477900037868263,-0.2146644029885853,0.7164883600985091,0.8687496549111999,0.8753074471937949,-1.0221073303436292,-0.4394186845874726,0.6673617316359872,0.5651259617613043,0.559609596305247,376
-0.6290551093793043,2.123852707770914,-0.9412025734253184,-0.1695797577544513,-0.2069290713162014,0.4662285173326803,0.314263549280184,0.3619106693041291,0.0511564255628956,-1.0350624537674178,-0.7517355179304109,0.0742017337819122,-1.6958643504665116,-2.0780903748233506,0.0774217159936871,377
1.3030864095325854,-1.2933646077569945,1.523221178907899,-0.1695797577544513,0.7980261366826243,1.2367406656935114,1.1853951369267444,1.3164553012349571,1.1322682111460307,-1.1544605725774937,0.5941854552404683,-0.8505046758719279,0.6673617316359872,0.3421790700845674,0.559609596305247,378
0.6848117959819646,-1.2933646077569945,-0.9412025734253184,-0.1695797577544513,-0.0439746062202448,1.381610631656658,1.2345051689912212,0.882831416185954,0.4753423549424577,0.6023974613421932,-0.332744722021276,-0.1578963749164354,0.6673617316359872,1.5906726974611056,0.0774217159936871,379
0.1261700165660058,0.4152440500069599,0.8044309178107106,-0.1695797577544513,-1.229067618035029,-2.1804990259834285,-2.1122391790822985,-1.9256484488021817,-1.6094781907500546,-0.0798775032868114,-1.2255757746727298,-0.1967514926611414,0.6673617316359872,0.537837105551632,0.0774217159936871,380
0.3279722104713284,0.4152440500069599,0.8044309178107106,-0.1695797577544513,-1.0803018469105024,-1.6454091786231828,-1.2928656817589046,-0.9822429744334163,-0.1834706586871424,-1.0350624537674178,-2.079837125497421,6.057543070379443,-1.6958643504665116,0.7472959643301681,-0.4047661643178726,381
0.2287023169695713,-0.1542921692476915,-0.9412025734253184,-0.1695797577544513,-0.2946266432554523,-0.6503581713493831,-0.4662706302063109,-0.6194722207922687,-0.2437199181354424,-1.3534574372609536,-0.2491419727022468,0.2685183556173513,0.6673617316359872,-0.985714186471764,-2.8157055658756716,382
0.3192733629786986,1.2695483788889372,-0.3593247430133088,-0.1695797577544513,0.368346869310675,-0.3898928603617165,-0.3057714761253896,-0.1601645331552801,0.0356762950334066,-0.748506968623236,0.1259361646414851,-0.1828120123553442,-1.6958643504665116,0.0537138378842247,0.0774217159936871,383
0.654381475334411,-0.2419131260560993,1.4758284144399525,-0.1695797577544513,0.1047911649042819,-0.1712822829880889,0.0203154039365524,-0.0494533611089368,0.307364545884717,0.4773137178268753,1.1388020206459355,-0.9176692876652626,0.6673617316359872,-0.2123464616427238,-0.8869540446294324,384
0.7407585075925373,-0.1542921692476915,1.38630874822272,-0.1695797577544513,-0.2946266432554523,-0.0947026461542167,0.0849614135720489,0.3604343620121277,0.7160302136545925,-1.9902474042480245,0.1323410345632281,-0.6679768873207407,-0.5142513094152622,-0.2681103247327297,-0.8869540446294324,385
1.2428240193514497,-0.8187510917114516,0.6104716410067073,0.5267708592172945,1.55343988112546,0.1735604146090348,0.0736505528040263,-0.1542222078710503,-0.3676451303248441,-0.6919034160021629,1.35324156625622,0.5221877227339822,0.6673617316359872,-1.9761910984293427,1.0417974766168068,386
0.8712250594433145,0.1304759403796342,-0.3593247430133088,-0.1695797577544513,1.613436486536303,-0.7937259002433605,-0.897090974909344,-1.8595693309046428,-2.0560262367770754,2.0852083844692295,0.1560440418164565,-0.9445600227341732,0.6673617316359872,0.4292937783076533,-1.3691419249409922,387
0.5852337949976946,0.4152440500069599,0.8044309178107106,-0.1695797577544513,-0.4847922049148178,-0.1608604335094733,0.1498994727224801,-1.5097916220823908,-1.059765050692396,1.4484184174821584,0.0749341250274056,-0.3445466017824379,-0.5142513094152622,-0.6981848953011596,-0.4047661643178726,388
0.4382818304305608,0.5291512938578902,-0.2429491769309068,-0.1695797577544513,0.7980261366826243,-1.3801272879547666,-1.3487053022695494,-1.9060424030464824,-1.7789571576070151,0.302196476905431,-0.74510881510924,-0.9309682223167264,0.6673617316359872,1.110065214647201,1.5239853569283666,389
0.6199954556341166,0.3147376583737861,0.7017465947968266,-0.1695797577544513,1.1411184055945387,-1.0498702531336608,-1.070699969933673,-0.5985644588246013,-0.5145557815055669,-0.1708474985706788,0.098554218512876,-0.328552241740999,0.6673617316359872,-1.9073566809032707,1.0417974766168068,390
-0.2314261091746443,-0.4390602788750172,-0.6502636582193138,-0.1695797577544513,0.1745856642416582,-1.3626586528820053,-1.4950086530199325,-1.1094762817812305,-1.2091977180712912,0.6842704570976735,-0.1652582046345914,-0.5490752519477822,-0.5142513094152622,0.0657425327759986,0.559609596305247,391
0.5906437497053506,0.9034179522252328,0.3056784917432737,-0.1695797577544513,0.0320258085011839,1.143568287494208,1.059950247932814,-0.365023085318354,-0.7202101333535984,1.4484184174821588,-0.0259779459886375,-0.7395145062346965,0.6673617316359872,-1.942026329513914,1.0417974766168068,392
0.5329604193156007,-0.1542921692476915,-0.7084514412605146,-0.1695797577544513,0.596649204940723,1.313696532263709,0.9961556516893176,1.0903556252354043,0.4129314896705296,-1.4808154306583676,1.0165988714539784,0.5642032185265485,0.6673617316359872,-0.4573768517947222,1.0417974766168068,393
0.4986566334510979,-0.0119081144340286,0.3680225450017033,-0.1695797577544513,-0.4847922049148178,-0.3355731145195395,-0.1409694850750111,0.3400419930608069,0.758319747630531,-0.2921408256158352,-0.1715244174978435,-0.5752693628161932,0.6673617316359872,-0.2439551615531538,1.0417974766168068,394
-1.8950552952945392,-1.2933646077569945,2.5500644090467395,-0.1695797577544513,-2.001839154318893,-1.354376276851248,-1.7670671119690116,-0.4690288878462821,-1.0089081877295305,-0.0798775032868114,-2.2674662279726054,-0.4661956628460226,-0.5142513094152622,-2.2531793917315337,-0.4047661643178726,395
-1.183570582687444,-1.2933646077569945,2.5500644090467395,-0.1695797577544513,-0.8167461425041092,-0.3875709524796757,-0.3687544966891392,1.236232829450348,1.426056354661421,-1.0350624537674178,-0.5932329551048718,-0.912196071359723,0.6673617316359872,0.6822791108426349,-0.4047661643178726,396
0.7955543619951845,-0.3940968931443869,0.5288045770892322,-0.1695797577544513,1.061581841089018,0.0979447688927767,0.0702070439539395,1.043913146116216,1.060639598724377,0.13845048539447,1.002757566289521,-0.9676049334462256,-0.5142513094152622,0.8386241771229427,-0.8869540446294324,397
-1.8759754157366704,-1.2933646077569945,2.5500644090467395,-0.1695797577544513,-1.7735368186888454,1.3843845995617747,1.2190113088167995,1.2150397566948377,0.8009637291998503,-0.4619514834790539,-0.0108867157199969,0.0654608055896487,-2.877477391517761,-0.1386979406903305,-2.8157055658756716,398
0.2319466415540961,0.1137248751074385,0.2910093027412903,-0.1695797577544513,0.5423675724648754,1.0239230291186627,0.9714715335972638,-0.0467636405482232,-0.3042977923902331,-0.2416019393470199,0.392203819644784,-0.0275584703375701,0.6673617316359872,0.3853098751582758,-0.4047661643178726,399
0.6584669150845777,-0.0872879081589089,-0.7358339273975504,-0.1695797577544513,1.061581841089018,0.2639426359724877,0.1220829420984303,1.189308341256735,0.9921631370248976,-0.0268116727045557,0.2277148540221174,-0.1228433432276039,-2.877477391517761,1.5963861460968474,-2.333517685564112,400
-0.8018361768290766,0.4152440500069599,-0.9412025734253184,-0.1695797577544513,-0.6987871113526425,-0.6179597713600153,-0.544258916790572,-0.1579844872670406,0.0560601457833607,0.2385174802067241,0.6073904379778464,0.630355815231753,-0.5142513094152622,0.0511160556996568,-1.3691419249409922,401
0.7485259329968273,-0.6526363610955115,0.1498183585971997,-0.1695797577544513,0.4863059004621416,-0.9961339191309247,-0.8023137009932257,-0.8248585706775695,-0.3931673836403979,0.811628450495088,0.9571753930890924,-0.5524121555858812,-0.5142513094152622,0.3718210044220297,-0.8869540446294324,402
0.7377399151870752,-1.2933646077569945,1.7742273018307269,-0.1695797577544513,-0.5884438068740612,-0.7305775885643259,-0.8810899181239266,-0.7609215567581544,-0.9656191844921134,0.5569124637002594,-1.1193776793951904,0.0640750925740201,-0.5142513094152622,-0.5967451627520648,0.0774217159936871,403
-1.1957958578180568,0.7569657815597508,-0.9412025734253184,-0.1695797577544513,-0.9434506035223198,0.307345752603346,0.2548719650516227,-0.6843748988481896,-0.8771655285020229,1.8304923976744016,-1.054875856328941,0.5613944140136514,0.6673617316359872,-0.1158484568051003,0.559609596305247,404
1.063744993534527,-0.1542921692476915,0.3518592719347029,-0.1695797577544513,1.1018125869211224,1.3992422962389592,1.2896430658279134,0.2106921698970565,-0.1860961377209098,0.2172911479738214,0.674842290221066,-0.43563177168419,-2.877477391517761,-0.3570513384582689,-3.2978934461872313,405
0.8996592675500771,-0.2681994130986218,1.502684314305122,-0.1695797577544513,-0.3870668751321598,1.416004384769362,1.3426143960905752,1.2708135762740973,1.016210036177292,-0.1708474985706788,-0.1837938087944927,-0.7053921243601782,0.6673617316359872,-0.5680548512987655,0.0774217159936871,406
0.8949356139863093,-0.0973385473222264,0.8044309178107106,-0.1695797577544513,1.3935357786783087,0.4370412381044979,0.3851066369512123,0.936512205849502,0.8489306223238485,-0.5574699785271147,1.1177543970786292,-0.6392851940842021,0.6673617316359872,0.6859381128931814,-0.4047661643178726,407
-0.5992850454416412,1.554316488516263,-0.9412025734253184,-0.1695797577544513,-0.3870668751321598,0.5968731430191792,0.3906532183704934,0.5923260099792942,0.1841382549787141,0.0262541578777003,0.0425715083154863,-0.0310482255612573,-2.877477391517761,0.2961391231617751,-2.8157055658756716,408
0.7056186564313913,0.0735223184541691,0.1061775213162989,-0.1695797577544513,0.0320258085011839,-0.8689019694772453,-0.457846056916547,-0.3789514503499741,0.4452310288845041,-0.0798775032868114,-0.0816058951810832,0.5203172068047532,-0.5142513094152622,0.622031909792434,-0.4047661643178726,409
-0.7324015761577408,-1.2933646077569945,1.1535576160579164,4.844144684442119,-0.9434506035223198,-0.588635259584707,-0.5451973561209902,0.1153187697187653,0.2931219097707144,-1.0350624537674178,-1.128140399350004,-0.451788225631712,0.6673617316359872,-0.3515313542722408,0.0774217159936871,410
-0.9079964398429288,-0.3170168033204491,-0.9412025734253184,-0.1695797577544513,-0.3870668751321598,1.3210562584746408,1.2466578660210754,-0.0520532377356697,-0.395363203769525,0.7388524542679941,-0.6229143130877415,-0.1043664094034457,-0.5142513094152622,-0.8728696629269438,-0.4047661643178726,411
-2.0481077276375603,2.123852707770914,-0.9412025734253184,-0.1695797577544513,-2.001839154318893,-2.3496834881586066,-2.243772091452609,-2.2238751540441064,-1.838265613225589,-0.0798775032868114,-2.4006014161171865,-0.7589912832611183,0.6673617316359872,0.1367086083753385,0.559609596305247,412
0.4597089009345013,0.0209497443691244,0.4015924198331655,-0.1695797577544513,0.7498616048685348,-0.2180324766814588,-0.1185310478167376,0.6342935065162257,0.8910722787374308,-0.9713834570687108,0.9877727270743298,0.071931337414671,-0.5142513094152622,0.7109332271170133,0.559609596305247,413
0.9027057735832158,0.0735223184541691,0.1061775213162989,-0.1695797577544513,0.8448709248486781,0.3444985950482938,0.1475971668479655,0.1472276565185488,-0.2389476304292565,1.4102110194629345,0.7371796178162403,-0.5948912618230092,0.6673617316359872,1.0333359505885211,2.0061732372399264,414
0.8216715508041552,-0.1542921692476915,-0.2429491769309068,-0.1695797577544513,0.368346869310675,0.3168049041682894,0.2237249647920102,0.3199876460344426,0.1322278940459648,0.3977149719534917,1.1520427034000482,-0.9120714696226568,0.6673617316359872,0.1584919024175286,0.0774217159936871,415
-1.91831219991781,-1.2933646077569945,2.5500644090467395,-0.1695797577544513,-2.001839154318893,-0.5540842653217071,-0.2982371517224183,-1.4371613537499093,-1.0147184389460089,1.8304923976744016,-1.1250425527115029,1.3480566084849557,0.6673617316359872,0.0025266932446896,-0.4047661643178726,416
0.5791064144529139,-0.8051907055387217,0.555054704776992,-0.1695797577544513,0.4863059004621416,-0.147249324363384,-0.0150447434794575,-0.2615049989806853,-0.0282779394172008,1.0185851897658855,0.8235762327357736,-0.2155991970606222,0.6673617316359872,1.422581704816816,-0.4047661643178726,417
0.1900043956863404,0.0735223184541691,-0.9412025734253184,-0.1695797577544513,0.7980261366826243,1.2247096460869276,0.9423062708477972,1.9214255563665288,1.3835720791486648,0.1020624872809232,1.101516770780425,0.2076392695264112,0.6673617316359872,-2.2256778019049417,0.0774217159936871,418
1.1364868241776536,-1.130639973684237,0.0563022787095552,-0.1695797577544513,1.3251375454954113,0.5854707668623498,0.3197598943161424,1.2477419957801197,0.788363418649545,-0.9531894580119374,1.0586745945898297,-0.6276624723275893,0.6673617316359872,1.2580920778295326,0.0774217159936871,419
-1.0751967512315477,-0.1542921692476915,-0.9412025734253184,-0.1695797577544513,-0.6987871113526425,-1.413309479849764,-1.1571751849522132,-0.5729580313969134,0.0527917198400725,-1.0350624537674178,-1.6632402865390892,0.6429949749092853,-2.877477391517761,1.0837403778666164,-2.8157055658756716,420
-1.176035580524923,1.147504903334369,-0.9412025734253184,-0.1695797577544513,-0.9434506035223198,-0.5911268072427988,-0.7299342142945341,-1.0441717503883832,-1.2722513111695082,-0.2709144933829327,-0.6967654613628769,-0.4837393799142808,-0.5142513094152622,-1.681435495684041,0.0774217159936871,421
0.4836607584999622,0.7569657815597508,-0.5920758751781127,-0.1695797577544513,0.4283434747215191,0.8835211911276988,1.0651626874166218,1.396742342078865,1.6807596333067445,-1.162420447164832,1.1115592633690194,-0.9627865621262424,0.6673617316359872,-0.2956566232880893,0.559609596305247,422
0.7636354840557664,0.4152440500069599,0.4870430103132508,-0.1695797577544513,0.8448709248486781,0.2097189233333914,0.0313286112213825,-0.4176757720002664,-0.7936109975763244,0.2257816808669824,0.0609467480060338,-0.4292572438106385,-1.6958643504665116,0.8502306940228492,-0.8869540446294324,423
0.7690818020162962,0.4152440500069599,0.8044309178107106,-0.1695797577544513,0.1745856642416582,0.2316422277248531,0.2356753332410849,-1.0393766152432875,-1.149046560681559,1.894171394373108,0.0249360596492014,0.8861169209369304,0.6673617316359872,1.962091144293334,0.0774217159936871,424
0.2947995625475254,0.1711570988978235,0.0563022787095552,-0.1695797577544513,0.2416424082924644,-0.0375238418807397,-0.0467301850665532,-0.0680078202600469,-0.0834341124245351,-0.3186737409069631,0.0992806909357858,-0.7176263540679219,0.6673617316359872,0.0886281406296783,0.0774217159936871,425
-1.0400703257323751,-1.2933646077569945,0.2225530873987008,-0.1695797577544513,-0.5884438068740612,-0.071018361746153,-0.1150016247523914,0.4022064511943243,0.3678214327865995,-0.5574699785271147,-0.4586134971330629,-0.6962837095042608,-0.5142513094152622,0.5519280535899966,-2.333517685564112,426
0.7846515002336872,0.1711570988978235,-0.4424501473578816,-0.1695797577544513,0.596649204940723,-0.0777103521656185,-0.2267502886214807,-0.1388763726054099,-0.3967692115683636,-0.8758649620206501,0.3501566537983309,1.4462598354699618,0.6673617316359872,-0.966697760816118,0.559609596305247,427
-0.2255689047005545,-1.2933646077569945,0.4553042195635048,-0.1695797577544513,0.0320258085011839,0.012850514064352,0.023011200098137,1.1762372278300517,1.2827499481351727,-0.3186737409069631,0.1294071800184103,0.0990286158216176,0.6673617316359872,-0.6648784381840909,1.0417974766168068,428
0.86192248075362,0.3084560088967128,0.0407162653949478,-0.1695797577544513,1.3935357786783087,-0.2706360106543038,-0.4044712337241058,-0.937458837418822,-1.1995077007455095,0.5910262119317099,0.2449934227191764,-0.8372899370154868,0.6673617316359872,-0.2930924295305185,-1.851329805252552,429
1.2859047177931735,-0.1949733277658808,0.4303665982601329,0.7257281783520789,1.4593026488006116,0.0302223935574061,-0.2826028738123125,-0.0026064344479035,-0.552189531957111,0.2445821465589819,1.5417013725586886,0.1114325430949699,0.6673617316359872,-0.660491220529068,0.0774217159936871,430
-1.588651167950437,-1.2933646077569945,2.5500644090467395,-0.1695797577544513,-1.3920220831309849,-0.2539306586813552,-0.0337778848013253,0.0796120574128989,0.509254860036839,1.8304923976744016,-0.2766807708714524,-0.4906925516803763,0.6673617316359872,0.4897517811593455,0.559609596305247,431
-0.1141319386231414,0.1304759403796342,-0.9412025734253184,-0.1695797577544513,0.1047911649042819,0.8135912366140822,0.7500550972023965,0.6996967942961325,0.5137986470529601,-0.1329433338690674,0.8081095316090356,-0.9665801724191992,0.6673617316359872,-1.8194612505934395,0.0774217159936871,432
0.7901560472757552,-0.1542921692476915,0.2225530873987008,-0.1695797577544513,-0.8167461425041092,-0.892850803317374,-0.7749470565450939,0.3449517731656745,0.7184597988749095,-0.7166674702738824,-0.3957195405562871,-0.7197940667141688,-1.6958643504665116,0.9345551529316176,0.0774217159936871,433
-0.8732344576114166,0.4152440500069599,-0.9412025734253184,-0.1695797577544513,-0.8167461425041092,-0.4130379699069785,-0.4786671836772306,1.1913078539463076,1.234568345893977,-1.0350624537674178,-1.1571714935985895,0.0478760130891842,0.6673617316359872,0.7430903311046466,1.0417974766168068,434
-0.378002729130416,1.1918843489905755,-0.9412025734253184,-0.1695797577544513,-0.2946266432554523,-0.0458174418726313,0.1148708772540606,-0.2423494438934662,0.0258414432774191,0.3446491413712356,-0.123524439486316,-0.1111721190028882,0.6673617316359872,1.879318348794232,0.0774217159936871,435
0.4830239513332333,0.4152440500069599,0.8044309178107106,-0.1695797577544513,-0.9434506035223198,-0.238476499444358,-0.7562052766047365,1.4992475403204732,0.7511042913043248,-1.9902474042480245,-1.6314050874248118,1.5239147608517454,0.6673617316359872,-0.0887529040855721,0.559609596305247,436
-0.9179791884746364,1.147504903334369,-0.9412025734253184,-0.1695797577544513,-0.4847922049148178,-1.0808284417447862,-1.2705204986550305,-0.5158230238389283,-0.7144602647939233,0.5569124637002594,0.1413736236413663,-0.1947613107381681,0.6673617316359872,0.8900624437278895,2.0061732372399264,437
-0.0863820553942423,-1.2933646077569945,1.7742273018307269,2.615822710132532,-0.3870668751321598,-0.4444865427834656,-0.4321774525203129,-0.2564398279856045,-0.1843743022506859,-0.2072354966842258,0.3860626745129455,-0.9777303089110057,0.6673617316359872,0.9186606352085464,1.5239853569283666,438
0.6647168919991422,0.1874295623050994,-0.9412025734253184,-0.1695797577544513,1.4267354201072486,1.1518294932804112,1.2475463346728202,0.1787950788856429,0.1762046143386345,0.4635166018754891,2.2138318051752086,0.3057298313020635,-1.6958643504665116,-0.0636730542677864,-0.8869540446294324,439
0.1850669843350495,0.6050894564251772,-0.553284019817312,-0.1695797577544513,-0.123511170725766,-0.2639507115531548,-0.2762066211297649,1.0498011612671976,1.1514069019872182,-0.0798775032868114,0.3912727606069493,0.7057844646513992,0.6673617316359872,1.9585244541388689,1.5239853569283666,440
0.4306163743722261,0.8095383556447957,-0.1355255774702281,-0.1695797577544513,0.4283434747215191,-0.8955178230977506,-1.3147291384153006,-0.560530387209478,-1.1912891002800805,0.8753074471937949,0.7329488958905469,-0.6717499587541735,0.6673617316359872,0.2542375894975565,0.0774217159936871,441
-1.9346757682909113,-1.2933646077569945,1.38630874822272,-0.1695797577544513,-2.001839154318893,-0.4440755143943477,-0.2090477598079687,-0.2557149923247072,0.2040727860115075,-0.7166674702738824,-1.8563392259988472,-0.1588108491783825,-1.6958643504665116,0.7623757476537293,-1.3691419249409922,442
-1.3654750125156985,-0.1542921692476915,-0.9412025734253184,-0.1695797577544513,-1.0803018469105024,1.4034538248338877,1.2009287753308349,2.015075387047486,1.5952180370006483,-0.0798775032868114,-0.8718828240146188,-0.6899545649574458,0.6673617316359872,-0.0224064787596653,-0.4047661643178726,443
0.5144466906459811,0.1454637356231776,-0.2061989981680431,-0.1695797577544513,0.7498616048685348,-0.5004912321860076,-0.4945554832827667,-1.1666432927639383,-1.1666807469386766,1.7031344042769876,0.3660827656819218,0.7489727771923842,0.6673617316359872,-0.3187708111859565,0.0774217159936871,444
-0.7847833276320271,2.123852707770914,-0.9412025734253184,-0.1695797577544513,-0.2946266432554523,2.56137260557902,2.7391630883202764,0.2845213477461604,0.2089526318728422,0.2385174802067241,-0.2025867055916089,1.7395091254692518,0.6673617316359872,0.2700354472423507,-0.4047661643178726,445
0.7448939660121319,-0.91367379492056,0.2225530873987008,-0.1695797577544513,0.8448709248486781,-0.1897041327544753,-0.3269624089955431,0.722204731805125,0.568947849534956,-0.8531224631996835,0.4439217921726884,-0.1387077758228049,0.6673617316359872,-0.1453500855103116,1.5239853569283666,446
-2.1032018596220996,-1.2933646077569945,2.5500644090467395,-0.1695797577544513,-2.2653948587252866,-0.738330156148067,-0.1058219308706333,0.6175031000847357,1.8841808078989712,-1.9902474042480245,-1.7507747979361372,0.0563073034730875,0.6673617316359872,-1.9013352213560688,-0.8869540446294324,447
0.9235864045252048,0.4152440500069599,-0.3064267584303988,-0.1695797577544513,1.179540872240484,0.5086068236820674,0.4736135899161655,0.7354389969475349,0.6504406516392326,-0.5362436462942124,1.5131450985003785,-0.8163450487553708,0.6673617316359872,0.2444761214960572,0.0774217159936871,448
0.8773824173023432,-0.8662124433160058,1.240839290619718,-0.1695797577544513,0.9348773800708068,1.3830584123014258,1.3485905392502364,0.5865877954606333,0.3521034104723674,0.7957087013204109,0.9067678898668472,1.045643719554168,0.6673617316359872,0.4036095911204329,0.559609596305247,449
1.1414757907066346,-0.5339829820841259,-0.553284019817312,2.615822710132532,-0.123511170725766,0.6339615900965543,0.544107319791093,0.2532975067637028,0.0156690694493537,0.5569124637002594,0.6953623248330572,-0.9658320270444352,0.6673617316359872,0.8729358515780928,0.559609596305247,450
0.6215992636449683,-0.6099211446514127,0.2225530873987008,-0.1695797577544513,1.0203815869739816,0.7518292742442284,0.8790282971037229,1.0872680725968158,1.2733518035325078,-0.3186737409069631,0.9699853722855838,-0.3247771444167383,0.6673617316359872,0.4055849957396459,1.0417974766168068,451
0.5934653707238932,-0.0872879081589089,0.9071152408245948,-0.1695797577544513,0.6492603655580976,0.2609476392016711,0.1232026222906856,0.5579161335022046,0.319610939483071,-1.395910101726758,0.7639747451129285,-0.4930303399310938,0.6673617316359872,1.2126633790475545,0.0774217159936871,452
0.6785949704050087,0.1711570988978235,0.555054704776992,-0.1695797577544513,0.8904663685593319,-0.0950154832730895,-0.1874082455551086,0.3598826118818357,0.2417492903125422,-0.1968389257946409,0.6027704234586336,0.9518566552804624,0.6673617316359872,-0.1786012403896587,1.5239853569283666,453
0.8927726330869983,0.3409567170607011,0.2731511596084408,-0.1695797577544513,1.2171188203159682,1.2251282292516763,1.0621983038002312,1.220488716569048,0.8363928442635553,0.0110924919970558,0.9559144122503958,0.2501352559059589,0.6673617316359872,-2.168628353929943,0.0774217159936871,454
0.882734868292943,0.3253172785456991,0.1613027894605945,-0.1695797577544513,1.2538885774942763,1.3881773284012515,1.4662629219125758,1.2217296863110707,1.2315559272244538,0.4375143448901835,1.9085847110457437,-0.775319715808195,0.6673617316359872,0.1700691586552976,0.559609596305247,455
0.5125727839465097,-1.2933646077569945,-0.9412025734253184,-0.1695797577544513,-1.0803018469105024,0.3010490642580592,0.2893751808216793,1.684631994818868,1.746795765694933,-0.3982724867803471,-1.011570311517731,-0.5223720533284943,0.6673617316359872,-0.3765357698346654,0.0774217159936871,456
0.4457468122805152,-0.1104816908434875,-0.9412025734253184,-0.1695797577544513,1.061581841089018,0.8356660802644544,0.9076242529380524,0.1125814767447477,0.1137445767836677,-0.4364798847995714,0.8718289124776848,-0.496723661372452,0.6673617316359872,0.2706617364628832,-0.4047661643178726,457
0.6590361285167791,0.9847802692616112,-0.2429491769309068,-0.1695797577544513,0.6492603655580976,-0.2236944615470493,-0.4813980846688536,0.7589895471554983,0.4042176626664416,-0.5574699785271147,0.2130977374592452,0.692811568503938,-0.5142513094152622,-2.5380351584521916,0.0774217159936871,458
0.0057416210593762,-0.0119081144340286,-0.0683858278073039,-0.1695797577544513,-0.2069290713162014,-0.1642391950635421,-0.0737510744046663,0.6422354720468588,0.8753907250790072,-1.9902474042480245,-0.0536510576139021,-0.8546198027249535,0.6673617316359872,0.9840809077555668,0.559609596305247,459
-1.5581892189375874,-1.2933646077569945,2.5500644090467395,-0.1695797577544513,-1.3920220831309849,-2.012736564279449,-2.4211021478406263,-1.6298987123488904,-2.1466459091077144,-0.0798775032868114,-2.146191741394518,-0.3813936988827272,-0.5142513094152622,0.7678748549650052,-0.4047661643178726,460
-1.2335334145900927,2.123852707770914,-0.9412025734253184,-0.1695797577544513,-1.3920220831309849,-1.5179946673013107,-1.888043672474791,-0.7575650377385255,-1.2194251752892853,-1.0350624537674178,-1.3929465618381642,0.2965002778329636,0.6673617316359872,1.674625536925283,-0.4047661643178726,461
0.4384456795341024,0.5705721098036829,-0.3064267584303988,-0.1695797577544513,0.0320258085011839,-0.4485501138233638,-0.5423832804559281,-0.2636058014303118,-0.3762010202429056,-0.3186737409069631,-0.1407430538637727,-0.6716512969095968,0.6673617316359872,0.9708521922287804,-0.8869540446294324,462
0.758882147523464,0.3013368061560297,0.6880553517283087,-0.1695797577544513,0.7003008068999663,-1.0209849901673296,-0.8913756224247186,-0.6471376947098588,-0.3095823259360218,0.1323858190422118,-0.1418594682523161,1.5430294521806156,0.6673617316359872,1.5559526891634048,0.0774217159936871,463
-0.3926182551285717,0.6050894564251772,-0.9412025734253184,-0.1695797577544513,0.1047911649042819,-0.1875607107328931,-0.2861544255054643,0.8227250166733444,0.7442365743746372,-0.2390749950335793,0.0590264814571465,-0.9386226889336884,0.6673617316359872,0.4478484018020511,1.0417974766168068,464
0.6074975812243695,0.1304759403796342,-0.0683858278073039,-0.1695797577544513,0.3061680966461833,-0.8013641854073666,-0.8240354829185671,-0.1196966472816276,-0.0414045659541036,-0.4619514834790539,0.9602173717776128,-0.1799757230534969,0.6673617316359872,0.7873423595445116,0.559609596305247,465
0.909468073394092,0.1711570988978235,0.2225530873987008,-0.1695797577544513,0.7980261366826243,0.2082642350717405,0.2979772829527339,-0.2605328400045175,-0.1576167103787043,0.1111594868093099,0.9069511107126206,-0.4311569428685419,0.6673617316359872,-0.0539502203968083,1.0417974766168068,466
0.9756454606528572,-0.9679153396114794,0.555054704776992,-0.1695797577544513,1.0203815869739816,0.1579141531225604,0.3021933153325611,0.8059923790983562,1.094371151966665,-0.534727479706148,0.7306359271271663,-0.4870691826610792,0.6673617316359872,-0.615992502418954,-0.8869540446294324,467
0.2801226277902636,1.1918843489905755,-0.9412025734253184,-0.1695797577544513,0.1745856642416582,-1.3686953936568025,-0.9432814005755404,-1.587319280212084,-0.752258650016961,-0.7166674702738824,1.1226365222859644,-0.2393998143341451,0.6673617316359872,1.101690694293395,-0.4047661643178726,468
-2.316744456706654,2.123852707770914,-0.9412025734253184,-0.1695797577544513,-2.5771150949457695,-1.4672931735218082,-0.8397189181557739,-0.6681565251162691,0.6056432542878544,-1.9902474042480245,-2.176563749079845,-0.4445492810236275,-0.5142513094152622,0.5969949962658195,0.559609596305247,469
-0.0411254264625657,0.5705721098036829,-0.9412025734253184,-0.1695797577544513,0.4283434747215191,0.416792430710019,0.5442478638094757,1.5614642078403131,1.83806779586638,-0.8758649620206503,0.7659247126805565,2.0934063982916027,0.6673617316359872,0.9177222365744506,2.0061732372399264,470
0.5981567838468398,-0.5611037544295855,-0.4424501473578816,-0.1695797577544513,0.4283434747215191,0.4386579589904668,0.7112196908068893,0.7718142846176932,1.2363791486495064,0.2066779818573702,0.7468607390994624,-0.1733063781764481,-0.5142513094152622,-1.510968556844435,-1.851329805252552,471
0.4855696249680476,-0.3441375756659086,-0.9412025734253184,-0.1695797577544513,0.7498616048685348,-0.0111246402347757,-0.1196063845805224,-0.8842105578195033,-1.139219979932824,0.1987181072700319,-0.0224908352754059,-0.1919601389243296,0.6673617316359872,-0.2763998774751431,-0.4047661643178726,472
-1.7178909472756012,-1.2933646077569945,-0.9412025734253184,-0.1695797577544513,-1.5721598869469433,0.1947676981108019,0.4136924278046025,-1.5086173709670592,-1.2746266028917548,1.8304923976744016,-1.5109028331197785,1.348194898458969,0.6673617316359872,0.4226109939468225,0.0774217159936871,473
0.584686794750984,0.2838126147943481,0.6701514184848623,-0.1695797577544513,0.5423675724648754,0.1515521742412747,0.0224723143771816,0.5199086424297772,0.3111199935850915,-0.2390749950335793,0.7016820355624126,-0.6558975785332561,0.6673617316359872,0.1494359537241364,0.0774217159936871,474
1.0748344274995316,-0.4797414373932067,0.2225530873987008,-0.1695797577544513,1.1411184055945387,0.4666147405272672,0.339978073587402,0.1950632861442721,-0.0845111788577741,-0.0798775032868114,0.7947458250416104,0.1387870536151603,0.6673617316359872,0.3850489082583017,0.559609596305247,475
1.1948910294941315,-0.6903262579579517,0.0856406567135221,-0.1695797577544513,1.583701340337675,0.6140655984146521,0.4919925243922623,-0.1435405743299186,-0.46460606844681,0.0171571583493136,0.3235164676473195,0.1916068988153731,0.6673617316359872,0.7316254076813831,0.0774217159936871,476
0.0931457591923435,0.5291512938578902,-0.9412025734253184,-0.1695797577544513,0.7498616048685348,0.725593547156704,0.6950482790584694,0.8193574565188435,0.7141309915960594,-0.4619514834790539,1.2454380982805855,-0.8383555417180925,0.6673617316359872,-2.0848018563643236,-0.4047661643178726,477
0.8828170707156431,-0.0729298522113126,0.555054704776992,-0.1695797577544513,0.596649204940723,-1.2680147961836017,-1.3330541018402582,-0.8459026910276443,-0.8232899581462672,-0.5574699785271147,-0.0048397172749927,-0.3159828097947859,0.6673617316359872,0.6193668608897371,-1.3691419249409922,478
-0.6206449783931939,0.8423962144479485,-0.9412025734253184,-0.1695797577544513,-0.2069290713162014,1.1606777928078555,1.1165241751773252,1.586804268101405,1.4481896422458511,-0.5574699785271147,0.4613050081245679,-0.5632211931388814,0.6673617316359872,0.5511482994721626,-0.4047661643178726,479
-0.2593381580880616,-0.2681994130986218,-0.9412025734253184,-0.1695797577544513,0.3061680966461833,1.0782224427984333,0.8817877726684039,2.0675603683898673,1.7140766615863483,-1.735531417453196,-0.1266246557095497,-0.8027729837568699,0.6673617316359872,-0.4494106169218481,-0.8869540446294324,480
0.5729048100177179,-0.3821066569495521,1.619059880387524,-0.1695797577544513,0.5423675724648754,0.2004210769184158,0.5661987840164256,-2.264302684236206,-1.8336695833486485,2.134414881918231,-0.0735456102491301,-0.6769337506106874,-0.5142513094152622,0.2857065839041063,0.559609596305247,481
-0.1833822083621624,0.1711570988978235,-0.9412025734253184,-0.1695797577544513,0.0320258085011839,0.8504826510263613,0.7687673394769527,-0.053870021206786,-0.3353410038256578,1.0345049389405625,-0.1679034133419645,0.2309150727090098,0.6673617316359872,0.1392179015339547,1.0417974766168068,482
1.173641086841153,-0.6526363610955115,0.1498183585971997,2.180603574525191,0.8904663685593319,-0.8496680115614087,-0.6644018732299576,-0.5665926899468189,-0.1531011485750273,-0.9289307926029062,0.8350376279895881,-0.5432032233331231,0.6673617316359872,-0.4725191234317318,-0.4047661643178726,483
-0.751225767363403,1.2695483788889372,-0.9412025734253184,-0.1695797577544513,-0.2946266432554523,0.6171446939478983,0.8026371240061132,0.6280794593978143,0.9014899142135704,1.1937024306873305,0.7037445856877922,-0.9546079395391528,0.6673617316359872,-0.0447945532908495,-0.4047661643178726,484
-0.5522663246481596,0.9034179522252328,-0.9412025734253184,-0.1695797577544513,0.0320258085011839,0.6537649207067028,0.4490637547316615,0.1633500749958323,-0.2842349691914425,-0.3376258232577687,-0.2451304141715468,1.0036369364228035,0.6673617316359872,-1.822572857734326,0.0774217159936871,485
-1.4218953418975988,0.4152440500069599,-0.9412025734253184,-0.1695797577544513,-1.0803018469105024,-0.5294529512768189,-0.1859356703633494,-1.3937410113308375,-0.8193476632759279,-1.0350624537674178,-1.7185801441352693,-0.1330753670888546,-1.6958643504665116,-0.1503187695099365,-2.333517685564112,486
-2.097936214177306,2.123852707770914,-0.9412025734253184,-0.1695797577544513,-2.2653948587252866,-2.038080869444967,-1.461518954064937,-1.6745801767024089,-0.477087599599401,-1.9902474042480245,-1.7698324418766196,-0.1624520802866474,-0.5142513094152622,-0.5161535918041373,-0.8869540446294324,487
1.1918922246253962,-1.2933646077569945,1.502684314305122,-0.1695797577544513,0.7980261366826243,-0.1273040949005091,-0.1468238186213353,-0.6847443892905216,-0.7512984273675817,1.3720036214437108,0.6496812067939346,-0.3435988478679776,0.6673617316359872,0.2641644743790192,0.0774217159936871,488
0.4417190602107231,-0.2254841966545229,0.3680225450017033,-0.1695797577544513,0.7003008068999663,-0.8101482165873547,-0.8575837953349891,-0.4969038866646371,-0.4893679795857185,-0.3452066561980909,-0.0617792370054019,1.0780167540611303,0.6673617316359872,0.6909823772275041,-0.8869540446294324,489
-0.008876645691218,-1.2933646077569945,1.523221178907899,0.5677326602156325,0.6492603655580976,-0.3269628239372567,-0.2975687249404036,-0.4788925043492767,-0.4128521232177309,-0.1890414976274522,0.3167435642209357,-0.8794239044388074,0.6673617316359872,0.0467132529184349,-0.4047661643178726,490
0.9711850938206572,-0.280855773526503,-0.4239778352813099,-0.1695797577544513,1.671398912276925,0.0467420639650401,0.1542940095274456,0.2054678023078103,0.4010439128859321,-1.0907815758787869,1.077535651161337,-0.0475070491569087,0.6673617316359872,-0.7102712473518412,0.0774217159936871,491
0.3237463848631651,-0.7676388669065469,0.9387104171365588,-0.1695797577544513,0.368346869310675,-0.0196574379748346,0.1156161125776393,0.2179492518953865,0.4733015156847984,-0.2845599926755127,0.8653229867065059,-0.7229701233349713,0.6673617316359872,0.5639528874572602,0.0774217159936871,492
0.8064680230994937,-0.1542921692476915,-0.6502636582193138,0.8749461677031674,0.368346869310675,-1.2099227593348445,-1.1215460825418566,-0.8401678522865331,-0.5593073032789314,-0.2709144933829327,-0.0800252857636121,-0.5666663105869947,0.6673617316359872,0.8123003667986644,0.559609596305247,493
-0.0310636035441745,-1.2933646077569945,1.053807130844429,-0.1695797577544513,-0.4847922049148178,0.4172380977913492,0.650733884864752,0.7340340608540497,1.1310267192711725,0.3977149719534917,-0.1114249163498905,-0.8327204783199972,0.6673617316359872,-1.7620719535132816,0.0774217159936871,494
-0.0998871274791802,-0.4390602788750172,-0.9412025734253184,-0.1695797577544513,-0.0439746062202448,0.7658302436255046,0.5759132075184831,0.4858641180521765,0.0710337963512394,-0.0798775032868114,0.3788088544113146,-0.6710321188787006,0.6673617316359872,-2.010012523281046,-0.4047661643178726,495
0.8325747856715403,0.0735223184541691,0.1760028609657401,-0.1695797577544513,1.1411184055945387,-0.8362535644001874,-0.7335208747732701,-1.0873661542801532,-0.8597252838744933,0.5967118366369512,0.2160607264925104,0.3544130016155158,0.6673617316359872,-1.997927430577267,0.0774217159936871,496
-2.1303643218031985,-1.2933646077569945,2.5500644090467395,-0.1695797577544513,-2.2653948587252866,-1.7249907022232207,-1.73232362699099,-1.1225675199203915,-0.9484441444218568,-1.9902474042480245,-2.4317010072014584,-0.2387584753925106,0.6673617316359872,1.0010436425774836,-0.4047661643178726,497
0.920660597041334,0.6050894564251772,-0.1653654662093056,-0.1695797577544513,0.596649204940723,0.6664108401352049,0.41986049268488,1.341100730223333,0.9094569881485144,0.2172911479738214,0.5505467063881859,-0.7353036035749337,0.6673617316359872,1.2872164883575947,-2.333517685564112,498
0.7156676033209579,-0.5167243087733788,0.4870430103132508,-0.1695797577544513,0.9781639404985828,-0.1071505595898109,0.0413711885052225,-0.3505043064623636,-0.1021017901345724,1.0345049389405625,0.6627829052751473,0.1249005081084822,0.6673617316359872,-1.2518362642737662,1.5239853569283666,499
0.3153784854878665,-0.2681994130986218,-0.5920758751781127,-0.1695797577544513,0.5423675724648754,0.7979093081905853,0.8087677700014083,1.573063962488242,1.5868687463754154,-1.735531417453196,0.7667710209666466,-0.966639882000375,0.6673617316359872,-0.191287956304001,-3.780081326498791,500
-1.514723887606535,2.123852707770914,-0.9412025734253184,-0.1695797577544513,-1.229067618035029,-1.0287384100775818,-0.8413368061891517,0.1052769977260956,0.6028253601824171,-0.0798775032868114,-0.6344245632542127,-0.0588073249960669,-0.5142513094152622,-0.363365994298433,-2.8157055658756716,501
-1.2991910652648773,2.123852707770914,-0.9412025734253184,-0.1695797577544513,-0.9434506035223198,-0.4172897097555306,-0.1420044763674521,-0.2084788069938735,0.3208039939548301,-0.0798775032868114,-0.2874307315359655,-0.7025746717919533,-0.5142513094152622,-0.7637135634428635,-1.3691419249409922,502
-0.1627082588909242,0.9847802692616112,-0.9412025734253184,-0.1695797577544513,-0.6987871113526425,0.1251548500330731,-0.1796039090186041,2.1407575697762304,1.7556191903122658,-1.0350624537674178,-1.2229461640813866,-0.8495470766434213,0.6673617316359872,1.3050932398203172,0.559609596305247,503
-0.6701324047178159,1.554316488516263,-0.9412025734253184,-0.1695797577544513,-0.2069290713162014,-0.3630732589283834,-0.6405435532408906,0.2915396541955734,-0.1115671800928756,1.1937024306873305,0.1999738849189211,1.2018139214121497,0.6673617316359872,0.1040278399764982,0.559609596305247,504
1.2174825977185484,-0.2681994130986218,0.6880553517283087,-0.1695797577544513,1.55343988112546,1.5889099072850286,1.4381191885474385,1.4631917957232443,1.061203553060271,-0.5942078612379071,0.9975708259314262,-0.906787818126139,0.6673617316359872,0.8342053311299942,1.0417974766168068,505
-1.5217890053222902,-1.2933646077569945,-0.9412025734253184,-0.1695797577544513,-1.229067618035029,0.8869993013704233,0.8989835171686611,2.092105629099943,2.134046618423537,-0.7166674702738824,-1.0847626245138169,0.0928819596780829,-0.5142513094152622,-0.9347404266166622,-0.4047661643178726,506
0.9192157143937196,0.8423962144479485,-0.2865900142118076,-0.1695797577544513,0.368346869310675,-0.0520241528336102,-0.0088368811567671,-0.5520081052740093,-0.5111949681660545,-0.3755299879593801,0.7086630892123322,0.1998302336784965,0.6673617316359872,0.2964863960911265,-0.8869540446294324,507
0.9533331228677996,0.2016679677864656,0.2589204517994515,-0.1695797577544513,1.3596786760564423,1.1885972040115476,1.134342697779216,0.5424106783137104,0.300963936546108,1.6060997426408616,1.1688527517491414,0.9448775913325396,0.6673617316359872,1.1139349302175978,1.5239853569283666,508
-0.5922998370357769,0.5705721098036829,-0.9412025734253184,-0.1695797577544513,-0.2946266432554523,0.3133088047351072,0.2406529009805506,-1.0010210374839703,-1.2540821797772137,0.3181162260801077,-0.9666624017348042,-0.703160305253347,-1.6958643504665116,1.1918430980930872,-0.8869540446294324,509
0.9310563949329044,-0.9962152759719588,-0.1822314902792189,-0.1695797577544513,1.3596786760564423,1.2388198028292372,1.3826783553007809,0.4783453673641178,0.5688837139688542,2.2162401661377227,1.758163151308289,-0.8601361167033972,0.6673617316359872,0.6722251240842103,-0.4047661643178726,510
0.98406599292072,-0.3733445612687113,0.4015924198331655,-0.1695797577544513,1.642663314666333,0.9996208070232074,0.8478783372723745,1.4276058803614755,1.1148493737276772,-0.7439584688590426,1.6967745051213723,0.388934797896859,0.6673617316359872,1.385805335081296,1.0417974766168068,511
-1.2751438577110412,2.123852707770914,-0.9412025734253184,-0.1695797577544513,-1.229067618035029,-1.1018881475845717,-1.4891463159803138,-0.0237380799536999,-0.525181036785639,-1.0350624537674178,-1.5907294726525625,0.8415651859697117,-1.6958643504665116,0.6123818192885916,-0.8869540446294324,512
-0.0032882012426041,0.0735223184541691,-0.9412025734253184,-0.1695797577544513,-0.2069290713162014,-0.8147415647902149,-0.5998667439392346,-0.2834398591384214,0.1979289945359616,-1.0350624537674178,-0.6623115545572468,-0.819253072210176,0.6673617316359872,1.845565565640812,0.559609596305247,513
0.6795314122774448,-0.6831472299841536,0.4303665982601329,0.2780742102988138,1.1018125869211224,-0.0167471393373331,-0.0960167811976998,-0.0313678474209337,-0.1692259227277231,0.0076811171739108,0.9967563530504454,-0.8539610522628847,0.6673617316359872,1.0625286541720331,0.559609596305247,514
1.068168309206039,-0.2328488891448847,0.0219055596704216,-0.1695797577544513,1.583701340337675,0.0272706098868223,0.0550967994822997,-0.4121877251083894,-0.3999346802985794,-0.048038004937458,1.2244892136377763,-0.3990332775712276,0.6673617316359872,-0.0309361725575962,1.0417974766168068,515
0.3579850389495475,1.2695483788889372,-0.0683858278073039,-0.1695797577544513,0.3061680966461833,-0.6174823683751383,-0.7075270533121205,0.8306689087615718,0.8358941330646323,-0.0798775032868114,0.4019961288395082,-0.3440919466587676,-0.5142513094152622,0.2602377308001744,-0.4047661643178726,516
-0.5100232743340253,1.2695483788889372,-0.9412025734253184,-0.1695797577544513,0.0320258085011839,-0.6719813645431048,-0.8934940408067356,0.7345361731826859,0.5119842696840389,-0.0798775032868114,-1.1775831737554334,-0.4508986033911128,-0.5142513094152622,-2.337321011876959,-0.4047661643178726,517
1.0413644275277825,-0.2966762240613543,-0.0683858278073039,-0.1695797577544513,1.3935357786783087,-0.113358040765902,-0.0429685305554054,-0.1309482504035087,-0.0006359739789055,-0.7296631838858636,0.6929795002890078,0.7504753091465017,0.6673617316359872,-0.1505252493043027,0.0774217159936871,518
0.074163562602011,-0.3170168033204491,-0.9412025734253184,-0.1695797577544513,0.4283434747215191,-1.3821223129542124,-1.4898782243151514,-0.9222745779562516,-0.9617956261157838,0.3977149719534917,0.1931743447909866,-0.8603785850984865,0.6673617316359872,0.624290734336827,1.0417974766168068,519
0.5542524271744566,-0.7676388669065469,-0.9412025734253184,-0.1695797577544513,0.3061680966461833,-0.0024570811724049,0.2142911432878212,0.7600471044928503,1.1965644586312976,-0.6911958715943997,2.164028575618663,-0.0665147187396436,0.6673617316359872,0.1231032907176195,0.559609596305247,520
0.0725079931033739,0.9847802692616112,-0.9412025734253184,-0.1695797577544513,-0.5884438068740612,-1.2043580527913391,-1.5575597874264795,-0.2044600416480383,-0.6442689439247526,-0.7166674702738824,-1.1833493489510072,-0.1812581368783988,0.6673617316359872,0.4126418423662453,0.559609596305247,521
1.1386518280307687,-0.4390602788750172,-0.0683858278073039,-0.1695797577544513,1.4267354201072486,-0.282727697440757,-0.2098492291100195,0.0288259131277687,0.2026773636283092,-0.2788743679702712,0.8844177836320986,0.3464808730934134,0.6673617316359872,-1.6097372865885344,0.559609596305247,522
-1.267643341697821,-0.0119081144340286,-0.9412025734253184,-0.1695797577544513,-0.9434506035223198,1.4927923159030403,1.4659896972571935,-0.2076746778558707,-0.5073897262402585,2.7856773481550077,-1.2226494405205752,-0.5056152370621239,0.6673617316359872,-0.1296095843680534,-1.3691419249409922,523
0.7825055974138335,-0.1949733277658808,0.0563022787095552,-0.1695797577544513,1.2171188203159682,0.9852434009573134,1.057169950418897,0.0014249913530123,-0.0297929251589669,2.288981173905092,0.920619734594929,-0.1199180215909724,0.6673617316359872,0.1255629948895276,0.559609596305247,524
-0.4393126409203713,-1.2933646077569945,2.162145855438733,1.2231214761890403,-0.123511170725766,0.8612338299447003,0.7976533134920241,0.6541268120934373,0.4570648442566626,0.5569124637002594,0.5861146323158665,-0.9408216324455078,0.6673617316359872,-0.3689465365641704,0.0774217159936871,525
0.9844896824126506,-1.2933646077569945,-0.0683858278073039,-0.1695797577544513,0.1047911649042819,0.4863386618150416,0.8520048732826716,0.3973778523510359,0.9874658599640768,2.1488873811679365,1.0692020858747104,-0.4565362002355052,0.6673617316359872,-2.2143312673819726,1.0417974766168068,526
0.8946093180250125,-0.0343898072993439,0.3450536832749133,-0.1695797577544513,0.8904663685593319,1.0611189655408286,0.8678337365589708,1.5873502292650992,1.204837967985563,0.2840024778486576,0.254131237897552,-0.0028267760002297,0.6673617316359872,-0.1113008644685359,0.0774217159936871,527
1.027900518655721,-0.723828388502343,0.0770836297956985,-0.1695797577544513,1.1018125869211224,0.6159110851011573,0.7186640249113441,-0.0001298075601411,0.080842510324901,0.2961318105531732,0.5823681106506183,-0.3241826046982122,0.6673617316359872,0.5533185757048039,0.559609596305247,528
0.3271514163485544,0.4152440500069599,-0.9412025734253184,-0.1695797577544513,0.8904663685593319,-0.0430559501421349,0.0404213188596379,-0.2374797613508624,-0.1037551976183614,0.9283732777760506,1.2378120040539424,-0.2329269286184473,-0.5142513094152622,0.7559875147049528,0.0774217159936871,529
0.6182439682005625,-0.75380397898943,1.2638081523465077,-0.1695797577544513,0.7498616048685348,1.492640316977954,1.3343615863817908,0.5941919403311468,0.1273583750688378,1.112062691330014,0.8398024498459626,-0.4149327742101719,-0.5142513094152622,-0.1932854408647869,-0.8869540446294324,530
0.5926738507875364,1.0986875131125415,-0.2429491769309068,-0.1695797577544513,-0.2069290713162014,-0.7166707330837364,-0.9526411971361765,-0.1104873222054363,-0.4162267760539184,-0.3186737409069631,-0.1764118262301954,-0.4972777717412809,-0.5142513094152622,-0.3725165955821791,-1.851329805252552,531
0.8410825487501887,-1.2933646077569945,0.6880553517283087,-0.1695797577544513,0.6492603655580976,-0.2502067383894695,-0.1793404945987801,0.7122255927463205,0.930275114897918,-0.6105358091093707,0.5399023147077234,-0.510405852219682,0.6673617316359872,-0.6189775643656855,0.559609596305247,532
0.8136587365445501,0.1454637356231776,-0.0224481043537242,-0.1695797577544513,1.0203815869739816,1.0741278966540808,1.1054011871644218,-0.1438633772407329,-0.2711364509618492,0.527967465200847,1.0986032671726138,-0.8686487905229948,0.6673617316359872,-1.1212526458324974,0.0774217159936871,533
-2.078141617864011,-1.2933646077569945,2.5500644090467395,-0.1695797577544513,-2.001839154318893,-1.1700462534152123,-1.3654849953743464,-1.5357271856092891,-1.8081326272942704,1.8304923976744016,-1.9088216997150471,-0.9834137830514496,-1.6958643504665116,1.581198560739334,-0.8869540446294324,534
-0.8193213009827272,0.4152440500069599,-0.9412025734253184,-0.1695797577544513,-0.2946266432554523,0.4643929102427929,0.5443883985335428,0.8172057698679481,0.9458082630979336,0.3977149719534917,-0.3401967998302327,-0.7629090946890011,0.6673617316359872,0.4905220074147205,-0.4047661643178726,535
0.0440213944769107,-1.2933646077569945,-0.9412025734253184,-0.1695797577544513,-0.4847922049148178,-0.5929559705798693,-0.4190161753664242,0.8739323600970057,1.338489780217885,-0.0798775032868114,-0.2187829014103881,1.7490693673462514,-0.5142513094152622,-2.5550009870947856,0.559609596305247,536
1.1203295498862245,-0.4390602788750172,0.586226731406207,-0.1695797577544513,0.9348773800708068,-0.2311405288586802,-0.1215279832549007,0.3160642216673228,0.5678940531503416,-0.1860091644513235,1.411222727809168,-0.3876387903498576,0.6673617316359872,-0.3274573060822057,1.5239853569283666,537
0.8903612608882305,-1.2933646077569945,0.6880553517283087,-0.1695797577544513,-0.2946266432554523,1.2648476928531904,1.1699565169567845,-0.609591626053013,-1.0223582404490534,0.6478824589841267,0.0404064189685054,0.0820733093079468,0.6673617316359872,1.5182849892703276,1.0417974766168068,538
0.0026412440393129,-1.2933646077569945,0.0563022787095552,-0.1695797577544513,-0.2069290713162014,0.7092972272831016,0.7082294358660081,1.2491869231446693,1.2311707047189044,-1.226099443863539,0.1743164712307001,-0.5087560659850311,-0.5142513094152622,0.1612634503861907,-1.3691419249409922,539
-1.2176985712169326,0.6593310011160962,-0.9412025734253184,-0.1695797577544513,-0.8167461425041092,0.529127837589858,0.2673961777036793,0.9313872517809212,0.4634508294998625,0.0793199884599561,-1.1550244112386043,0.6327272233219328,-0.5142513094152622,-0.4172790594009574,0.0774217159936871,540
0.6880739056192627,-0.5339829820841259,-0.9412025734253184,-0.1695797577544513,1.2538885774942763,-0.4534995656369454,-0.4042516196248881,-1.6640546476447586,-1.6342127760390974,2.042755720003425,-0.2394390518585069,-0.4206180398751608,0.6673617316359872,0.5980112544962138,2.488361117551486,541
0.872508120094882,-0.2419131260560993,0.6701514184848623,-0.1695797577544513,1.1411184055945387,0.024237603614072,0.150711456109749,-1.3181110561837148,-1.2032708526628244,0.0747714886957632,0.3490715729568537,-0.5248614781484844,-0.5142513094152622,-0.2174302907292503,0.0774217159936871,542
-0.673910673466318,1.3644710820980457,-0.9412025734253184,-0.1695797577544513,-0.2946266432554523,0.2677601123451256,0.3668523014087077,-0.3924812637699896,-0.2928471601583151,-0.898607460841617,1.2987426942361204,-0.5978696469333357,0.6673617316359872,0.1212507218234331,-0.4047661643178726,543
1.0726883453278375,-0.5504912782944056,1.0321222427545402,-0.1695797577544513,1.061581841089018,0.217415068689392,0.2679724401535503,-0.8429331989671891,-0.8543755205639685,0.6136446607591072,0.2971919790395591,-0.8130528474213301,0.6673617316359872,0.5624966552364564,0.559609596305247,544
-0.2955116232854991,-0.2681994130986218,-0.9412025734253184,-0.1695797577544513,-0.0439746062202448,-0.9272768902602756,-0.8049637771929942,-0.4818929757799789,-0.1591551787623572,-1.1942599455141858,0.1935116302690904,1.625374177286939,-1.6958643504665116,-0.6344200329419742,-0.8869540446294324,545
-1.6903637669203366,2.123852707770914,-0.9412025734253184,-0.1695797577544513,-1.3920220831309849,-0.1309749846502677,0.0150938144383459,-1.457112250703593,-1.29422133527488,-0.4619514834790539,-1.2808039439186814,-0.591862562508885,-2.877477391517761,-1.083743806335243,-2.8157055658756716,546
0.2201223901870985,-1.1135110648344728,1.2638081523465077,1.149821411244646,0.7003008068999663,0.6467656957000862,0.7511178895813895,0.0902347733077402,0.176064042885015,-0.3186737409069631,0.3877647029573535,-0.9478034657127468,0.6673617316359872,0.0480905126284206,0.559609596305247,547
-2.089657982804925,-1.2933646077569945,-0.9412025734253184,-0.1695797577544513,-2.2653948587252866,-1.6308962351940932,-2.040849310586018,-0.9566520350201346,-1.4852866191877816,-0.0798775032868114,-2.543478357921029,10.820791234358024,0.6673617316359872,1.312174571117965,0.0774217159936871,548
0.143677641703047,0.2253986435887427,-0.9412025734253184,-0.1695797577544513,0.3061680966461833,-0.6092445675170794,-0.4334387030712849,0.4407408727904838,0.8775242155075081,-0.7166674702738824,0.0613853584358089,-0.6139006735942143,-0.5142513094152622,0.5690174893510302,0.559609596305247,549
-1.103936100117879,1.6967005433299258,-0.9412025734253184,-0.1695797577544513,-0.6987871113526425,1.860939632209014,1.779108759553527,0.4415360146345644,0.037500845701335,0.8753074471937949,-0.1970053051059712,-0.1609995960809517,-1.6958643504665116,-0.7435715899684339,-0.8869540446294324,550
0.3169139898481223,1.0986875131125415,-0.5920758751781127,-0.1695797577544513,-0.0439746062202448,0.2359945245019984,0.0480084145606616,0.5819051184385864,0.2619364919181377,-1.0350624537674178,-0.0520463980013328,-0.0429936112149955,-0.5142513094152622,-0.0408973770024452,-0.4047661643178726,551
0.9991324737123194,-1.0199872225147617,0.3156535402646224,-0.1695797577544513,1.289884176719066,-0.5638116281044335,-0.66216923863917,-0.6069987194181521,-0.7355714532598819,-0.5357612296525555,1.4262146794310973,-0.4383918420690551,0.6673617316359872,-0.2384782074219912,-1.851329805252552,552
0.5993397585170885,0.3013368061560297,0.9208064838931124,-0.1695797577544513,0.1745856642416582,1.9468166009444317,1.899361548365728,0.8146134356306094,0.4855369659538263,0.5682837131107431,0.7916582917065484,0.4487907143107456,-2.877477391517761,-1.9704396822930896,-0.8869540446294324,553
-1.0355767477306654,1.6967005433299258,-0.9412025734253184,-0.1695797577544513,-0.6987871113526425,-0.0582085733446614,-0.1173027574398239,-0.967222128224682,-1.1352131993043555,-0.3982724867803471,-1.1696533671047584,-0.4199340480984209,0.6673617316359872,-0.4578435656987817,0.0774217159936871,554
0.0388114191345326,-0.6099211446514127,1.851811012552328,-0.1695797577544513,-0.4847922049148178,0.8067932199315301,0.7695258959116351,0.1963298322084247,0.0184081392547031,-0.5574699785271147,0.4491930009738734,-0.505147166242704,-0.5142513094152622,-0.2013807944064845,-0.4047661643178726,555
0.8093138162526361,-1.2933646077569945,-0.9412025734253184,-0.1695797577544513,-0.9434506035223198,-0.126911195441479,0.0150938144383459,-0.68405162729733,-0.469550613911388,1.8304923976744016,0.1479217579512799,-0.9741625210690572,0.6673617316359872,-1.2275566913138614,-0.4047661643178726,556
1.1923306112452143,-1.2933646077569945,0.8875563221552835,-0.1695797577544513,0.9781639404985828,0.0868907900503833,0.2596977089220393,0.1514033151600014,0.4500461820149011,-0.8682841290803278,1.2119250991891315,-0.3821798710711439,0.6673617316359872,-0.3832454033712973,1.0417974766168068,557
1.33640151368522,-0.4171550396729153,0.1330334211814687,-0.1695797577544513,1.7817422167555064,0.558307347636535,0.6210306071453476,0.1625302783210689,0.1955175677289491,0.5326537982912282,1.3685968652871,-0.4239476778980335,0.6673617316359872,-0.4042860625738255,-0.8869540446294324,558
0.3471957351008762,0.9034179522252328,-0.9412025734253184,-0.1695797577544513,0.1047911649042819,-0.5053678915578079,-0.6126663824917499,-0.8929703973772573,-1.068267305813123,0.2612599790276909,0.379208872687239,-0.5117365434006664,0.6673617316359872,1.1763236046419527,0.0774217159936871,559
0.9919432138725348,0.1137248751074385,-0.325096635342014,-0.1695797577544513,0.7498616048685348,0.5092523737229071,0.5456527930086027,0.2296231961817463,0.2297530503967847,-0.1822187479811622,0.110039999585625,-0.8691120561768084,0.6673617316359872,0.6218413531528392,1.5239853569283666,560
1.3016722727812864,0.0491136233432554,0.4303665982601329,0.7257281783520789,1.179540872240484,-0.1725841571770375,-0.0273574918350931,-0.7645814994382913,-0.5434238861886592,-0.8557216059220796,1.6570136338891752,-0.568245919865586,0.6673617316359872,-1.002978210554292,-0.4047661643178726,561
0.6479944339539377,0.7569657815597508,0.4553042195635048,-0.1695797577544513,0.1047911649042819,-0.5713379696115288,-0.5875426740877231,-0.8418113215636288,-0.8442544054670847,-0.0798775032868114,-1.0391573238329777,1.0365532899798495,-0.5142513094152622,-0.5683315179943703,0.559609596305247,562
-0.151118567874039,-1.2933646077569945,1.2805127790569002,-0.1695797577544513,0.1745856642416582,0.1427167577474307,0.1730095426745741,0.0901289437077579,0.1270516877770042,0.3749724731325249,0.022551588324042,-0.0358683356888897,0.6673617316359872,1.847709756589435,0.0774217159936871,563
-0.2174885994808645,1.147504903334369,-0.9412025734253184,-0.1695797577544513,-0.4847922049148178,-1.11344564837612,-1.06909793757043,-0.5733412852706808,-0.3638682010827741,-0.7166674702738824,-1.1195023490993976,2.11040973466577,-1.6958643504665116,0.1885876852158386,-0.4047661643178726,564
0.5812512384767278,0.2253986435887427,0.998390194614714,-0.1695797577544513,0.3061680966461833,0.9029087813949568,0.6891490548689393,2.1201725381501504,1.7684491544771614,-0.7166674702738824,1.49884129140917,-0.5193423542518838,0.6673617316359872,0.8373029517208017,0.0774217159936871,565
0.6923973480414112,0.7000121596342858,0.5134920026047058,-0.1695797577544513,0.2416424082924644,-0.7092921953676173,-0.5085327974547745,-0.2321299362541505,0.2118988776973434,0.302196476905431,0.5059843187399713,-0.4769615637559454,-1.6958643504665116,-0.5621093375746233,0.559609596305247,566
-1.8420198102930685,-1.2933646077569945,2.5500644090467395,-0.1695797577544513,-1.7735368186888454,-0.373251457424467,-0.7896391356133186,1.261493188377537,0.6928693849970186,-0.0798775032868114,-1.2891547203873093,-0.5833346867884371,-1.6958643504665116,0.8185059486842924,-0.8869540446294324,567
0.8292607546159075,-1.2933646077569945,0.6880553517283087,-0.1695797577544513,0.4283434747215191,0.479381262435167,0.4730323538741074,-0.3810367237110986,-0.4975986329758708,0.5933004618138061,0.4116054215647425,-0.7986858387114116,0.6673617316359872,-1.2027901411984874,0.559609596305247,568
-0.7264069874481196,-1.2933646077569945,1.053807130844429,5.20226785888473,-0.6987871113526425,0.2807617257529425,0.5745281485962233,0.49332391964575,0.9983002203059912,-0.6529884735751754,-0.0955943818242399,0.8325314779336437,0.6673617316359872,0.4545615707322726,-0.4047661643178726,569
-1.5267728552390571,2.123852707770914,-0.9412025734253184,-0.1695797577544513,-1.229067618035029,0.229971264531819,-0.0620039696350787,-0.0547438168104303,-0.6037126456058217,-1.9902474042480245,-0.8739059225125775,1.3297397481039306,0.6673617316359872,-0.464155808011469,0.559609596305247,570
0.8806784015942333,-0.0119081144340286,-0.6502636582193138,-0.1695797577544513,1.179540872240484,-0.2227313120659523,-0.3563726493566601,-0.1401843448592744,-0.348380635084178,0.3340359752547844,0.7638614338027953,-0.6481394633002436,0.6673617316359872,0.193790221850265,0.559609596305247,571
0.6318152013957845,-0.6720523685701019,0.0109611490670609,-0.1695797577544513,0.8904663685593319,0.904233006399854,1.1489137088264465,0.0409159540779299,0.3263304167602441,-0.4778712326537309,0.7674651251164384,-0.166411660169,0.6673617316359872,-0.7434005023395954,0.0774217159936871,572
0.9985982412356752,-1.2933646077569945,1.851811012552328,-0.1695797577544513,0.2416424082924644,1.0616738067933686,1.1098573710751762,0.6458437836695888,0.6108975989197996,-1.7514511666278727,0.2941031163026382,0.6162952409076916,-0.5142513094152622,0.1565605699608729,-2.8157055658756716,573
0.7839949040137475,0.272859995193297,0.5134920026047058,-0.1695797577544513,0.7980261366826243,0.875490055050163,0.7974038158892495,-0.3085048999320971,-0.6071839692982849,0.8753074471937949,1.2614233714624024,-0.7506993427283827,0.6673617316359872,-0.1792466465144623,0.0774217159936871,574
-0.4832044286962089,1.147504903334369,-0.9412025734253184,-0.1695797577544513,0.0320258085011839,1.18939666105735,1.2991221819816228,-0.2842149363792047,-0.30406919473863,-0.8758649620206501,-0.600704062259851,-0.7209826953405329,0.6673617316359872,-2.0875491844458356,1.0417974766168068,575
1.0686427977120063,1.4404092446653327,-0.9412025734253184,2.337282463343834,0.4283434747215191,-0.4521062602257098,-0.4206384422914653,-0.6315787890848638,-0.5538259444616854,-0.9713834570687108,0.4951281796970734,-0.7729814547389128,-1.6958643504665116,-0.2379378913134208,-1.851329805252552,576
-0.6953070914145036,-1.2933646077569945,2.5500644090467395,-0.1695797577544513,-0.123511170725766,1.0641615345230018,1.0106491150583592,2.404653610257069,2.328619840860206,-0.7166674702738824,-0.788122351558744,0.6010145010564466,0.6673617316359872,0.1732405162514916,-1.3691419249409922,577
-1.4120520292311454,2.123852707770914,-0.9412025734253184,-0.1695797577544513,-1.0803018469105024,-2.442062116333486,-2.811050503140794,-2.386700202197148,-2.824474243691791,-1.0350624537674178,-2.0190605437710434,0.166404500467433,-0.5142513094152622,-0.9714684036417612,-0.8869540446294324,578
-1.2435923583812147,1.2695483788889372,-0.9412025734253184,-0.1695797577544513,-0.9434506035223198,1.362934590915963,1.156302416813343,-0.4366480415432761,-1.0461055318944392,1.8304923976744016,-0.9618928239554588,1.2916160344705052,-2.877477391517761,-1.952142201901344,0.0774217159936871,579
0.9381338589373248,-1.2933646077569945,0.3936936257551742,-0.1695797577544513,1.0203815869739816,0.5255093051390037,0.5719402874832403,-0.7293741835341957,-0.7881661799018811,2.1488873811679365,0.8583923657329567,-0.3998150472462261,0.6673617316359872,1.3946320667397731,0.0774217159936871,580
0.8238070735009095,-0.0729298522113126,0.555054704776992,-0.1695797577544513,0.9781639404985828,-0.8398101827463063,-0.808042011493951,-0.7166967578879362,-0.5835072495436732,-0.0161985065881046,0.3592536374333508,-0.4763104750448824,-1.6958643504665116,-0.1200980817061327,0.0774217159936871,581
0.148747313728333,0.0735223184541691,-0.9412025734253184,-0.1695797577544513,-0.4847922049148178,0.5185340418488338,0.3986952178607809,2.068306745773199,1.9372681633477529,-1.0350624537674178,-1.6148369152872362,0.7794958758169404,-0.5142513094152622,0.8532631383767338,-0.4047661643178726,582
-1.249691102266417,-1.2933646077569945,-0.9412025734253184,-0.1695797577544513,-0.8167461425041092,-0.1446706315255601,0.2593763333706981,-0.7153650085860523,-0.0443871182760774,-1.0350624537674178,-0.5624529878029649,-0.5770201215731124,-0.5142513094152622,-0.545787457684847,0.559609596305247,583
1.0125806025186666,-0.4390602788750172,-0.0683858278073039,-0.1695797577544513,0.596649204940723,-0.2537629291451983,-0.1385909163283953,-0.9077101592373548,-0.7369739011826553,0.7479494537963803,0.6494748075826363,0.945490728213896,0.6673617316359872,-0.5324340454498157,-0.4047661643178726,584
1.133338731518652,-1.2933646077569945,0.8044309178107106,-0.1695797577544513,0.7003008068999663,-0.5566299362206949,-0.587670349646006,0.9380103462217428,1.0446774353265558,-1.226099443863539,1.1477577202758549,-0.535546481390946,0.6673617316359872,-0.5308361209801743,0.0774217159936871,585
-1.1376979638074831,1.147504903334369,-0.9412025734253184,-0.1695797577544513,-0.8167461425041092,2.7199505172804,2.5494289753417303,1.9566833855654568,1.3787226056964332,1.352899922434098,-0.2400728768484923,0.6636112320586071,-0.5142513094152622,1.3326973870001124,0.0774217159936871,586
1.089162887860214,-0.1542921692476915,0.3680225450017033,-0.1695797577544513,1.0203815869739816,-0.3433506744529238,-0.0360850132758957,-0.0780863125190427,0.5052373680242283,-0.6768680973371904,1.405946452831798,-0.7072417419916284,-1.6958643504665116,-0.0038169833015708,-2.333517685564112,587
-0.4961590820306752,0.4152440500069599,-0.9412025734253184,-0.1695797577544513,-0.2946266432554523,-0.5276288279298446,-0.4041784199683276,0.0013206352687177,0.2999598712557313,-0.504404147944859,-0.2593601310459469,-0.8409790812541308,0.6673617316359872,-0.2608425303714785,1.0417974766168068,588
-0.2367164233409439,-1.2933646077569945,1.240839290619718,4.530786906804833,-0.4847922049148178,-0.6332987996638422,-0.3070297979795019,-1.5767971754519108,-1.0300138196917334,0.5569124637002594,0.0658640969592507,-0.9020206197287446,-0.5142513094152622,-2.404625135372032,-0.4047661643178726,589
0.509235837556153,-0.3821066569495521,0.4553042195635048,-0.1695797577544513,0.3061680966461833,0.1338792462709539,-0.0066501934359267,0.7635988077565817,0.5564939226363113,0.6842704570976735,1.0404374801862442,-0.6057417219948446,-1.6958643504665116,0.1703656065957947,-0.8869540446294324,590
0.8958325768486134,0.4152440500069599,-0.0683858278073039,-0.1695797577544513,0.7980261366826243,-0.3527764105843413,-0.2182829569728745,-0.0947089361893595,0.1879936266389806,-0.6529884735751754,1.3380092372657726,-0.3483808114462445,0.6673617316359872,0.6737056813486304,0.559609596305247,591
0.9540008643266736,0.3013368061560297,-0.010198044766103,-0.1695797577544513,0.7003008068999663,-0.0835799672652498,-0.088791878878908,0.3800514440243426,0.4134589426476849,-1.226099443863539,0.070394759518646,-0.1365950393413848,0.6673617316359872,-2.4272530603493414,0.0774217159936871,592
0.9025434430582994,0.7866807147382545,0.4249453762376608,-0.1695797577544513,0.7980261366826243,-0.3604754821274605,-0.4055696447834482,0.0378371425608546,0.0193263804080712,-1.138540823402817,-0.1576590087991598,-0.9812317060739988,0.6673617316359872,-0.6569325870373237,1.0417974766168068,593
-0.5638372363478122,1.1918843489905755,-0.9412025734253184,-0.1695797577544513,-0.2069290713162014,0.1809533659698507,0.07575402973824,0.1575618499949767,-0.0422516379514436,0.8753074471937949,0.8348579351078381,-0.7529009628020964,0.6673617316359872,0.8336518207989131,0.0774217159936871,594
-0.6559896800706532,1.1918843489905755,-0.9412025734253184,-0.1695797577544513,-0.123511170725766,-0.0656812796588406,-0.0657459953056198,-0.2773776581139162,-0.2885471861728194,0.5569124637002594,0.1551767796851249,-0.0327784466757628,-0.5142513094152622,0.3285015345120122,0.0774217159936871,595
-1.671505522485031,2.123852707770914,-0.9412025734253184,-0.1695797577544513,-1.5721598869469433,-1.207548972293666,-1.1912481164155908,-0.9761038564547369,-0.8315033858063314,-0.0798775032868114,-0.991000485498444,-0.8352390437661116,0.6673617316359872,1.6875125681136174,1.0417974766168068,596
-1.2042077294398832,-1.2933646077569945,-0.9412025734253184,12.364731347736974,-0.8167461425041092,-0.2318314220388049,-0.2638369946499987,0.7446370465216862,0.7831058108729441,-1.9902474042480245,-0.8593838688956892,-0.6488400269659137,0.6673617316359872,-1.7047226606208177,0.0774217159936871,597
0.8979913308078646,-0.2060681891799325,0.1696551028157909,-0.1695797577544513,1.2538885774942763,0.6851407512094624,0.4935694984266657,1.0468145006491736,0.6851911033526886,-0.8758649620206501,0.8294056160137347,-0.855534607549816,0.6673617316359872,-0.0961089226756482,-1.3691419249409922,598
0.5174091230891326,0.3338817329705811,-0.6087009560470272,-0.1695797577544513,0.7498616048685348,0.1620418146729478,0.0957496084769041,0.2839406806631854,0.1645995833805557,0.3234228091383332,0.9586778330068996,-0.7415494269575205,0.6673617316359872,1.4025042038408275,1.0417974766168068,599
-1.1869654953900204,0.4152440500069599,-0.9412025734253184,-0.1695797577544513,-0.8167461425041092,-0.2340439290353219,-0.5297658519908797,-1.6387886493533714,-2.241357541446439,2.2125663778666445,-1.60884619018631,-0.152406921467766,-1.6958643504665116,0.911478170822946,-0.4047661643178726,600
0.6210162510989435,-0.0119081144340286,-0.6502636582193138,-0.1695797577544513,1.3596786760564423,-0.1144523770439407,-0.0958373889976543,0.3256019209222006,0.401190905749016,0.344649141371236,1.7033368298864364,-0.7099465569052852,0.6673617316359872,1.31453757274115,0.559609596305247,601
0.8442452625124791,-0.1542921692476915,-0.3593247430133088,-0.1695797577544513,1.2171188203159682,0.833950633147207,0.939196449806698,0.1316368870993319,0.1924883793012095,0.0687068223435049,0.9865668587481974,-0.2846168796515979,0.6673617316359872,0.5579290319865402,0.559609596305247,602
0.7404884233857593,-1.2933646077569945,1.6772476634287252,-0.1695797577544513,-0.2069290713162014,-0.7820187886321085,-0.7286547297419467,0.5404416293605034,0.7990926849505613,-0.5574699785271147,1.0009963528811665,-0.8466358319456104,0.6673617316359872,0.8545649512126229,-0.4047661643178726,603
0.767533967305158,-0.0119081144340286,1.240839290619718,-0.1695797577544513,0.1047911649042819,-0.6821433464729091,-0.6572986662857683,-0.2711734916985319,-0.1407355656225837,-0.9289307926029062,0.0488886844498648,-0.508348076991821,-1.6958643504665116,-0.7806055799954824,0.0774217159936871,604
0.4391554939273329,0.4152440500069599,0.1498183585971997,-0.1695797577544513,0.7498616048685348,1.3298761555459848,1.4235501500854018,0.8972566600646064,0.9183563775609196,0.3749724731325249,0.1423422345226004,0.1549495792244644,0.6673617316359872,-0.3184836506495904,-0.4047661643178726,605
0.8345683148576684,-0.0729298522113126,0.555054704776992,-0.1695797577544513,1.289884176719066,0.2400479097370371,0.2719806079605123,-0.5661942512783067,-0.5923914707337453,1.0345049389405625,1.1052605054657103,0.8162671119053807,0.6673617316359872,-0.168840253519951,0.0774217159936871,606
-1.8652103404142808,2.123852707770914,-0.9412025734253184,-0.1695797577544513,-2.001839154318893,-1.8579700361439344,-1.4186151584155813,-1.3570355468227646,-0.4023985816968306,-1.9902474042480245,-2.1614203612706953,-0.7225771883979911,0.6673617316359872,-2.062353543859693,-0.4047661643178726,607
0.5774583885430378,-0.4390602788750172,0.1498183585971997,-0.1695797577544513,0.4283434747215191,0.155339489286156,0.0938048219894451,0.5798277988002231,0.4926747351135023,-0.0798775032868114,0.7473004460349446,0.9394932811037172,0.6673617316359872,1.3811221195063614,0.559609596305247,608
0.876804904874803,-0.1542921692476915,-0.4757003090957107,-0.1695797577544513,0.7003008068999663,-0.0793326371356071,-0.0419101104572245,0.3875424846924634,0.4950939347798629,-0.5893094768764683,0.5685123022626296,-0.6439257816258651,-0.5142513094152622,-0.1517242591684291,0.0774217159936871,609
0.8736247671167559,0.002821270546695,0.744236659492227,-0.1695797577544513,1.4267354201072486,0.9572649039279671,0.7627736594605553,0.5781132021260555,0.1320316870106584,0.6638022081588034,1.6099301920416598,-0.493478555290826,0.6673617316359872,1.480998071394367,-0.4047661643178726,610
-1.745249054922768,2.123852707770914,-0.9412025734253184,-0.1695797577544513,-1.5721598869469433,0.4248481932912771,0.5043847458881668,-0.4771937404202984,-0.4430419946498,1.8304923976744016,-0.3054177450478775,0.6913624232288723,-0.5142513094152622,1.3174588258077986,0.0774217159936871,611
-0.7065137026261218,0.9847802692616112,-0.9412025734253184,-0.1695797577544513,-0.9434506035223198,-2.037382091677153,-2.0781746282966833,-3.0642446257015727,-3.046542274451173,0.3977149719534917,-1.6119962773323817,-0.5718323107644103,0.6673617316359872,-0.4005112512787392,-0.8869540446294324,612
-2.134607160843913,2.123852707770914,-0.9412025734253184,-0.1695797577544513,-2.2653948587252866,-0.5856496046744749,-0.5936157504559865,0.886820511723139,1.0343205158740134,-0.0798775032868114,-2.010869008212028,-0.2848628253093043,-0.5142513094152622,-0.2654723357794171,-1.3691419249409922,613
-1.9016300326157771,-1.2933646077569945,2.5500644090467395,-0.1695797577544513,-1.7735368186888454,0.1537075381686166,0.1927780185228118,0.7985725891204571,0.903800973837802,1.8304923976744016,-0.276314746316605,-0.9129102456142516,-1.6958643504665116,0.2932625035346426,-0.4047661643178726,614
1.2989661365142855,-0.2883006914252565,-0.9412025734253184,2.779669914125884,0.8904663685593319,0.9295154766723353,0.9063446028801324,0.7745580077252315,0.6463154124897119,-0.3982724867803471,1.0624091484676228,-0.9577887202233928,0.6673617316359872,-2.462390235931561,0.0774217159936871,615
0.8611725435676916,-0.2883006914252565,0.4963779487690583,-0.1695797577544513,0.5423675724648754,-0.9262302667644065,-0.9824113453877044,-1.5354487618007049,-1.6042613873208762,0.2130458815272411,0.5709235565678947,-0.2570031883602671,0.6673617316359872,-0.2657451344414474,0.0774217159936871,616
-1.722453776255565,-1.2933646077569945,2.5500644090467395,-0.1695797577544513,-1.5721598869469433,0.2520858226283038,-0.0508172663370471,-0.7818054705285552,-1.4088386954980336,1.0663444372899165,-0.9072495776556208,0.8260995652078023,0.6673617316359872,1.1648675319442428,0.0774217159936871,617
0.113111165325662,-1.2933646077569945,1.3415489151141042,-0.1695797577544513,0.6492603655580976,-0.485115447058381,-0.4013986997169256,-0.6028718968326223,-0.4267463836271612,0.5171130907635675,0.8091917390889504,-0.0082063320966844,0.6673617316359872,-2.5094759812918657,0.559609596305247,618
0.9249872491130012,-1.122503741980599,-0.4175125260545098,-0.1695797577544513,0.7498616048685348,0.2343816824507647,0.2721935967684278,-0.8130196348002937,-0.8470321796826406,0.7595274531961458,0.2565105175264311,-0.6424522565683368,0.6673617316359872,-1.7791906266195814,0.559609596305247,619
-0.3588771110412101,-1.2933646077569945,1.96818657863473,-0.1695797577544513,0.1745856642416582,1.4360006797325362,1.4414387869769982,0.6799609668790801,0.5137492879919935,-0.0798775032868114,-0.8025158798279618,1.4547357804257437,-0.5142513094152622,-2.545856397556911,1.5239853569283666,620
0.0024247090227954,0.1711570988978235,-0.9412025734253184,-0.1695797577544513,-0.4847922049148178,-0.4700371325085589,-0.6112941811679786,0.5613966153127046,0.4332219193202326,0.5569124637002594,-0.93731967036927,0.4446548083320973,0.6673617316359872,-0.0270986996017322,1.5239853569283666,621
0.2635362871694044,-0.4797414373932067,-0.276199338668736,-0.1695797577544513,0.7498616048685348,2.5161400441573134,2.6346386351523443,2.0557983524452608,2.021394978750259,0.4507808025357478,0.7828458048062088,0.2643611377978355,-0.5142513094152622,0.2883452030530042,-2.333517685564112,622
-0.8178567140196492,2.123852707770914,-0.9412025734253184,-0.1695797577544513,-0.3870668751321598,0.208153987118303,0.0628668111702778,-1.7596956583480363,-2.180030312983711,2.594640358058886,-0.9959747208926284,2.698320382028557,0.6673617316359872,0.4447605253960616,0.0774217159936871,623
1.15382715210737,-0.723828388502343,0.2225530873987008,-0.1695797577544513,0.7003008068999663,-0.4916270347787065,-0.1340995850609357,0.4265824749369906,1.1601309154073227,-0.2709144933829327,0.0722728677638822,-0.5752544814219243,0.6673617316359872,0.1022296678036672,1.0417974766168068,624
0.9285836671052352,0.1137248751074385,-0.119727989314246,0.5677326602156325,1.55343988112546,1.989501804906007,1.924026731499667,0.4600938972617193,0.0655287065308523,0.3977149719534917,1.5557159611040838,-0.496170093072862,0.6673617316359872,1.076918910879043,-2.8157055658756716,625
0.5243514046647964,-0.6099211446514127,1.851811012552328,-0.1695797577544513,0.3061680966461833,-0.4999413228825656,-0.6038834839344758,-0.7159242804329312,-0.8726858427396975,0.0899331545764072,-0.0781778570726946,0.2876524262098329,-0.5142513094152622,0.5543023874936502,0.0774217159936871,626
0.3518205975599352,-0.1542921692476915,-0.3593247430133088,-0.1695797577544513,-0.3870668751321598,-0.4071313325509203,-0.2587725147366467,1.2017274062140773,1.6176771656192146,-1.3534574372609536,0.3530671881838589,-0.6222813735675925,-0.5142513094152622,0.1891393684576973,-0.4047661643178726,627
-0.487741170622625,-1.2933646077569945,2.5500644090467395,-0.1695797577544513,0.0320258085011839,1.492051209045166,1.494757769875287,0.2494897235251219,0.0364062230690802,1.3210604240847448,0.9738202454672568,0.4842521528324728,0.6673617316359872,-2.244441076084057,1.0417974766168068,628
0.1904524789226086,0.5466754852195718,-0.9412025734253184,-0.1695797577544513,0.368346869310675,-0.9576756637026486,-0.7082363812544457,-0.6701371856065917,-0.1357920372426877,-0.3982724867803471,-0.4361611412365264,-0.9413144638963156,0.6673617316359872,-1.4647121268576653,0.0774217159936871,629
-0.2065593858424444,0.7949348628433944,-0.9412025734253184,-0.1695797577544513,0.368346869310675,-0.14051225144934,-0.2217061470906684,-1.112323017760683,-1.3167929500553153,0.6582199584482024,-0.7875937654496965,0.4591721843207023,0.6673617316359872,0.4842902974075072,0.0774217159936871,630
-0.1709934479263716,-1.2933646077569945,1.2805127790569002,-0.1695797577544513,0.0320258085011839,0.337495953294024,0.55073088382738,2.188002366067211,2.6754684991282085,-0.8440254636712966,-0.4084586041454789,-0.8567806616947101,-0.5142513094152622,0.7494998773443393,0.0774217159936871,631
0.5647150930463868,0.0735223184541691,-0.2429491769309068,-0.1695797577544513,0.596649204940723,0.235632204441943,0.0827506202193876,0.5812660769015378,0.3224259320761732,-0.0798775032868114,0.0434317978481172,0.1789109242423331,0.6673617316359872,-0.1056360211889858,0.559609596305247,632
0.6971254790911542,-0.3940968931443869,0.5288045770892322,-0.1695797577544513,1.179540872240484,0.8054956643788945,0.6712201003355837,0.3701650978132906,0.0369823805357285,0.6842704570976735,1.245071274114075,-0.2466358178348183,0.6673617316359872,0.2359294616818323,0.0774217159936871,633
0.4860994522409169,0.9278266473361464,-0.2429491769309068,-0.1695797577544513,0.7498616048685348,1.017943394495349,0.9186352592196504,0.5687168121785862,0.2779723043101751,-0.6476818905169498,1.4174406097822412,-0.8201071972579997,-2.877477391517761,0.5173526558829615,2.970548997863046,634
0.9038416155012432,-0.5339829820841259,-0.1653654662093056,-0.1695797577544513,0.1047911649042819,1.0951676710490883,0.8919946315448019,2.4593554445627297,2.121869114657881,-0.8440254636712966,0.654203028713207,-0.6437299036090489,0.6673617316359872,-0.4607024577101211,0.0774217159936871,635
0.4055523701053738,-0.4797414373932067,0.8875563221552835,-0.1695797577544513,0.7498616048685348,0.4645668840843538,0.4790308072722651,0.1914517485408528,0.1575423926879441,-0.5468568124106635,-0.1325909033814005,-0.2717379667310228,0.6673617316359872,1.209450243644745,0.0774217159936871,636
1.0385023377610485,-1.2933646077569945,1.053807130844429,-0.1695797577544513,-0.123511170725766,0.1766255479287797,0.2419494817585372,1.243487866291184,1.42530375299054,-0.0798775032868114,0.9557833461442344,-0.5942893816713457,0.6673617316359872,0.6147549100032874,-0.8869540446294324,637
-1.744145488077846,2.123852707770914,-0.9412025734253184,-0.1695797577544513,-1.5721598869469433,-2.022765390755668,-1.8023880773613048,-3.038494152680397,-2.567511395546324,-1.9902474042480245,-1.9656406761723404,-0.9562605483250668,-1.6958643504665116,0.1883767675000646,-0.8869540446294324,638
0.6590361285167791,-0.3613962489766557,0.6457369640619807,-0.1695797577544513,0.1745856642416582,-0.4255158046358149,-0.8078826830800255,0.0757552657519828,-0.5166213074456423,0.7161099554470269,0.702555449189939,0.0444756630484455,-2.877477391517761,-0.0663551985800614,-1.3691419249409922,639
-0.887709832779253,-1.2933646077569945,1.552559556911866,-0.1695797577544513,-0.3870668751321598,-0.1068049075711332,-0.2248657416170768,1.202108475627034,1.1062654205225948,-0.9289307926029062,1.0324478366886254,-0.9865424900277848,0.6673617316359872,-0.1445347479247459,0.559609596305247,640
-1.299689085458409,0.7569657815597508,-0.9412025734253184,-0.1695797577544513,-0.9434506035223198,-1.406223425965391,-0.9043031592967926,-1.326391735065792,-0.3320857135945948,0.8753074471937949,0.5238729534374941,0.4102027473343765,0.6673617316359872,1.7106728867338314,0.0774217159936871,641
-0.5196708412861085,-0.1542921692476915,-0.9412025734253184,-0.1695797577544513,0.0320258085011839,2.7119827458731693,2.713594387062448,1.5380879288935785,1.228752708291078,-1.5657207595899771,-0.0074052066345072,-0.8173030551392758,-0.5142513094152622,0.2544696818627863,0.559609596305247,642
0.2436821238964508,-0.5339829820841259,0.6104716410067073,-0.1695797577544513,0.1745856642416582,-0.1283522145485426,-0.1491986408556585,1.2889974355599687,1.3726624321653869,-0.2390749950335793,0.9040813178456012,-0.965445366326223,-0.5142513094152622,0.4930943658059066,-0.4047661643178726,643
1.008831323657618,-0.5685003287056198,-0.2006307892645788,-0.1695797577544513,1.4593026488006116,0.768829207654572,0.6768391646419084,0.4911532877919179,0.2467275960109636,-0.6745938474550938,1.127782787796424,0.4684386730225023,0.6673617316359872,-2.379012245344708,0.559609596305247,644
0.9293418542886503,-0.0343898072993439,0.5288045770892322,-0.1695797577544513,0.9781639404985828,-0.4285931899650397,-0.5086382390281224,-0.0609016338561905,-0.1370626007273915,-0.4210149856013138,1.261874533255478,0.4458463062455599,0.6673617316359872,0.0940599380163973,0.559609596305247,645
1.2077975248491704,-0.4685190488364646,-0.4596485068774484,1.1270731152274205,1.7548168128673605,0.1413955869967367,0.1164756748711173,0.1270395433175127,0.0709008155518841,-0.4035790698385726,0.6706164591112987,-0.1698064874046787,0.6673617316359872,0.0247985933661371,0.0774217159936871,646
-0.5470256741577078,2.123852707770914,-0.9412025734253184,-0.1695797577544513,-0.6987871113526425,-0.7082681353038518,-0.5869044113320019,-1.250692292004295,-1.023450927123787,2.3080848729147045,-0.7003171802561315,-0.3901363039542265,-1.6958643504665116,0.6426081640263417,-0.4047661643178726,647
0.8577098379047177,0.0735223184541691,0.4553042195635048,-0.1695797577544513,0.3061680966461833,-0.523985699870028,-0.5475452691089173,0.2293399998524782,0.2890335234323948,-0.8758649620206503,0.6523879799142646,-0.5384403659875125,-0.5142513094152622,-0.1064720548132312,-0.8869540446294324,648
-0.21873540440505,-1.2933646077569945,2.5500644090467395,-0.1695797577544513,0.0320258085011839,1.192724203444044,0.9256938213862688,0.5496892968808794,-0.0622307916707934,-0.1860091644513233,0.6465349995122348,1.3838261861889074,0.6673617316359872,0.0821510998964287,0.559609596305247,649
-1.5283095497554453,0.9847802692616112,-0.9412025734253184,-0.1695797577544513,-1.3920220831309849,1.401662798281928,1.3306114543320255,1.2455165348354136,0.9953068202544764,-0.4619514834790539,-0.8206883322004054,0.6096682664034269,0.6673617316359872,0.2250423801095397,1.0417974766168068,650
-0.7043566998475276,1.147504903334369,-0.9412025734253184,-0.1695797577544513,-0.3870668751321598,0.5135453438770093,0.4659478858204398,0.903902161297216,0.8092003590926546,0.1111594868093099,0.2241381747130838,0.4980665241000181,0.6673617316359872,0.573354186622017,1.0417974766168068,651
-1.593853177313194,-1.2933646077569945,-0.9412025734253184,-0.1695797577544513,-1.3920220831309849,0.9394993935065716,0.9013608480231436,0.4303687016750304,0.247899729006722,1.0663444372899165,-1.2108663904853576,1.1408752106733773,0.6673617316359872,0.6115685519403131,-2.333517685564112,652
1.0438134834202746,-0.4893134746916041,0.9071152408245948,-0.1695797577544513,0.9781639404985828,0.607649032495149,0.6031531075257075,0.2068934177008265,0.1184518487173733,-0.0586511710539091,0.357137044083837,-0.523218029082043,0.6673617316359872,-0.0010866377133089,0.0774217159936871,653
-0.1536689139005872,0.7569657815597508,-0.9412025734253184,-0.1695797577544513,0.3061680966461833,0.8330976746759107,0.7678398470853288,0.2427191002246944,0.0154733441388615,0.8844044467221817,0.2935792381005789,0.2452156954847356,0.6673617316359872,1.1943211445231945,-0.4047661643178726,654
-1.211880095838418,1.147504903334369,-0.9412025734253184,-0.1695797577544513,-0.9434506035223198,0.6694290390855518,0.6181368591861076,-1.2009527817919643,-1.4885890154126018,0.1930324825647902,-0.6360706211772094,1.7602001336757045,0.6673617316359872,-0.1607794803452688,0.559609596305247,655
0.6102400422276216,1.212594756963472,-0.4757003090957107,-0.1695797577544513,0.2416424082924644,-0.3398341450050368,-0.5211172212708556,-0.0718847712417014,-0.3391865141444528,1.0663444372899165,0.872110921959157,-0.3761322671689565,0.6673617316359872,0.6790585441910163,1.5239853569283666,656
0.8337203152866339,0.0735223184541691,0.4553042195635048,-0.1695797577544513,0.4863059004621416,-1.455443124021606,-1.532915492288485,-0.6472595264102077,-0.6013713384186348,-0.0798775032868114,-0.3787575717729008,-0.635901187539937,0.6673617316359872,-0.0605291705791711,0.559609596305247,657
0.9203797522129532,-0.1542921692476915,0.3680225450017033,-0.1695797577544513,1.613436486536303,0.2745648169569078,0.028034221448855,1.0117489644267816,0.6168934587263091,1.1618629323379768,1.4704430685000884,-0.5767689231742459,0.6673617316359872,0.8657412784186636,2.0061732372399264,658
-2.0971064155003445,-1.2933646077569945,2.5500644090467395,-0.1695797577544513,-2.2653948587252866,0.202744176294143,0.37204030270678,0.8850658801529386,1.2160322856840735,-0.7166674702738824,-1.2927687740642535,0.1026600531480771,0.6673617316359872,-0.4098441698554547,0.559609596305247,659
-1.2808749784638107,0.0735223184541691,-0.9412025734253184,-0.1695797577544513,-0.9434506035223198,1.313321564666993,1.2815127028105862,1.0896942403052663,0.9098029945441728,-1.9902474042480245,-0.5982493608138945,0.4452878032080126,-1.6958643504665116,-0.1536859246231652,-1.851329805252552,660
0.9360695962754416,-0.6099211446514127,0.6880553517283087,-0.1695797577544513,1.0203815869739816,-0.3356314218524609,-0.0398371349856585,-0.064473088723232,0.4987036695883545,0.7352136544566391,0.5793401340473866,0.1127891101639413,-0.5142513094152622,0.3328222593845032,-0.8869540446294324,661
0.8557038031463785,0.3253172785456991,-0.3899498919823619,-0.1695797577544513,0.9781639404985828,0.0548303572129744,0.2075395128005571,0.4385131067385861,0.7294688597002003,-0.4407251512461514,0.3248932189567559,0.020916358926317,0.6673617316359872,-0.0850739090552198,0.559609596305247,662
1.0198263992592609,-0.2142433502218654,0.3450536832749133,-0.1695797577544513,1.0203815869739816,-0.8010864649758073,-0.8795788120696816,-0.2593588386193498,-0.289046983105348,-0.2390749950335793,0.9764466070373564,-0.6646705877475472,0.6673617316359872,-0.002652805609248,1.0417974766168068,663
-0.5109252086051717,0.8423962144479485,-0.9412025734253184,-0.1695797577544513,-0.3870668751321598,-0.742756981396721,-0.6330303328914096,-0.3780641840193509,-0.0984875302730236,0.769175786029283,0.2868903033208735,-0.9429831932890016,0.6673617316359872,-0.2037357733139896,-0.4047661643178726,664
0.3327126492155682,0.7569657815597508,-0.2429491769309068,-0.1695797577544513,0.4863059004621416,-1.9479444968273625,-2.003236013113523,-1.5156689039247488,-1.4198490944011375,-0.0798775032868114,-0.5358674337344176,-0.0354464758356712,0.6673617316359872,0.6340860633493267,0.559609596305247,665
0.5476456905863045,-0.723828388502343,-0.9412025734253184,-0.1695797577544513,0.4283434747215191,0.0164427512745858,0.056511643628568,0.0271635534938502,0.0962894526458553,2.021529387770523,0.8479228340925482,-0.8095420407318704,-1.6958643504665116,-0.5640526326063509,-0.4047661643178726,666
0.4612166921012285,-0.6099211446514127,0.4553042195635048,-0.1695797577544513,0.2416424082924644,-1.2774497957665774,-1.1621886837781548,-1.099351735815271,-0.7809334385055566,-0.3186737409069631,-0.1980784289489916,-0.7466109218026681,-0.5142513094152622,0.0686306530396459,0.0774217159936871,667
0.764788320915382,0.2253986435887427,-0.2946716507453077,-0.1695797577544513,1.289884176719066,0.3477082940975321,0.3661647041111719,0.7362845039306819,0.7699817243960793,-0.3027539917322863,1.6321738520405262,0.1062740250437538,0.6673617316359872,-2.1767070721866304,0.559609596305247,668
-0.1927590861072727,-0.4390602788750172,-0.9412025734253184,-0.1695797577544513,-0.3870668751321598,-1.13779529260653,-0.7348888154894448,-1.074635721209913,-0.2758034251444057,0.8753074471937949,0.9286900689730336,-0.9009588837752694,0.6673617316359872,-0.5979972943552153,0.559609596305247,669
-0.1595825744192524,1.147504903334369,-0.9412025734253184,-0.1695797577544513,0.4863059004621416,0.8752422164156882,0.7881517514214509,0.5539503591910323,0.3060000186491677,0.9814391083583068,0.2016815202074566,0.1764250418672663,-2.877477391517761,0.2409501257391212,-0.8869540446294324,670
-0.0024914804525088,0.2838126147943481,-0.9412025734253184,-0.1695797577544513,0.368346869310675,-0.0225720930015601,-0.1699448139023038,0.2128088822218268,-0.0238733054422318,-0.9713834570687108,-0.4627232763469781,1.0914383300008927,0.6673617316359872,-0.4198905324638478,0.559609596305247,671
-1.2572673492630124,-1.2933646077569945,2.5500644090467395,-0.1695797577544513,-0.9434506035223198,1.558803526606509,1.5203024563539087,-0.4956407553541002,-0.8482674144548809,0.5569124637002594,-0.9243309504275702,-0.6117339716515343,0.6673617316359872,-0.4657598908666967,0.0774217159936871,672
-1.319236679182063,-1.2933646077569945,-0.9412025734253184,-0.1695797577544513,-0.9434506035223198,-0.7987736671874163,-0.8882479105838651,-0.2552801643024178,-0.3041377725539327,-0.0798775032868114,0.3165134281206562,-0.4492489404784887,0.6673617316359872,2.1358982355455924,0.559609596305247,673
0.9933224425623896,-1.2933646077569945,0.9208064838931124,-0.1695797577544513,0.7003008068999663,-0.8046380990363469,-0.8118694815025489,-0.8915062771599216,-0.845180098946035,-0.1435564999855185,0.0483399550096577,-0.6357027691220819,0.6673617316359872,0.4171219212734489,0.559609596305247,674
-2.1015371072060716,2.123852707770914,-0.9412025734253184,-0.1695797577544513,-2.2653948587252866,-3.5388231073945664,-1.2368955540829476,-4.3188967513567,-0.0860195978072542,-0.0798775032868114,-2.0845885561190127,-0.0110957185815543,-2.877477391517761,-0.0633105589098616,-1.851329805252552,675
0.6175623038635583,0.0735223184541691,0.3156535402646224,-0.1695797577544513,1.2538885774942763,-0.0123942409507729,-0.1183994113134733,-0.0930547157434323,-0.2828846327313981,1.0117624401195957,1.0925560741253566,0.0132297069322277,0.6673617316359872,-0.3109121680625143,0.559609596305247,676
0.6593206575257385,0.1923820511681832,-0.9412025734253184,-0.1695797577544513,0.7980261366826243,0.5338902961751159,0.5333986853407898,-0.7647106990671599,-0.9091672379261532,1.6712949059276334,0.2617541153480217,-0.1126263412476389,0.6673617316359872,-1.8930483728717329,0.559609596305247,677
0.7631474893281499,0.0735223184541691,1.1535576160579164,-0.1695797577544513,0.5423675724648754,2.313128449273122,2.392464149671929,1.4607219039078851,1.3441871980896598,0.5569124637002594,1.6166925614842107,-0.0729414980069271,-1.6958643504665116,0.286615347128957,-0.4047661643178726,678
-1.3677278404453108,-1.2933646077569945,-0.9412025734253184,-0.1695797577544513,-1.229067618035029,-1.6286294779775368,-1.5972253263227834,-2.3440171229290323,-2.210989142694259,0.5569124637002594,-2.0165070047925635,-0.0489247735574485,-1.6958643504665116,-0.1974606041075563,-0.8869540446294324,679
0.145061910902662,0.1304759403796342,-0.9412025734253184,-0.1695797577544513,0.2416424082924644,-0.3403016746859222,-0.5676553959292184,0.4186366937677674,0.1089579142311424,-1.4171364339596604,-0.2748109666357213,-0.9615961674751268,0.6673617316359872,0.5847469704961507,1.0417974766168068,680
0.5486130345697293,-0.3613962489766557,1.5979006865543603,-0.1695797577544513,0.1745856642416582,-0.5590644897594335,-0.4005216481860302,-0.1597680582940862,0.1925130043200068,0.6365112095736434,0.7311395726489714,-0.1344424151902407,-0.5142513094152622,-2.1582381612815036,0.0774217159936871,681
-2.135173743804414,2.123852707770914,-0.9412025734253184,-0.1695797577544513,-2.001839154318893,-1.9768513636029696,-2.602196720982799,-1.566632821883266,-2.461487876757865,-0.0798775032868114,-2.528710009765589,2.1652691212251924,-0.5142513094152622,0.8021906707505642,-2.333517685564112,682
-0.7646096320941725,1.554316488516263,-0.9412025734253184,-0.1695797577544513,-0.4847922049148178,-0.4834634247056201,-0.3524042152824179,-0.3251737820788128,-0.0455061943652397,-0.5574699785271147,-1.11446844020131,0.9485304900660256,0.6673617316359872,0.0668850706590363,0.0774217159936871,683
0.9150743525002104,-0.4390602788750172,-0.7472432966213153,-0.1695797577544513,1.3935357786783087,-1.3769963727179375,-1.4128586876382618,-1.371545367791643,-1.3211764374487776,-0.9668349573045176,-0.2095548213764865,-0.7829024638352268,-0.5142513094152622,-0.6810089143208126,-1.3691419249409922,684
-0.003143312710578,-1.2933646077569945,0.8044309178107106,-0.1695797577544513,-0.2946266432554523,-0.0560607321058856,0.3298663787643984,0.4285874675516554,1.142572050832146,-1.3534574372609536,-0.3937745014848433,0.1123678964668004,0.6673617316359872,1.0047313537309366,-1.3691419249409922,685
0.6468955218728931,-0.5814443336886801,1.240839290619718,-0.1695797577544513,0.8904663685593319,-0.4406878367473573,-0.2822802996055299,-1.2372597109186958,-0.9869600123477656,0.5038466331180036,0.8275113142784629,-0.1813705884418808,0.6673617316359872,-0.0714027421941043,0.0774217159936871,686
-1.1647245919505194,-1.2933646077569945,0.0563022787095552,-0.1695797577544513,-0.8167461425041092,-0.0419691641628862,-0.0066501934359267,-0.0758471622863589,-0.01366491014197,0.8753074471937949,-0.2693112178180056,0.1571902297828832,-0.5142513094152622,-0.8440271531252749,0.0774217159936871,687
-1.3026805431729926,0.4152440500069599,-0.9412025734253184,-0.1695797577544513,-0.9434506035223198,-1.2654281661890252,-1.4421049847052008,-1.7038653153139178,-1.94134505169194,1.352899922434098,-0.9740952503554386,1.099472756894893,-0.5142513094152622,1.570761973376838,1.5239853569283666,688
-0.0920461156207347,-0.3821066569495521,-0.7084514412605146,-0.1695797577544513,0.3061680966461833,-0.2676071894581951,-0.4303240310722631,-0.9321187871315298,-1.2444734611059065,1.409756169486515,-0.3775534444248432,0.1850326229178145,-0.5142513094152622,-0.6342097908591561,0.0774217159936871,689
-1.2098408972328654,2.123852707770914,-0.9412025734253184,-0.1695797577544513,-0.9434506035223198,-0.1684709085224806,-0.1165354363160514,-0.7573291558112917,-0.6985986099742141,0.2385174802067237,-0.7673078976045217,-0.5599195470671955,-0.5142513094152622,-1.1114730662136287,0.559609596305247,690
1.196304200334003,-0.4390602788750172,0.1809903852264145,-0.1695797577544513,1.7548168128673605,-0.2805867396184311,-0.3009966367291052,0.2694919958616133,0.2991586306782671,-0.5001588814982783,1.32381986222533,-0.399832152106952,-1.6958643504665116,0.8752669769687295,-3.2978934461872313,691
-0.7919660743983187,-1.2933646077569945,0.3680225450017033,-0.1695797577544513,-0.4847922049148178,-0.6362450697922389,-0.8257485792057734,-0.1902312616902494,-0.4339577265536333,0.3446491413712356,-0.5059133943346922,-0.8142595451111977,0.6673617316359872,0.4502266016379773,0.559609596305247,692
-2.301227887257206,-1.2933646077569945,2.5500644090467395,-0.1695797577544513,-2.5771150949457695,-2.7843812260492573,-2.7190175383033153,-2.9899731086050942,-2.664537698976538,-0.0798775032868114,-2.0652227825263165,0.7879015464380453,0.6673617316359872,-0.0422748780878294,0.559609596305247,693
0.9378958138561444,0.6288201322274543,-0.0683858278073039,-0.1695797577544513,0.7498616048685348,0.1346579482325888,-0.0355495362830096,0.5433507216379051,0.2674437724009975,-1.7719194155667428,0.9563714497721018,1.526316919879196,0.6673617316359872,0.5643914206214631,1.0417974766168068,694
-1.7490070204327623,1.2695483788889372,-0.9412025734253184,-0.1695797577544513,-1.7735368186888454,0.5953073335213047,0.4726447748416256,0.5895643620006311,0.3268826061677315,2.7856773481550077,-1.008239403257511,0.7141903038641925,-0.5142513094152622,0.9252664030971092,-1.851329805252552,695
0.0071095987183464,-0.1542921692476915,-0.9412025734253184,-0.1695797577544513,0.3061680966461833,0.1264583391008336,-0.1365763870070388,0.7505096258512677,0.3302553109015292,-1.2260994438635393,-1.1719600977132325,-0.3827165615017417,-0.5142513094152622,-1.7675603685277987,-0.8869540446294324,696
-0.2223150998556244,-1.2933646077569945,2.5500644090467395,-0.1695797577544513,-0.123511170725766,0.2524091700419245,0.5200787105498438,-0.0151747915564505,0.4094682159290789,0.8753074471937949,0.6676073640626502,-0.3721428722546713,0.6673617316359872,-0.3634687727180576,0.559609596305247,697
0.6063698179806828,-1.2933646077569945,-0.2429491769309068,-0.1695797577544513,-0.2946266432554523,-0.0559344622553733,0.0635717691562427,1.0549029065811255,1.353407680873219,-0.7166674702738824,1.3149988299803208,-0.892861507610273,0.6673617316359872,-0.5010911917782775,0.0774217159936871,698
1.1422070971746126,-0.8662124433160058,0.3680225450017033,0.6138146863387627,0.7980261366826243,0.2451749219249817,0.3507501091198749,-0.0279323555824346,0.1146723089799154,-0.2163324962126123,-0.2760949164541736,0.5646632734249082,0.6673617316359872,1.0535444908802016,0.0774217159936871,699
0.659178399494889,-0.3170168033204491,-0.4424501473578816,-0.1695797577544513,0.3061680966461833,1.781987935551416,1.7283592152964615,0.7608270611885517,0.4430453498732639,-0.0798775032868114,0.6020886617003445,-0.1509639690963922,-0.5142513094152622,-1.2833282370325558,0.0774217159936871,700
-0.5255285647391599,1.1918843489905755,-0.9412025734253184,-0.1695797577544513,0.0320258085011839,-0.7202195457107309,-0.7864822707160726,-0.4439610041259328,-0.4793745634064056,-0.2390749950335793,-0.3680780634693292,-0.3554509196775778,0.6673617316359872,-0.6896130848558254,-0.4047661643178726,701
-0.2809935534697153,0.6593310011160962,-0.9412025734253184,-0.1695797577544513,-0.4847922049148178,-2.8195590711429572,-3.1179864809919717,-3.580462685482505,-3.925456754722361,-0.2921408256158352,-1.4428174661707622,0.0404310094225499,-0.5142513094152622,0.1855849450326342,-0.4047661643178726,702
-2.0866335818826087,-1.2933646077569945,2.5500644090467395,-0.1695797577544513,-2.2653948587252866,-0.0588407425100212,-0.2519477422538792,0.4236843077067594,0.1293818750829844,1.8304923976744016,-1.379733376947856,2.0458393581513756,-0.5142513094152622,-0.3605482643728695,0.559609596305247,703
1.0249761213685415,-1.2933646077569945,1.053807130844429,-0.1695797577544513,-0.0439746062202448,0.2177954217277981,0.4356958552960556,-0.6054302445361137,-0.3074996405851486,1.1937024306873305,-0.5608723393159353,-0.0089236595447189,-0.5142513094152622,0.0942264643331327,0.0774217159936871,704
0.4024817381996136,0.2016679677864656,-0.9412025734253184,-0.1695797577544513,0.3061680966461833,-1.0257975751946122,-0.7386551991582104,-0.3479907533656045,0.2877038264209518,-0.3527874891384134,-0.0820525151311124,-0.6609610349923449,-2.877477391517761,-0.3653928683732452,-2.333517685564112,705
0.3182710644811073,1.1746256756798286,-0.9412025734253184,-0.1695797577544513,0.2416424082924644,0.8648830937911766,0.7236985736672193,-0.3272081669620465,-0.7354156584602497,1.1300234339886237,0.3054754958620745,-0.3614223104670573,0.6673617316359872,-0.0277054043064874,1.5239853569283666,706
-1.2214843305750052,0.1711570988978235,-0.9412025734253184,-0.1695797577544513,-1.0803018469105024,0.6391817004373415,0.4694445477844914,1.125508663711678,0.8152897888270207,-1.3534574372609536,-1.1580780324904691,0.9400704590345323,-0.5142513094152622,0.9534114853098852,-0.4047661643178726,707
0.6377878805664088,-0.6099211446514127,1.851811012552328,-0.1695797577544513,-0.2069290713162014,0.2063523863548091,0.1649607745204578,0.5296240854309763,0.465568794068352,0.4295544703028451,0.7806088839029263,-0.4516039105568205,0.6673617316359872,-0.2260981900164462,-0.4047661643178726,708
-2.3215253831703557,2.123852707770914,-0.9412025734253184,-0.1695797577544513,-2.5771150949457695,-2.6193201568755606,-3.280486379278067,-2.6991032483331914,-3.639829513564465,-1.9902474042480245,-2.60831797944644,-0.8522032218167835,-1.6958643504665116,0.361023452030186,-1.3691419249409922,709
0.9801703757335002,0.0735223184541691,0.4553042195635048,-0.1695797577544513,0.8904663685593319,-0.7812070693922113,-0.748666060510446,-0.6827126833158117,-0.5548530820457557,-0.9804804565970976,0.1158196087462071,-0.9678437888022484,0.6673617316359872,-0.2720114104874117,1.0417974766168068,710
0.612782312234616,-0.2681994130986218,-0.2429491769309068,-0.1695797577544513,0.4283434747215191,-1.1277269127417997,-1.4188983346208366,-0.3965288228396704,-0.755214742292592,-0.2072354966842258,0.5328074964377584,0.0859124033928553,0.6673617316359872,0.189373364769661,1.0417974766168068,711
