courier_id,num_waves,total_orders,avg_daily_work_duration_hr,lunch_ratio,dinner_ratio,late_night_ratio,time_fragmentation,avg_wave_distance_m,avg_wave_duration_s,avg_dist_per_action_m,avg_dur_per_action_s,stacked_order_ratio,activity_area_km2,area_aspect_ratio,rider_level,rider_speed,rider_max_load
1,6,29,8.739722222222222,0.2413793103448276,0.3793103448275862,0.0,48,14859.166666666666,4992.5,1537.155172413793,516.4655172413793,0.3645833333333333,8.854920238256454,1.38167263636599,2.0,5.283471691630495,11.0
2,4,12,8.672222222222222,0.8333333333333334,0.1666666666666666,0.0,24,6113.0,2201.75,1018.8333333333334,366.9583333333333,0.21875,3.578274592757225,1.3605853010154878,3.0,5.499817909200164,10.0
3,5,12,5.250555555555556,0.0,0.3333333333333333,0.0,26,5702.6,2074.6,1188.0416666666667,432.2083333333333,0.15,6.613171309232712,1.074944016627644,3.0,6.400437495467946,9.0
4,2,4,1.4666666666666666,0.0,0.0,0.0,11,5821.5,2339.0,1455.375,584.75,0.125,3.904995709657669,1.2514922256625836,2.0,5.090143500580615,7.0
5,4,17,7.920833333333333,0.5882352941176471,0.1764705882352941,0.0,30,11314.75,4426.75,1331.1470588235295,520.7941176470588,0.2541666666666666,9.355696558952332,1.0474975202543313,2.0,5.247145695521687,10.0
6,5,20,8.483888888888888,0.45,0.45,0.0,30,13009.4,4270.4,1626.175,533.8,0.1642857142857142,8.468907594680786,1.012284376835624,3.0,4.170229054569121,15.0
7,8,27,7.278611111111111,0.2592592592592592,0.4444444444444444,0.0,39,6942.75,2510.25,1028.5555555555557,371.8888888888889,0.2395833333333333,9.686804741621016,1.4576661695419812,3.0,5.6633525525422845,10.0
8,3,6,1.5691666666666666,1.0,0.0,0.0,12,5239.0,1684.3333333333333,1309.75,421.0833333333333,0.0833333333333333,1.263895869255066,2.5608780458032476,3.0,5.236049144663425,11.0
9,2,9,3.108611111111111,0.4444444444444444,0.0,0.0,18,12712.0,4930.5,1412.4444444444443,547.8333333333334,0.375,9.4911607503891,1.2660108598223132,3.0,5.096533277825312,9.0
10,7,27,9.350277777777778,0.3333333333333333,0.2222222222222222,0.0,50,8793.42857142857,3092.1428571428573,1139.888888888889,400.8333333333333,0.2559523809523809,10.828135937452316,1.3697581103452954,3.0,5.483481754212799,9.0
11,5,13,8.428888888888888,0.4615384615384615,0.4615384615384615,0.0,29,5669.0,2101.8,1090.1923076923076,404.1923076923077,0.1699999999999999,6.374997854232788,2.394521698117799,3.0,5.462775409455626,9.0
12,5,12,9.28111111111111,0.3333333333333333,0.5833333333333334,0.0,35,7996.6,2866.2,1427.9642857142858,511.82142857142856,0.2416666666666666,10.363852575421332,1.997266129268652,3.0,5.729776630217812,10.0
13,5,11,7.939444444444445,0.6363636363636364,0.3636363636363636,0.0,23,4267.4,1695.0,969.8636363636364,385.22727272727275,0.3,4.2458850890398026,1.1359016152118564,3.0,4.992199148974159,8.0
14,2,4,0.8708333333333333,0.5,0.0,0.0,7,2509.0,930.0,627.25,232.5,0.25,0.7012237310409546,1.2625276814019215,2.0,4.31633745271625,10.0
15,2,9,2.4497222222222224,0.4444444444444444,0.0,0.0,16,12314.5,4399.5,1368.2777777777778,488.8333333333333,0.0416666666666666,5.317113012075424,1.479769981779718,2.0,5.14688332015965,8.0
16,4,12,7.491111111111112,0.25,0.0,0.0,30,7607.0,3121.25,1086.7142857142858,445.8928571428572,0.25,7.284820020198822,1.583756638114237,2.0,5.266673767470339,4.0
17,6,16,8.950833333333334,0.3125,0.3125,0.125,27,7139.333333333333,2645.3333333333335,1338.625,496.0,0.1319444444444444,7.540552943944931,1.6482595853287274,1.0,5.583286985139968,7.0
18,4,12,6.920833333333333,0.25,0.0,0.0,35,6103.0,2344.25,938.9230769230768,360.65384615384613,0.4875,7.608741998672485,1.1547779890668544,0.0,5.418094004974735,15.0
19,5,20,9.095277777777778,0.65,0.3,0.0,39,9548.0,3180.0,1193.5,397.5,0.3166666666666666,10.470215648412704,1.137812499973743,3.0,6.203848804126882,10.0
20,1,2,0.5466666666666666,0.0,1.0,0.0,6,2596.0,1152.0,649.0,288.0,0.0,0.1861279159784317,1.9123043406749984,3.0,5.476506659516473,13.0
21,2,8,2.2116666666666664,1.0,0.0,0.0,15,6235.5,2154.5,779.4375,269.3125,0.45,1.1561025083065033,4.316745380928638,3.0,5.783252163038646,9.0
22,3,11,4.4255555555555555,0.1818181818181818,0.0,0.0,22,9738.666666666666,3482.6666666666665,1328.0,474.90909090909093,0.1666666666666666,5.294817119836807,1.8880731198568224,3.0,5.582123895615015,10.0
23,4,24,7.992222222222222,0.2916666666666667,0.4583333333333333,0.0,38,12787.0,4456.5,1065.5833333333333,371.375,0.2961538461538461,7.916613578796387,1.0844292760854757,3.0,5.791113391131225,10.0
24,3,11,3.984444444444444,0.4545454545454545,0.2727272727272727,0.0,21,8185.666666666667,2924.3333333333335,1116.2272727272727,398.77272727272725,0.3472222222222222,2.56100332736969,1.1742479629692355,3.0,5.50388649096265,11.0
25,4,36,10.648333333333332,0.4722222222222222,0.4166666666666667,0.0,55,19967.75,7286.0,1109.3194444444443,404.77777777777777,0.3847902097902098,9.423933416604996,1.3339089357732383,2.0,5.534204220487588,7.0
26,1,8,1.8175,0.5,0.0,0.0,13,18787.0,6757.0,1174.1875,422.3125,0.375,2.90260648727417,1.4872451377114957,1.0,5.257786508395355,9.0
27,1,2,1.4436111111111112,0.0,0.0,0.0,11,3584.0,1233.0,896.0,308.25,0.0,0.2338213324546814,1.716731217500851,1.0,5.1380866611810525,8.0
28,7,28,8.09388888888889,0.4285714285714285,0.25,0.0,44,9908.42857142857,3444.8571428571427,1238.553571428571,430.6071428571428,0.3714285714285714,9.063841164112093,1.777212814301501,3.0,5.394251943490318,13.0
29,5,17,9.298055555555557,0.2941176470588235,0.2941176470588235,0.0,34,5738.8,2286.4,843.9411764705883,336.2352941176471,0.2916666666666666,15.062013268470764,1.4771681286314686,3.0,5.924858214942642,9.0
30,2,13,3.3497222222222223,0.6923076923076923,0.0,0.0,22,14618.0,4998.5,1044.142857142857,357.0357142857143,0.5722222222222222,6.359236568212509,1.3109497182127887,2.0,5.413216999136229,8.0
31,2,5,1.6244444444444444,1.0,0.0,0.0,12,2294.5,1048.5,458.9,209.7,0.2083333333333333,0.8182593882083893,1.654839217668037,2.0,5.328685216471385,9.0
32,3,11,7.648611111111111,0.4545454545454545,0.1818181818181818,0.0,30,13939.666666666666,4958.0,1900.8636363636365,676.0909090909091,0.0833333333333333,5.602322816848755,2.9665833742204013,1.0,4.191695760699921,7.0
33,1,3,0.3886111111111111,0.0,1.0,0.0,4,8467.0,2503.0,1411.1666666666667,417.1666666666667,0.5,2.0408480018377304,2.0889836269634037,3.0,4.225996794693101,11.0
34,3,20,10.114722222222222,0.7,0.1,0.0,33,15115.0,5378.0,1133.625,403.35,0.1333333333333333,7.526844769716263,1.4418324491543,3.0,5.5097685622283885,10.0
35,3,16,7.848333333333334,0.5625,0.4375,0.0,25,14468.666666666666,5782.0,1356.4375,542.0625,0.3333333333333333,7.087054431438446,1.2002402947750377,3.0,5.30090050510142,11.0
36,2,4,2.0541666666666667,0.5,0.0,0.0,9,2397.0,805.0,599.25,201.25,0.25,0.4160930514335632,1.65782195023346,3.0,5.405883480088494,9.0
37,7,17,10.849166666666669,0.3529411764705882,0.3529411764705882,0.0,36,7703.571428571428,2929.285714285714,1586.029411764706,603.0882352941177,0.119047619047619,4.792763203382492,1.4291771345351074,3.0,5.48054596393424,10.0
38,2,5,6.6325,0.6,0.4,0.0,9,2479.5,793.5,495.9,158.7,0.375,0.4968239665031433,2.546456072236508,3.0,5.846699274136303,10.0
39,3,8,5.2625,0.25,0.25,0.0,25,6135.666666666667,2528.3333333333335,1150.4375,474.0625,0.2222222222222222,4.336919724941254,1.0905216288460462,3.0,5.870534596589842,12.0
40,2,8,5.967777777777778,0.0,0.25,0.125,19,16226.0,5670.0,2028.25,708.75,0.1,7.577741235494614,1.2867223700074732,3.0,4.105791059433859,11.0
41,3,13,8.526111111111112,0.4615384615384615,0.3846153846153846,0.0,30,13017.333333333334,5231.666666666667,1502.0,603.6538461538462,0.1597222222222222,8.44984084367752,1.079647809768174,1.0,5.290449656878909,6.0
42,1,3,0.5297222222222222,1.0,0.0,0.0,6,4467.0,1752.0,744.5,292.0,0.1666666666666666,0.8077889978885651,2.1136271358558254,2.0,5.542418787676158,10.0
43,2,19,9.546666666666669,0.2105263157894736,0.3684210526315789,0.0,48,22466.0,7660.5,1069.809523809524,364.7857142857143,0.4795454545454546,7.679386794567108,1.5506132019633103,3.0,4.119029045916437,10.0
44,4,17,8.186944444444444,0.3529411764705882,0.1176470588235294,0.0,37,9294.25,3282.25,1093.4411764705883,386.1470588235294,0.2738095238095238,8.63636802136898,1.30959187620547,3.0,4.113181540435554,13.0
45,1,13,2.535833333333333,0.0,0.3076923076923077,0.0,18,32291.0,10705.0,1241.9615384615386,411.7307692307692,0.2692307692307692,8.944808810949326,1.502526758493209,3.0,5.528913188692659,8.0
46,4,12,7.261666666666667,0.5833333333333334,0.25,0.0,28,7012.25,2571.5,1168.7083333333333,428.5833333333333,0.21875,7.606128871440888,1.0658937275990412,3.0,5.493235729012541,10.0
47,12,39,10.044722222222225,0.2307692307692307,0.3333333333333333,0.0,57,6800.666666666667,2525.3333333333335,1046.2564102564102,388.5128205128205,0.2422619047619047,12.153904736042024,1.3709987062457087,3.0,5.596400351720777,10.0
48,4,13,7.861944444444444,0.4615384615384615,0.3076923076923077,0.0,27,7774.0,2638.25,1196.0,405.88461538461536,0.4270833333333333,8.39029312133789,1.0303350577415882,3.0,6.014278913852274,9.0
49,2,8,4.856111111111111,0.5,0.0,0.0,17,9501.5,3443.0,1187.6875,430.375,0.45,3.2161691188812256,1.084323219465021,0.0,5.219105332809617,10.0
50,1,4,1.5180555555555555,1.0,0.0,0.0,11,12519.0,4443.0,1564.875,555.375,0.0,1.7628117203712463,1.229178522538155,0.0,5.655186055365492,1.0
51,6,23,9.381388888888887,0.2608695652173913,0.0869565217391304,0.0,45,9104.666666666666,3573.6666666666665,1138.0833333333333,446.7083333333333,0.2592592592592592,14.802975326776505,1.5881622136026003,3.0,5.400176574851055,10.0
52,5,15,10.308333333333334,0.3333333333333333,0.5333333333333333,0.0,34,7246.0,2669.2,1207.6666666666667,444.8666666666667,0.1149999999999999,8.724251687526703,1.1510879934103029,3.0,5.405998231008589,10.0
53,4,16,4.702222222222222,0.5,0.0,0.0,28,12301.75,4056.75,1447.264705882353,477.2647058823529,0.2172619047619047,7.253500044345856,1.7018086645404242,3.0,4.467085589774442,9.0
54,3,8,4.756666666666667,0.375,0.0,0.0,19,6537.666666666667,2401.3333333333335,1225.8125,450.25,0.2222222222222222,3.05910661816597,1.7731024102537971,2.0,5.147770994105199,9.0
55,2,5,1.0108333333333333,0.6,0.0,0.0,8,8710.5,3281.5,1742.1,656.3,0.0833333333333333,5.082874044775963,1.091725979820975,0.0,5.464872223491375,7.0
56,3,17,6.621388888888889,0.3529411764705882,0.0,0.0,21,13420.0,4689.0,1184.1176470588234,413.7352941176471,0.2678571428571428,7.026669591665268,1.4328144924494357,3.0,5.753774528922868,10.0
57,3,14,4.065,0.5,0.0,0.0,26,10793.666666666666,3884.6666666666665,1156.4642857142858,416.2142857142857,0.3829365079365079,4.143790066242218,1.4884737516260853,3.0,5.6186023386384845,12.0
58,6,16,10.434444444444445,0.4375,0.375,0.0,44,7294.166666666667,2712.6666666666665,1287.2058823529412,478.7058823529411,0.1319444444444444,12.211961701512337,1.0074149892315458,3.0,5.450863340405366,10.0
59,2,8,7.085,0.25,0.75,0.0,21,11465.5,4466.0,1433.1875,558.25,0.1666666666666666,10.154768586158752,1.2082039430503,2.0,5.305020771760886,7.0
60,7,26,10.899444444444445,0.3846153846153846,0.3846153846153846,0.0,50,9070.285714285714,3348.714285714286,1175.7777777777778,434.0925925925926,0.2202380952380952,11.92731773853302,1.10646627332432,0.0,5.426305270020881,9.0
61,2,16,9.401944444444444,0.0625,0.25,0.0,32,24145.0,7335.0,1270.7894736842106,386.05263157894734,0.3720238095238095,5.528026431798935,1.2614723362565534,3.0,5.338317317354969,8.0
62,3,6,6.553888888888889,0.3333333333333333,0.6666666666666666,0.0,16,4591.333333333333,1855.3333333333333,1147.8333333333333,463.8333333333333,0.25,4.386642247438431,1.4876768174510913,3.0,5.61307345703701,11.0
63,4,16,4.894722222222223,0.5,0.0,0.0,29,7365.5,2490.5,920.6875,311.3125,0.34375,6.839056000113487,1.2100042943132532,3.0,6.199799030830937,10.0
64,5,12,8.699166666666667,0.4166666666666667,0.3333333333333333,0.0,30,4602.6,1576.6,958.875,328.4583333333333,0.2333333333333333,4.528884559869766,1.4844982556330069,3.0,5.558680614892574,10.0
65,4,11,11.106111111111112,0.4545454545454545,0.1818181818181818,0.0,27,3942.5,1734.0,716.8181818181819,315.27272727272725,0.2604166666666666,3.4427837431430817,1.115599045376189,2.0,5.576975679000253,11.0
66,1,6,1.4122222222222225,1.0,0.0,0.0,11,17040.0,6061.0,1420.0,505.0833333333333,0.5,2.316712275147438,3.13763810866446,1.0,5.631537142703479,9.0
67,1,3,1.2325,1.0,0.0,0.0,10,9803.0,3369.0,1633.8333333333333,561.5,0.1666666666666666,1.0644514709711077,2.2236391590709563,3.0,5.875126164850998,8.0
68,2,8,1.9391666666666667,1.0,0.0,0.0,14,7171.5,2883.0,896.4375,360.375,0.55,3.035480782389641,1.825884818330382,1.0,5.417147889755018,5.0
69,5,19,9.768888888888888,0.7368421052631579,0.1578947368421052,0.0,27,5805.2,2010.8,725.65,251.35,0.335,4.313828766345978,2.3512797402464036,3.0,4.224279494059183,10.0
70,1,6,1.2991666666666666,0.0,0.0,0.0,10,13806.0,4957.0,1150.5,413.0833333333333,0.25,3.610656589269638,1.7466808570246044,2.0,5.424146203123786,8.0
71,3,11,9.717222222222222,0.0,0.5454545454545454,0.0,24,10925.0,3853.3333333333335,1489.7727272727273,525.4545454545455,0.2333333333333333,4.999074846506119,1.8749837696459584,2.0,4.4820034233123405,11.0
72,4,18,8.701666666666666,0.4444444444444444,0.5,0.0,29,10994.0,3540.25,1221.5555555555557,393.3611111111111,0.2395833333333333,7.819171503186226,1.5617643452840797,3.0,5.475233532960181,11.0
73,5,22,8.219722222222222,0.4090909090909091,0.0909090909090909,0.0,39,10584.6,3656.0,1202.7954545454545,415.45454545454544,0.3433333333333334,11.48656278848648,1.145185306442483,3.0,5.119457092953868,9.0
74,3,10,2.8369444444444443,0.0,1.0,0.0,19,6894.333333333333,2729.3333333333335,1034.15,409.4,0.3055555555555555,5.770513594150543,1.6495847807099742,2.0,5.6591730420745385,8.0
75,2,7,2.526111111111111,0.0,0.5714285714285714,0.0,15,12656.5,4472.0,1808.071428571429,638.8571428571429,0.2708333333333333,2.843772068619728,4.402072275861584,3.0,5.561689935519606,11.0
76,8,32,11.81611111111111,0.0,0.34375,0.0,52,8481.75,3045.375,1028.090909090909,369.1363636363636,0.3234375,10.102556735277176,1.7437982253692947,3.0,6.1234485591046734,9.0
77,1,11,3.010555555555555,0.4545454545454545,0.0,0.0,20,32725.0,10435.0,1487.5,474.3181818181818,0.5,9.35607086122036,1.17620318895797,3.0,5.1611011694004,9.0
78,2,15,7.531111111111112,0.1333333333333333,0.7333333333333333,0.0,30,21688.0,7408.0,1445.8666666666666,493.8666666666667,0.2788461538461538,7.766943693161011,1.039868076902099,3.0,5.29858565221998,8.0
79,2,5,1.6108333333333331,0.0,1.0,0.0,9,3386.5,1189.5,677.3,237.9,0.2916666666666666,0.8822833001613617,1.1008800630408788,2.0,5.176313560574081,6.0
80,4,10,8.555,0.5,0.5,0.0,33,6947.75,2680.75,1389.55,536.15,0.25,4.549588322639465,2.5314113265380067,2.0,5.527015402969365,4.0
81,4,10,6.5313888888888885,0.6,0.0,0.0,22,5666.75,2240.0,1133.35,448.0,0.1666666666666666,7.036186590790749,1.0139834823314249,2.0,6.035426113432555,9.0
82,5,18,7.884166666666666,0.2222222222222222,0.1111111111111111,0.0,31,7682.2,3058.4,1066.9722222222222,424.77777777777777,0.3107142857142857,7.418080002069473,1.484352530853118,1.0,5.595234214621116,5.0
83,1,3,1.6983333333333333,0.0,0.0,0.0,12,8298.0,2635.0,1383.0,439.1666666666667,0.0,1.2876036763191223,1.604921096642387,1.0,5.541312668066979,7.0
84,7,23,9.723333333333333,0.391304347826087,0.391304347826087,0.0,37,7862.142857142857,2987.0,1196.4130434782608,454.5434782608696,0.0714285714285714,9.293944925069807,1.2406334346450798,3.0,5.853978150945868,9.0
85,4,21,6.171666666666667,0.4285714285714285,0.0,0.0,37,13282.0,4573.75,1207.4545454545455,415.79545454545456,0.2864583333333333,6.79418683052063,1.0213778028089158,3.0,5.73922542801376,8.0
86,5,23,8.203611111111112,0.1739130434782608,0.391304347826087,0.0,37,13224.6,4857.4,1437.4565217391305,527.9782608695652,0.2016666666666666,14.35917627811432,1.5065947043963177,3.0,5.457347953105982,8.0
87,2,15,2.798888888888889,0.8666666666666667,0.0,0.0,19,16247.0,5417.5,1083.1333333333334,361.1666666666667,0.4444444444444444,12.69387811422348,1.2295448710137062,3.0,4.302674047029796,11.0
88,3,10,4.579444444444444,0.0,0.6,0.4,20,7473.0,2924.3333333333335,1120.95,438.65,0.5416666666666666,5.338062644004822,1.3036323068274562,3.0,6.2133192162709205,9.0
89,5,18,10.8525,0.3888888888888889,0.1111111111111111,0.0,33,10556.0,3681.6,1466.111111111111,511.3333333333333,0.2766666666666666,11.012187987565994,1.3708076605814734,3.0,5.74834941890245,13.0
90,8,21,11.903055555555556,0.3333333333333333,0.3333333333333333,0.0,44,5909.25,2330.75,1125.571428571429,443.95238095238096,0.1833333333333333,13.251956164836884,1.227729073534118,3.0,5.542262639831149,10.0
91,7,22,8.4925,0.1818181818181818,0.2272727272727272,0.0,40,6523.857142857143,2305.4285714285716,1037.8863636363635,366.77272727272725,0.3482142857142857,7.969625115394592,1.5343941234061698,3.0,5.245076351800066,11.0
92,5,12,10.438055555555556,0.3333333333333333,0.1666666666666666,0.0,28,4049.0,1767.8,843.5416666666666,368.2916666666667,0.225,5.173951745033264,1.1700435188414269,3.0,5.257456231469361,10.0
93,6,23,8.383055555555556,0.4782608695652174,0.4347826086956521,0.0,37,7025.333333333333,2107.8333333333335,916.3478260869564,274.9347826086956,0.1583333333333333,9.463873863220217,1.159140367334093,3.0,5.399004525488245,11.0
94,5,17,10.115555555555556,0.4117647058823529,0.2352941176470588,0.0,41,9745.0,3410.0,1353.4722222222222,473.6111111111111,0.2416666666666666,9.569694221019745,1.901882557827423,3.0,5.31876588466969,7.0
95,1,3,0.5186111111111111,1.0,0.0,0.0,5,4753.0,1428.0,792.1666666666666,238.0,0.3333333333333333,0.2521570920944214,5.380644863377952,2.0,5.842982547229327,8.0
96,4,20,9.514722222222222,0.45,0.25,0.0,33,11659.0,3935.25,1110.3809523809523,374.7857142857143,0.2281746031746031,6.406950116157532,2.1882583878609103,3.0,5.921713515880133,10.0
97,7,20,11.706666666666669,0.35,0.15,0.0,40,4755.142857142857,1844.428571428571,832.15,322.775,0.2023809523809523,8.051526665687561,1.3356360115396606,3.0,5.235094032068098,9.0
98,4,23,9.960555555555556,0.5217391304347826,0.3043478260869565,0.0,43,14048.25,4801.25,1221.5869565217392,417.5,0.3453525641025641,13.307633459568024,1.2850514716245407,3.0,4.25881232333071,9.0
99,5,22,11.838055555555556,0.5,0.2727272727272727,0.0909090909090909,36,11033.2,4236.0,1253.7727272727273,481.3636363636364,0.2358333333333333,11.332671031355858,1.1717552700867446,3.0,5.209076159498996,9.0
100,1,2,0.7311111111111112,0.0,1.0,0.0,7,8387.0,2934.0,2096.75,733.5,0.0,0.1007698848843574,2.8688871554314925,2.0,5.866671706507262,10.0
101,1,2,0.6622222222222223,0.0,0.0,0.0,6,6789.0,2677.0,1697.25,669.25,0.0,0.188627153635025,1.766225174236142,2.0,5.841546423057828,10.0
102,6,14,7.890833333333333,0.4285714285714285,0.1428571428571428,0.0,32,4306.833333333333,1832.3333333333333,922.8928571428572,392.6428571428572,0.3125,7.22837883234024,1.2985679983281195,1.0,5.2481260191530215,8.0
103,2,16,11.008611111111112,0.125,0.25,0.0,29,18848.5,6770.5,1047.138888888889,376.1388888888889,0.6192307692307693,7.3464175164699554,2.0193438047001613,3.0,5.661769256407168,10.0
104,3,8,3.345,0.625,0.0,0.0,15,4608.666666666667,1754.0,864.125,328.875,0.1388888888888888,3.9433308988809586,1.3667013397632903,2.0,5.325193675165899,9.0
105,6,19,8.411944444444444,0.4210526315789473,0.2631578947368421,0.0,41,5707.5,2011.3333333333333,901.1842105263158,317.57894736842104,0.2194444444444444,4.0086870193481445,3.5062274295305853,3.0,5.278190663039548,9.0
106,4,25,11.110277777777778,0.56,0.2,0.2,32,14319.0,4824.25,1145.52,385.94,0.2791666666666667,7.077291965484619,1.3570501576518137,3.0,5.3935938782810045,12.0
107,3,14,3.081111111111111,0.0,1.0,0.0,20,10539.333333333334,3932.6666666666665,1129.2142857142858,421.3571428571428,0.3261904761904762,7.805568873882294,1.362340886100859,3.0,5.396282726516955,9.0
108,4,12,4.713055555555556,0.8333333333333334,0.0,0.0,24,5411.5,1750.75,901.9166666666666,291.7916666666667,0.3125,2.5101040601730347,4.2220307594853335,3.0,5.711748628127757,9.0
109,8,36,11.566666666666666,0.3333333333333333,0.3333333333333333,0.0,68,10664.25,3803.625,1093.7692307692307,390.11538461538464,0.196875,11.818489253520966,1.0072366088436933,2.0,4.229550473310393,5.0
110,2,5,13.235555555555557,0.0,0.0,0.4,16,11308.5,3878.5,1615.5,554.0714285714286,0.1,2.1543407440185547,1.2940343103811345,3.0,5.410737648971258,9.0
111,2,8,11.545555555555556,0.0,0.625,0.0,15,9819.5,3520.5,1091.0555555555557,391.1666666666667,0.3875,8.233750432729721,1.2606011351084483,3.0,5.382037456316061,9.0
112,4,17,4.616944444444444,0.6470588235294118,0.0,0.0,30,13472.5,4559.5,1585.0,536.4117647058823,0.3541666666666666,10.185891300439836,1.3286427266927952,2.0,5.675241755526281,9.0
113,4,12,6.338888888888889,0.1666666666666666,0.25,0.0,27,9636.75,3361.0,1606.125,560.1666666666666,0.2604166666666666,7.675707846879959,1.242998738028796,3.0,5.480328383017287,8.0
114,2,5,2.452777777777778,0.0,0.6,0.0,17,3889.5,1910.5,777.9,382.1,0.375,2.565919443964958,1.9459122109724083,3.0,4.259493672470695,9.0
115,4,24,12.078888888888889,0.1666666666666666,0.5833333333333334,0.0,46,17466.0,6084.5,1397.28,486.76,0.384375,14.072138607501984,1.2380029689861962,3.0,5.291389094770799,10.0
116,4,26,9.0525,0.4230769230769231,0.0769230769230769,0.0,33,15628.25,4995.25,1202.173076923077,384.25,0.2879464285714286,7.250691205263138,1.458677581553309,0.0,6.517309074132995,11.0
117,3,11,6.2925,0.2727272727272727,0.1818181818181818,0.0,23,11487.666666666666,4349.666666666667,1566.5,593.1363636363636,0.4166666666666667,9.739172741770744,2.84290264833034,3.0,5.86991207807905,10.0
118,1,1,0.4025,0.0,0.0,0.0,5,5106.0,2200.0,1276.5,550.0,0.25,1.611021153628826,1.2072403595965575,1.0,5.225447617603702,10.0
119,3,17,9.719722222222222,0.1764705882352941,0.6470588235294118,0.0,28,12571.666666666666,4330.333333333333,1109.264705882353,382.0882352941176,0.4747474747474747,5.924489423632622,1.3676394639495013,0.0,5.436756856356979,10.0
120,4,10,3.849444444444445,0.3,0.0,0.0,17,7034.0,2492.75,1406.8,498.55,0.2291666666666666,3.9013569951057434,1.4734370510765062,2.0,5.891111292065225,7.0
121,4,14,6.351666666666667,0.2142857142857142,0.3571428571428571,0.0,32,7183.75,2798.5,1026.25,399.7857142857143,0.2291666666666666,4.88062596321106,1.723823505932614,2.0,5.486724610604976,9.0
122,5,20,10.625555555555556,0.3,0.15,0.0,46,9661.4,3639.0,1207.675,454.875,0.2466666666666666,14.389739364385605,1.1181810800059822,3.0,5.385594091014791,9.0
123,1,5,1.6316666666666666,0.0,0.0,0.0,12,19022.0,6768.0,1902.2,676.8,0.2,6.108259409666061,1.2444891485230007,1.0,5.552520445654855,8.0
124,6,26,11.339722222222225,0.1923076923076923,0.4615384615384615,0.0,55,11578.5,3677.6666666666665,1286.5,408.6296296296296,0.2395833333333333,18.44340872764587,1.0468082572131614,3.0,4.096495466672392,9.0
125,4,12,5.7941666666666665,0.5,0.0,0.0,27,7948.5,2882.5,1324.75,480.4166666666667,0.0833333333333333,4.848530739545822,1.6771347207790963,3.0,4.68113027877361,10.0
126,6,14,6.759722222222222,0.5714285714285714,0.0714285714285714,0.0,27,5107.5,2080.3333333333335,1094.4642857142858,445.7857142857143,0.2083333333333333,4.116363614797592,1.0069323805752586,0.0,5.720153202129396,13.0
127,1,4,1.721666666666667,0.0,0.0,0.0,12,7445.0,2814.0,744.5,281.4,0.7,1.8093870431184769,2.0433612608484713,2.0,4.456430001733836,11.0
128,6,34,9.58611111111111,0.2941176470588235,0.2352941176470588,0.0,53,14188.166666666666,5459.0,1251.8970588235295,481.6764705882353,0.1446047008547008,11.175837248563766,1.0892478482887258,3.0,5.167761035248565,10.0
129,2,6,8.179444444444444,0.3333333333333333,0.3333333333333333,0.0,12,9130.0,3206.0,1521.6666666666667,534.3333333333334,0.25,4.7638135850429535,1.0068680379382815,3.0,5.541141299087064,8.0
130,3,15,7.116944444444444,0.4,0.3333333333333333,0.0,33,13162.333333333334,4911.333333333333,1316.2333333333331,491.1333333333333,0.2222222222222222,7.731459528207779,1.1940165296014174,3.0,5.531716508901589,9.0
131,3,11,8.4925,0.0909090909090909,0.1818181818181818,0.0,25,8756.666666666666,3223.3333333333335,1194.090909090909,439.54545454545456,0.2222222222222222,8.819480329751968,1.1376869977578905,3.0,6.041158102725071,10.0
132,5,14,5.943611111111111,0.4285714285714285,0.0714285714285714,0.0,24,5598.0,2400.8,999.6428571428572,428.7142857142857,0.25,10.690262764692308,1.5325854425978696,2.0,4.988944914915864,8.0
133,4,8,6.491944444444444,0.25,0.0,0.0,14,5597.0,1855.0,1399.25,463.75,0.0625,2.572249859571457,1.8918535112347532,2.0,5.555888868309258,7.0
134,1,8,1.2769444444444444,0.0,1.0,0.0,10,13743.0,4541.0,858.9375,283.8125,0.625,2.5259768962860107,1.2996852258864913,0.0,5.39251562111129,3.0
135,1,9,2.8105555555555557,0.5555555555555556,0.0,0.0,19,20859.0,7429.0,1158.8333333333333,412.72222222222223,0.8333333333333334,6.566630959510803,1.091395367545705,0.0,5.283581154517004,9.0
136,2,4,7.1322222222222225,0.5,0.5,0.0,10,2973.5,1241.5,743.375,310.375,0.25,0.4742638319730758,2.7203588375202563,3.0,5.340497856750832,10.0
137,4,10,5.523611111111111,0.0,0.7,0.0,25,7535.25,2570.25,1507.05,514.05,0.125,7.2024290561676025,2.0511459965644527,2.0,5.552891255008152,7.0
138,1,5,1.6525,1.0,0.0,0.0,12,11355.0,3888.0,1135.5,388.8,0.1,2.567900314927101,1.227732913135558,2.0,5.524616708113368,9.0
139,2,8,2.147222222222222,0.75,0.0,0.0,15,5857.0,2207.0,732.125,275.875,0.25,1.3915391117334366,1.3011258873135332,3.0,6.399549259480107,9.0
140,1,3,0.6316666666666667,0.0,0.0,0.0,6,4394.0,1732.0,732.3333333333334,288.6666666666667,0.5,0.4763310998678207,3.48043784128065,3.0,5.675070359336222,11.0
141,5,18,7.928055555555556,0.4444444444444444,0.1111111111111111,0.0,40,8760.0,3447.6,1216.6666666666667,478.8333333333333,0.35,9.964306980371475,1.989870076991748,3.0,5.599042255423219,10.0
142,2,13,2.761388888888889,0.5384615384615384,0.0,0.0,19,8793.5,3544.5,676.4230769230769,272.65384615384613,0.4107142857142857,2.0330266058444977,1.009897772873034,3.0,5.221160440488259,11.0
143,2,6,2.0188888888888887,0.0,0.5,0.0,14,10265.0,3982.5,1710.8333333333333,663.75,0.1666666666666666,1.6455492675304413,1.6860454484464762,2.0,5.738882180060319,9.0
144,2,15,4.824722222222222,0.1333333333333333,0.5333333333333333,0.0,26,22730.0,7316.5,1515.3333333333333,487.76666666666665,0.5044642857142857,5.517262876033783,2.089095161498952,2.0,5.857950864792806,5.0
145,1,2,0.7597222222222222,1.0,0.0,0.0,7,3557.0,1750.0,889.25,437.5,0.25,1.2127156555652618,1.6862269590553172,3.0,5.548024929950384,9.0
146,3,7,8.408888888888889,0.0,0.0,0.0,25,10235.0,4050.3333333333335,1705.8333333333333,675.0555555555555,0.2083333333333333,8.46339899301529,1.0270090809677896,2.0,5.7632653162192105,7.0
147,3,11,9.044166666666667,0.0,0.4545454545454545,0.0,22,8324.666666666666,3257.6666666666665,1040.5833333333333,407.2083333333333,0.2291666666666666,6.624186784029007,1.259957913789953,3.0,5.197882164564127,8.0
148,3,8,4.981388888888889,0.5,0.0,0.0,20,7309.333333333333,2702.3333333333335,1370.5,506.6875,0.2083333333333333,5.395473897457123,1.1778876474951063,3.0,5.923468789658389,11.0
149,2,2,1.3816666666666666,0.5,0.0,0.0,10,5037.0,1845.5,1259.25,461.375,0.125,0.574253723025322,2.9047211635019954,3.0,5.227271314697639,9.0
150,1,2,0.5777777777777777,0.0,0.0,0.0,6,5763.0,2073.0,1440.75,518.25,0.0,1.1158127337694168,2.382200981770055,0.0,5.518121907029826,3.0
151,1,4,1.4519444444444445,0.0,0.0,0.0,11,11743.0,3847.0,1467.875,480.875,0.25,1.4714465886354446,1.1274466236423062,1.0,5.379325744779424,8.0
152,4,21,4.112222222222222,0.1904761904761904,0.0952380952380952,0.0,27,12742.5,4218.5,1213.571428571429,401.7619047619048,0.3626893939393939,8.142409786581993,1.0999230927540815,3.0,6.322122914549412,9.0
153,3,23,9.05638888888889,0.4347826086956521,0.391304347826087,0.0,52,20925.0,7573.666666666667,1364.6739130434785,493.9347826086956,0.3214285714285714,6.852685585618019,1.0036033022892727,3.0,5.613864657767979,10.0
154,3,6,7.9625,0.5,0.3333333333333333,0.0,20,5376.666666666667,2188.6666666666665,1344.1666666666667,547.1666666666666,0.0833333333333333,3.2709035873413086,1.017363220245332,2.0,5.452557358928864,10.0
155,6,23,12.244166666666668,0.1739130434782608,0.217391304347826,0.217391304347826,47,10134.0,3581.5,1216.08,429.78,0.2341269841269841,10.04708570241928,1.145238853212008,3.0,5.613694862947372,10.0
156,8,28,10.61,0.3571428571428571,0.3214285714285714,0.0714285714285714,54,8720.125,3172.75,1245.732142857143,453.25,0.1197916666666666,9.817213609814644,1.141359900604361,3.0,5.689026218170315,10.0
157,4,20,7.931666666666667,0.15,0.35,0.0,33,8414.0,2686.75,841.4,268.675,0.2875,4.702744215726852,2.2318570018899644,3.0,6.128035674641007,7.0
158,8,38,10.895833333333334,0.3684210526315789,0.3947368421052631,0.0,61,11432.0,4603.25,1203.3684210526317,484.55263157894734,0.3135416666666666,17.92239138484001,1.4995268485887634,0.0,5.265192802990773,3.0
159,4,11,8.740277777777777,0.1818181818181818,0.3636363636363636,0.0,24,8318.25,2729.25,1512.409090909091,496.22727272727275,0.1979166666666666,5.996724903583527,1.0221659662048808,3.0,5.239957437077995,9.0
160,2,5,7.594444444444444,0.2,0.8,0.0,14,7198.0,2931.0,1199.6666666666667,488.5,0.1875,7.144407689571381,1.2723903590534893,3.0,5.640690249199087,9.0
161,5,17,8.70111111111111,0.2941176470588235,0.7058823529411765,0.0,33,11460.2,3487.8,1685.3235294117646,512.9117647058823,0.3428571428571428,13.999488949775696,1.242183574059356,3.0,6.140310801345041,9.0
162,1,10,2.852777777777778,0.8,0.0,0.0,19,20229.0,7143.0,1011.45,357.15,0.4,4.6946911662817,1.8578835227789048,2.0,5.145516326411234,7.0
163,5,10,6.827222222222222,0.6,0.2,0.0,24,3236.2,1712.4,735.5,389.1818181818182,0.3,1.4170580059289932,1.7860395433171092,3.0,5.882017368978033,10.0
164,4,11,8.854166666666666,0.3636363636363636,0.1818181818181818,0.0,28,10668.25,3735.75,1778.0416666666667,622.625,0.2291666666666666,6.7297617346048355,1.2163189810693866,3.0,5.609373877850072,9.0
165,3,11,3.362222222222222,0.6363636363636364,0.0,0.0,23,6655.0,2595.3333333333335,767.8846153846154,299.46153846153845,0.3999999999999999,4.462651044130325,1.0148646077818126,3.0,5.248775870038803,10.0
166,1,2,0.7505555555555555,0.0,0.0,0.0,6,1569.0,557.0,392.25,139.25,0.25,0.0413162857294082,4.413293160277633,2.0,5.294001708381539,10.0
167,5,20,9.116388888888888,0.45,0.55,0.0,37,7718.6,2627.2,964.825,328.4,0.2042857142857142,6.692950129508972,3.439071568142935,2.0,4.277607097293274,9.0
168,2,5,2.578333333333333,0.6,0.0,0.0,13,4605.5,1910.0,921.1,382.0,0.0833333333333333,3.407075673341751,1.485938396132129,2.0,5.191029215832525,9.0
169,1,6,1.76,1.0,0.0,0.0,12,8145.0,3004.0,678.75,250.33333333333337,0.0833333333333333,1.9657346606254575,1.2530655360338383,2.0,5.391767127748297,10.0
170,3,8,4.947777777777778,0.375,0.25,0.0,30,6892.0,2502.0,1148.6666666666667,417.0,0.125,4.124087035655975,1.1115278481894566,2.0,5.746538380599605,8.0
171,3,8,2.5325,0.875,0.0,0.0,16,4578.0,1704.6666666666667,858.375,319.625,0.2916666666666667,1.2417050898075104,1.885934619579888,2.0,4.473163411022999,11.0
172,3,12,8.433333333333334,0.4166666666666667,0.0,0.0,28,11952.0,4856.333333333333,1379.076923076923,560.3461538461538,0.375,3.0784548223018646,1.3498856410241655,3.0,5.691450853680888,9.0
173,1,2,0.8469444444444445,1.0,0.0,0.0,7,2091.0,978.0,522.75,244.5,0.0,0.2501819133758545,1.2112708970982753,2.0,5.262088411391526,9.0
174,5,18,5.400277777777778,0.5,0.0,0.0,30,9972.6,3563.0,1385.0833333333333,494.8611111111111,0.265,3.225376546382904,2.2242887987852455,2.0,4.470992054523912,9.0
175,4,9,6.480277777777777,0.3333333333333333,0.1111111111111111,0.0,18,4818.25,1853.25,1070.7222222222222,411.8333333333333,0.0416666666666666,3.796008363366127,1.6486490692213684,3.0,5.471035698882957,8.0
176,1,7,1.1683333333333332,0.0,0.0,0.0,9,15367.0,5400.0,1097.642857142857,385.7142857142857,0.4285714285714285,2.9606219679117203,1.0716982577285004,3.0,4.473530141892683,10.0
177,4,18,9.233888888888888,0.3333333333333333,0.4444444444444444,0.0,33,9504.5,3400.25,1056.0555555555557,377.80555555555554,0.3571428571428571,3.9174146950244904,3.3425503272955153,2.0,5.549787464191243,9.0
178,4,19,8.430277777777778,0.631578947368421,0.2631578947368421,0.0,34,10486.0,3620.75,1103.7894736842106,381.1315789473685,0.175,8.157152503728867,1.1313379326162198,2.0,5.825563547737566,6.0
179,4,22,9.700277777777778,0.4090909090909091,0.2727272727272727,0.0,37,16618.5,5364.5,1384.875,447.0416666666667,0.40625,10.500922977924349,1.261947231780682,3.0,5.781754179427339,8.0
180,1,11,2.314722222222222,0.0,1.0,0.0,15,26754.0,9109.0,1114.75,379.5416666666667,0.5833333333333334,4.73671367764473,2.625946415593515,3.0,5.211885868125422,11.0
181,3,7,10.981388888888889,0.2857142857142857,0.5714285714285714,0.0,20,5907.666666666667,2515.0,984.6111111111112,419.1666666666667,0.375,5.798021852970123,1.05082942437312,3.0,4.42442661624954,9.0
182,4,32,8.983055555555556,0.40625,0.25,0.0,54,14034.5,5170.0,877.15625,323.125,0.2138888888888889,4.744832307100296,1.134551850567357,3.0,5.607632337863313,9.0
183,7,31,10.311666666666667,0.3548387096774194,0.064516129032258,0.0,59,10460.285714285714,3999.428571428571,1181.0,451.5483870967742,0.2305555555555555,12.498884975910189,1.1022116020676636,3.0,5.221278559599902,10.0
184,3,6,7.134722222222222,0.0,0.0,0.0,14,4994.0,2082.0,1248.5,520.5,0.1666666666666666,3.682323321700096,1.3571622209268774,0.0,6.463734338297802,3.0
185,4,21,8.450833333333334,0.3333333333333333,0.3809523809523809,0.0,37,13909.5,4603.75,1324.7142857142858,438.45238095238096,0.2725694444444444,10.123659193515778,1.2252389095672906,2.0,6.235618812306876,10.0
186,1,5,1.2719444444444443,0.0,0.6,0.4,10,15730.0,6424.0,1573.0,642.4,0.2,3.393129512667656,2.878815870318283,2.0,4.31393771777719,13.0
187,2,6,5.752777777777778,0.3333333333333333,0.5,0.0,15,7193.0,3186.0,1198.8333333333333,531.0,0.3125,9.162968695163729,1.0904857653854867,1.0,4.194929528978486,9.0
188,4,12,7.640833333333333,0.5833333333333334,0.3333333333333333,0.0,25,8083.25,2937.75,1347.2083333333333,489.625,0.3854166666666667,7.930528193712235,2.212483504749294,2.0,4.385912412847124,9.0
189,2,6,3.893055555555556,0.5,0.0,0.0,16,4587.0,1610.0,655.2857142857143,230.0,0.375,0.7598498463630676,1.0850402824352354,2.0,5.379895308564719,8.0
190,3,12,4.294722222222222,0.6666666666666666,0.0,0.0,22,10793.333333333334,3557.3333333333335,1245.3846153846157,410.46153846153845,0.15,9.987995326519012,1.0845247145219683,2.0,5.802695405484308,8.0
191,5,14,11.225,0.1428571428571428,0.3571428571428571,0.0,38,9842.2,3946.4,1640.3666666666666,657.7333333333333,0.1083333333333333,9.507170647382736,1.0911696733815957,3.0,5.513047650125721,9.0
192,2,5,1.8205555555555557,0.0,1.0,0.0,13,6482.5,2428.5,1296.5,485.7,0.2083333333333333,2.3955466747283936,1.6193296040824805,2.0,5.380001957714228,9.0
193,2,7,2.462222222222222,1.0,0.0,0.0,15,7084.0,2475.0,1012.0,353.57142857142856,0.125,10.508121088147163,1.4562622470524968,2.0,5.628945214431731,4.0
194,6,20,9.728055555555557,0.25,0.55,0.0,38,7387.166666666667,2729.1666666666665,1108.075,409.375,0.2611111111111111,8.52773693203926,1.3441736670057185,3.0,4.280278764287712,8.0
195,2,17,6.705,0.2941176470588235,0.2941176470588235,0.0,40,29836.5,9864.5,1755.0882352941176,580.2647058823529,0.3863636363636363,11.828437313437462,2.723267787417603,3.0,5.625958890746388,9.0
196,4,10,7.885833333333333,0.7,0.2,0.0,29,6380.25,2338.5,1276.05,467.7,0.21875,9.369160920381546,1.427905908655129,1.0,5.530561924541343,7.0
197,4,11,11.543888888888889,0.2727272727272727,0.1818181818181818,0.0909090909090909,28,4645.25,1796.75,844.5909090909091,326.6818181818182,0.2291666666666666,6.635171160101891,1.3574802772878574,1.0,5.046128412876539,10.0
198,2,12,6.558888888888889,0.0,0.0,0.0,21,16735.0,5761.5,1394.5833333333333,480.125,0.3333333333333333,6.107494458556175,1.4765835454688765,2.0,5.507056994221818,9.0
199,2,9,2.3136111111111113,0.6666666666666666,0.0,0.0,16,7915.0,2643.5,879.4444444444445,293.72222222222223,0.3035714285714286,3.986856311559677,1.0080850557482577,3.0,5.268778642136021,9.0
200,2,5,3.608611111111111,0.0,0.8,0.0,19,7684.5,2513.0,1280.75,418.8333333333333,0.1875,3.67605759203434,1.9356111157578484,3.0,5.332755723177806,7.0
201,1,2,0.4411111111111111,0.0,1.0,0.0,5,4745.0,1808.0,1186.25,452.0,0.25,0.9488915503025056,2.125494449527129,2.0,5.810970122291957,8.0
202,6,17,10.574722222222222,0.2941176470588235,0.3529411764705882,0.0,36,5845.0,2382.8333333333335,1031.470588235294,420.5,0.3527777777777778,5.448953419923782,1.830181031543567,2.0,5.5874105400604455,8.0
203,1,2,0.6141666666666666,0.0,1.0,0.0,6,5130.0,1892.0,1282.5,473.0,0.25,0.4476237446069717,5.732592265645418,3.0,5.834105300412605,10.0
204,4,15,8.2425,0.3333333333333333,0.2,0.0,36,6445.5,2690.25,859.4,358.7,0.2479166666666666,10.551219314336777,1.4134525431352165,3.0,5.222404772765062,8.0
205,4,24,8.918055555555556,0.5,0.2916666666666667,0.0,44,21535.5,7196.75,1794.625,599.7291666666666,0.1681547619047619,12.73790603876114,2.227885719603705,2.0,5.460700927140993,9.0
206,8,19,7.987777777777778,0.2105263157894736,0.4210526315789473,0.0,39,4275.875,1537.0,900.1842105263158,323.57894736842104,0.1666666666666666,4.63716459274292,1.185464229285298,3.0,5.557592538254338,9.0
207,1,3,0.9338888888888888,1.0,0.0,0.0,7,5177.0,1601.0,862.8333333333334,266.8333333333333,0.5,0.4015156328678131,3.302999320245332,3.0,5.935243839083496,8.0
208,2,5,1.6405555555555555,1.0,0.0,0.0,10,2936.0,1115.0,587.2,223.0,0.375,0.8541990518569946,2.4080531535338907,2.0,5.443610172192872,10.0
209,6,22,7.094722222222222,0.4090909090909091,0.0,0.0,43,8620.833333333334,3190.0,1175.5681818181818,435.0,0.4291666666666667,11.8827882707119,1.100147185775096,3.0,5.30715274584273,11.0
210,3,8,10.282222222222222,0.25,0.625,0.125,24,7569.333333333333,2657.6666666666665,1419.25,498.3125,0.2083333333333333,5.2925131022930145,2.037723800689756,3.0,5.15209839948004,9.0
211,6,19,9.271666666666668,0.4736842105263157,0.1578947368421052,0.0,38,6931.833333333333,2630.0,1094.5,415.2631578947368,0.2599206349206349,11.858166456222534,1.17227906366853,3.0,5.531096133243506,7.0
212,2,6,7.281944444444444,0.0,0.0,0.0,13,8615.0,3020.0,1435.8333333333333,503.3333333333333,0.25,2.6875715255737305,1.117723094242398,3.0,5.991409296441015,9.0
213,6,21,9.312222222222225,0.3809523809523809,0.1428571428571428,0.0,43,8969.833333333334,3289.8333333333335,1169.9782608695652,429.10869565217394,0.2881944444444444,8.699621438980103,1.0612515981347168,3.0,5.692659445787414,11.0
214,5,19,9.249166666666667,0.4736842105263157,0.3157894736842105,0.0,40,12793.4,4292.8,1683.342105263158,564.8421052631579,0.2333333333333333,9.415110856294632,1.5215072323317589,3.0,6.477128702186472,11.0
215,5,12,8.180555555555555,0.3333333333333333,0.25,0.0,29,3922.2,1498.0,817.125,312.0833333333333,0.2,5.665397271513939,1.2361318653954827,3.0,5.017105103092866,11.0
216,6,18,9.901666666666667,0.3888888888888889,0.1666666666666666,0.0,30,6432.666666666667,2255.3333333333335,1072.111111111111,375.8888888888889,0.2222222222222222,8.18609219789505,1.4351478969716234,3.0,5.260343397569702,10.0
217,2,5,2.0516666666666667,1.0,0.0,0.0,11,5843.5,1982.0,1168.7,396.4,0.375,6.943560287356377,1.044993430448235,2.0,5.451468026564221,8.0
218,6,28,11.078611111111112,0.3214285714285714,0.3928571428571428,0.0,46,8907.166666666666,3426.3333333333335,921.4310344827586,354.44827586206895,0.3356481481481481,14.58856126666069,1.4421179509423605,3.0,5.037877506819666,9.0
219,5,34,10.150555555555556,0.2647058823529412,0.2352941176470588,0.0,62,17362.4,5912.6,1276.6470588235295,434.75,0.2642857142857143,17.973866045475006,1.0431245525359305,3.0,5.165655317941613,10.0
220,1,4,1.3269444444444445,1.0,0.0,0.0,10,9427.0,3318.0,1178.375,414.75,0.375,1.978381246328354,2.8100663195013738,2.0,5.742994541464528,6.0
221,6,25,10.770555555555555,0.28,0.52,0.0,49,10335.5,3710.6666666666665,1240.26,445.28,0.3527777777777778,12.18666423857212,1.4051290880305225,3.0,4.290111375733826,9.0
222,4,11,10.115,0.1818181818181818,0.6363636363636364,0.1818181818181818,21,6830.5,2752.0,1241.909090909091,500.3636363636364,0.21875,5.0898483246564865,1.528867368104258,3.0,5.405823274554448,9.0
223,1,2,0.5163888888888889,1.0,0.0,0.0,5,2096.0,1294.0,524.0,323.5,0.25,0.5182837620377541,1.1941698639158338,2.0,5.478790147422821,7.0
224,2,7,2.296944444444444,1.0,0.0,0.0,12,9096.5,3103.5,1299.5,443.3571428571428,0.0625,1.535087823867798,1.2112730520934485,2.0,5.334666356904513,7.0
225,4,22,10.541944444444445,0.2727272727272727,0.4545454545454545,0.0,51,13110.25,4933.75,1140.0217391304348,429.0217391304348,0.4302884615384615,10.589962005615234,1.619020654838086,0.0,5.606075213155517,13.0
226,1,4,0.7583333333333333,0.0,1.0,0.0,7,15150.0,5421.0,1893.75,677.625,0.625,4.683590292930603,1.571128942467391,3.0,5.76417628510099,10.0
227,1,2,0.5644444444444444,1.0,0.0,0.0,5,2841.0,1067.0,710.25,266.75,0.0,0.0837033092975616,2.348551877237564,3.0,5.334237109937389,8.0
228,3,7,2.1244444444444444,0.8571428571428571,0.0,0.0,14,3715.0,1462.3333333333333,796.0714285714286,313.35714285714283,0.3333333333333333,3.2073001861572266,1.8886622412537477,1.0,5.836183785201951,9.0
229,3,8,5.853055555555556,0.5,0.5,0.0,19,3261.6666666666665,1267.6666666666667,611.5625,237.6875,0.375,4.331520289182663,1.0649082508441152,2.0,4.261871440400966,6.0
230,2,8,1.9505555555555556,0.0,1.0,0.0,14,9641.0,3502.0,1205.125,437.75,0.5,3.3924209475517273,1.1094801060184374,3.0,5.282188928986211,11.0
231,2,5,1.8222222222222224,0.4,0.0,0.0,13,8356.0,2747.0,1392.6666666666667,457.8333333333333,0.125,3.9887821972370143,1.6046853257606415,3.0,5.182513933660931,9.0
232,10,31,11.240277777777775,0.2903225806451613,0.3870967741935484,0.0,56,7774.0,2597.0,1177.878787878788,393.4848484848485,0.2799999999999999,23.212732136249542,1.0431727859193107,3.0,5.958164800158224,11.0
233,8,20,9.460555555555556,0.25,0.45,0.0,46,5984.125,2177.0,1139.8333333333333,414.6666666666667,0.3072916666666666,9.282336056232452,1.1326565254710883,2.0,5.592335405833647,7.0
234,8,18,7.853888888888889,0.4444444444444444,0.0555555555555555,0.0,36,5089.5,2162.625,1131.0,480.5833333333333,0.1979166666666666,10.966548800468445,1.362802886367292,3.0,5.83448549540603,9.0
235,5,13,7.9222222222222225,0.3846153846153846,0.3076923076923077,0.0,28,4892.4,1732.8,940.8461538461538,333.2307692307692,0.2666666666666666,5.640109539031982,1.0115722780498408,2.0,5.5513432280839945,10.0
236,4,22,7.538611111111111,0.3181818181818182,0.0,0.0,40,14677.0,5403.5,1276.2608695652175,469.8695652173913,0.3333333333333333,9.439175128936768,1.280006795433739,3.0,5.103883017868756,10.0
237,1,3,1.1183333333333334,0.0,0.0,0.0,9,7483.0,2550.0,1247.1666666666667,425.0,0.0,0.9100589454174042,1.3432965732428352,3.0,5.757039869889685,9.0
238,3,8,7.276666666666666,0.5,0.0,0.0,15,6275.666666666667,2417.3333333333335,1176.6875,453.25,0.375,4.281850561499596,1.1238054853860373,3.0,5.975673712143521,10.0
239,3,12,9.448888888888888,0.0833333333333333,0.3333333333333333,0.1666666666666666,28,10608.666666666666,4018.0,1326.0833333333333,502.25,0.2666666666666666,6.393969416618347,1.16935376431255,2.0,5.425694158064956,5.0
240,2,12,3.270277777777778,0.0,0.8333333333333334,0.0,21,20218.5,7141.5,1684.875,595.125,0.1714285714285714,9.376136049628258,1.067115460138805,3.0,5.8584902563674985,9.0
241,3,13,3.968888888888889,0.6923076923076923,0.0,0.0,23,9383.0,3581.0,1082.6538461538462,413.1923076923077,0.3444444444444445,10.335269927978516,1.55407046768646,1.0,6.146143030303377,10.0
242,1,11,3.140555555555556,0.0,0.8181818181818182,0.0,21,31046.0,9706.0,1411.1818181818182,441.1818181818182,0.3181818181818182,5.268095716834068,1.629048949421432,3.0,4.356239751649441,8.0
243,3,16,10.235555555555557,0.4375,0.25,0.0,29,11775.0,4693.0,1038.970588235294,414.0882352941176,0.3564814814814814,6.924324959516525,2.0545885833445214,2.0,5.22823707027027,10.0
244,3,9,5.525555555555556,0.0,0.0,0.0,16,9824.333333333334,3431.0,1637.388888888889,571.8333333333334,0.4583333333333333,5.292488008737564,1.0087210558791226,3.0,5.380140178132645,12.0
245,6,15,11.668055555555556,0.0,0.2666666666666666,0.0,32,5194.833333333333,2074.6666666666665,1038.9666666666667,414.93333333333334,0.2916666666666667,6.04316970705986,1.5004307237844516,3.0,5.870094692701241,8.0
246,3,16,8.901944444444444,0.75,0.1875,0.0,32,10495.0,3710.0,983.90625,347.8125,0.356060606060606,7.338395357131958,2.578157729210633,3.0,5.517787152748134,10.0
247,4,16,9.578888888888889,0.0,0.125,0.0,32,9785.25,3234.0,1223.15625,404.25,0.2569444444444444,8.027776688337326,1.2595740612595945,3.0,5.482712908633722,13.0
248,1,2,0.8952777777777777,0.0,0.0,0.0,8,3781.0,1632.0,945.25,408.0,0.25,1.5993404388427734,1.3118209339622782,2.0,5.973721554631325,9.0
249,1,3,0.7930555555555555,1.0,0.0,0.0,7,5940.0,2435.0,990.0,405.8333333333333,0.0,0.8675838857889175,1.0668474338393847,3.0,5.289396837948408,7.0
250,4,11,8.709722222222222,0.6363636363636364,0.1818181818181818,0.0,26,6103.25,2889.25,1109.6818181818182,525.3181818181819,0.3125,2.777976304292679,2.107504809838359,3.0,5.550286616679231,11.0
251,3,9,7.405,0.5555555555555556,0.4444444444444444,0.0,24,7168.666666666667,2372.3333333333335,1194.7777777777778,395.3888888888889,0.2916666666666667,2.4136361479759216,1.585392631006961,3.0,5.411358671313806,5.0
252,2,5,5.232777777777778,0.4,0.0,0.0,16,8854.5,3497.0,1264.928571428571,499.57142857142856,0.375,6.492440953850746,1.433746679379453,3.0,5.46056777511168,10.0
253,2,15,9.3225,0.0,0.3333333333333333,0.0,26,27621.5,9284.0,1841.4333333333336,618.9333333333333,0.3942307692307692,6.826293259859085,1.376964781815086,3.0,6.432955542219678,8.0
254,2,6,5.373333333333333,0.3333333333333333,0.0,0.0,11,4567.0,1954.0,761.1666666666666,325.6666666666667,0.3333333333333333,3.735613077878952,1.1070268303269697,0.0,6.138222686743574,7.0
255,3,9,3.2219444444444445,0.0,0.8888888888888888,0.0,21,6461.0,2039.0,1076.8333333333333,339.8333333333333,0.0972222222222222,6.401514261960983,1.9051215665837309,3.0,5.766821360791224,3.0
256,1,2,0.7522222222222222,1.0,0.0,0.0,7,7896.0,3018.0,1974.0,754.5,0.0,2.4842332899570465,1.284248306145258,2.0,4.344019496348978,8.0
257,2,4,12.208333333333334,0.0,0.25,0.25,13,7905.0,2998.5,1976.25,749.625,0.125,1.7054205238819122,4.103035353470581,2.0,5.335272396567225,10.0
258,3,7,5.355277777777777,0.2857142857142857,0.1428571428571428,0.0,19,6043.666666666667,2062.6666666666665,1295.071428571429,442.0,0.25,3.6417019963264465,1.2890582039469054,2.0,6.363150196445193,10.0
259,2,6,2.4358333333333335,0.0,0.8333333333333334,0.0,17,5296.0,1966.5,882.6666666666666,327.75,0.3125,2.472705662250519,2.7989092801802613,1.0,4.32819730572678,7.0
260,2,4,4.428055555555556,0.25,0.0,0.0,9,1358.0,493.0,339.5,123.25,0.25,0.0460590571165084,3.316998061051267,2.0,5.70440262519524,6.0
261,1,3,0.7391666666666666,1.0,0.0,0.0,7,4678.0,2030.0,779.6666666666666,338.3333333333333,0.5,1.6280901581048963,1.8128325662535445,2.0,5.02852325870226,10.0
262,3,9,3.948888888888889,0.7777777777777778,0.0,0.0,22,8340.0,3390.6666666666665,1390.0,565.1111111111111,0.3,6.430608779191971,1.8056721349172395,2.0,5.472306075850432,9.0
263,5,22,12.579166666666667,0.4545454545454545,0.2727272727272727,0.1363636363636363,35,9776.4,3547.6,1110.9545454545455,403.1363636363636,0.2283333333333333,15.987038999795914,1.2231520020865492,2.0,4.295808663928243,7.0
264,1,2,0.6188888888888889,0.0,0.0,0.0,6,6002.0,2544.0,1500.5,636.0,0.25,0.4035144597291946,6.348412112737928,2.0,5.775679280416684,8.0
266,2,5,1.3422222222222222,0.2,0.4,0.0,10,7651.0,2569.0,1530.2,513.8,0.2083333333333333,4.56547474861145,2.408178451436776,3.0,5.750815040427265,12.0
267,4,17,8.809444444444445,0.3529411764705882,0.4705882352941176,0.0,29,8724.5,3959.0,1026.4117647058824,465.7647058823529,0.4517857142857143,9.478120625019072,1.1440904394425315,3.0,5.475998770156855,11.0
268,4,13,10.335555555555556,0.3076923076923077,0.6153846153846154,0.0,30,7554.75,2655.25,1162.2692307692307,408.5,0.125,9.66118660569191,1.1072709754363277,2.0,5.43062663199243,9.0
269,2,6,7.8277777777777775,0.0,0.0,0.0,8,4354.0,1405.0,725.6666666666666,234.16666666666663,0.1875,1.0401733815670011,1.0851877795251617,0.0,5.284151213583549,8.0
270,2,7,1.7972222222222225,1.0,0.0,0.0,13,8670.0,3199.5,1238.571428571429,457.07142857142856,0.2,1.6719292402267456,2.4087265106185796,3.0,5.633117534200931,11.0
271,1,2,0.5527777777777778,1.0,0.0,0.0,6,1962.0,660.0,490.5,165.0,0.25,0.0853110998868942,1.5036062956067495,3.0,6.1684517608842135,10.0
272,4,11,6.901111111111111,0.3636363636363636,0.2727272727272727,0.0,26,5875.25,2034.25,1068.2272727272727,369.8636363636364,0.3229166666666667,6.371910512447357,2.5260104270967942,3.0,5.23029758313456,10.0
273,3,8,3.684444444444445,0.0,0.75,0.0,19,5110.0,1909.3333333333333,958.125,358.0,0.25,2.2821062058210373,1.3873967018960511,3.0,5.191641340483929,11.0
274,2,6,4.603888888888889,0.6666666666666666,0.0,0.0,12,5030.5,2233.5,838.4166666666666,372.25,0.1875,2.774945318698883,1.168589796713876,1.0,5.985952178523916,8.0
275,1,2,0.8358333333333333,0.0,0.0,0.0,7,7458.0,2540.0,1864.5,635.0,0.25,1.1777855455875397,3.403296541174364,3.0,6.533106649390365,11.0
276,2,4,2.678888888888889,0.75,0.0,0.0,18,4907.5,2077.0,1226.875,519.25,0.0,2.45409432053566,1.9356313139085624,3.0,5.259429750959905,11.0
277,3,6,5.112222222222222,0.6666666666666666,0.0,0.0,9,2044.0,878.3333333333334,511.0,219.58333333333337,0.25,0.7435007095336914,1.7281620371647304,2.0,5.232491540199878,8.0
278,2,5,2.2469444444444444,0.6,0.0,0.0,14,4463.0,1732.5,892.6,346.5,0.125,1.5226496011018753,2.21430439296285,3.0,5.630809703985725,12.0
279,2,5,3.758055555555555,0.0,0.4,0.0,13,5889.0,2153.5,1177.8,430.7,0.0833333333333333,2.942642331123352,1.239417027292316,3.0,5.611502683810151,9.0
280,2,4,1.2055555555555555,1.0,0.0,0.0,9,5119.0,1835.0,1279.75,458.75,0.0,1.8430069386959076,2.4437081884259393,2.0,5.48899678667084,6.0
281,4,15,4.806111111111111,0.3333333333333333,0.0,0.0,30,11247.75,4014.75,1323.264705882353,472.3235294117647,0.2970238095238094,8.48937502503395,1.0851485191307677,3.0,4.249078500035448,11.0
282,2,4,0.9427777777777778,1.0,0.0,0.0,8,4857.0,1880.5,1214.25,470.125,0.125,2.012026935815811,3.2574265135673293,2.0,5.187076622764307,6.0
283,3,19,8.115555555555556,0.4736842105263157,0.3684210526315789,0.0,44,14248.666666666666,4833.666666666667,1068.65,362.525,0.2341269841269841,4.341718912124634,1.1965310942678242,2.0,6.244465477860559,3.0
284,2,10,6.061388888888889,0.6,0.4,0.0,20,13610.5,4277.0,1361.05,427.7,0.3958333333333333,4.370225131511688,1.730467843639705,2.0,4.211271308228495,9.0
285,5,18,9.980277777777776,0.2222222222222222,0.3333333333333333,0.0,37,7826.8,2705.0,1029.842105263158,355.92105263157896,0.1142857142857142,5.3690736293792725,1.636727755888825,2.0,5.54479262706937,8.0
286,3,21,8.373333333333333,0.5714285714285714,0.0952380952380952,0.0,37,20306.666666666668,7194.666666666667,1384.5454545454545,490.54545454545456,0.25,7.790236964821816,1.7671206513227014,3.0,5.058384126568507,11.0
287,5,14,10.431666666666668,0.5,0.1428571428571428,0.0,25,5823.6,2419.4,970.6,403.23333333333335,0.1428571428571428,5.1535501182079315,1.1046151742612256,3.0,4.996953010376879,9.0
288,3,10,9.110833333333334,0.5,0.0,0.2,25,10983.333333333334,3798.6666666666665,1647.5,569.8,0.1666666666666666,4.8427518010139465,1.2621798071385073,3.0,5.49959152836735,6.0
289,1,2,0.5588888888888889,1.0,0.0,0.0,5,3099.0,1506.0,774.75,376.5,0.25,0.3901621252298355,2.7547698566514964,3.0,5.69846252395147,10.0
290,1,1,0.4594444444444444,0.0,0.0,0.0,5,5090.0,2293.0,1272.5,573.25,0.25,0.2643673494458198,3.4507250910916185,3.0,6.339703783528104,10.0
291,4,20,9.603055555555557,0.6,0.2,0.0,30,10978.25,3769.5,1097.825,376.95,0.4125,8.70446465909481,1.382577128996918,3.0,6.133699038359877,11.0
292,2,12,8.393611111111111,0.25,0.3333333333333333,0.0,27,16870.5,4972.5,1405.875,414.375,0.5,3.8600979447364807,1.5119721441460643,3.0,5.109513371136219,10.0
293,2,5,3.013888888888889,0.4,0.0,0.0,13,7135.5,2454.5,1427.1,490.9,0.25,3.160540208220482,1.5541334230336763,2.0,5.714477100834302,8.0
294,4,25,9.256944444444445,0.28,0.16,0.0,47,17513.25,6107.0,1250.946428571429,436.2142857142857,0.3520833333333333,12.348345845937729,2.003194428228675,3.0,5.439217206638517,10.0
295,6,27,11.254722222222222,0.2222222222222222,0.1851851851851851,0.037037037037037,43,7876.5,3021.1666666666665,875.1666666666666,335.68518518518516,0.2847222222222222,9.466746836900713,1.183014796943099,0.0,5.258931510997932,4.0
296,10,30,9.715,0.3666666666666666,0.1666666666666666,0.0,57,10607.1,4036.9,1710.8225806451612,651.1129032258065,0.3916666666666666,18.048062711954117,1.0148351782412597,3.0,5.673124147311044,9.0
297,4,16,7.7375,0.6875,0.25,0.0,30,9578.5,3249.75,1197.3125,406.21875,0.1319444444444444,8.607940673828125,1.3916626315397844,2.0,5.387090095744966,7.0
298,5,26,11.333333333333334,0.3846153846153846,0.3846153846153846,0.0,45,12932.0,4486.8,1197.4074074074074,415.44444444444446,0.2285714285714285,11.231287896633148,1.0000653502982555,3.0,4.967563588956466,9.0
299,3,9,6.502777777777778,0.5555555555555556,0.4444444444444444,0.0,16,8723.333333333334,3599.0,1453.888888888889,599.8333333333334,0.375,6.50217592716217,1.4947159888061108,2.0,5.19585211987314,9.0
300,2,4,2.533888888888889,0.0,0.5,0.0,16,5796.0,2213.0,1449.0,553.25,0.125,3.5499290078878403,2.987726328768315,3.0,5.490707411157367,7.0
301,8,28,10.921388888888888,0.2857142857142857,0.1785714285714285,0.0,51,6235.125,2362.125,890.7321428571429,337.44642857142856,0.2520833333333333,6.113800138235092,1.4409559481297112,3.0,5.167987692937375,9.0
302,1,4,0.57,1.0,0.0,0.0,6,5628.0,2259.0,703.5,282.375,0.625,0.0941763818264007,1.0539743941395463,2.0,5.395501873443567,9.0
303,5,16,5.140833333333333,0.1875,0.1875,0.0,31,8316.0,2929.2,1299.375,457.6875,0.2333333333333333,10.427941977977753,1.0506864952279562,3.0,5.691892809824191,11.0
304,3,17,6.9875,0.3529411764705882,0.0588235294117647,0.0,32,14105.0,5134.666666666667,1244.5588235294117,453.05882352941177,0.1708333333333333,10.242603600025175,1.5464006339048546,2.0,5.296316107249527,9.0
305,1,3,0.7541666666666667,0.0,0.0,0.0,6,4308.0,1838.0,718.0,306.3333333333333,0.5,0.8710851073265076,1.1193813484217652,2.0,5.099092745729744,9.0
306,6,24,9.698055555555555,0.4583333333333333,0.5416666666666666,0.0,41,11934.333333333334,4173.0,1491.7916666666667,521.625,0.4027777777777777,10.65008333325386,1.0756388105495729,3.0,5.574307411449581,3.0
307,5,21,6.6066666666666665,0.1904761904761904,0.2857142857142857,0.0,41,17150.6,5846.0,2041.7380952380952,695.952380952381,0.2636363636363636,15.137440979480743,1.104964160440888,3.0,4.201772112211353,8.0
308,2,6,2.377222222222222,0.6666666666666666,0.0,0.0,15,4492.0,1751.0,748.6666666666666,291.8333333333333,0.4375,3.697645470499992,1.2422455208775205,2.0,5.854605732781423,8.0
309,1,2,0.3661111111111111,0.0,0.0,1.0,4,3489.0,1378.0,872.25,344.5,0.0,0.5036955773830414,1.8563576591685107,0.0,4.2155971399568335,10.0
310,2,6,1.852777777777778,0.0,1.0,0.0,14,7192.5,2915.5,1198.75,485.9166666666667,0.1875,2.7564510107040405,1.1661672904945608,0.0,5.437642048612019,3.0
311,3,7,2.7705555555555557,0.7142857142857143,0.0,0.0,15,5449.666666666667,1941.6666666666667,1167.7857142857142,416.07142857142856,0.3333333333333333,1.6484054625034332,1.9299072551525325,2.0,5.35332103575163,11.0
312,2,4,1.9905555555555556,0.75,0.0,0.0,11,4894.0,1832.5,1223.5,458.125,0.25,1.2324515283107758,1.1064505382482257,2.0,6.025768465136854,11.0
313,3,7,5.441944444444444,0.7142857142857143,0.0,0.0,16,5344.0,2675.3333333333335,1145.142857142857,573.2857142857143,0.25,7.083716318011284,1.2620143914882596,3.0,5.581298001007956,11.0
314,5,11,5.541666666666667,0.6363636363636364,0.0,0.0,22,5151.8,2267.0,1170.8636363636365,515.2272727272727,0.25,8.935683846473694,1.2390433418556817,3.0,5.9225909450900005,11.0
315,4,10,8.13,0.3,0.6,0.0,28,5175.5,2079.0,1035.1,415.8,0.125,4.585875302553177,2.1791263968290213,3.0,4.377181348826793,10.0
316,3,19,4.720555555555555,0.0,0.7368421052631579,0.0,30,19360.0,6203.333333333333,1528.421052631579,489.7368421052632,0.376068376068376,12.839737266302109,1.5921773205114385,2.0,5.361092792832504,6.0
317,2,12,2.4494444444444445,1.0,0.0,0.0,17,16226.5,5607.0,1352.2083333333333,467.25,0.375,5.363145560026169,1.9787473208329889,2.0,5.242065434846587,10.0
318,1,2,0.5225,0.0,1.0,0.0,5,4116.0,1683.0,1029.0,420.75,0.25,0.9758352935314178,2.2958301180996377,2.0,5.389075829370572,7.0
319,1,2,0.4430555555555555,1.0,0.0,0.0,4,4500.0,1354.0,1125.0,338.5,0.25,0.1086426675319671,1.635003830261651,0.0,6.124260041395253,10.0
320,1,6,1.3691666666666666,0.8333333333333334,0.0,0.0,10,7439.0,2557.0,619.9166666666666,213.08333333333337,0.3333333333333333,0.8806408643722534,1.0609009594454748,3.0,5.380761258684912,6.0
321,6,15,8.9975,0.1333333333333333,0.2,0.0,27,3125.0,1548.3333333333333,625.0,309.6666666666667,0.1805555555555555,4.477200895547867,2.202533579042582,2.0,5.638960607657073,8.0
322,3,17,7.415,0.1176470588235294,0.8235294117647058,0.0,30,14839.333333333334,5161.333333333333,1309.3529411764705,455.4117647058824,0.173076923076923,10.64090958237648,1.1709601653980215,2.0,5.053203549727509,7.0
323,4,11,11.04861111111111,0.4545454545454545,0.2727272727272727,0.0,32,8501.75,3367.0,1416.9583333333333,561.1666666666666,0.1145833333333333,9.917814001441002,1.1117253557977629,3.0,4.487617701456878,9.0
324,2,4,4.963888888888889,0.5,0.5,0.0,9,5908.5,1929.0,1477.125,482.25,0.0,1.824056938290596,2.5978569740364192,3.0,4.47331474175198,8.0
325,2,6,1.4036111111111111,0.0,1.0,0.0,10,8303.5,3036.5,1383.9166666666667,506.0833333333333,0.25,3.990500897169113,1.62896340948909,2.0,5.235849857307909,11.0
326,4,20,9.891666666666667,0.7,0.2,0.0,36,10589.5,3615.75,1008.5238095238096,344.35714285714283,0.3004807692307692,8.265888780355453,1.3150861725487857,1.0,5.479249216060912,7.0
327,2,5,1.5544444444444443,1.0,0.0,0.0,11,3179.5,1133.5,635.9,226.7,0.25,1.085760623216629,2.8359756170332155,2.0,4.209508738722897,9.0
328,5,16,7.323333333333333,0.25,0.4375,0.0,44,8073.6,2680.8,1261.5,418.875,0.21,10.179434597492218,1.153062988238512,3.0,5.804241676197963,12.0
329,1,2,1.0855555555555556,0.0,0.0,1.0,8,9470.0,3301.0,2367.5,825.25,0.0,3.786738768219948,1.5131961741542088,3.0,5.191667265566279,10.0
330,3,17,6.765555555555555,0.7058823529411765,0.1176470588235294,0.0,30,11776.333333333334,4163.666666666667,1039.0882352941176,367.38235294117646,0.3625,5.531667530536652,1.1640385527195527,3.0,5.141030931054752,9.0
331,5,29,10.023333333333332,0.2758620689655172,0.4827586206896552,0.0,49,13089.6,4266.8,1128.4137931034484,367.82758620689657,0.5059523809523809,13.852144807577131,1.3773319785867122,3.0,5.736062514595362,8.0
332,7,19,10.241388888888888,0.3157894736842105,0.3157894736842105,0.0,34,5599.428571428572,2151.1428571428573,1031.4736842105262,396.2631578947368,0.3452380952380952,5.016848206520081,1.420311773984375,3.0,4.757897217795213,9.0
333,6,39,11.573333333333334,0.1538461538461538,0.4615384615384615,0.0,72,11648.333333333334,4617.333333333333,896.025641025641,355.1794871794872,0.3029914529914529,11.786072731018066,1.1682357756796835,3.0,5.228368579393325,11.0
334,2,8,2.3619444444444446,0.5,0.0,0.0,15,11215.5,4105.0,1401.9375,513.125,0.25,6.582494020462036,2.7196212622217595,2.0,5.085504138909805,10.0
335,1,4,0.9022222222222224,0.0,1.0,0.0,8,18302.0,5781.0,2287.75,722.625,0.625,2.2160674780607224,2.137579069846722,0.0,6.393360590246232,6.0
336,7,33,8.556666666666667,0.2424242424242424,0.2121212121212121,0.0,53,9652.42857142857,3709.142857142858,1023.7424242424242,393.3939393939394,0.2569264069264069,7.384302675724029,1.0308493054918986,0.0,5.503450263161156,7.0
337,1,6,1.7905555555555557,0.0,1.0,0.0,13,23444.0,7749.0,1953.6666666666667,645.75,0.1666666666666666,5.380422592163086,1.1129942323105535,3.0,6.060237879877509,9.0
338,3,7,6.276388888888889,0.2857142857142857,0.4285714285714285,0.0,16,5601.0,2429.6666666666665,1200.2142857142858,520.6428571428571,0.2222222222222222,7.937450051307678,1.9201698994675171,0.0,5.537062476584119,3.0
339,2,6,2.7511111111111113,0.0,1.0,0.0,14,7915.5,2905.5,1319.25,484.25,0.3333333333333333,2.5168722420930862,1.090887482116845,2.0,5.476179308099453,9.0
340,6,19,9.181111111111113,0.4210526315789473,0.2631578947368421,0.0,36,6910.5,2647.5,1091.1315789473683,418.0263157894737,0.3361111111111111,8.632211074233055,1.2087373887185058,3.0,5.8605763058708575,10.0
341,1,2,0.4847222222222222,0.0,0.0,0.0,5,5256.0,1929.0,1314.0,482.25,0.0,1.1644288301467896,1.8491316198254255,0.0,6.253871512873883,5.0
342,1,12,2.1152777777777776,0.75,0.0,0.0,15,22117.0,7406.0,921.5416666666666,308.5833333333333,0.1666666666666666,3.1342374682426453,1.038801140044493,2.0,5.787634228993808,7.0
343,2,4,6.163055555555555,0.0,0.0,0.0,11,3201.0,1178.5,800.25,294.625,0.125,0.4768675863742828,3.37302103287772,1.0,5.8829832916384825,7.0
344,4,10,5.333055555555555,0.0,0.6,0.2,24,5013.25,2233.5,1002.65,446.7,0.1041666666666666,5.321792349219322,1.2766880280567552,1.0,5.46006351896355,7.0
345,3,6,5.579722222222222,0.3333333333333333,0.3333333333333333,0.0,15,5298.333333333333,2447.6666666666665,1324.5833333333333,611.9166666666666,0.25,5.634443372488022,1.2227196507957117,2.0,5.385786619407156,8.0
346,3,9,7.281666666666666,0.4444444444444444,0.2222222222222222,0.0,25,11119.333333333334,3709.0,1853.2222222222224,618.1666666666666,0.0,11.022809326648712,1.7557292308321013,3.0,5.072205883856642,11.0
347,1,3,1.273611111111111,0.3333333333333333,0.6666666666666666,0.0,10,6173.0,2544.0,1028.8333333333333,424.0,0.5,1.1664258986711502,1.2077258779020932,2.0,5.46536113138899,11.0
348,3,11,4.484166666666667,0.6363636363636364,0.0,0.0,21,9962.0,3372.0,1245.25,421.5,0.1083333333333333,5.81606450676918,1.0626953127618957,3.0,5.30745986728771,11.0
349,2,4,1.7025,0.5,0.0,0.0,9,3843.5,1669.5,960.875,417.375,0.125,1.801652729511261,1.066985437466589,3.0,5.347154007406052,11.0
350,4,10,9.436388888888889,0.5,0.1,0.1,25,6176.75,2444.75,1235.35,488.95,0.2291666666666666,10.573735192418098,1.2317387432653577,3.0,5.821348990025178,11.0
351,1,6,2.703888888888889,0.0,1.0,0.0,18,16384.0,6805.0,1365.3333333333333,567.0833333333334,0.0833333333333333,8.283486992120743,1.3158535359632195,2.0,5.438538775065812,9.0
352,6,16,9.521944444444443,0.125,0.25,0.0,33,6795.333333333333,2834.6666666666665,1199.1764705882354,500.2352941176471,0.2291666666666666,7.865478515625,1.1459719307849134,3.0,5.146915387606303,12.0
353,4,20,6.665277777777778,0.3,0.0,0.0,32,9401.5,3337.75,940.15,333.775,0.375,7.847450762987137,1.4664959445480028,3.0,5.834741558429676,9.0
354,4,26,7.3425,0.5384615384615384,0.0,0.0,40,11492.0,3987.5,792.551724137931,275.0,0.5560515873015873,6.562711149454117,1.2322932586260542,3.0,4.16326311114973,10.0
355,6,13,11.275833333333331,0.4615384615384615,0.2307692307692307,0.0,31,5754.5,2174.6666666666665,1327.9615384615386,501.84615384615387,0.1111111111111111,8.229342132806778,1.1106254009046788,3.0,5.965091881285324,12.0
356,4,14,8.836666666666666,0.2142857142857142,0.4285714285714285,0.0,34,9710.75,3300.75,1294.7666666666669,440.1,0.2916666666666667,6.068078339099884,1.4485365271416686,3.0,4.9789538039944246,7.0
357,2,6,3.181111111111111,0.3333333333333333,0.0,0.0,12,6286.5,2238.0,1047.75,373.0,0.125,3.668982431292534,1.6208972627792269,3.0,5.514573744237088,11.0
358,2,6,1.2827777777777778,0.0,0.8333333333333334,0.0,10,6902.5,2507.0,1150.4166666666667,417.8333333333333,0.1666666666666666,2.341646373271942,1.774793804864754,3.0,4.7875442545711655,9.0
359,1,6,1.3455555555555556,1.0,0.0,0.0,10,13095.0,4832.0,1091.25,402.6666666666667,0.3333333333333333,1.9777545630931856,3.9054500302035686,3.0,5.068261995973393,9.0
360,4,10,8.975,0.6,0.2,0.0,26,5857.0,2252.25,1171.4,450.45,0.125,3.858554065227509,1.1880572385969967,3.0,5.214339081493806,11.0
361,6,13,7.331388888888889,0.2307692307692307,0.3076923076923077,0.0,28,3608.6666666666665,1437.5,832.7692307692307,331.7307692307692,0.2916666666666667,7.953679323196411,1.1119362774097992,3.0,4.29589022373867,11.0
362,7,23,9.824722222222222,0.3478260869565217,0.2608695652173913,0.0,41,6259.0,2280.714285714286,952.4565217391304,347.0652173913044,0.3571428571428571,5.750347822904587,1.336360404448323,3.0,6.218349905711331,11.0
363,2,5,5.536111111111111,0.4,0.6,0.0,13,4496.0,1789.0,899.2,357.8,0.0833333333333333,2.164058193564415,2.68773855464019,2.0,5.399777839347849,10.0
364,2,9,7.506944444444445,0.6666666666666666,0.3333333333333333,0.0,24,11410.0,4316.0,1267.7777777777778,479.55555555555554,0.25,3.962477445602417,1.3100192473276338,1.0,5.787058022160687,7.0
365,3,9,10.238888888888887,0.0,0.5555555555555556,0.0,19,6277.0,2127.0,1046.1666666666667,354.5,0.2222222222222222,4.712244302034378,1.1058464909586243,3.0,6.20870736574599,11.0
366,1,4,1.1369444444444443,1.0,0.0,0.0,9,15434.0,5625.0,1929.25,703.125,0.25,2.178073041141033,3.3064524045414982,3.0,4.443262388984204,8.0
367,5,24,7.5505555555555555,0.3333333333333333,0.3333333333333333,0.0,38,8247.2,3166.4,859.0833333333334,329.8333333333333,0.3161904761904762,8.29745814204216,1.6607938777571982,3.0,5.713717413456925,9.0
368,4,10,7.107222222222222,0.4,0.0,0.0,18,4617.25,1713.5,923.45,342.7,0.28125,6.965081661939621,1.905533237034724,2.0,4.087997429048108,11.0
369,4,27,5.515555555555555,0.037037037037037,0.5185185185185185,0.0,35,16057.75,5596.75,1189.462962962963,414.5740740740741,0.5208333333333334,7.985155373811722,1.9023812749894096,2.0,5.343065199142503,11.0
370,5,30,9.542222222222222,0.2333333333333333,0.2,0.0,51,12225.4,4145.8,985.9193548387096,334.33870967741933,0.4785714285714285,10.161392837762833,1.2872943446716143,3.0,6.0107207287192885,11.0
371,3,10,5.226944444444444,0.4,0.1,0.0,28,6599.666666666667,2815.0,989.95,422.25,0.2083333333333333,4.866362199187279,1.5251867661779448,3.0,5.94005414646772,9.0
372,5,12,10.140555555555556,0.0,0.3333333333333333,0.0,35,6526.0,2142.6,1087.6666666666667,357.1,0.3666666666666666,6.159643143415451,2.263881590996251,3.0,5.300127036009791,5.0
373,3,10,7.720555555555555,0.5,0.5,0.0,22,13351.666666666666,5837.666666666667,2002.75,875.65,0.2611111111111111,5.117912620306015,1.457872348058493,1.0,5.2958618130355335,6.0
374,3,12,3.2255555555555557,0.8333333333333334,0.0,0.0,21,6749.666666666667,2230.6666666666665,843.7083333333334,278.8333333333333,0.1527777777777777,2.3099078834056854,1.8302074908813617,3.0,5.311018429117056,10.0
375,6,13,11.189722222222224,0.1538461538461538,0.3076923076923077,0.0,31,7253.0,2445.8333333333335,1450.6,489.1666666666667,0.1527777777777777,6.565208971500397,1.5015688057675365,3.0,5.412189375055834,11.0
376,2,4,1.445277777777778,0.0,0.0,0.0,11,6986.0,2644.0,1397.2,528.8,0.375,1.9828133881092072,1.2699663952766054,3.0,5.677390697926659,10.0
377,2,8,3.016388888888889,1.0,0.0,0.0,19,10081.0,3391.5,1260.125,423.9375,0.125,2.5773224234580994,1.5551110807899389,1.0,4.340248284813235,9.0
378,4,17,12.823888888888888,0.0,0.7058823529411765,0.0,35,14975.25,5110.5,1663.9166666666667,567.8333333333334,0.109375,7.840656816959381,1.0648483730209808,3.0,5.564606987941738,10.0
379,2,8,8.308055555555555,0.0,0.0,0.0,21,16132.0,5230.0,1466.5454545454545,475.45454545454544,0.3392857142857143,3.741084784269333,1.422072724790306,3.0,6.19619122815723,9.0
380,2,4,5.511111111111111,0.5,0.5,0.0,10,2588.5,1082.0,647.125,270.5,0.25,1.6015115976333618,1.4004879223240696,3.0,5.66358589256954,9.0
381,2,4,6.408333333333333,0.5,0.5,0.0,11,3407.5,1591.5,851.875,397.875,0.125,0.4649870991706848,9.14083642654374,1.0,5.769546316617542,8.0
382,3,9,5.9525,0.3333333333333333,0.0,0.0,18,5681.0,2348.6666666666665,946.8333333333334,391.44444444444446,0.0833333333333333,4.015157788991928,1.67209663508872,3.0,4.892856299640894,3.0
383,4,12,6.367222222222222,0.75,0.1666666666666666,0.0,27,6494.25,2533.0,1082.375,422.1666666666667,0.1625,5.45333831012249,1.408209369411912,1.0,5.418679054860753,9.0
384,4,13,8.12861111111111,0.3076923076923077,0.6923076923076923,0.0,23,7266.0,2953.25,1117.8461538461538,454.34615384615387,0.3229166666666666,11.749090254306791,1.0331433573249538,3.0,5.284085262434807,7.0
385,2,6,8.647222222222222,0.3333333333333333,0.6666666666666666,0.0,18,7557.5,3044.5,1259.5833333333333,507.4166666666667,0.0,5.481182679533958,1.1535304027441282,2.0,5.2558756053497415,7.0
386,9,36,12.301111111111112,0.1388888888888889,0.4444444444444444,0.0555555555555555,55,8674.0,3028.3333333333335,1084.25,378.5416666666667,0.1699074074074074,13.72591882944107,1.8329119834433336,3.0,4.391796787463628,11.0
387,6,24,9.486944444444443,0.4166666666666667,0.1666666666666666,0.0,57,5277.666666666667,1917.5,659.7083333333334,239.6875,0.5333333333333333,5.585277616977692,1.0205864948025505,3.0,5.608676317250439,6.0
388,2,10,7.733611111111111,0.5,0.5,0.0,16,7305.0,3139.0,730.5,313.9,0.4499999999999999,5.235839992761612,1.3201275787196487,2.0,5.038310761659479,8.0
389,5,15,6.95,0.5333333333333333,0.2,0.0,35,3905.0,1550.2,650.8333333333334,258.3666666666667,0.3,2.5932933688163757,1.0269235811355133,3.0,5.953062945225792,12.0
390,7,17,7.93,0.4705882352941176,0.4705882352941176,0.0,43,4627.0,1767.0,952.6176470588236,363.7941176470589,0.238095238095238,5.335641324520111,1.328692713197289,3.0,4.426618537723766,11.0
391,5,12,4.179722222222222,0.25,0.0833333333333333,0.0,24,3940.2,1447.0,820.875,301.4583333333333,0.35,4.306076675653458,1.2133379263281945,2.0,5.424764095230538,10.0
392,2,14,7.763888888888889,0.6428571428571429,0.3571428571428571,0.0,22,14275.5,4817.5,1019.6785714285714,344.10714285714283,0.45,4.826863199472427,1.1183284628032677,3.0,4.4090799590749485,11.0
393,3,15,7.446388888888888,0.3333333333333333,0.0666666666666666,0.0,31,15579.0,4675.0,1557.9,467.5,0.0666666666666666,10.743657171726229,1.860467036377443,3.0,5.160130017970286,11.0
394,3,8,7.263055555555556,0.375,0.375,0.0,16,6678.0,2737.3333333333335,1252.125,513.25,0.2222222222222222,4.283773243427277,1.2000212248057165,3.0,5.268095147403882,11.0
395,1,2,0.7869444444444444,0.0,1.0,0.0,6,3957.0,1273.0,989.25,318.25,0.25,0.2913905382156372,1.2560060184060209,2.0,4.251674774072614,8.0
396,2,4,1.8169444444444445,0.0,1.0,0.0,13,6502.0,2459.0,1625.5,614.75,0.125,2.979523926973343,1.0357086652420795,3.0,5.736655784290667,8.0
397,7,19,8.991388888888888,0.2631578947368421,0.4210526315789473,0.0,41,8343.57142857143,3023.4285714285716,1536.9736842105262,556.9473684210526,0.2785714285714286,10.634897232055664,1.0098872000485508,2.0,5.815747161076932,7.0
398,1,5,0.8088888888888889,0.0,1.0,0.0,7,16155.0,5192.0,1615.5,519.2,0.2,4.886274844408035,1.549970819792756,0.0,5.321342357007612,3.0
399,3,17,5.966944444444445,0.4117647058823529,0.3529411764705882,0.0,30,13424.666666666666,4621.0,1118.7222222222222,385.0833333333333,0.2288359788359788,6.71823987364769,1.4959055972542432,3.0,5.586425871238404,8.0
400,6,17,8.1525,0.3529411764705882,0.0588235294117647,0.0,41,9086.166666666666,3098.1666666666665,1603.4411764705883,546.7352941176471,0.2569444444444444,5.910310685634613,1.44171187127603,0.0,6.199081530547637,4.0
401,3,8,2.596111111111111,0.5,0.0,0.0,14,5776.333333333333,2264.0,1083.0625,424.5,0.2916666666666667,7.919480860233307,1.904396160802988,2.0,5.417364896541232,6.0
402,6,16,8.695277777777777,0.1875,0.3125,0.0,29,4756.5,2005.0,891.84375,375.9375,0.3666666666666667,10.2837992310524,1.2116370234664144,2.0,5.579602161458468,7.0
403,3,9,8.62861111111111,0.0,0.7777777777777778,0.0,15,5451.666666666667,1932.0,908.6111111111112,322.0,0.3333333333333333,1.7940173745155334,1.5491568763441894,2.0,5.089626791637388,9.0
404,1,5,1.795,0.6,0.0,0.0,12,9291.0,3298.0,929.1,329.8,0.5,1.9178279638290403,1.8586166049383253,3.0,5.3329013859065375,10.0
405,4,27,10.86138888888889,0.3333333333333333,0.3703703703703703,0.0,42,16278.75,5367.5,1205.8333333333333,397.5925925925926,0.2888888888888888,8.333217471837997,1.2719476907871232,0.0,5.210882390049253,2.0
406,2,10,9.679444444444444,0.3,0.7,0.0,17,16419.5,5503.0,1641.95,550.3,0.238095238095238,4.240373730659485,1.135046907218378,3.0,5.104140561001877,9.0
407,6,20,9.647222222222222,0.35,0.5,0.0,50,9931.0,3506.5,1489.65,525.975,0.1875,11.569979786872864,1.1678127109066962,3.0,5.738506789357387,8.0
408,3,12,3.093611111111111,0.8333333333333334,0.0,0.0,17,10780.666666666666,3515.6666666666665,1347.5833333333333,439.4583333333333,0.2638888888888889,5.101646766066551,1.4938997235007598,0.0,5.541316436625192,3.0
409,4,10,8.432777777777778,0.4,0.3,0.0,22,5077.75,2358.0,1015.55,471.6,0.25,4.612997770309448,1.831691432345994,2.0,5.706178109542452,8.0
410,2,5,2.7594444444444446,0.0,0.6,0.4,12,5864.0,2263.0,1172.8,452.6,0.125,1.7776078134775162,1.2635067392914463,3.0,5.213674823219665,9.0
411,1,7,2.36,0.2857142857142857,0.0,0.0,17,15638.0,5260.0,1117.0,375.7142857142857,0.3571428571428571,2.900910466909409,1.452127945092143,2.0,4.949941751342635,8.0
412,1,2,0.6202777777777778,1.0,0.0,0.0,6,2373.0,1017.0,593.25,254.25,0.25,0.1808378994464874,1.108844465328528,3.0,5.460664202332139,10.0
413,5,13,7.059722222222222,0.3846153846153846,0.3846153846153846,0.0,34,7093.6,2766.4,1364.1538461538462,532.0,0.1333333333333333,10.518287032842636,1.553774937797957,2.0,5.751151243345775,10.0
414,5,20,9.700277777777778,0.4,0.3,0.0,36,9470.0,3135.6,1183.75,391.95,0.445,8.732626676559448,1.1900982545902898,3.0,5.914247373499866,13.0
415,4,15,9.15972222222222,0.3333333333333333,0.2,0.0,27,9336.25,3250.0,1244.8333333333333,433.3333333333333,0.3125,11.863070905208588,1.0357671040034928,3.0,5.471683870286662,9.0
416,1,4,0.7605555555555555,0.0,1.0,0.0,6,5969.0,2542.0,746.125,317.75,0.5,1.7833979725837708,2.426616484360541,3.0,5.392784654483321,8.0
417,4,14,7.6994444444444445,0.1428571428571428,0.4285714285714285,0.0,29,7356.25,2904.5,1050.892857142857,414.92857142857144,0.39375,9.314604550600052,1.390087033108953,3.0,6.11115785710239,8.0
418,4,15,5.7825,0.4,0.0,0.0,35,14883.0,4558.0,1984.4,607.7333333333333,0.2738095238095238,11.433522582054138,1.6348803295353194,3.0,4.265587196478682,9.0
419,7,21,11.426388888888887,0.0476190476190476,0.2857142857142857,0.0,48,10717.714285714286,3400.285714285714,1630.9565217391305,517.4347826086956,0.1357142857142857,11.08055528998375,1.1736252546295822,3.0,6.027946334187055,9.0
420,2,3,2.0191666666666666,0.3333333333333333,0.0,0.0,14,3839.0,1696.5,959.75,424.125,0.125,0.9384497553110124,1.9128657346962217,0.0,5.939745815148164,3.0
421,2,7,1.8305555555555555,0.7142857142857143,0.0,0.0,12,5856.5,2074.5,836.6428571428571,296.35714285714283,0.225,2.711982950568199,1.2469060571802757,2.0,4.540906874473311,9.0
422,3,10,7.184166666666667,0.6,0.1,0.0,28,12490.666666666666,4829.333333333333,1703.2727272727273,658.5454545454545,0.1083333333333333,11.517741531133652,1.0121195797773894,3.0,5.241940565825035,10.0
423,5,22,8.789444444444445,0.5,0.4090909090909091,0.0,36,8836.6,2968.6,1004.1590909090908,337.34090909090907,0.29,5.1774822473526,1.2752867209374048,1.0,5.8216186313007565,7.0
424,3,16,8.823611111111111,0.5,0.5,0.0,24,8936.666666666666,3268.3333333333335,837.8125,306.40625,0.5083333333333333,5.029740080237389,2.080676279037544,3.0,6.38408328655522,9.0
425,4,14,6.252777777777778,0.4285714285714285,0.2857142857142857,0.0,25,7782.75,2861.5,1111.821428571429,408.7857142857143,0.21875,5.338736057281494,1.1290375614482004,3.0,5.436341398415103,9.0
426,2,6,2.0877777777777777,0.0,0.3333333333333333,0.0,15,7650.0,2771.0,1275.0,461.8333333333333,0.1875,3.356440156698227,1.1395318925028497,2.0,5.670714179423056,4.0
427,4,14,8.921944444444444,0.4285714285714285,0.1428571428571428,0.0,31,7623.75,2629.0,1089.107142857143,375.57142857142856,0.1458333333333333,6.503140449523926,2.505025939639826,3.0,4.902476272451307,10.0
428,4,10,4.199166666666667,0.0,0.4,0.0,22,7986.75,2957.0,1597.35,591.4,0.21875,5.468413233757019,1.5697675592344642,3.0,5.055159733052914,11.0
429,8,32,9.424722222222222,0.46875,0.28125,0.0,50,6904.5,2418.0,863.0625,302.25,0.337797619047619,5.991041123867035,1.071144349066742,3.0,5.243237732531079,5.0
430,9,28,12.672777777777778,0.3214285714285714,0.3928571428571428,0.0714285714285714,52,8058.333333333333,2560.777777777778,1133.203125,360.109375,0.2924603174603175,15.714797407388687,1.5771216466276832,3.0,5.057379125662174,9.0
431,1,3,1.173888888888889,0.0,1.0,0.0,9,6964.0,2879.0,1160.6666666666667,479.8333333333333,0.5,3.923171445727348,1.2433095981591415,3.0,5.639260631786565,10.0
432,3,12,4.583333333333333,0.4166666666666667,0.0,0.0,23,12050.0,4163.666666666667,1390.3846153846157,480.4230769230769,0.2430555555555555,9.207919895648956,1.0103617703962835,3.0,4.4710828163979786,9.0
433,3,6,8.956944444444444,0.3333333333333333,0.3333333333333333,0.0,13,5015.666666666667,2031.0,1253.9166666666667,507.75,0.1666666666666666,3.544571429491043,1.1279745654222124,1.0,5.864276437591196,9.0
434,2,4,2.4355555555555557,0.5,0.0,0.0,13,6417.5,2335.0,1604.375,583.75,0.125,1.72392800450325,1.5396610711191725,3.0,5.7674187833990125,11.0
435,3,11,3.716111111111111,0.7272727272727273,0.0,0.0,18,7749.666666666667,3087.6666666666665,1056.7727272727273,421.04545454545456,0.3055555555555555,4.457041084766388,1.4482861768790014,3.0,6.342210431132109,9.0
436,2,4,7.180833333333333,0.5,0.5,0.0,12,7019.5,2049.0,1754.875,512.25,0.0,0.9803797453641891,2.568297124702523,3.0,5.346608403469408,10.0
437,3,7,2.338611111111111,0.7142857142857143,0.0,0.0,16,4554.0,1608.3333333333333,975.8571428571428,344.64285714285717,0.3333333333333333,5.520655035972595,1.4015888199043718,3.0,5.841768598286791,13.0
438,3,9,4.683333333333334,0.0,0.7777777777777778,0.2222222222222222,17,6314.666666666667,2386.6666666666665,1052.4444444444443,397.77777777777777,0.2333333333333333,6.686443403363228,1.005204121755447,3.0,5.856235766273705,12.0
439,5,30,8.189166666666667,0.4333333333333333,0.0,0.0,51,14336.2,5262.2,1194.6833333333334,438.51666666666665,0.3211111111111111,25.261650413274765,1.695102948385851,1.0,5.359295723247859,7.0
440,4,9,5.761111111111111,0.5555555555555556,0.1111111111111111,0.0,20,6928.25,2568.5,1539.611111111111,570.7777777777778,0.25,6.713410764932632,1.9553088701404433,3.0,6.382278979955734,12.0
441,5,13,6.911111111111111,0.6153846153846154,0.2307692307692307,0.0,28,5008.8,1575.2,963.2307692307692,302.9230769230769,0.375,8.704986900091171,1.151659236655981,3.0,5.520119413490369,9.0
442,1,3,0.7422222222222222,0.0,0.6666666666666666,0.0,6,6316.0,2651.0,1052.6666666666667,441.8333333333333,0.1666666666666666,0.7024779319763184,1.4215624924706858,1.0,5.777174832521975,6.0
443,1,3,1.5075,0.3333333333333333,0.0,0.0,11,16314.0,5148.0,2039.25,643.5,0.25,2.2997606098651886,1.1426539111745222,3.0,5.3801715356405575,8.0
444,5,19,7.3469444444444445,0.4210526315789473,0.2105263157894736,0.0,34,6135.6,2317.6,807.3157894736842,304.94736842105266,0.4833333333333334,6.583898723125458,1.984860848323179,3.0,5.230247629248059,9.0
445,1,12,2.635555555555555,1.0,0.0,0.0,18,29569.0,10618.0,1232.0416666666667,442.4166666666667,0.2916666666666667,4.174589306116104,2.7500091903446693,3.0,5.528111186745748,8.0
446,7,18,8.672777777777778,0.1111111111111111,0.3333333333333333,0.0,36,7197.571428571428,2507.8571428571427,1399.5277777777778,487.6388888888889,0.1488095238095237,6.991287410259247,1.4328038634828495,3.0,5.317977189785446,12.0
447,1,2,0.5641666666666667,0.0,1.0,0.0,5,5430.0,2783.0,1357.5,695.75,0.0,0.8276786357164383,1.544599021497671,3.0,4.429664655757303,7.0
448,6,22,9.844166666666666,0.5,0.1818181818181818,0.0,44,10302.833333333334,3655.6666666666665,1404.9318181818182,498.5,0.1902777777777777,15.397001445293428,1.081162595399934,3.0,5.515181311111689,9.0
449,4,24,9.528333333333334,0.125,0.625,0.0,38,16144.0,5518.5,1345.3333333333333,459.875,0.3645833333333333,9.907857313752174,2.1960056547526707,3.0,5.595683277082281,10.0
450,2,9,11.466111111111111,0.2222222222222222,0.1111111111111111,0.2222222222222222,20,10988.0,3779.0,1220.888888888889,419.8888888888889,0.3333333333333333,8.462850481271744,1.010708309851078,3.0,5.833104648825439,10.0
451,4,15,7.939166666666667,0.2,0.3333333333333333,0.0,40,11673.75,4424.25,1556.5,589.9,0.21875,10.381384074687958,1.330718922273085,3.0,5.596682588891477,11.0
452,5,17,7.779722222222222,0.3529411764705882,0.5294117647058824,0.0,32,9072.2,3099.8,1334.1470588235295,455.8529411764706,0.0777777777777777,8.909519582986832,1.2421016939781104,3.0,6.004964999260673,9.0
453,7,21,8.27111111111111,0.4285714285714285,0.4285714285714285,0.0,37,7556.285714285715,2678.1428571428573,1259.3809523809523,446.3571428571428,0.2346938775510204,7.891823157668114,2.127689716447082,3.0,5.301156194523428,12.0
454,5,23,9.6325,0.4782608695652174,0.3478260869565217,0.0,45,14886.2,4822.6,1618.0652173913045,524.195652173913,0.2619047619047619,10.27423858642578,1.6608037056939728,3.0,4.2944472014189685,9.0
455,4,19,9.564444444444444,0.4736842105263157,0.3157894736842105,0.0,46,16186.5,5832.75,1618.65,583.275,0.3177083333333333,20.389890909194943,1.100926246896068,3.0,5.477540538213815,10.0
456,2,4,7.336944444444445,0.0,0.0,0.0,11,9261.0,3352.0,1852.2,670.4,0.2083333333333333,2.0040160417556763,1.2269964147804722,3.0,5.201025663897794,9.0
457,5,26,6.9880555555555555,0.3461538461538461,0.0,0.0,41,12187.4,4484.2,1171.8653846153843,431.1730769230769,0.2033333333333333,9.654655396938324,1.240194729047642,3.0,5.528428012072551,8.0
458,6,15,8.155833333333334,0.6666666666666666,0.2,0.0,32,7073.0,2332.0,1414.6,466.4,0.1875,5.842743664979935,1.9464893282984048,2.0,4.107572786645322,9.0
459,3,8,5.028333333333333,0.375,0.25,0.0,19,7292.333333333333,2825.3333333333335,1367.3125,529.75,0.0,4.719472408294678,1.062891689503473,3.0,5.8893303790336615,10.0
460,2,4,1.2166666666666666,0.0,1.0,0.0,9,2821.5,935.5,705.375,233.875,0.25,0.4010780155658722,1.300515296875688,2.0,5.779956704561125,8.0
461,2,4,1.7283333333333333,1.0,0.0,0.0,9,3638.0,1202.5,909.5,300.625,0.125,1.3246830701828003,1.6893782917083675,3.0,6.238661040709124,8.0
462,4,11,6.950833333333334,0.5454545454545454,0.1818181818181818,0.0,22,6301.5,2266.0,1050.25,377.6666666666667,0.21875,4.394242212176323,1.1517081449715565,3.0,5.882638275796764,7.0
463,6,15,8.759722222222223,0.4666666666666667,0.4666666666666667,0.0,33,4696.166666666667,1922.6666666666667,939.2333333333332,384.53333333333336,0.2777777777777777,4.390195518732071,2.5840456524030015,3.0,6.178627173699813,9.0
464,4,9,3.672222222222222,0.5555555555555556,0.0,0.0,23,7205.5,2556.5,1441.1,511.3,0.2291666666666666,5.169513314962387,1.0233522963995418,3.0,5.618062674958022,11.0
465,5,12,7.858888888888889,0.4166666666666667,0.25,0.0,26,5257.0,1984.6,1095.2083333333333,413.4583333333333,0.2,10.30689662694931,1.4097835034719066,3.0,5.789804867834954,10.0
466,5,21,9.746666666666666,0.4285714285714285,0.3333333333333333,0.0,35,8830.0,3365.6,1051.190476190476,400.6666666666667,0.275,9.909200847148895,1.2742911299587123,3.0,5.364214281507581,11.0
467,7,21,10.211388888888887,0.0952380952380952,0.4285714285714285,0.0,40,8604.57142857143,3372.285714285714,1434.095238095238,562.047619047619,0.1904761904761904,8.689909219741821,1.2451830309141183,3.0,5.079890004734257,7.0
468,4,11,6.185,0.7272727272727273,0.0,0.0,24,3928.0,1876.25,714.1818181818181,341.1363636363636,0.1666666666666666,11.611300110816956,1.377017296344866,3.0,5.948826467795032,8.0
469,1,2,0.3644444444444444,1.0,0.0,0.0,4,3734.0,1970.0,933.5,492.5,0.0,0.3727629631757736,1.2672848466046769,2.0,5.693512510247183,10.0
470,4,11,4.8502777777777775,0.5454545454545454,0.0,0.0,28,9828.25,3779.25,1786.9545454545455,687.1363636363636,0.1458333333333333,8.922517448663712,3.0685679115610367,3.0,5.855761051965727,13.0
471,4,14,7.806111111111111,0.2142857142857142,0.1428571428571428,0.0,28,9939.25,4088.25,1419.892857142857,584.0357142857143,0.2875,8.79617103934288,1.41348903014328,2.0,4.627142182117699,5.0
472,4,18,7.194166666666667,0.2777777777777778,0.0,0.0,34,7889.0,2765.0,876.5555555555555,307.22222222222223,0.2864583333333333,4.840537875890732,1.4031391836039384,3.0,5.251682111081337,8.0
473,1,2,1.0013888888888889,0.0,0.0,0.0,8,8769.0,3554.0,730.75,296.1666666666667,0.5,1.1474731862545011,2.4267256580934604,3.0,5.605295650188543,9.0
474,4,13,7.730555555555555,0.4615384615384615,0.4615384615384615,0.0,30,8576.5,2956.25,1319.4615384615386,454.8076923076923,0.2291666666666666,8.503136038780212,1.1595318027771302,3.0,5.467102673915668,9.0
475,5,21,10.945833333333333,0.238095238095238,0.3333333333333333,0.0,43,10083.0,3432.8,1200.357142857143,408.6666666666667,0.25,9.11663007736206,1.593414160971493,3.0,5.586293854079784,10.0
476,7,34,11.899444444444445,0.1764705882352941,0.2941176470588235,0.0,56,10876.285714285714,3687.428571428571,1087.6285714285714,368.74285714285713,0.2626984126984127,6.369970917701721,1.6251660213999624,3.0,5.761618942061715,9.0
477,4,15,5.375,0.5333333333333333,0.0,0.0,34,11517.5,4057.25,1439.6875,507.15625,0.2,12.696525037288666,1.07063594591391,3.0,4.336853100507263,8.0
478,6,14,9.565,0.3571428571428571,0.4285714285714285,0.0,31,4136.5,1561.6666666666667,886.3928571428571,334.64285714285717,0.1875,4.910250514745712,1.3354459480317482,3.0,5.704829922535776,6.0
479,2,8,3.0380555555555557,0.625,0.0,0.0,19,14401.5,4947.5,1800.1875,618.4375,0.1875,7.085215210914612,1.2061363573245134,3.0,5.670319719730777,8.0
480,3,10,4.088055555555556,0.3,0.0,0.0,26,13804.333333333334,4430.0,2070.65,664.5,0.0333333333333333,4.445680409669876,1.0876801719976732,3.0,5.164159953157168,7.0
481,2,15,7.665,0.2666666666666666,0.7333333333333333,0.0,30,8794.5,3818.5,586.3,254.56666666666663,0.5397727272727273,4.6434928476810455,1.149091107936345,2.0,5.53603885471681,10.0
482,2,7,4.341388888888889,0.4285714285714285,0.0,0.0,22,12280.5,4200.5,1116.409090909091,381.8636363636364,0.3958333333333333,4.29665008187294,1.6490475799568336,3.0,5.461933596086589,11.0
483,6,16,11.725277777777778,0.1875,0.3125,0.1875,37,5128.166666666667,2139.5,961.53125,401.15625,0.1388888888888888,9.394380420446396,1.2163342224526157,3.0,5.152469890663835,8.0
484,2,8,2.7144444444444447,0.75,0.0,0.0,18,10893.5,4268.0,1361.6875,533.5,0.4166666666666667,8.516321033239365,1.015914461308234,3.0,5.368845923132324,8.0
485,3,14,3.218611111111111,0.6428571428571429,0.0,0.0,22,11100.333333333334,3613.6666666666665,1189.321428571429,387.17857142857144,0.2162698412698412,4.028700038790703,2.165224691355757,3.0,4.469508725838898,9.0
486,1,4,1.418611111111111,0.5,0.0,0.0,11,6045.0,2680.0,755.625,335.0,0.125,0.8676638007164001,1.4359627797425385,1.0,5.315463646712448,4.0
487,1,2,0.5694444444444444,1.0,0.0,0.0,5,2785.0,1470.0,696.25,367.5,0.0,0.8044139295816422,1.4195319278106902,2.0,5.130396215676721,7.0
488,5,20,11.874722222222225,0.0,0.7,0.0,35,7432.0,2729.8,929.0,341.225,0.44,8.176686406135559,1.3206342308988697,3.0,5.52514119646794,9.0
489,6,16,6.9675,0.3125,0.375,0.0,33,5233.333333333333,1953.5,981.25,366.28125,0.2152777777777778,4.688307151198387,2.2199314590955344,3.0,5.741058566785145,7.0
490,5,17,4.972222222222222,0.0,0.7058823529411765,0.0588235294117647,32,6707.6,2542.8,986.4117647058824,373.94117647058823,0.2357142857142857,6.336492896080017,1.0511369048041532,3.0,5.415137619774718,8.0
491,8,27,10.179444444444444,0.2962962962962963,0.1481481481481481,0.0,59,8127.0,3145.5,1204.0,466.0,0.1177083333333333,11.23469564318657,1.4844610776765597,3.0,5.032196553857756,9.0
492,4,13,6.388333333333334,0.1538461538461538,0.5384615384615384,0.0,27,7854.5,3088.75,1208.3846153846157,475.1923076923077,0.2232142857142857,9.608160361647606,1.1264180592928184,3.0,5.676797266589253,9.0
493,5,12,9.061388888888889,0.3333333333333333,0.0833333333333333,0.0833333333333333,27,4261.8,1725.2,887.875,359.4166666666667,0.225,4.618964791297913,1.204386030729785,3.0,5.802430550259966,10.0
494,2,7,4.888055555555556,0.0,0.5714285714285714,0.0,16,9830.5,3973.5,1404.357142857143,567.6428571428571,0.3125,4.501606732606888,1.0733258670135786,3.0,4.50011474319206,9.0
495,2,8,4.634444444444444,0.25,0.0,0.0,21,11758.0,3836.0,1306.4444444444443,426.22222222222223,0.25,6.649054631590843,1.152015107190703,3.0,4.374687305725339,8.0
496,8,25,9.230833333333331,0.4,0.32,0.0,43,5163.625,2071.0,826.18,331.36,0.3385416666666666,5.856386363506317,1.7255010900982843,3.0,4.380800876452399,9.0
497,1,2,0.5372222222222223,0.0,1.0,0.0,5,3271.0,1294.0,817.75,323.5,0.0,0.1564080566167831,1.377368538865126,3.0,5.897911436837688,8.0
498,3,9,9.823888888888888,0.5555555555555556,0.2222222222222222,0.0,31,11172.666666666666,3564.3333333333335,1675.9,534.65,0.2888888888888888,7.585086822509766,1.1203845154417622,3.0,6.042679704299438,4.0
499,6,22,8.493611111111111,0.2272727272727272,0.4090909090909091,0.0,39,7509.333333333333,2982.6666666666665,1024.0,406.72727272727275,0.3958333333333333,8.257863730192184,1.5851304178728405,3.0,4.7582312550050405,12.0
500,3,10,6.348888888888889,0.3,0.1,0.0,30,11953.333333333334,4280.333333333333,1793.0,642.05,0.0333333333333333,8.928163975477219,1.0103341156103058,3.0,5.294738276437273,1.0
501,2,4,1.2791666666666666,1.0,0.0,0.0,10,4677.5,1968.5,1169.375,492.125,0.25,2.870844230055809,1.478001396456631,2.0,5.207687950747698,3.0
502,2,6,1.616111111111111,1.0,0.0,0.0,12,6403.5,2736.0,1067.25,456.0,0.25,3.887723505496979,1.1364332162075672,2.0,5.005161314058711,6.0
503,2,3,4.4125,0.6666666666666666,0.0,0.0,14,8461.0,2688.0,2115.25,672.0,0.125,1.6061142534017565,1.065303963781164,3.0,6.051723142121247,10.0
504,3,6,2.9122222222222223,0.8333333333333334,0.0,0.0,19,6584.333333333333,2163.6666666666665,1234.5625,405.6875,0.4166666666666667,5.782642245292664,2.3130895054753737,3.0,5.444131752485188,10.0
505,6,30,12.087222222222222,0.3,0.4666666666666667,0.0,55,17944.333333333332,5756.0,1736.548387096774,557.0322580645161,0.1826923076923077,10.59440165758133,1.0382467041805097,3.0,5.813511768418221,11.0
506,1,3,1.268888888888889,0.0,0.0,0.0,10,12513.0,4466.0,2085.5,744.3333333333334,0.1666666666666666,1.859792858362198,1.5661310864484912,2.0,4.918642753558694,8.0
507,4,16,9.813888888888888,0.625,0.1875,0.0,27,7725.0,2913.0,965.625,364.125,0.2113095238095238,8.547836780548096,1.630144208961005,3.0,5.541492114021073,7.0
508,6,32,10.0525,0.4375,0.34375,0.0,49,14609.5,4989.166666666667,1328.1363636363635,453.56060606060606,0.4706349206349206,12.009247243404388,2.122664823796699,3.0,5.955020545420768,12.0
509,2,11,3.1119444444444446,0.5454545454545454,0.0,0.0,18,9319.5,3276.0,847.2272727272727,297.8181818181818,0.3020833333333333,2.0960830748081207,1.1361449850312606,1.0,5.994432497500666,7.0
510,4,23,9.89611111111111,0.0869565217391304,0.217391304347826,0.0,49,14991.25,5607.75,1303.5869565217392,487.6304347826087,0.5504807692307692,18.33279705047607,1.0602716700724708,3.0,5.731569703393883,8.0
511,7,26,10.271944444444443,0.2692307692307692,0.3846153846153846,0.0,58,13258.142857142857,4359.857142857143,1718.648148148148,565.1666666666666,0.1630952380952381,17.55124107003212,1.747264301390157,3.0,6.09255353664134,11.0
512,2,4,1.6566666666666667,1.0,0.0,0.0,10,4505.0,1451.0,1126.25,362.75,0.125,1.035275772213936,2.049217720098752,1.0,5.701296350480784,7.0
513,4,10,4.993611111111111,0.4,0.0,0.0,19,5221.0,2205.5,1044.2,441.1,0.125,2.7989572137594223,1.0797687535803204,3.0,6.325135673651844,10.0
514,8,28,8.276666666666667,0.1785714285714285,0.3928571428571428,0.0357142857142857,42,7866.25,2795.875,1123.75,399.4107142857143,0.2614583333333333,10.588055461645126,1.0632047911577611,3.0,5.929015291499874,10.0
515,8,29,10.895,0.3103448275862069,0.2758620689655172,0.0,56,8046.125,3002.0,1005.765625,375.25,0.2541666666666666,12.50500051677227,1.2911851986894494,3.0,5.3758565595297405,11.0
516,4,8,6.551944444444445,0.75,0.25,0.0,26,5777.75,2096.5,1444.4375,524.125,0.25,6.769212961196899,1.3203706153575263,2.0,5.523154747113788,8.0
517,4,8,3.3341666666666665,0.75,0.0,0.0,22,5618.25,1920.75,1404.5625,480.1875,0.25,1.6868081986904144,1.2639707061684975,2.0,4.209109461711575,8.0
518,7,24,10.692777777777778,0.2916666666666667,0.25,0.0,50,7485.428571428572,2866.5714285714284,1091.625,418.0416666666667,0.1649659863945578,8.447705328464508,1.985894271086424,3.0,5.315359193328638,9.0
519,4,7,5.298055555555556,0.2857142857142857,0.0,0.0,28,3901.0,1450.5,866.8888888888889,322.3333333333333,0.3125,5.751711264252663,1.060156584059255,3.0,5.707320796979831,11.0
520,5,13,7.562222222222222,0.1538461538461538,0.0,0.0,26,7924.2,3235.6,1415.0357142857142,577.7857142857143,0.1699999999999999,24.39700618386269,1.4736051845836609,3.0,5.45378158473016,10.0
521,3,6,5.291388888888889,0.6666666666666666,0.0,0.0,15,4274.0,1405.0,1068.5,351.25,0.1666666666666666,1.6764140129089355,1.409071639340422,3.0,5.600252485459026,10.0
522,8,24,11.44361111111111,0.25,0.25,0.0,51,6861.75,2650.0,1143.625,441.6666666666667,0.2239583333333333,9.74520206451416,1.720524929538373,3.0,4.57717735108884,10.0
523,1,8,1.6694444444444445,0.375,0.0,0.0,12,17080.0,5832.0,1067.5,364.5,0.625,1.6066341251134872,1.235610410369794,3.0,5.325939947653449,6.0
524,5,28,8.908333333333333,0.3214285714285714,0.2857142857142857,0.0,45,13160.6,4811.2,1134.5344827586207,414.7586206896552,0.5599999999999999,10.009899079799652,1.443358021403586,3.0,5.45502589255561,10.0
525,2,9,3.5347222222222223,0.0,0.8888888888888888,0.1111111111111111,20,12348.5,4258.0,1372.0555555555557,473.1111111111111,0.3333333333333333,7.792823314666748,1.0223275164407457,3.0,5.204864882636167,9.0
526,3,12,10.275,0.0,0.25,0.0,23,10185.666666666666,4368.333333333333,1273.2083333333333,546.0416666666666,0.5416666666666666,11.16634926199913,1.2610321238517923,3.0,4.27132714759147,11.0
527,5,19,9.645,0.3684210526315789,0.3684210526315789,0.0,37,13683.6,4401.0,1800.4736842105262,579.078947368421,0.2976190476190476,6.034116208553314,1.5101674164460772,3.0,5.335201908382358,9.0
528,5,24,10.5925,0.1666666666666666,0.2916666666666667,0.0,42,10886.6,4102.6,1134.0208333333333,427.3541666666667,0.2992063492063492,7.77070677280426,1.3310381904012003,3.0,5.671417612611761,10.0
529,6,22,6.404444444444445,0.5,0.0,0.0,37,7760.666666666667,2981.3333333333335,1058.2727272727273,406.54545454545456,0.3819444444444444,12.62649130821228,1.3805646884168197,2.0,5.77394317225171,9.0
530,3,19,7.92,0.1578947368421052,0.631578947368421,0.0,34,17078.666666666668,5481.666666666667,1348.3157894736842,432.7631578947368,0.405982905982906,9.427726775407791,1.282807910673374,2.0,5.293727794892952,7.0
531,4,10,7.775277777777778,0.7,0.2,0.0,19,5490.75,1868.0,1098.15,373.6,0.21875,4.266442507505417,1.239908766357105,2.0,5.203058871806019,5.0
532,6,15,9.286666666666669,0.0,0.4666666666666667,0.0,32,6977.333333333333,2688.3333333333335,1395.4666666666667,537.6666666666666,0.1805555555555555,7.523877143859863,1.2331443550550183,3.0,5.078379930481348,10.0
533,3,19,9.10777777777778,0.4210526315789473,0.2631578947368421,0.0,40,13775.333333333334,4921.666666666667,1087.5263157894738,388.55263157894734,0.3295454545454545,11.409195393323898,1.056235032745048,3.0,4.824290507234563,9.0
534,1,3,0.5894444444444444,0.0,1.0,0.0,6,4350.0,1538.0,725.0,256.3333333333333,0.5,0.643462598323822,1.0025802462540765,1.0,6.191398480071129,7.0
535,2,6,2.556111111111111,0.5,0.0,0.0,18,10071.5,3779.5,1438.7857142857142,539.9285714285714,0.3125,3.717394232749939,1.106941866863357,3.0,5.639650271552141,8.0
536,2,4,5.177777777777778,0.0,0.0,0.0,16,5851.0,2401.5,1462.75,600.375,0.25,4.118557542562485,2.758277840600295,2.0,4.0989901637485,10.0
537,6,16,11.29861111111111,0.25,0.4375,0.0,38,7046.0,2762.5,1243.4117647058824,487.5,0.236111111111111,14.311204195022585,1.2972077455919635,3.0,5.225853331064326,12.0
538,2,15,9.616111111111111,0.0,0.4666666666666667,0.0,18,15193.0,5073.5,949.5625,317.09375,0.3452380952380952,5.092772871255875,1.5597489698336942,3.0,6.159571949791602,11.0
539,2,7,5.016388888888889,0.0,0.2857142857142857,0.0,19,11421.5,4082.5,1631.642857142857,583.2142857142857,0.1,5.666663244366646,1.2339933049476368,2.0,5.473085932723846,6.0
540,2,7,1.7561111111111112,0.5714285714285714,0.0,0.0,13,10412.0,3317.5,1487.428571428571,473.92857142857144,0.2708333333333333,1.7278622835874555,1.905983376096121,2.0,5.180414569839846,9.0
541,4,18,8.3275,0.2222222222222222,0.0,0.0,46,6285.5,2418.25,698.3888888888889,268.69444444444446,0.5277777777777778,4.0479757487773895,1.2798198405140404,3.0,5.694026611935996,14.0
542,5,26,9.495555555555557,0.3076923076923077,0.4615384615384615,0.0,43,8033.6,3140.2,772.4615384615385,301.9423076923077,0.2702380952380953,6.497669607400894,1.2257195378334806,2.0,5.2815134701079645,9.0
543,2,9,2.9027777777777777,0.7777777777777778,0.0,0.0,18,9104.0,3476.5,1011.5555555555557,386.27777777777777,0.1428571428571428,13.196198761463164,1.1885959759053086,3.0,5.452844412691933,8.0
544,5,23,10.929444444444444,0.217391304347826,0.5652173913043478,0.0,41,8871.6,3318.4,887.16,331.84,0.3407575757575757,6.240701377391815,1.0827417045736405,3.0,5.676060592167706,10.0
545,4,10,3.9716666666666662,0.3,0.0,0.0,21,4927.75,2002.5,985.55,400.5,0.1041666666666666,5.753242239356041,2.65268772411726,1.0,5.070567940440757,7.0
546,1,5,1.0369444444444444,1.0,0.0,0.0,9,7418.0,2946.0,741.8,294.6,0.2,1.506700947880745,1.1916269689059331,0.0,4.8432653673185655,3.0
547,4,19,5.914444444444444,0.0526315789473684,0.631578947368421,0.1052631578947368,33,11060.5,4165.75,1164.2631578947369,438.5,0.21875,6.695242702960968,1.019077191547421,3.0,5.415834343817546,10.0
548,1,1,0.5777777777777777,0.0,0.0,0.0,5,3433.0,1119.0,858.25,279.75,0.25,0.0727017074823379,29.38513633419739,3.0,6.05530542492131,9.0
549,4,9,5.584444444444444,0.4444444444444444,0.0,0.0,26,5802.25,2385.25,1289.388888888889,530.0555555555555,0.1666666666666666,5.179303884506226,1.180527709431969,2.0,5.679359332321052,10.0
550,1,8,1.9641666666666664,0.875,0.0,0.0,14,20635.0,6758.0,1289.6875,422.375,0.375,4.194040283560753,1.4203417142302983,1.0,5.015350675649622,7.0
551,3,10,6.356111111111111,0.7,0.1,0.0,21,8956.666666666666,2992.0,1343.5,448.8,0.125,4.725645184516907,1.4870458395302872,2.0,5.370817415073592,8.0
552,8,25,10.38111111111111,0.08,0.36,0.0,47,5939.25,2141.75,950.28,342.68,0.1903409090909091,14.466287523508072,1.2705034637871857,3.0,5.270865812658212,5.0
553,2,15,7.812777777777778,0.4666666666666667,0.5333333333333333,0.0,24,21565.5,7151.5,1437.7,476.76666666666665,0.3348214285714286,9.09565496444702,1.7854113076907443,0.0,4.394706296740188,7.0
554,2,8,2.0966666666666667,0.875,0.0,0.0,14,7700.5,2768.0,855.6111111111111,307.55555555555554,0.2083333333333333,1.7011685371398926,1.2801791268288112,3.0,5.159893918129622,9.0
555,2,10,5.157222222222222,0.2,0.8,0.0,16,12008.0,4202.0,1200.8,420.2,0.1875,7.019653797149658,1.235851504231908,2.0,5.289632541538193,8.0
556,2,8,9.07972222222222,0.0,0.0,0.0,12,7433.5,2946.0,929.1875,368.25,0.5,5.549420565366745,1.0068530097533297,3.0,4.770513733108562,8.0
557,6,21,11.878333333333334,0.0,0.5238095238095238,0.0,39,8296.333333333334,3305.5,1185.190476190476,472.2142857142857,0.1468253968253968,12.391420692205427,1.3000986592200183,3.0,5.197631414454757,11.0
558,9,39,13.121666666666666,0.2564102564102564,0.3076923076923077,0.0,63,10569.222222222224,3918.3333333333335,1189.0375,440.8125,0.3301587301587301,13.878707587718964,1.2780716609658027,3.0,5.186987428402553,7.0
559,4,14,6.5,0.6428571428571429,0.0,0.0,23,6120.25,2192.25,874.3214285714286,313.17857142857144,0.2946428571428571,6.651111721992493,1.2324598407101024,3.0,5.986581542345644,9.0
560,4,17,10.328888888888889,0.4117647058823529,0.1764705882352941,0.0,34,10306.25,3781.75,1212.5,444.9117647058824,0.2366071428571428,5.384747505187988,1.0560155831779972,3.0,5.706081711316784,12.0
561,7,28,12.811388888888889,0.3928571428571428,0.3928571428571428,0.0714285714285714,44,7261.142857142857,2887.714285714286,907.6428571428572,360.9642857142857,0.148469387755102,17.06197476387024,1.203583958736864,3.0,4.884122826522463,8.0
562,3,10,8.091388888888888,0.6,0.4,0.0,23,5916.333333333333,2218.3333333333335,887.45,332.75,0.25,1.9488218128681185,2.1893192555816623,2.0,5.104000601677372,10.0
563,3,11,4.4527777777777775,0.0,0.6363636363636364,0.0,24,8537.666666666666,3173.3333333333335,1164.2272727272727,432.72727272727275,0.3095238095238095,5.020082905888557,1.4911318267940936,3.0,6.326220370586989,9.0
564,3,7,4.226111111111111,0.7142857142857143,0.0,0.0,16,4478.333333333333,1768.3333333333333,959.6428571428572,378.92857142857144,0.1666666666666666,1.7937832325696943,3.084537056998875,1.0,5.486908635311937,8.0
565,3,9,7.711388888888889,0.4444444444444444,0.5555555555555556,0.0,26,12615.666666666666,4046.0,2102.6111111111113,674.3333333333334,0.1666666666666666,15.240096285939217,1.228551397749298,3.0,5.815078783502977,9.0
566,5,12,8.353333333333333,0.5833333333333334,0.4166666666666667,0.0,25,5511.6,2302.4,1059.923076923077,442.7692307692308,0.3,7.331730335950851,1.2504173647166106,1.0,5.107148259788489,10.0
567,1,2,0.8486111111111111,0.0,1.0,0.0,7,6550.0,2017.0,1637.5,504.25,0.25,1.4926689863204956,1.1959370877406257,1.0,5.805569811554046,7.0
568,3,15,9.209166666666668,0.0,0.4666666666666667,0.0,28,10149.333333333334,3654.6666666666665,1014.9333333333332,365.46666666666664,0.338095238095238,6.819560617208481,1.0896468965964723,3.0,4.783042561766059,10.0
569,2,7,2.773888888888889,0.0,0.5714285714285714,0.4285714285714285,14,9165.0,3833.5,1309.2857142857142,547.6428571428571,0.175,4.560464709997177,2.0428781811230468,3.0,5.621458712875445,8.0
570,1,4,1.2616666666666667,1.0,0.0,0.0,10,8929.0,2841.0,1116.125,355.125,0.0,2.2952761352062225,2.4121868423662884,3.0,5.156700699776164,10.0
571,8,24,9.550555555555556,0.375,0.0833333333333333,0.0,44,7076.5,2473.375,1088.6923076923076,380.5192307692308,0.3041666666666666,8.908764809370041,1.163395108296755,3.0,5.489540479059792,10.0
572,4,22,7.997777777777777,0.1818181818181818,0.2727272727272727,0.0,37,12624.25,5023.5,1147.659090909091,456.6818181818182,0.1979166666666666,8.932797402143478,1.417325765604826,3.0,5.015437224950076,9.0
573,2,10,10.377222222222224,0.0,0.8,0.0,25,13687.5,4932.0,1368.75,493.2,0.03125,6.225682556629181,1.8950030221070535,2.0,5.470706853571884,3.0
574,4,24,8.917777777777777,0.4583333333333333,0.4166666666666667,0.0,35,12439.25,4257.5,1036.6041666666667,354.7916666666667,0.375,12.84449490904808,1.1128769308952011,3.0,5.300829698393992,9.0
575,2,14,3.4091666666666667,0.7142857142857143,0.0,0.0,22,14615.5,5391.5,1043.9642857142858,385.1071428571428,0.1458333333333333,2.9595881402492523,1.1273919148164433,3.0,4.335463290354502,11.0
576,3,10,10.89861111111111,0.8,0.0,0.2,28,6290.0,2399.6666666666665,943.5,359.95,0.1333333333333333,7.271149635314941,1.102058323553023,1.0,5.2711391461630255,5.0
577,1,3,2.8497222222222223,0.0,1.0,0.0,20,13705.0,4707.0,2284.1666666666665,784.5,0.1666666666666666,2.490883529186249,1.8848291981955887,3.0,5.479144855155386,6.0
578,2,4,1.433888888888889,1.0,0.0,0.0,11,2263.0,778.5,565.75,194.625,0.125,0.5260783731937408,1.6099677747426504,2.0,4.900062913857956,7.0
579,1,8,1.7108333333333334,0.75,0.0,0.0,12,15978.0,5041.0,998.625,315.0625,0.5,2.106025591492653,2.3823483271154964,0.0,4.403962571660359,9.0
580,6,34,9.945555555555556,0.0,0.3823529411764705,0.0,40,10392.666666666666,3828.8333333333335,917.0,337.8382352941176,0.5416666666666666,9.558853387832642,1.2907725742449516,3.0,6.09701877738095,9.0
581,5,14,9.17361111111111,0.3571428571428571,0.4285714285714285,0.0,39,5154.2,1999.6,920.3928571428572,357.07142857142856,0.2583333333333333,6.549163609743118,1.2507549557130435,1.0,5.330751598310137,9.0
582,2,5,5.605833333333333,0.4,0.0,0.0,16,10355.5,3529.0,2071.1,705.8,0.125,1.0025592148303986,2.005924596188025,2.0,5.823152675224768,8.0
583,2,8,1.7002777777777778,0.0,0.0,0.0,13,7366.0,3305.0,920.75,413.125,0.125,3.062720865011215,1.1991340266267008,2.0,5.115405123806878,10.0
584,5,20,10.479444444444445,0.25,0.25,0.0,31,6964.6,2740.4,870.575,342.55,0.3583333333333333,8.17541328072548,2.123105955766014,3.0,5.122160308243396,8.0
585,5,10,11.401388888888889,0.0,0.5,0.0,33,5961.2,2218.2,1490.3,554.55,0.1,11.826073110103607,1.2202472906246933,3.0,5.122968661518055,9.0
586,1,7,1.9008333333333336,0.7142857142857143,0.0,0.0,13,32078.0,9711.0,2004.875,606.9375,0.4375,4.045825436711311,1.926733839841531,2.0,6.065687445935903,9.0
587,8,24,11.055833333333334,0.3333333333333333,0.375,0.0,40,6651.375,2875.875,1108.5625,479.3125,0.171875,14.256994843482971,1.1341373041932206,1.0,5.389575534273343,4.0
588,3,8,3.372777777777778,0.5,0.0,0.0,18,6050.666666666667,2418.3333333333335,1134.5,453.4375,0.1944444444444444,3.980827778577805,1.0693847792439215,3.0,5.259552215529434,11.0
589,2,8,4.162222222222222,0.0,0.625,0.375,16,5731.0,2531.5,716.375,316.4375,0.3333333333333333,5.19793576002121,1.040486526331454,2.0,4.17506185204109,8.0
590,5,15,7.319166666666667,0.2666666666666666,0.4,0.0,26,8499.0,2916.0,1416.5,486.0,0.35,10.93336096405983,1.184630310135387,1.0,5.47769050441561,7.0
591,4,12,9.653333333333334,0.5,0.25,0.0,35,6619.25,2639.5,1103.2083333333333,439.9166666666667,0.175,13.575903877615929,1.3180790079630391,3.0,5.732318683296095,10.0
592,5,15,10.057222222222222,0.4666666666666667,0.2666666666666666,0.0,33,7600.8,2805.4,1266.8,467.56666666666666,0.1,5.2168408036231995,1.4339883037803056,3.0,4.163614904703058,9.0
593,8,23,9.699166666666668,0.6086956521739131,0.391304347826087,0.0,35,6593.125,2416.75,1146.6304347826087,420.30434782608694,0.1114583333333333,4.333250969648361,1.003587234058061,3.0,5.059179356581103,11.0
594,3,11,3.1875,0.7272727272727273,0.0,0.0,19,8707.0,3031.3333333333335,1187.3181818181818,413.3636363636364,0.375,9.39312493801117,1.1118055066058294,3.0,5.813231760259395,9.0
595,3,11,2.9477777777777776,0.7272727272727273,0.0,0.0,20,7671.0,2836.0,1046.0454545454545,386.72727272727275,0.3333333333333333,5.5814396142959595,1.4929058088650553,2.0,5.5576878369559495,9.0
596,2,5,1.0616666666666668,1.0,0.0,0.0,8,4267.0,1669.5,853.4,333.9,0.25,2.0458420366048813,1.0721231876416562,3.0,6.24518029368987,11.0
597,2,5,1.78,0.0,0.0,1.0,13,7043.5,2583.5,1408.7,516.7,0.0,2.32760189473629,1.1630459652057143,3.0,4.529126432786739,9.0
598,6,22,9.668055555555556,0.3181818181818182,0.3181818181818182,0.0,46,11280.666666666666,3690.1666666666665,1538.2727272727273,503.20454545454544,0.1458333333333333,9.355102568864822,1.0624569649649458,3.0,5.342887162679427,6.0
599,6,21,7.362777777777778,0.4761904761904761,0.0952380952380952,0.0,34,8622.833333333334,3060.0,1231.8333333333333,437.1428571428572,0.3027777777777777,10.295201182365416,1.1173355890162728,3.0,6.101001110667095,11.0
600,2,10,1.8108333333333333,0.5,0.0,0.0,13,7035.5,2279.5,703.55,227.95,0.55,1.010639876127243,1.425137834229634,1.0,5.85260232256812,8.0
601,9,24,7.935833333333333,0.375,0.0833333333333333,0.0,49,7481.222222222223,2796.1111111111113,1246.8703703703704,466.01851851851853,0.3055555555555556,17.633256644010544,1.132807830805791,3.0,6.056500813149237,10.0
602,6,30,9.3075,0.3333333333333333,0.1666666666666666,0.0,45,12176.666666666666,4551.333333333333,1178.3870967741937,440.4516129032258,0.2694444444444444,10.50895407795906,1.3523835976386651,3.0,5.673749936513058,10.0
603,4,8,8.645555555555555,0.0,0.75,0.0,19,5309.5,2075.75,1327.375,518.9375,0.1875,10.6211306899786,1.0666896451788714,3.0,5.823811232427487,8.0
604,3,8,8.813888888888888,0.375,0.625,0.0,23,5589.0,2146.6666666666665,1047.9375,402.5,0.1388888888888888,5.127612456679344,1.2342032984088658,1.0,4.996616031002271,9.0
605,3,16,6.954444444444444,0.5,0.3125,0.0,34,15709.0,5716.666666666667,1472.71875,535.9375,0.3095238095238095,5.524902105331421,1.6030890273063931,3.0,5.230392897165495,8.0
606,6,28,9.24388888888889,0.3571428571428571,0.4285714285714285,0.0,47,8975.333333333334,3324.6666666666665,961.6428571428572,356.2142857142857,0.3958333333333333,11.464852064847946,2.0314976287934665,3.0,5.306094053508589,9.0
607,1,2,0.8213888888888888,1.0,0.0,0.0,6,3055.0,1500.0,763.75,375.0,0.0,0.3868084996938705,1.1266105651738278,3.0,4.348209186022212,8.0
608,5,16,7.690277777777778,0.25,0.3125,0.0,28,8593.2,3057.2,1342.6875,477.6875,0.25,8.799066990613937,2.1187936634838787,3.0,6.09018440548536,10.0
609,5,15,9.524444444444445,0.3333333333333333,0.1333333333333333,0.0,33,7617.4,2868.0,1269.5666666666666,478.0,0.1833333333333333,7.689395099878311,1.1654962891325948,2.0,5.314752641787293,9.0
610,6,29,9.503055555555555,0.3793103448275862,0.4827586206896552,0.0,51,12972.833333333334,4188.666666666667,1342.0172413793102,433.3103448275862,0.3473214285714285,16.49926272034645,1.2418701813601565,3.0,6.140709354756855,8.0
611,1,5,0.9666666666666668,1.0,0.0,0.0,8,9869.0,3709.0,986.9,370.9,0.5,3.8289813101291656,1.9455057717154731,2.0,6.05797860795581,9.0
612,2,6,2.8222222222222224,0.6666666666666666,0.0,0.0,12,2786.0,1099.5,464.3333333333333,183.25,0.3125,1.006386786699295,1.2017639944457688,3.0,5.188897018705207,7.0
613,1,2,0.5330555555555555,1.0,0.0,0.0,5,5873.0,2212.0,1468.25,553.0,0.25,0.534504845738411,1.352250309947579,2.0,5.257210103349764,6.0
614,1,3,0.7794444444444445,0.0,1.0,0.0,7,8586.0,3203.0,1431.0,533.8333333333334,0.5,3.92438292503357,1.035373746744363,1.0,5.539861220850155,8.0
615,4,17,12.7875,0.2941176470588235,0.0,0.2352941176470588,37,12789.25,4481.5,1421.0277777777778,497.94444444444446,0.2083333333333333,11.110920637845991,1.014437729070832,3.0,4.145839814901401,9.0
616,5,17,9.419722222222225,0.2941176470588235,0.4117647058823529,0.0,30,4930.4,1842.0,725.0588235294117,270.88235294117646,0.2883333333333333,7.703490972518921,1.367396678819711,3.0,5.257072100774571,9.0
617,1,5,0.9955555555555556,0.0,1.0,0.0,8,9031.0,2856.0,903.1,285.6,0.4,2.222237214446068,2.038372525207356,3.0,5.980786178387047,9.0
618,8,26,5.456944444444445,0.0,0.6538461538461539,0.0,32,6184.25,2421.5,951.4230769230768,372.53846153846155,0.328125,9.215348601341248,1.5070583136799731,3.0,4.122020218183989,10.0
619,4,20,9.85388888888889,0.05,0.15,0.0,34,8949.25,3325.0,894.925,332.5,0.3598484848484848,6.045375466346741,1.1662315538652304,3.0,4.491454799792862,10.0
620,1,6,3.7741666666666664,0.0,0.8333333333333334,0.0,24,16589.0,5765.0,1382.4166666666667,480.4166666666667,0.25,2.4572702646255493,2.511877011313009,2.0,4.103616201486071,12.0
621,3,7,5.015555555555555,0.4285714285714285,0.0,0.0,16,6232.333333333333,2193.6666666666665,1335.5,470.07142857142856,0.3333333333333333,2.1577582955360413,1.7827584854747984,3.0,5.377797848926844,12.0
622,3,21,6.109166666666667,0.238095238095238,0.1904761904761904,0.0,34,28890.0,10108.333333333334,2063.5714285714284,722.0238095238095,0.3194444444444445,9.036026358604431,1.6695386263225962,2.0,5.537373671518299,4.0
623,2,13,2.5594444444444444,1.0,0.0,0.0,17,8829.5,3013.0,679.1923076923077,231.76923076923077,0.6,2.035674512386322,3.676988655631443,3.0,5.616500589232479,9.0
624,5,12,11.565,0.1666666666666666,0.3333333333333333,0.0,33,6163.6,2746.2,1284.0833333333333,572.125,0.225,5.224694460630417,1.2000287674961756,3.0,5.443222098498455,11.0
625,4,34,9.87888888888889,0.4117647058823529,0.2352941176470588,0.0588235294117647,55,22043.5,7235.0,1296.6764705882354,425.5882352941176,0.3125,15.873008221387863,1.2404804484440943,3.0,5.936294991731825,3.0
626,3,10,7.4,0.2,0.8,0.0,26,6137.333333333333,2201.3333333333335,920.6,330.2,0.2722222222222222,4.625947132706642,1.6839018028091055,2.0,5.671915300391297,9.0
627,3,6,6.522222222222222,0.3333333333333333,0.1666666666666666,0.0,17,6437.0,2589.6666666666665,1609.25,647.4166666666666,0.0833333333333333,6.517834722995758,1.1763216272727723,2.0,5.487187719188305,8.0
628,2,14,3.3963888888888887,0.0,1.0,0.0,22,17073.5,5911.5,1219.5357142857142,422.25,0.4333333333333333,10.41076147556305,1.8082607701534223,3.0,4.25609528718374,11.0
629,5,13,5.7844444444444445,0.5384615384615384,0.0,0.0,27,4851.4,2095.8,932.9615384615385,403.03846153846155,0.2083333333333333,3.4226896464824677,1.0220979119921103,3.0,4.650542247242312,9.0
630,4,18,4.262777777777778,0.6111111111111112,0.0,0.0,27,7381.75,2635.25,820.1944444444445,292.80555555555554,0.346590909090909,2.492124140262604,1.7920812595321551,3.0,5.636497792641681,9.0
631,5,11,4.3838888888888885,0.0,0.6363636363636364,0.0,22,9436.0,3790.8,2144.5454545454545,861.5454545454545,0.15,3.505820721387863,1.0618649747599669,2.0,5.77066122557345,9.0
632,3,10,7.619722222222222,0.4,0.2,0.0,31,8955.0,3041.3333333333335,1343.25,456.2,0.25,5.105176359415054,1.6174987140706638,3.0,5.338067622439844,10.0
633,4,19,8.381666666666666,0.2631578947368421,0.4210526315789473,0.0,44,12000.0,4012.0,1263.157894736842,422.3157894736842,0.35,12.693148106336594,1.373057943487002,3.0,5.510857752283047,9.0
634,4,20,7.196944444444444,0.65,0.2,0.0,34,13383.5,4507.5,1338.35,450.75,0.1756944444444444,14.375335067510605,1.079359541142851,0.0,5.653223280140828,15.0
635,3,9,9.708055555555555,0.2222222222222222,0.2222222222222222,0.0,23,13925.0,4451.333333333333,2320.8333333333335,741.8888888888889,0.15,8.204622581601143,1.1655940146522583,3.0,5.158447670348099,9.0
636,5,21,6.785277777777778,0.238095238095238,0.5238095238095238,0.0,34,10072.4,3665.0,1199.095238095238,436.3095238095238,0.1888888888888888,4.423883736133575,1.3593737534495247,3.0,6.003339547886638,9.0
637,3,7,10.671388888888888,0.0,0.5714285714285714,0.0,20,8687.666666666666,3278.0,1628.9375,614.625,0.25,10.273245319724085,1.1904019643713788,3.0,5.702496842548295,7.0
638,1,3,0.9680555555555556,1.0,0.0,0.0,8,2807.0,1252.0,467.8333333333333,208.66666666666663,0.0,0.5818750113248825,1.0151470741429514,1.0,5.486801936885654,7.0
639,4,11,8.155833333333334,0.2727272727272727,0.4545454545454545,0.0,24,6376.5,1999.75,1159.3636363636365,363.59090909090907,0.3541666666666666,8.50871716439724,1.5376723021474308,0.0,5.357938888066268,6.0
640,3,7,2.403888888888889,0.0,0.7142857142857143,0.0,17,7510.666666666667,2631.3333333333335,1609.428571428571,563.8571428571429,0.1388888888888888,10.86944168806076,1.0011372893738852,3.0,5.318389650336471,10.0
641,2,5,1.6152777777777778,0.6,0.0,0.0,12,3853.0,1911.0,770.6,382.2,0.375,7.432524085044861,1.7607584511959984,3.0,6.256896566739364,9.0
642,1,9,3.3075,0.3333333333333333,0.0,0.0,22,31947.0,10491.0,1774.8333333333333,582.8333333333334,0.0555555555555555,4.9000667333602905,1.0807033111674988,2.0,5.520236823685295,10.0
643,4,9,6.019444444444445,0.2222222222222222,0.4444444444444444,0.0,24,7428.0,2726.75,1650.6666666666667,605.9444444444445,0.2291666666666666,9.888176038861276,1.0108874337430411,2.0,5.640951568558737,8.0
644,8,33,10.451944444444443,0.2121212121212121,0.2121212121212121,0.0,52,11776.125,4022.625,1308.4583333333333,446.9583333333333,0.172172619047619,11.6550030708313,1.7980483409492662,3.0,4.188018824614208,10.0
645,7,19,9.884166666666667,0.3684210526315789,0.4210526315789473,0.0,39,6366.428571428572,2302.285714285714,1114.125,402.9,0.2053571428571428,12.848694264888763,1.7835224680581232,3.0,5.439089219909959,10.0
646,8,29,12.006388888888887,0.2413793103448276,0.1379310344827586,0.1034482758620689,62,8531.875,3090.0,1176.8103448275865,426.2068965517241,0.2076388888888888,8.306742578744888,1.4154358688383406,3.0,5.404051497026937,9.0
647,2,7,3.2327777777777778,1.0,0.0,0.0,14,5514.5,2219.0,787.7857142857143,317.0,0.5625,2.7031311094760895,1.295886333602332,1.0,5.71658716379138,8.0
648,4,10,9.396666666666668,0.4,0.4,0.0,26,6062.0,2260.5,1212.4,452.1,0.1458333333333333,8.193398863077164,1.21876752532831,2.0,5.337644692238372,7.0
649,2,11,4.2219444444444445,0.0,1.0,0.0,22,14640.5,4522.5,1330.9545454545455,411.1363636363636,0.2361111111111111,8.157298922538757,2.454971184148784,3.0,5.433064812327155,10.0
650,1,3,1.2594444444444444,0.6666666666666666,0.0,0.0,9,16299.0,5472.0,1629.9,547.2,0.2,2.4152939468622208,1.8905864240306112,3.0,5.505350227861437,11.0
651,2,7,2.8275,0.7142857142857143,0.0,0.0,17,10329.0,3642.5,1475.571428571429,520.3571428571429,0.275,5.8937162309885025,1.8172126632352752,3.0,5.681553167828804,11.0
652,1,5,1.1666666666666667,0.0,0.0,0.0,9,12855.0,4471.0,1285.5,447.1,0.4,1.6273625493049622,2.2669007320938155,3.0,5.700884937215236,4.0
653,4,17,10.71111111111111,0.2352941176470588,0.5294117647058824,0.0,39,10840.5,3885.5,1204.5,431.72222222222223,0.2527777777777777,6.538430273532867,1.2265624143508842,3.0,5.390956753372964,9.0
654,3,15,4.443888888888889,0.6,0.0,0.0,26,12171.333333333334,4198.666666666667,1217.1333333333334,419.8666666666667,0.3761904761904762,6.2231384217739105,1.6577896720748224,3.0,5.995686084253101,8.0
655,1,7,1.7663888888888888,0.7142857142857143,0.0,0.0,12,11190.0,3913.0,799.2857142857143,279.5,0.2857142857142857,2.8665634989738464,2.767927810530558,3.0,5.310171813450207,10.0
656,5,15,7.874444444444444,0.7333333333333333,0.1333333333333333,0.0,25,6663.4,2288.8,1110.5666666666666,381.46666666666664,0.4,9.656675398349762,1.30330557409766,3.0,5.735026573618603,12.0
657,5,10,9.238333333333332,0.4,0.4,0.0,29,3756.8,1421.4,939.2,355.35,0.25,3.5966854840517044,1.1695034527631023,3.0,5.3608861417708376,10.0
658,8,24,9.821944444444444,0.3333333333333333,0.375,0.0,57,9135.875,2964.0,1522.6458333333333,494.0,0.4125,14.933018445968628,1.1992612995968026,3.0,5.82946507956939,13.0
659,1,3,0.5702777777777778,0.0,1.0,0.0,5,8805.0,3485.0,1467.5,580.8333333333334,0.1666666666666666,1.4866206049919128,1.571918404298604,3.0,5.184175709634007,10.0
660,1,5,1.6469444444444443,0.4,0.0,0.0,12,15576.0,5347.0,1557.6,534.7,0.0,2.966127187013626,1.783164332553948,1.0,5.313760280305729,5.0
661,5,15,9.931111111111113,0.2,0.4666666666666667,0.0,40,6677.8,2870.8,1112.9666666666667,478.46666666666664,0.3566666666666666,7.752872616052628,1.5779272088727485,2.0,5.559873592394291,7.0
662,6,19,9.383333333333333,0.4736842105263157,0.1578947368421052,0.0,39,8160.833333333333,3225.3333333333335,1288.5526315789473,509.2631578947368,0.2027777777777778,6.376794770359993,1.523935837795118,3.0,5.348469522525245,10.0
663,8,19,10.532777777777778,0.3157894736842105,0.3684210526315789,0.0,40,5257.75,1933.375,1051.55,386.675,0.2291666666666666,10.430924698710442,1.1551714219806832,3.0,5.39016446501929,11.0
664,3,8,3.3316666666666666,0.625,0.0,0.0,17,5417.666666666667,2171.3333333333335,1015.8125,407.125,0.3611111111111111,6.190733253955841,1.0213206639020067,3.0,5.288441211817796,8.0
665,5,10,6.430833333333333,0.6,0.2,0.0,29,2917.0,1139.0,729.25,284.75,0.25,3.135979115962982,1.4913739525888936,3.0,5.712276028865972,10.0
666,4,12,7.526111111111111,0.1666666666666666,0.0,0.0,28,8001.5,3004.0,1143.071428571429,429.1428571428572,0.525,9.484803557395937,1.0844269882976842,1.0,5.106165191481839,8.0
667,4,10,7.0675,0.2,0.4,0.0,25,4116.5,1692.5,823.3,338.5,0.21875,4.1902948170900345,1.114868014061592,2.0,5.4262251289133445,9.0
668,8,27,8.796666666666667,0.4444444444444444,0.1851851851851851,0.0,47,9485.625,3475.375,1405.2777777777778,514.8703703703703,0.2208333333333333,16.762886345386505,1.574060692100231,3.0,4.2903603634726775,10.0
669,3,8,4.309444444444445,0.25,0.0,0.0,17,4422.666666666667,2069.6666666666665,829.25,388.0625,0.375,10.069789975881577,1.040985707760089,3.0,5.088993367028816,10.0
670,3,14,4.423333333333333,0.7142857142857143,0.0,0.0,29,12437.666666666666,4239.0,1332.607142857143,454.17857142857144,0.3888888888888889,5.79043248295784,1.616000072613124,0.0,5.513397590872903,7.0
671,4,13,4.996666666666667,0.4615384615384615,0.0,0.0,27,7842.75,2700.25,1206.576923076923,415.4230769230769,0.1333333333333333,3.3444214463233948,2.229903333707561,3.0,5.179093485619549,10.0
672,1,9,1.6872222222222222,0.0,1.0,0.0,12,17669.0,5983.0,981.6111111111112,332.3888888888889,0.3333333333333333,2.18545001745224,1.181616449557073,3.0,5.155889231115735,9.0
673,2,5,1.5827777777777778,0.0,0.0,0.0,12,5264.0,1925.5,1052.8,385.1,0.25,6.335358023643494,1.2648313106280005,3.0,6.47200830056053,10.0
674,6,15,10.338888888888889,0.0,0.5333333333333333,0.0,33,5248.166666666667,1996.0,874.6944444444445,332.6666666666667,0.2416666666666666,5.125352621078491,1.1696026289259762,3.0,5.602518854442148,10.0
675,1,2,0.5658333333333333,1.0,0.0,0.0,5,1288.0,1634.0,322.0,408.5,0.25,0.460315428674221,1.505389988983486,0.0,5.359479101320599,5.0
676,7,25,7.916111111111111,0.4,0.36,0.0,46,7883.857142857143,2766.5714285714284,1103.74,387.32,0.3928571428571428,11.358854323625565,1.519470173327191,3.0,5.234223136240973,10.0
677,4,23,8.1575,0.4347826086956521,0.0,0.0,35,10437.5,3760.0,907.608695652174,326.95652173913044,0.4791666666666666,6.070252954959869,1.4474660609220975,3.0,4.433856782003681,10.0
678,2,15,8.786388888888888,0.4,0.6,0.0,30,26029.5,9019.5,1735.3,601.3,0.3333333333333333,16.5789912045002,1.469945384716412,1.0,5.536498577152165,8.0
679,2,6,1.5038888888888888,0.0,0.0,0.0,10,3437.0,1379.0,572.8333333333334,229.83333333333337,0.3333333333333333,0.5287001729011536,1.483649727873504,1.0,5.291615675738607,7.0
680,5,12,5.590277777777778,0.4166666666666667,0.0,0.0,25,6661.8,2239.2,1281.1153846153843,430.61538461538464,0.075,3.929363310337066,1.01267147845675,3.0,5.687316515425703,11.0
681,4,11,7.531388888888888,0.2727272727272727,0.7272727272727273,0.0,24,5953.75,2422.5,1082.5,440.45454545454544,0.34375,8.69319036602974,1.4351956989593495,2.0,4.299703361150714,9.0
682,1,2,0.5325,1.0,0.0,0.0,6,2874.0,859.0,718.5,214.75,0.25,0.0834039747714996,3.1364883315283154,2.0,5.797316287313533,4.0
683,2,6,2.682777777777778,0.8333333333333334,0.0,0.0,16,6189.5,2478.0,1031.5833333333333,413.0,0.1875,1.803253024816513,2.125293885683252,3.0,5.425342078894173,9.0
684,14,36,9.785277777777775,0.25,0.0555555555555555,0.0,50,3911.285714285714,1504.071428571429,760.5277777777778,292.4583333333333,0.1339285714285714,4.1504078805446625,1.0972592276672488,2.0,5.046999695795429,6.0
685,2,6,4.994166666666667,0.0,0.5,0.0,18,7709.0,3416.5,1284.8333333333333,569.4166666666666,0.0833333333333333,3.55051726102829,1.5776770550693116,3.0,5.899776965179937,6.0
686,6,24,8.085,0.2083333333333333,0.625,0.0,37,6327.0,2561.1666666666665,790.875,320.1458333333333,0.3263888888888889,9.341925024986269,1.409009227838438,3.0,5.355385451726246,9.0
687,2,7,1.8511111111111112,0.0,0.2857142857142857,0.0,13,7765.0,2916.0,1109.2857142857142,416.57142857142856,0.375,3.947620928287506,1.6044331233380555,2.0,4.964532514354596,9.0
688,2,6,1.6102777777777777,0.5,0.0,0.0,12,4142.0,1483.5,690.3333333333334,247.25,0.4375,2.080652192234993,2.23588747005057,2.0,6.1861188503195255,12.0
689,4,15,4.6627777777777775,0.2666666666666666,0.0666666666666666,0.0,26,6915.25,2388.75,864.40625,298.59375,0.4449404761904761,3.600407689809799,1.6211929086137489,2.0,5.070674297079851,9.0
690,2,8,1.77,1.0,0.0,0.0,12,7276.5,2769.0,909.5625,346.125,0.2916666666666666,2.5400704443454742,1.207815096010859,2.0,4.829237771864331,10.0
691,10,28,11.911111111111111,0.25,0.3214285714285714,0.0,62,6869.3,2538.7,1226.6607142857142,453.3392857142857,0.195,13.437535583972933,1.2907635469899903,1.0,5.83428391159972,2.0
692,3,8,2.618888888888889,0.0,0.375,0.0,16,5722.333333333333,1983.0,1072.9375,371.8125,0.3055555555555555,3.220103293657303,1.082162771214683,3.0,5.619265751612574,10.0
693,1,2,0.3780555555555555,0.0,1.0,0.0,4,1898.0,813.0,474.5,203.25,0.25,0.4794500023126602,2.0117513421010615,3.0,5.370120568924496,10.0
694,5,16,9.943888888888887,0.5625,0.25,0.0,34,8502.4,2876.6,1328.5,449.46875,0.0285714285714285,10.277702867984772,2.570272447117221,3.0,5.677019110441115,11.0
695,1,4,0.9619444444444444,0.75,0.0,0.0,7,10772.0,3654.0,1346.5,456.75,0.625,2.0107498168945312,1.9610376165014445,2.0,5.859577472471841,5.0
696,3,9,5.033611111111111,0.3333333333333333,0.0,0.0,26,8466.666666666666,2743.0,1411.111111111111,457.1666666666667,0.0999999999999999,1.6969833076000214,1.2998142795705905,2.0,4.49733828014017,7.0
697,2,8,4.21,0.0,1.0,0.0,20,9032.5,3736.5,1129.0625,467.0625,0.375,8.287936344742775,1.3054235120380715,3.0,5.207635957506687,10.0
698,2,5,7.8525,0.0,0.2,0.0,18,7709.5,3014.0,1541.9,602.8,0.1666666666666666,13.352179810404778,1.044796756302092,3.0,5.138015937770253,9.0
699,4,16,11.471944444444444,0.125,0.375,0.0625,35,8999.0,3450.25,1124.875,431.28125,0.2321428571428571,3.9251106679439545,1.860770233216406,3.0,5.92447040971416,9.0
700,2,14,8.156666666666666,0.2857142857142857,0.1428571428571428,0.0,26,19815.0,6598.5,1415.357142857143,471.32142857142856,0.25,7.887749060988426,1.4259441695051025,2.0,4.742300189558161,9.0
701,4,11,3.2913888888888887,0.7272727272727273,0.0,0.0,22,5480.75,2020.0,996.5,367.27272727272725,0.2291666666666666,3.629803419113159,1.3143062782629045,3.0,5.0426470436145285,8.0
702,3,7,4.018055555555556,0.5714285714285714,0.0,0.0,16,1864.0,673.6666666666666,399.42857142857144,144.35714285714286,0.2222222222222222,1.2480424344539642,1.5353087260263072,2.0,5.485389618045378,8.0
703,1,3,0.5808333333333333,0.0,1.0,0.0,5,7698.0,2598.0,1283.0,433.0,0.5,1.3454230725765228,3.0242248928655666,2.0,5.209113375575784,10.0
704,3,14,10.570833333333333,0.0,0.5714285714285714,0.0,21,8873.333333333334,3591.0,950.7142857142856,384.75,0.4166666666666667,3.0670399367809296,1.506644026927544,2.0,5.439173461747422,9.0
705,7,16,6.77,0.4375,0.0,0.0,26,4684.571428571428,2066.0,1024.75,451.9375,0.2142857142857142,4.6113128662109375,1.1570140769022372,0.0,5.2066626017234965,4.0
706,3,18,6.3625,0.7222222222222222,0.0,0.0,25,12371.666666666666,4112.333333333333,1030.9722222222222,342.69444444444446,0.4083333333333334,6.281132191419601,1.3111246262737082,3.0,5.377490930956591,12.0
707,2,7,1.7494444444444444,0.4285714285714285,0.0,0.0,11,11017.5,3648.5,1573.928571428571,521.2142857142857,0.0833333333333333,1.7222685813903809,2.11920840764652,2.0,5.8738154228909485,8.0
708,3,10,8.032222222222222,0.2,0.8,0.0,19,8821.333333333334,3161.3333333333335,1323.2,474.2,0.3166666666666666,9.020946636795998,1.263602857776423,3.0,5.277128579015591,8.0
709,1,2,0.3602777777777777,1.0,0.0,0.0,4,2066.0,624.0,516.5,156.0,0.0,0.0269511267542839,1.064040514071772,1.0,5.57413992779219,6.0
710,7,20,10.24388888888889,0.4,0.4,0.0,37,5311.714285714285,2056.285714285714,929.55,359.85,0.1321428571428571,5.409601345658302,1.0097766014137135,3.0,5.253902135699309,11.0
711,5,10,7.888888888888889,0.3,0.2,0.0,28,4445.6,1499.8,1010.3636363636364,340.8636363636364,0.2333333333333333,7.483321562409401,1.5620139961597204,3.0,5.487306092546137,11.0
