model,wave_id,order_id,assigned_rider_id,persona_name,create_time,promise_deliver_time,finish_time,is_on_time,fee,actual_duration_s,actual_distance_m,pickup_lon,pickup_lat,delivery_lon,delivery_lat
persona_heuristic,persona_heuristic_w000016,6000000000000000215,1,Full-time Workhorse,2020-02-15T08:22:02+08:00,2020-02-15T10:45:00+08:00,2020-02-15T08:42:09+08:00,True,6.0,1329.0,5038.0,116.642803,39.920638,116.627457,39.919826
persona_heuristic,persona_heuristic_w000033,6000000000000000579,1,Full-time Workhorse,2020-02-15T08:55:43+08:00,2020-02-15T11:15:00+08:00,2020-02-15T09:20:27+08:00,True,6.0,1827.0,7113.0,116.642803,39.920638,116.627157,39.920666
persona_heuristic,persona_heuristic_w000067,6000000000000000406,1,Full-time Workhorse,2020-02-15T09:00:43+08:00,2020-02-15T11:59:43+08:00,2020-02-15T10:14:50+08:00,True,6.0,2690.0,10209.0,116.642803,39.920638,116.626577,39.926276
persona_heuristic,persona_heuristic_w000067,6000000000000000461,1,Full-time Workhorse,2020-02-15T09:36:29+08:00,2020-02-15T12:06:29+08:00,2020-02-15T10:14:50+08:00,True,3.0,2690.0,10209.0,116.625171,39.926247,116.634367,39.929096
persona_heuristic,persona_heuristic_w000113,6000000000000001368,1,Full-time Workhorse,2020-02-15T10:31:45+08:00,2020-02-15T11:32:45+08:00,2020-02-15T11:18:38+08:00,True,6.0,2918.0,11158.0,116.629789,39.925544,116.603977,39.927376
persona_heuristic,persona_heuristic_w000113,6000000000000000983,1,Full-time Workhorse,2020-02-15T10:32:54+08:00,2020-02-15T11:54:54+08:00,2020-02-15T11:18:38+08:00,True,6.0,2918.0,11158.0,116.630037,39.924566,116.623747,39.942026
persona_heuristic,persona_heuristic_w000539,6000000000000006160,1,Full-time Workhorse,2020-02-15T16:42:09+08:00,2020-02-15T17:24:09+08:00,2020-02-15T17:10:19+08:00,True,3.0,1819.0,7082.0,116.629789,39.925544,116.630747,39.921036
persona_heuristic,persona_heuristic_w000579,6000000000000006624,1,Full-time Workhorse,2020-02-15T16:53:45+08:00,2020-02-15T17:36:45+08:00,2020-02-15T18:33:11+08:00,False,6.0,4391.0,17295.0,116.631659,39.904098,116.634007,39.912966
persona_heuristic,persona_heuristic_w000579,6000000000000006859,1,Full-time Workhorse,2020-02-15T17:12:32+08:00,2020-02-15T18:00:32+08:00,2020-02-15T18:33:11+08:00,False,6.0,4391.0,17295.0,116.637717,39.927835,116.647777,39.921156
persona_heuristic,persona_heuristic_w000660,6000000000000007733,1,Full-time Workhorse,2020-02-15T18:10:29+08:00,2020-02-15T18:58:29+08:00,2020-02-15T19:15:04+08:00,False,6.0,2104.0,7771.0,116.62917600000002,39.922566,116.642237,39.916186
persona_heuristic,persona_heuristic_w000660,6000000000000007698,1,Full-time Workhorse,2020-02-15T18:11:33+08:00,2020-02-15T19:06:33+08:00,2020-02-15T19:15:04+08:00,False,6.0,2104.0,7771.0,116.62544,39.926219,116.642187,39.918226
persona_heuristic,persona_heuristic_w000698,6000000000000008517,1,Full-time Workhorse,2020-02-15T18:56:29+08:00,2020-02-15T19:52:29+08:00,2020-02-15T19:58:25+08:00,False,6.0,2305.0,8604.0,116.632517,39.904219,116.634527,39.890606
persona_heuristic,persona_heuristic_w000698,6000000000000008212,1,Full-time Workhorse,2020-02-15T18:58:59+08:00,2020-02-15T19:53:59+08:00,2020-02-15T19:58:25+08:00,False,3.0,2305.0,8604.0,116.634311,39.904,116.628037,39.900866
persona_heuristic,persona_heuristic_w000727,6000000000000008548,1,Full-time Workhorse,2020-02-15T19:52:56+08:00,2020-02-15T20:42:56+08:00,2020-02-15T20:51:14+08:00,False,6.0,3074.0,11810.0,116.62577,39.889567,116.627027,39.900186
persona_heuristic,persona_heuristic_w000727,6000000000000009094,1,Full-time Workhorse,2020-02-15T19:55:23+08:00,2020-02-15T20:49:23+08:00,2020-02-15T20:51:14+08:00,False,6.0,3074.0,11810.0,116.634046,39.888171,116.645337,39.875726
persona_heuristic,persona_heuristic_w000010,6000000000000000216,2,Full-time Workhorse,2020-02-15T08:25:38+08:00,2020-02-15T10:45:00+08:00,2020-02-15T08:34:19+08:00,True,6.0,859.0,3077.0,116.640281,40.125318,116.623777,40.129876
persona_heuristic,persona_heuristic_w000060,6000000000000000745,2,Full-time Workhorse,2020-02-15T09:27:47+08:00,2020-02-15T12:26:47+08:00,2020-02-15T09:42:38+08:00,True,6.0,1358.0,5155.0,116.640281,40.125318,116.624137,40.131706
persona_heuristic,persona_heuristic_w000094,6000000000000000953,2,Full-time Workhorse,2020-02-15T10:04:08+08:00,2020-02-15T10:34:08+08:00,2020-02-15T10:36:31+08:00,False,6.0,2191.0,8130.0,116.640705,40.125447,116.661007,40.125886
persona_heuristic,persona_heuristic_w000094,6000000000000000550,2,Full-time Workhorse,2020-02-15T10:08:08+08:00,2020-02-15T10:38:08+08:00,2020-02-15T10:36:31+08:00,True,6.0,2191.0,8130.0,116.640705,40.125447,116.648357,40.133716
persona_heuristic,persona_heuristic_w000123,6000000000000001373,2,Full-time Workhorse,2020-02-15T10:32:54+08:00,2020-02-15T12:00:00+08:00,2020-02-15T10:57:13+08:00,True,6.0,1033.0,3805.0,116.642834,40.126848,116.62864700000002,40.130856
persona_heuristic,persona_heuristic_w000158,6000000000000001081,2,Full-time Workhorse,2020-02-15T10:51:30+08:00,2020-02-15T11:37:30+08:00,2020-02-15T11:50:32+08:00,False,6.0,3032.0,11633.0,116.647363,40.12438,116.633167,40.132866
persona_heuristic,persona_heuristic_w000158,6000000000000001910,2,Full-time Workhorse,2020-02-15T11:04:00+08:00,2020-02-15T14:04:00+08:00,2020-02-15T11:50:32+08:00,True,6.0,3032.0,11633.0,116.640281,40.125318,116.654337,40.103676
persona_heuristic,persona_heuristic_w000231,6000000000000003207,2,Full-time Workhorse,2020-02-15T12:09:49+08:00,2020-02-15T13:03:49+08:00,2020-02-15T12:32:36+08:00,True,6.0,1956.0,7653.0,116.655264,40.106647,116.621377,40.105876
persona_heuristic,persona_heuristic_w000299,6000000000000003599,2,Full-time Workhorse,2020-02-15T12:29:05+08:00,2020-02-15T14:59:05+08:00,2020-02-15T13:11:34+08:00,True,6.0,1894.0,7393.0,116.639234,40.111142,116.621737,40.104156
persona_heuristic,persona_heuristic_w000599,6000000000000007108,2,Full-time Workhorse,2020-02-15T17:43:43+08:00,2020-02-15T18:36:43+08:00,2020-02-15T18:06:38+08:00,True,6.0,1598.0,6161.0,116.637597,40.116886,116.621987,40.106866
persona_heuristic,persona_heuristic_w000623,6000000000000007254,2,Full-time Workhorse,2020-02-15T17:50:47+08:00,2020-02-15T18:42:48+08:00,2020-02-15T18:16:57+08:00,True,3.0,417.0,1236.0,116.621664,40.106851,116.621377,40.105836
persona_heuristic,persona_heuristic_w000035,6000000000000000252,3,Full-time Workhorse,2020-02-15T08:59:30+08:00,2020-02-15T09:53:30+08:00,2020-02-15T09:19:52+08:00,True,6.0,1792.0,6967.0,116.453639,39.920846,116.444577,39.898106
persona_heuristic,persona_heuristic_w000059,6000000000000000451,3,Full-time Workhorse,2020-02-15T09:12:10+08:00,2020-02-15T09:42:11+08:00,2020-02-15T10:02:04+08:00,False,3.0,2524.0,9517.0,116.45064800000002,39.896061,116.450077,39.899146
persona_heuristic,persona_heuristic_w000059,6000000000000000530,3,Full-time Workhorse,2020-02-15T09:15:03+08:00,2020-02-15T12:15:03+08:00,2020-02-15T10:02:04+08:00,True,6.0,2524.0,9517.0,116.452478,39.884308,116.468137,39.897316
persona_heuristic,persona_heuristic_w000105,6000000000000000538,3,Full-time Workhorse,2020-02-15T09:55:33+08:00,2020-02-15T10:25:33+08:00,2020-02-15T11:10:10+08:00,False,6.0,3610.0,14041.0,116.452933,39.893163,116.466657,39.888636
persona_heuristic,persona_heuristic_w000105,6000000000000000733,3,Full-time Workhorse,2020-02-15T09:44:49+08:00,2020-02-15T10:32:49+08:00,2020-02-15T11:10:10+08:00,False,6.0,3610.0,14041.0,116.486367,39.906436,116.493997,39.895416
persona_heuristic,persona_heuristic_w000184,6000000000000001458,3,Full-time Workhorse,2020-02-15T11:04:37+08:00,2020-02-15T12:02:37+08:00,2020-02-15T11:52:10+08:00,True,6.0,1930.0,7044.0,116.476182,39.899793,116.464297,39.894256
persona_heuristic,persona_heuristic_w000184,6000000000000001953,3,Full-time Workhorse,2020-02-15T11:14:32+08:00,2020-02-15T12:12:32+08:00,2020-02-15T11:52:10+08:00,True,6.0,1930.0,7044.0,116.477378,39.896605,116.463527,39.880316
persona_heuristic,persona_heuristic_w000235,6000000000000002375,3,Full-time Workhorse,2020-02-15T11:39:11+08:00,2020-02-15T12:22:11+08:00,2020-02-15T12:48:47+08:00,False,6.0,2927.0,11194.0,116.456461,39.88223,116.431497,39.882586
persona_heuristic,persona_heuristic_w000235,6000000000000002904,3,Full-time Workhorse,2020-02-15T11:43:02+08:00,2020-02-15T12:23:02+08:00,2020-02-15T12:48:47+08:00,False,6.0,2927.0,11194.0,116.455452,39.889015,116.483447,39.897766
persona_heuristic,persona_heuristic_w000316,6000000000000003290,3,Full-time Workhorse,2020-02-15T12:25:46+08:00,2020-02-15T13:22:46+08:00,2020-02-15T13:20:02+08:00,True,6.0,1802.0,6511.0,116.470486,39.893224,116.493787,39.895626
persona_heuristic,persona_heuristic_w000316,6000000000000003830,3,Full-time Workhorse,2020-02-15T12:31:03+08:00,2020-02-15T13:24:03+08:00,2020-02-15T13:20:02+08:00,True,6.0,1802.0,6511.0,116.470614,39.894367,116.489167,39.899246
persona_heuristic,persona_heuristic_w000373,6000000000000004263,3,Full-time Workhorse,2020-02-15T13:04:12+08:00,2020-02-15T13:58:12+08:00,2020-02-15T14:09:51+08:00,False,6.0,2391.0,8962.0,116.494967,39.915156,116.507237,39.917256
persona_heuristic,persona_heuristic_w000373,6000000000000003799,3,Full-time Workhorse,2020-02-15T13:04:02+08:00,2020-02-15T14:00:00+08:00,2020-02-15T14:09:51+08:00,False,6.0,2391.0,8962.0,116.482482,39.915198,116.497867,39.911566
persona_heuristic,persona_heuristic_w000417,6000000000000004456,3,Full-time Workhorse,2020-02-15T13:45:04+08:00,2020-02-15T14:26:04+08:00,2020-02-15T14:57:30+08:00,False,6.0,2850.0,10881.0,116.508208,39.923382,116.505467,39.913606
persona_heuristic,persona_heuristic_w000417,6000000000000004730,3,Full-time Workhorse,2020-02-15T13:56:34+08:00,2020-02-15T14:35:42+08:00,2020-02-15T14:57:30+08:00,False,6.0,2850.0,10881.0,116.505437,39.921496,116.525547,39.920766
persona_heuristic,persona_heuristic_w000461,6000000000000005119,3,Full-time Workhorse,2020-02-15T14:42:07+08:00,2020-02-15T15:21:07+08:00,2020-02-15T15:45:07+08:00,False,6.0,2707.0,10283.0,116.508011,39.92149,116.519847,39.914436
persona_heuristic,persona_heuristic_w000461,6000000000000005299,3,Full-time Workhorse,2020-02-15T14:55:48+08:00,2020-02-15T15:34:48+08:00,2020-02-15T15:45:07+08:00,False,6.0,2707.0,10283.0,116.507643,39.925021,116.518607,39.921206
persona_heuristic,persona_heuristic_w000494,6000000000000005547,3,Full-time Workhorse,2020-02-15T15:44:33+08:00,2020-02-15T16:34:33+08:00,2020-02-15T16:30:39+08:00,True,3.0,2439.0,9160.0,116.508379,39.923987,116.513117,39.919416
persona_heuristic,persona_heuristic_w000494,6000000000000005604,3,Full-time Workhorse,2020-02-15T15:54:52+08:00,2020-02-15T16:42:52+08:00,2020-02-15T16:30:39+08:00,True,6.0,2439.0,9160.0,116.508917,39.923757,116.525997,39.920296
persona_heuristic,persona_heuristic_w000538,6000000000000005893,3,Full-time Workhorse,2020-02-15T16:18:45+08:00,2020-02-15T16:48:45+08:00,2020-02-15T17:40:40+08:00,False,3.0,3640.0,14169.0,116.541297,39.908466,116.538467,39.904376
persona_heuristic,persona_heuristic_w000538,6000000000000006337,3,Full-time Workhorse,2020-02-15T16:40:40+08:00,2020-02-15T17:27:40+08:00,2020-02-15T17:40:40+08:00,False,6.0,3640.0,14169.0,116.543591,39.91971,116.529497,39.916376
persona_heuristic,persona_heuristic_w000601,6000000000000006685,3,Full-time Workhorse,2020-02-15T17:28:20+08:00,2020-02-15T18:17:20+08:00,2020-02-15T18:36:58+08:00,False,6.0,2818.0,10744.0,116.538487,39.914767,116.536907,39.904266
persona_heuristic,persona_heuristic_w000601,6000000000000007634,3,Full-time Workhorse,2020-02-15T17:41:59+08:00,2020-02-15T18:23:59+08:00,2020-02-15T18:36:58+08:00,False,6.0,2818.0,10744.0,116.52117,39.915468,116.542827,39.920716
persona_heuristic,persona_heuristic_w000652,6000000000000007525,3,Full-time Workhorse,2020-02-15T18:14:10+08:00,2020-02-15T19:18:10+08:00,2020-02-15T19:15:24+08:00,True,6.0,2124.0,7847.0,116.541672,39.915172,116.548237,39.906586
persona_heuristic,persona_heuristic_w000652,6000000000000007293,3,Full-time Workhorse,2020-02-15T18:23:08+08:00,2020-02-15T19:21:08+08:00,2020-02-15T19:15:24+08:00,True,6.0,2124.0,7847.0,116.541297,39.908466,116.550107,39.918946
persona_heuristic,persona_heuristic_w000694,6000000000000007899,3,Full-time Workhorse,2020-02-15T19:02:56+08:00,2020-02-15T19:57:56+08:00,2020-02-15T20:13:28+08:00,False,6.0,3208.0,12370.0,116.551064,39.916399,116.541097,39.903006
persona_heuristic,persona_heuristic_w000694,6000000000000008704,3,Full-time Workhorse,2020-02-15T19:20:21+08:00,2020-02-15T20:30:21+08:00,2020-02-15T20:13:28+08:00,True,10.0,3208.0,12370.0,116.557814,39.919338,116.594917,39.912076
persona_heuristic,persona_heuristic_w000017,6000000000000000290,4,Full-time Workhorse,2020-02-15T08:34:29+08:00,2020-02-15T09:04:30+08:00,2020-02-15T08:57:29+08:00,True,3.0,1649.0,5874.0,116.493135,39.914461,116.492017,39.909496
persona_heuristic,persona_heuristic_w000017,6000000000000000558,4,Full-time Workhorse,2020-02-15T08:35:45+08:00,2020-02-15T09:08:46+08:00,2020-02-15T08:57:29+08:00,True,6.0,1649.0,5874.0,116.493135,39.914461,116.496707,39.923686
persona_heuristic,persona_heuristic_w000044,6000000000000000619,4,Full-time Workhorse,2020-02-15T09:07:19+08:00,2020-02-15T09:56:19+08:00,2020-02-15T09:11:18+08:00,True,3.0,678.0,2328.0,116.489247,39.9225,116.489767,39.930146
persona_heuristic,persona_heuristic_w000057,6000000000000000405,4,Full-time Workhorse,2020-02-15T09:27:30+08:00,2020-02-15T10:19:30+08:00,2020-02-15T09:54:07+08:00,True,6.0,2047.0,7530.0,116.489247,39.9225,116.478327,39.911236
persona_heuristic,persona_heuristic_w000057,6000000000000000453,4,Full-time Workhorse,2020-02-15T09:17:21+08:00,2020-02-15T10:22:21+08:00,2020-02-15T09:54:07+08:00,True,6.0,2047.0,7530.0,116.491742,39.924739,116.464527,39.909736
persona_heuristic,persona_heuristic_w000088,6000000000000000743,4,Full-time Workhorse,2020-02-15T09:55:56+08:00,2020-02-15T10:25:56+08:00,2020-02-15T10:48:42+08:00,False,3.0,2922.0,11175.0,116.46676,39.911872,116.468607,39.905586
persona_heuristic,persona_heuristic_w000088,6000000000000000788,4,Full-time Workhorse,2020-02-15T10:07:46+08:00,2020-02-15T13:07:46+08:00,2020-02-15T10:48:42+08:00,True,6.0,2922.0,11175.0,116.464045,39.89318,116.449587,39.881526
persona_heuristic,persona_heuristic_w000134,6000000000000001193,4,Full-time Workhorse,2020-02-15T10:26:55+08:00,2020-02-15T10:56:56+08:00,2020-02-15T11:23:14+08:00,False,6.0,1994.0,7308.0,116.43832700000002,39.884056,116.457027,39.886176
persona_heuristic,persona_heuristic_w000134,6000000000000001271,4,Full-time Workhorse,2020-02-15T10:31:07+08:00,2020-02-15T11:01:07+08:00,2020-02-15T11:23:14+08:00,False,6.0,1994.0,7308.0,116.452933,39.893163,116.453067,39.875036
persona_heuristic,persona_heuristic_w000194,6000000000000001023,4,Full-time Workhorse,2020-02-15T11:00:02+08:00,2020-02-15T11:44:02+08:00,2020-02-15T12:03:08+08:00,False,6.0,1988.0,7282.0,116.459747,39.890366,116.471367,39.874206
persona_heuristic,persona_heuristic_w000194,6000000000000001928,4,Full-time Workhorse,2020-02-15T11:02:18+08:00,2020-02-15T11:46:18+08:00,2020-02-15T12:03:08+08:00,False,6.0,1988.0,7282.0,116.454818,39.874982,116.472617,39.869066
persona_heuristic,persona_heuristic_w000261,6000000000000003195,4,Full-time Workhorse,2020-02-15T12:03:15+08:00,2020-02-15T12:36:15+08:00,2020-02-15T13:11:34+08:00,False,6.0,3694.0,14389.0,116.467034,39.885093,116.477257,39.893146
persona_heuristic,persona_heuristic_w000261,6000000000000002857,4,Full-time Workhorse,2020-02-15T12:05:05+08:00,2020-02-15T12:58:05+08:00,2020-02-15T13:11:34+08:00,False,6.0,3694.0,14389.0,116.452396,39.873208,116.442767,39.884056
persona_heuristic,persona_heuristic_w000357,6000000000000003521,4,Full-time Workhorse,2020-02-15T13:00:33+08:00,2020-02-15T13:35:33+08:00,2020-02-15T13:27:21+08:00,True,3.0,441.0,1338.0,116.452081,39.883094,116.455047,39.881386
persona_heuristic,persona_heuristic_w000371,6000000000000004003,4,Full-time Workhorse,2020-02-15T13:03:58+08:00,2020-02-15T13:50:58+08:00,2020-02-15T14:00:11+08:00,False,6.0,1811.0,6549.0,116.450679,39.894508,116.447597,39.878376
persona_heuristic,persona_heuristic_w000371,6000000000000004349,4,Full-time Workhorse,2020-02-15T13:22:47+08:00,2020-02-15T13:52:48+08:00,2020-02-15T14:00:11+08:00,False,6.0,1811.0,6549.0,116.45099,39.894333,116.454257,39.884266
persona_heuristic,persona_heuristic_w000409,6000000000000004459,4,Full-time Workhorse,2020-02-15T13:48:18+08:00,2020-02-15T14:30:18+08:00,2020-02-15T14:34:54+08:00,False,3.0,1494.0,5219.0,116.450921,39.883848,116.443957,39.889446
persona_heuristic,persona_heuristic_w000409,6000000000000004722,4,Full-time Workhorse,2020-02-15T13:52:24+08:00,2020-02-15T14:35:24+08:00,2020-02-15T14:34:54+08:00,True,6.0,1494.0,5219.0,116.450679,39.894508,116.444127,39.884896
persona_heuristic,persona_heuristic_w000442,6000000000000004692,4,Full-time Workhorse,2020-02-15T14:11:58+08:00,2020-02-15T14:49:58+08:00,2020-02-15T15:27:15+08:00,False,6.0,2835.0,10816.0,116.462053,39.892023,116.471717,39.898806
persona_heuristic,persona_heuristic_w000442,6000000000000005277,4,Full-time Workhorse,2020-02-15T14:26:52+08:00,2020-02-15T15:11:52+08:00,2020-02-15T15:27:15+08:00,False,6.0,2835.0,10816.0,116.452138,39.888071,116.461407,39.878126
persona_heuristic,persona_heuristic_w000480,6000000000000005521,4,Full-time Workhorse,2020-02-15T15:14:29+08:00,2020-02-15T15:44:29+08:00,2020-02-15T16:05:08+08:00,False,6.0,2108.0,7783.0,116.450157,39.892116,116.447287,39.881816
persona_heuristic,persona_heuristic_w000480,6000000000000005347,4,Full-time Workhorse,2020-02-15T15:00:43+08:00,2020-02-15T15:49:43+08:00,2020-02-15T16:05:08+08:00,False,6.0,2108.0,7783.0,116.455387,39.890386,116.463457,39.870576
persona_heuristic,persona_heuristic_w000509,6000000000000006249,4,Full-time Workhorse,2020-02-15T15:47:49+08:00,2020-02-15T18:47:49+08:00,2020-02-15T16:24:53+08:00,True,3.0,893.0,2720.0,116.45857,39.874193,116.463677,39.869756
persona_heuristic,persona_heuristic_w000509,6000000000000006136,4,Full-time Workhorse,2020-02-15T15:56:46+08:00,2020-02-15T18:56:46+08:00,2020-02-15T16:24:53+08:00,True,3.0,893.0,2720.0,116.45857,39.874193,116.458827,39.871656
persona_heuristic,persona_heuristic_w000527,6000000000000006138,4,Full-time Workhorse,2020-02-15T16:27:34+08:00,2020-02-15T17:13:34+08:00,2020-02-15T17:07:00+08:00,True,6.0,2220.0,8252.0,116.447885,39.865935,116.458127,39.873226
persona_heuristic,persona_heuristic_w000527,6000000000000006478,4,Full-time Workhorse,2020-02-15T16:35:43+08:00,2020-02-15T17:47:43+08:00,2020-02-15T17:07:00+08:00,True,6.0,2220.0,8252.0,116.45885,39.879072,116.461717,39.888316
persona_heuristic,persona_heuristic_w000566,6000000000000006281,4,Full-time Workhorse,2020-02-15T16:40:24+08:00,2020-02-15T17:15:24+08:00,2020-02-15T17:48:54+08:00,False,6.0,2334.0,8723.0,116.468524,39.893045,116.449177,39.895396
persona_heuristic,persona_heuristic_w000566,6000000000000006284,4,Full-time Workhorse,2020-02-15T16:41:57+08:00,2020-02-15T17:34:57+08:00,2020-02-15T17:48:54+08:00,False,6.0,2334.0,8723.0,116.469315,39.892902,116.492207,39.906686
persona_heuristic,persona_heuristic_w000608,6000000000000007642,4,Full-time Workhorse,2020-02-15T17:44:20+08:00,2020-02-15T18:21:20+08:00,2020-02-15T18:03:02+08:00,True,3.0,782.0,2756.0,116.489708,39.914563,116.492877,39.912596
persona_heuristic,persona_heuristic_w000624,6000000000000007665,4,Full-time Workhorse,2020-02-15T17:44:23+08:00,2020-02-15T18:28:23+08:00,2020-02-15T18:42:39+08:00,False,3.0,1959.0,7162.0,116.494967,39.915156,116.496437,39.915556
persona_heuristic,persona_heuristic_w000624,6000000000000006966,4,Full-time Workhorse,2020-02-15T17:40:50+08:00,2020-02-15T18:38:50+08:00,2020-02-15T18:42:39+08:00,False,6.0,1959.0,7162.0,116.481487,39.912616,116.499987,39.912206
persona_heuristic,persona_heuristic_w000667,6000000000000008400,4,Full-time Workhorse,2020-02-15T18:28:20+08:00,2020-02-15T19:20:20+08:00,2020-02-15T19:30:21+08:00,False,6.0,2421.0,9087.0,116.507559,39.915985,116.506177,39.925876
persona_heuristic,persona_heuristic_w000667,6000000000000007769,4,Full-time Workhorse,2020-02-15T18:38:19+08:00,2020-02-15T19:27:19+08:00,2020-02-15T19:30:21+08:00,False,6.0,2421.0,9087.0,116.506938,39.927883,116.526607,39.920296
persona_heuristic,persona_heuristic_w000711,6000000000000008541,4,Full-time Workhorse,2020-02-15T19:40:28+08:00,2020-02-15T20:30:28+08:00,2020-02-15T20:16:26+08:00,True,6.0,2186.0,8109.0,116.514056,39.911761,116.504947,39.919096
persona_heuristic,persona_heuristic_w000711,6000000000000009086,4,Full-time Workhorse,2020-02-15T19:40:47+08:00,2020-02-15T20:53:47+08:00,2020-02-15T20:16:26+08:00,True,6.0,2186.0,8109.0,116.514056,39.911761,116.494367,39.907916
persona_heuristic,persona_heuristic_w000029,6000000000000000504,5,Full-time Workhorse,2020-02-15T08:41:49+08:00,2020-02-15T09:15:49+08:00,2020-02-15T09:41:33+08:00,False,6.0,3693.0,14385.0,116.493135,39.914461,116.50664700000002,39.920116
persona_heuristic,persona_heuristic_w000029,6000000000000000443,5,Full-time Workhorse,2020-02-15T08:41:45+08:00,2020-02-15T09:40:45+08:00,2020-02-15T09:41:33+08:00,False,3.0,3693.0,14385.0,116.475354,39.921519,116.471247,39.929616
persona_heuristic,persona_heuristic_w000083,6000000000000000429,5,Full-time Workhorse,2020-02-15T09:57:03+08:00,2020-02-15T10:41:03+08:00,2020-02-15T10:39:29+08:00,True,6.0,2969.0,11369.0,116.475845,39.930812,116.462347,39.912096
persona_heuristic,persona_heuristic_w000083,6000000000000000584,5,Full-time Workhorse,2020-02-15T09:31:21+08:00,2020-02-15T10:46:21+08:00,2020-02-15T10:39:29+08:00,True,3.0,2969.0,11369.0,116.486914,39.917948,116.492547,39.911006
persona_heuristic,persona_heuristic_w000124,6000000000000000904,5,Full-time Workhorse,2020-02-15T10:27:50+08:00,2020-02-15T11:17:50+08:00,2020-02-15T11:13:49+08:00,True,6.0,2029.0,7451.0,116.482498,39.91526,116.504627,39.911456
persona_heuristic,persona_heuristic_w000124,6000000000000001041,5,Full-time Workhorse,2020-02-15T10:24:16+08:00,2020-02-15T11:18:16+08:00,2020-02-15T11:13:49+08:00,True,6.0,2029.0,7451.0,116.482174,39.915143,116.512417,39.908896
persona_heuristic,persona_heuristic_w000185,6000000000000001932,5,Full-time Workhorse,2020-02-15T11:04:44+08:00,2020-02-15T12:08:45+08:00,2020-02-15T12:10:18+08:00,False,6.0,3018.0,12073.0,116.508449,39.923199,116.502407,39.908636
persona_heuristic,persona_heuristic_w000274,6000000000000002502,5,Full-time Workhorse,2020-02-15T11:56:59+08:00,2020-02-15T12:58:59+08:00,2020-02-15T12:59:40+08:00,False,6.0,2380.0,8920.0,116.507559,39.915985,116.490627,39.910496
persona_heuristic,persona_heuristic_w000274,6000000000000002928,5,Full-time Workhorse,2020-02-15T11:55:07+08:00,2020-02-15T12:59:07+08:00,2020-02-15T12:59:40+08:00,False,6.0,2380.0,8920.0,116.48582,39.916193,116.493207,39.908856
persona_heuristic,persona_heuristic_w000332,6000000000000003303,5,Full-time Workhorse,2020-02-15T12:39:48+08:00,2020-02-15T13:41:48+08:00,2020-02-15T13:46:40+08:00,False,6.0,2800.0,10668.0,116.491702,39.925601,116.467867,39.928706
persona_heuristic,persona_heuristic_w000332,6000000000000003657,5,Full-time Workhorse,2020-02-15T13:02:09+08:00,2020-02-15T13:46:09+08:00,2020-02-15T13:46:40+08:00,False,6.0,2800.0,10668.0,116.484804,39.908822,116.472837,39.928966
persona_heuristic,persona_heuristic_w000401,6000000000000004435,5,Full-time Workhorse,2020-02-15T13:32:02+08:00,2020-02-15T14:23:02+08:00,2020-02-15T15:16:15+08:00,False,3.0,5175.0,20564.0,116.45671000000002,39.930163,116.456397,39.934086
persona_heuristic,persona_heuristic_w000401,6000000000000004127,5,Full-time Workhorse,2020-02-15T13:28:14+08:00,2020-02-15T14:29:14+08:00,2020-02-15T15:16:15+08:00,False,6.0,5175.0,20564.0,116.491633,39.927885,116.512767,39.914286
persona_heuristic,persona_heuristic_w000470,6000000000000005175,5,Full-time Workhorse,2020-02-15T14:56:17+08:00,2020-02-15T15:41:17+08:00,2020-02-15T15:57:04+08:00,False,6.0,2224.0,8269.0,116.5074,39.920669,116.531217,39.916766
persona_heuristic,persona_heuristic_w000470,6000000000000005515,5,Full-time Workhorse,2020-02-15T15:11:44+08:00,2020-02-15T15:56:44+08:00,2020-02-15T15:57:04+08:00,False,6.0,2224.0,8269.0,116.512694,39.92308,116.524807,39.921886
persona_heuristic,persona_heuristic_w000522,6000000000000006011,5,Full-time Workhorse,2020-02-15T16:24:12+08:00,2020-02-15T17:12:12+08:00,2020-02-15T17:00:54+08:00,True,3.0,2454.0,9228.0,116.507775,39.923937,116.502537,39.930106
persona_heuristic,persona_heuristic_w000522,6000000000000006078,5,Full-time Workhorse,2020-02-15T16:26:34+08:00,2020-02-15T17:23:34+08:00,2020-02-15T17:00:54+08:00,True,6.0,2454.0,9228.0,116.507775,39.923937,116.507577,39.944856
persona_heuristic,persona_heuristic_w000570,6000000000000006430,5,Full-time Workhorse,2020-02-15T17:02:37+08:00,2020-02-15T18:14:37+08:00,2020-02-15T17:42:35+08:00,True,6.0,1955.0,7146.0,116.495335,39.932599,116.495797,39.921256
persona_heuristic,persona_heuristic_w000570,6000000000000007017,5,Full-time Workhorse,2020-02-15T17:07:21+08:00,2020-02-15T20:06:21+08:00,2020-02-15T17:42:35+08:00,True,6.0,1955.0,7146.0,116.491472,39.932166,116.513767,39.922006
persona_heuristic,persona_heuristic_w000600,6000000000000006665,5,Full-time Workhorse,2020-02-15T17:24:31+08:00,2020-02-15T18:25:31+08:00,2020-02-15T18:41:28+08:00,False,10.0,3088.0,11867.0,116.507333,39.920738,116.542587,39.920266
persona_heuristic,persona_heuristic_w000600,6000000000000007171,5,Full-time Workhorse,2020-02-15T17:27:50+08:00,2020-02-15T18:27:50+08:00,2020-02-15T18:41:28+08:00,False,10.0,3088.0,11867.0,116.506634,39.920577,116.550707,39.904076
persona_heuristic,persona_heuristic_w000668,6000000000000007757,5,Full-time Workhorse,2020-02-15T18:28:09+08:00,2020-02-15T19:49:09+08:00,2020-02-15T19:32:31+08:00,True,6.0,2551.0,9631.0,116.545654,39.915477,116.562777,39.920996
persona_heuristic,persona_heuristic_w000668,6000000000000008520,5,Full-time Workhorse,2020-02-15T18:58:09+08:00,2020-02-15T19:51:09+08:00,2020-02-15T19:32:31+08:00,True,6.0,2551.0,9631.0,116.551064,39.916399,116.551067,39.903386
persona_heuristic,persona_heuristic_w000712,6000000000000008571,5,Full-time Workhorse,2020-02-15T19:17:49+08:00,2020-02-15T20:05:49+08:00,2020-02-15T20:27:09+08:00,False,6.0,2829.0,10787.0,116.5584,39.915093,116.577657,39.912546
persona_heuristic,persona_heuristic_w000712,6000000000000008975,5,Full-time Workhorse,2020-02-15T19:36:59+08:00,2020-02-15T20:18:59+08:00,2020-02-15T20:27:09+08:00,False,6.0,2829.0,10787.0,116.569764,39.907805,116.538857,39.910336
persona_heuristic,persona_heuristic_w000114,6000000000000001118,6,Full-time Workhorse,2020-02-15T10:37:53+08:00,2020-02-15T11:15:00+08:00,2020-02-15T11:30:29+08:00,False,3.0,3629.0,14122.0,116.260887,40.013524,116.269777,40.010896
persona_heuristic,persona_heuristic_w000114,6000000000000000914,6,Full-time Workhorse,2020-02-15T10:34:06+08:00,2020-02-15T12:45:00+08:00,2020-02-15T11:30:29+08:00,True,6.0,3629.0,14122.0,116.258213,40.020021,116.244277,40.041406
persona_heuristic,persona_heuristic_w000209,6000000000000002008,6,Full-time Workhorse,2020-02-15T11:29:20+08:00,2020-02-15T12:22:20+08:00,2020-02-15T12:08:19+08:00,True,6.0,1699.0,6083.0,116.251526,40.051129,116.237347,40.060676
persona_heuristic,persona_heuristic_w000209,6000000000000002473,6,Full-time Workhorse,2020-02-15T11:37:32+08:00,2020-02-15T12:29:32+08:00,2020-02-15T12:08:19+08:00,True,6.0,1699.0,6083.0,116.242437,40.046631,116.235837,40.061976
persona_heuristic,persona_heuristic_w000257,6000000000000002739,6,Full-time Workhorse,2020-02-15T12:02:54+08:00,2020-02-15T12:38:54+08:00,2020-02-15T12:40:49+08:00,False,6.0,1849.0,6705.0,116.239082,40.072874,116.235967,40.061036
persona_heuristic,persona_heuristic_w000257,6000000000000003247,6,Full-time Workhorse,2020-02-15T12:05:22+08:00,2020-02-15T12:40:22+08:00,2020-02-15T12:40:49+08:00,False,6.0,1849.0,6705.0,116.239082,40.072874,116.246637,40.065836
persona_heuristic,persona_heuristic_w000322,6000000000000004168,6,Full-time Workhorse,2020-02-15T12:58:32+08:00,2020-02-15T13:40:32+08:00,2020-02-15T13:11:03+08:00,True,6.0,1263.0,4764.0,116.242236,40.048368,116.240657,40.036416
persona_heuristic,persona_heuristic_w000359,6000000000000004316,6,Full-time Workhorse,2020-02-15T12:59:09+08:00,2020-02-15T13:42:09+08:00,2020-02-15T13:45:37+08:00,False,3.0,1537.0,5406.0,116.242437,40.046631,116.239717,40.043626
persona_heuristic,persona_heuristic_w000359,6000000000000004176,6,Full-time Workhorse,2020-02-15T12:57:20+08:00,2020-02-15T14:01:20+08:00,2020-02-15T13:45:37+08:00,True,3.0,1537.0,5406.0,116.242437,40.046631,116.246027,40.049566
persona_heuristic,persona_heuristic_w000392,6000000000000004580,6,Full-time Workhorse,2020-02-15T13:24:14+08:00,2020-02-15T14:15:00+08:00,2020-02-15T14:24:50+08:00,False,6.0,2090.0,7709.0,116.242236,40.048368,116.263207,40.051846
persona_heuristic,persona_heuristic_w000392,6000000000000004380,6,Full-time Workhorse,2020-02-15T13:36:11+08:00,2020-02-15T14:28:11+08:00,2020-02-15T14:24:50+08:00,True,6.0,2090.0,7709.0,116.242437,40.046631,116.235837,40.061976
persona_heuristic,persona_heuristic_w000436,6000000000000004620,6,Full-time Workhorse,2020-02-15T14:03:21+08:00,2020-02-15T14:44:21+08:00,2020-02-15T15:24:16+08:00,False,6.0,3256.0,12568.0,116.239082,40.072874,116.211607,40.074436
persona_heuristic,persona_heuristic_w000436,6000000000000004820,6,Full-time Workhorse,2020-02-15T14:37:30+08:00,2020-02-15T15:17:30+08:00,2020-02-15T15:24:16+08:00,False,6.0,3256.0,12568.0,116.239082,40.072874,116.249757,40.085776
persona_heuristic,persona_heuristic_w000482,6000000000000005658,6,Full-time Workhorse,2020-02-15T15:49:53+08:00,2020-02-15T18:15:00+08:00,2020-02-15T15:56:10+08:00,True,6.0,970.0,3543.0,116.251831,40.08469,116.237727,40.074586
persona_heuristic,persona_heuristic_w000504,6000000000000005762,6,Full-time Workhorse,2020-02-15T16:09:32+08:00,2020-02-15T16:39:32+08:00,2020-02-15T16:57:38+08:00,False,3.0,3458.0,13408.0,116.251831,40.08469,116.252527,40.088476
persona_heuristic,persona_heuristic_w000504,6000000000000005825,6,Full-time Workhorse,2020-02-15T16:03:21+08:00,2020-02-15T16:40:21+08:00,2020-02-15T16:57:38+08:00,False,6.0,3458.0,13408.0,116.239082,40.072874,116.235837,40.061976
persona_heuristic,persona_heuristic_w000560,6000000000000006433,6,Full-time Workhorse,2020-02-15T17:03:06+08:00,2020-02-15T17:47:06+08:00,2020-02-15T18:16:21+08:00,False,6.0,4581.0,18085.0,116.239082,40.072874,116.261767,40.062996
persona_heuristic,persona_heuristic_w000560,6000000000000006700,6,Full-time Workhorse,2020-02-15T16:56:22+08:00,2020-02-15T18:40:00+08:00,2020-02-15T18:16:21+08:00,True,10.0,4581.0,18085.0,116.247357,40.047446,116.283537,40.027256
persona_heuristic,persona_heuristic_w000637,6000000000000007823,6,Full-time Workhorse,2020-02-15T18:07:21+08:00,2020-02-15T18:48:21+08:00,2020-02-15T18:51:13+08:00,False,6.0,1873.0,6805.0,116.290526,40.0233,116.276977,40.015306
persona_heuristic,persona_heuristic_w000637,6000000000000007723,6,Full-time Workhorse,2020-02-15T18:00:23+08:00,2020-02-15T18:48:23+08:00,2020-02-15T18:51:13+08:00,False,6.0,1873.0,6805.0,116.289533,40.023681,116.265497,40.027586
persona_heuristic,persona_heuristic_w000679,6000000000000008407,6,Full-time Workhorse,2020-02-15T18:31:11+08:00,2020-02-15T19:12:11+08:00,2020-02-15T19:13:13+08:00,False,6.0,793.0,2801.0,116.268285,40.028957,116.273447,40.016216
persona_heuristic,persona_heuristic_w000697,6000000000000007800,6,Full-time Workhorse,2020-02-15T18:57:59+08:00,2020-02-15T19:54:59+08:00,2020-02-15T19:47:18+08:00,True,6.0,1638.0,5827.0,116.26718,40.029099,116.282317,40.024346
persona_heuristic,persona_heuristic_w000697,6000000000000008692,6,Full-time Workhorse,2020-02-15T19:10:50+08:00,2020-02-15T20:02:50+08:00,2020-02-15T19:47:18+08:00,True,6.0,1638.0,5827.0,116.26718,40.029099,116.278947,40.031396
persona_heuristic,persona_heuristic_w000722,6000000000000009039,6,Full-time Workhorse,2020-02-15T19:31:23+08:00,2020-02-15T20:26:23+08:00,2020-02-15T20:44:48+08:00,False,6.0,3288.0,12700.0,116.291958,40.042893,116.306167,40.040786
persona_heuristic,persona_heuristic_w000722,6000000000000008540,6,Full-time Workhorse,2020-02-15T19:40:25+08:00,2020-02-15T20:27:25+08:00,2020-02-15T20:44:48+08:00,False,10.0,3288.0,12700.0,116.301115,40.028892,116.265547,40.028826
persona_heuristic,persona_heuristic_w000022,6000000000000000349,7,Full-time Workhorse,2020-02-15T08:46:27+08:00,2020-02-15T10:15:00+08:00,2020-02-15T09:01:13+08:00,True,6.0,1273.0,4802.0,116.282846,39.865513,116.294467,39.879526
persona_heuristic,persona_heuristic_w000052,6000000000000000253,7,Full-time Workhorse,2020-02-15T09:03:05+08:00,2020-02-15T10:15:00+08:00,2020-02-15T09:47:52+08:00,True,3.0,2272.0,8462.0,116.283869,39.868915,116.291887,39.867496
persona_heuristic,persona_heuristic_w000052,6000000000000000510,7,Full-time Workhorse,2020-02-15T08:57:25+08:00,2020-02-15T16:00:00+08:00,2020-02-15T09:47:52+08:00,True,6.0,2272.0,8462.0,116.295037,39.865266,116.310877,39.878026
persona_heuristic,persona_heuristic_w000080,6000000000000000818,7,Full-time Workhorse,2020-02-15T09:59:33+08:00,2020-02-15T10:45:00+08:00,2020-02-15T09:59:21+08:00,True,3.0,561.0,1838.0,116.315807,39.876166,116.323407,39.880126
persona_heuristic,persona_heuristic_w000091,6000000000000000950,7,Full-time Workhorse,2020-02-15T09:59:28+08:00,2020-02-15T10:54:28+08:00,2020-02-15T10:30:12+08:00,True,3.0,1812.0,6550.0,116.335681,39.886558,116.333767,39.890366
persona_heuristic,persona_heuristic_w000091,6000000000000000878,7,Full-time Workhorse,2020-02-15T10:08:59+08:00,2020-02-15T11:00:59+08:00,2020-02-15T10:30:12+08:00,True,6.0,1812.0,6550.0,116.336722,39.883153,116.334497,39.898336
persona_heuristic,persona_heuristic_w000127,6000000000000000493,7,Full-time Workhorse,2020-02-15T10:10:02+08:00,2020-02-15T10:48:02+08:00,2020-02-15T11:51:30+08:00,False,6.0,4290.0,16873.0,116.349196,39.896474,116.353407,39.883616
persona_heuristic,persona_heuristic_w000127,6000000000000000755,7,Full-time Workhorse,2020-02-15T10:16:05+08:00,2020-02-15T11:20:05+08:00,2020-02-15T11:51:30+08:00,False,10.0,4290.0,16873.0,116.336338,39.907077,116.286897,39.909626
persona_heuristic,persona_heuristic_w000243,6000000000000002486,7,Full-time Workhorse,2020-02-15T11:50:59+08:00,2020-02-15T12:31:59+08:00,2020-02-15T12:34:13+08:00,False,3.0,2053.0,7552.0,116.26782,39.908493,116.268547,39.908826
persona_heuristic,persona_heuristic_w000243,6000000000000002989,7,Full-time Workhorse,2020-02-15T11:44:02+08:00,2020-02-15T12:34:02+08:00,2020-02-15T12:34:13+08:00,False,6.0,2053.0,7552.0,116.268841,39.907609,116.277277,39.930376
persona_heuristic,persona_heuristic_w000302,6000000000000003596,7,Full-time Workhorse,2020-02-15T12:22:38+08:00,2020-02-15T13:01:38+08:00,2020-02-15T13:02:57+08:00,False,6.0,1377.0,5240.0,116.256227,39.928516,116.241767,39.938676
persona_heuristic,persona_heuristic_w000341,6000000000000003896,7,Full-time Workhorse,2020-02-15T13:08:20+08:00,2020-02-15T13:45:20+08:00,2020-02-15T13:31:57+08:00,True,3.0,1317.0,4488.0,116.24423,39.929229,116.249327,39.928046
persona_heuristic,persona_heuristic_w000341,6000000000000004117,7,Full-time Workhorse,2020-02-15T13:19:08+08:00,2020-02-15T13:58:08+08:00,2020-02-15T13:31:57+08:00,True,3.0,1317.0,4488.0,116.244066,39.930045,116.248017,39.928146
persona_heuristic,persona_heuristic_w000378,6000000000000004595,7,Full-time Workhorse,2020-02-15T13:41:19+08:00,2020-02-15T14:14:19+08:00,2020-02-15T14:02:59+08:00,True,6.0,1379.0,4749.0,116.254166,39.927445,116.237017,39.928396
persona_heuristic,persona_heuristic_w000378,6000000000000004221,7,Full-time Workhorse,2020-02-15T13:47:03+08:00,2020-02-15T14:25:03+08:00,2020-02-15T14:02:59+08:00,True,6.0,1379.0,4749.0,116.253568,39.928497,116.229477,39.927606
persona_heuristic,persona_heuristic_w000415,6000000000000004228,7,Full-time Workhorse,2020-02-15T13:49:27+08:00,2020-02-15T14:25:27+08:00,2020-02-15T14:40:39+08:00,False,3.0,1839.0,6665.0,116.24423,39.929229,116.245837,39.922856
persona_heuristic,persona_heuristic_w000415,6000000000000004976,7,Full-time Workhorse,2020-02-15T14:16:25+08:00,2020-02-15T15:00:25+08:00,2020-02-15T14:40:39+08:00,True,6.0,1839.0,6665.0,116.244066,39.930045,116.253107,39.923676
persona_heuristic,persona_heuristic_w000448,6000000000000005404,7,Full-time Workhorse,2020-02-15T14:54:19+08:00,2020-02-15T15:36:19+08:00,2020-02-15T15:04:07+08:00,True,3.0,847.0,3027.0,116.24423,39.929229,116.234727,39.932256
persona_heuristic,persona_heuristic_w000469,6000000000000005532,7,Full-time Workhorse,2020-02-15T15:24:42+08:00,2020-02-15T16:14:42+08:00,2020-02-15T15:40:31+08:00,True,6.0,1231.0,4627.0,116.24423,39.929229,116.241547,39.938416
persona_heuristic,persona_heuristic_w000536,6000000000000006228,7,Full-time Workhorse,2020-02-15T16:45:42+08:00,2020-02-15T19:00:00+08:00,2020-02-15T17:11:04+08:00,True,6.0,1864.0,7265.0,116.23716,39.928156,116.258667,39.942316
persona_heuristic,persona_heuristic_w000580,6000000000000006726,7,Full-time Workhorse,2020-02-15T17:12:42+08:00,2020-02-15T17:59:42+08:00,2020-02-15T17:59:35+08:00,True,6.0,2375.0,8896.0,116.243907,39.929996,116.254967,39.920726
persona_heuristic,persona_heuristic_w000580,6000000000000007223,7,Full-time Workhorse,2020-02-15T17:28:01+08:00,2020-02-15T18:17:01+08:00,2020-02-15T17:59:35+08:00,True,6.0,2375.0,8896.0,116.243907,39.929996,116.246167,39.915646
persona_heuristic,persona_heuristic_w000619,6000000000000007815,7,Full-time Workhorse,2020-02-15T18:04:31+08:00,2020-02-15T18:54:31+08:00,2020-02-15T18:29:37+08:00,True,6.0,1777.0,6403.0,116.254166,39.927445,116.241127,39.928936
persona_heuristic,persona_heuristic_w000619,6000000000000007275,7,Full-time Workhorse,2020-02-15T18:05:30+08:00,2020-02-15T19:13:30+08:00,2020-02-15T18:29:37+08:00,True,6.0,1777.0,6403.0,116.243792,39.929568,116.219287,39.926376
persona_heuristic,persona_heuristic_w000018,6000000000000000381,8,Full-time Workhorse,2020-02-15T08:35:48+08:00,2020-02-15T09:28:48+08:00,2020-02-15T08:51:40+08:00,True,6.0,1300.0,4917.0,116.279369,39.958476,116.294577,39.938706
persona_heuristic,persona_heuristic_w000106,6000000000000000829,8,Full-time Workhorse,2020-02-15T10:12:50+08:00,2020-02-15T10:59:50+08:00,2020-02-15T10:50:31+08:00,True,6.0,2431.0,9132.0,116.307277,39.950036,116.304587,39.937446
persona_heuristic,persona_heuristic_w000106,6000000000000000500,8,Full-time Workhorse,2020-02-15T10:12:03+08:00,2020-02-15T11:00:03+08:00,2020-02-15T10:50:31+08:00,True,6.0,2431.0,9132.0,116.307277,39.950036,116.305167,39.935246
persona_heuristic,persona_heuristic_w000151,6000000000000001580,8,Full-time Workhorse,2020-02-15T11:09:08+08:00,2020-02-15T11:50:20+08:00,2020-02-15T11:32:50+08:00,True,6.0,1970.0,7209.0,116.297227,39.941976,116.303657,39.930016
persona_heuristic,persona_heuristic_w000151,6000000000000002030,8,Full-time Workhorse,2020-02-15T11:05:51+08:00,2020-02-15T11:56:59+08:00,2020-02-15T11:32:50+08:00,True,6.0,1970.0,7209.0,116.297227,39.941976,116.322377,39.929256
persona_heuristic,persona_heuristic_w000212,6000000000000002250,8,Full-time Workhorse,2020-02-15T11:14:28+08:00,2020-02-15T11:59:28+08:00,2020-02-15T12:30:34+08:00,False,6.0,3034.0,11644.0,116.334979,39.920349,116.308847,39.924866
persona_heuristic,persona_heuristic_w000212,6000000000000001901,8,Full-time Workhorse,2020-02-15T11:29:02+08:00,2020-02-15T12:12:10+08:00,2020-02-15T12:30:34+08:00,False,6.0,3034.0,11644.0,116.314607,39.932116,116.329577,39.937726
persona_heuristic,persona_heuristic_w000295,6000000000000003433,8,Full-time Workhorse,2020-02-15T12:10:56+08:00,2020-02-15T13:29:04+08:00,2020-02-15T13:21:36+08:00,True,6.0,2496.0,9405.0,116.317997,39.936496,116.334647,39.935696
persona_heuristic,persona_heuristic_w000295,6000000000000003627,8,Full-time Workhorse,2020-02-15T12:43:29+08:00,2020-02-15T13:45:00+08:00,2020-02-15T13:21:36+08:00,True,6.0,2496.0,9405.0,116.343396,39.940027,116.360397,39.942706
persona_heuristic,persona_heuristic_w000361,6000000000000003927,8,Full-time Workhorse,2020-02-15T13:03:15+08:00,2020-02-15T13:42:15+08:00,2020-02-15T14:01:09+08:00,False,6.0,1869.0,6789.0,116.361123,39.946227,116.360997,39.936596
persona_heuristic,persona_heuristic_w000361,6000000000000004245,8,Full-time Workhorse,2020-02-15T13:06:36+08:00,2020-02-15T13:42:36+08:00,2020-02-15T14:01:09+08:00,False,6.0,1869.0,6789.0,116.362749,39.937453,116.380297,39.935216
persona_heuristic,persona_heuristic_w000419,6000000000000004305,8,Full-time Workhorse,2020-02-15T13:40:20+08:00,2020-02-15T14:32:20+08:00,2020-02-15T14:35:02+08:00,False,6.0,1502.0,5759.0,116.362614,39.943477,116.371967,39.925096
persona_heuristic,persona_heuristic_w000445,6000000000000005130,8,Full-time Workhorse,2020-02-15T14:41:03+08:00,2020-02-15T15:53:03+08:00,2020-02-15T15:27:54+08:00,True,6.0,2874.0,10972.0,116.35562600000002,39.914587,116.338637,39.904646
persona_heuristic,persona_heuristic_w000445,6000000000000004761,8,Full-time Workhorse,2020-02-15T14:41:44+08:00,2020-02-15T16:00:00+08:00,2020-02-15T15:27:54+08:00,True,3.0,2874.0,10972.0,116.36442,39.908428,116.367307,39.900846
persona_heuristic,persona_heuristic_w000477,6000000000000005507,8,Full-time Workhorse,2020-02-15T15:04:40+08:00,2020-02-15T15:47:40+08:00,2020-02-15T15:56:12+08:00,False,6.0,1572.0,5553.0,116.363097,39.909786,116.372757,39.899706
persona_heuristic,persona_heuristic_w000477,6000000000000005257,8,Full-time Workhorse,2020-02-15T15:02:46+08:00,2020-02-15T15:50:46+08:00,2020-02-15T15:56:12+08:00,False,6.0,1572.0,5553.0,116.363328,39.912051,116.365747,39.894246
persona_heuristic,persona_heuristic_w000502,6000000000000005655,8,Full-time Workhorse,2020-02-15T15:45:08+08:00,2020-02-15T16:31:08+08:00,2020-02-15T16:58:13+08:00,False,10.0,3493.0,13556.0,116.368573,39.901199,116.331037,39.913266
persona_heuristic,persona_heuristic_w000502,6000000000000006111,8,Full-time Workhorse,2020-02-15T15:55:45+08:00,2020-02-15T16:47:45+08:00,2020-02-15T16:58:13+08:00,False,6.0,3493.0,13556.0,116.366335,39.894443,116.366027,39.884196
persona_heuristic,persona_heuristic_w000557,6000000000000006145,8,Full-time Workhorse,2020-02-15T16:35:43+08:00,2020-02-15T17:37:43+08:00,2020-02-15T18:23:50+08:00,False,6.0,5030.0,19958.0,116.364032,39.896612,116.344617,39.911476
persona_heuristic,persona_heuristic_w000557,6000000000000006948,8,Full-time Workhorse,2020-02-15T17:01:22+08:00,2020-02-15T20:01:22+08:00,2020-02-15T18:23:50+08:00,True,6.0,5030.0,19958.0,116.38304,39.885979,116.39131700000002,39.872906
persona_heuristic,persona_heuristic_w000645,6000000000000007910,8,Full-time Workhorse,2020-02-15T18:08:36+08:00,2020-02-15T18:48:36+08:00,2020-02-15T19:22:10+08:00,False,6.0,3130.0,12041.0,116.378965,39.869538,116.384467,39.878976
persona_heuristic,persona_heuristic_w000645,6000000000000007130,8,Full-time Workhorse,2020-02-15T18:03:57+08:00,2020-02-15T19:21:57+08:00,2020-02-15T19:22:10+08:00,False,10.0,3130.0,12041.0,116.402228,39.872605,116.397337,39.902406
persona_heuristic,persona_heuristic_w000702,6000000000000009082,8,Full-time Workhorse,2020-02-15T19:24:44+08:00,2020-02-15T19:59:44+08:00,2020-02-15T19:50:01+08:00,True,3.0,1201.0,4004.0,116.406976,39.896606,116.404507,39.895236
persona_heuristic,persona_heuristic_w000702,6000000000000008715,8,Full-time Workhorse,2020-02-15T19:33:44+08:00,2020-02-15T20:17:44+08:00,2020-02-15T19:50:01+08:00,True,6.0,1201.0,4004.0,116.403805,39.898633,116.414357,39.891986
persona_heuristic,persona_heuristic_w000726,6000000000000008933,8,Full-time Workhorse,2020-02-15T19:50:24+08:00,2020-02-15T20:34:24+08:00,2020-02-15T20:31:22+08:00,True,6.0,1882.0,6840.0,116.402427,39.899183,116.420917,39.888026
persona_heuristic,persona_heuristic_w000726,6000000000000009089,8,Full-time Workhorse,2020-02-15T19:49:45+08:00,2020-02-15T20:43:45+08:00,2020-02-15T20:31:22+08:00,True,3.0,1882.0,6840.0,116.403805,39.898633,116.409617,39.896586
persona_heuristic,persona_heuristic_w000053,6000000000000000353,9,Full-time Workhorse,2020-02-15T09:10:56+08:00,2020-02-15T09:52:56+08:00,2020-02-15T09:25:14+08:00,True,3.0,914.0,3306.0,116.223847,40.220772,116.23224700000002,40.219296
persona_heuristic,persona_heuristic_w000065,6000000000000000361,9,Full-time Workhorse,2020-02-15T09:37:33+08:00,2020-02-15T10:12:33+08:00,2020-02-15T10:01:47+08:00,True,6.0,1907.0,6942.0,116.223847,40.220772,116.224377,40.208516
persona_heuristic,persona_heuristic_w000065,6000000000000000407,9,Full-time Workhorse,2020-02-15T09:30:52+08:00,2020-02-15T10:18:52+08:00,2020-02-15T10:01:47+08:00,True,6.0,1907.0,6942.0,116.223519,40.223315,116.248097,40.216706
persona_heuristic,persona_heuristic_w000095,6000000000000000804,9,Full-time Workhorse,2020-02-15T09:43:37+08:00,2020-02-15T10:30:37+08:00,2020-02-15T10:57:21+08:00,False,6.0,2841.0,10844.0,116.249105,40.220246,116.265047,40.196526
persona_heuristic,persona_heuristic_w000095,6000000000000000467,9,Full-time Workhorse,2020-02-15T09:47:35+08:00,2020-02-15T10:49:35+08:00,2020-02-15T10:57:21+08:00,False,6.0,2841.0,10844.0,116.251928,40.219962,116.272827,40.205856
persona_heuristic,persona_heuristic_w000069,6000000000000000679,10,Full-time Workhorse,2020-02-15T09:31:20+08:00,2020-02-15T12:31:20+08:00,2020-02-15T09:41:15+08:00,True,3.0,675.0,2314.0,116.309383,39.844365,116.308777,39.847316
persona_heuristic,persona_heuristic_w000079,6000000000000000741,10,Full-time Workhorse,2020-02-15T09:52:02+08:00,2020-02-15T10:36:02+08:00,2020-02-15T10:00:36+08:00,True,3.0,636.0,2147.0,116.311233,39.843761,116.30741700000002,39.851866
persona_heuristic,persona_heuristic_w000097,6000000000000000695,10,Full-time Workhorse,2020-02-15T10:18:01+08:00,2020-02-15T10:58:01+08:00,2020-02-15T10:41:53+08:00,True,3.0,1913.0,6971.0,116.310481,39.846895,116.30638700000002,39.847496
persona_heuristic,persona_heuristic_w000097,6000000000000001179,10,Full-time Workhorse,2020-02-15T10:15:41+08:00,2020-02-15T11:15:00+08:00,2020-02-15T10:41:53+08:00,True,6.0,1913.0,6971.0,116.299503,39.847797,116.282167,39.824956
persona_heuristic,persona_heuristic_w000172,6000000000000002339,10,Full-time Workhorse,2020-02-15T11:24:50+08:00,2020-02-15T12:30:00+08:00,2020-02-15T11:35:42+08:00,True,6.0,942.0,3425.0,116.288747,39.823386,116.283827,39.843636
persona_heuristic,persona_heuristic_w000216,6000000000000002305,10,Full-time Workhorse,2020-02-15T11:33:43+08:00,2020-02-15T12:31:43+08:00,2020-02-15T12:18:38+08:00,True,6.0,2318.0,8656.0,116.298455,39.849971,116.322217,39.849216
persona_heuristic,persona_heuristic_w000216,6000000000000002109,10,Full-time Workhorse,2020-02-15T11:38:09+08:00,2020-02-15T12:39:09+08:00,2020-02-15T12:18:38+08:00,True,6.0,2318.0,8656.0,116.303781,39.846645,116.316827,39.833216
persona_heuristic,persona_heuristic_w000276,6000000000000002755,10,Full-time Workhorse,2020-02-15T12:06:23+08:00,2020-02-15T12:48:23+08:00,2020-02-15T12:45:44+08:00,True,3.0,1544.0,5435.0,116.310259,39.843509,116.300057,39.842106
persona_heuristic,persona_heuristic_w000276,6000000000000003130,10,Full-time Workhorse,2020-02-15T12:14:30+08:00,2020-02-15T12:52:30+08:00,2020-02-15T12:45:44+08:00,True,3.0,1544.0,5435.0,116.310481,39.846895,116.310977,39.842926
persona_heuristic,persona_heuristic_w000304,6000000000000004047,10,Full-time Workhorse,2020-02-15T12:54:43+08:00,2020-02-15T16:15:00+08:00,2020-02-15T12:57:28+08:00,True,3.0,448.0,1369.0,116.309383,39.844365,116.305347,39.845236
persona_heuristic,persona_heuristic_w000344,6000000000000004277,10,Full-time Workhorse,2020-02-15T13:16:09+08:00,2020-02-15T14:01:09+08:00,2020-02-15T13:32:31+08:00,True,6.0,1351.0,5130.0,116.298705,39.856634,116.279717,39.861046
persona_heuristic,persona_heuristic_w000387,6000000000000004357,10,Full-time Workhorse,2020-02-15T13:26:02+08:00,2020-02-15T15:00:00+08:00,2020-02-15T14:05:44+08:00,True,6.0,1544.0,5933.0,116.295037,39.865266,116.260947,39.865196
persona_heuristic,persona_heuristic_w000420,6000000000000004696,10,Full-time Workhorse,2020-02-15T14:17:28+08:00,2020-02-15T15:14:28+08:00,2020-02-15T14:47:46+08:00,True,6.0,2266.0,8441.0,116.24185500000002,39.874994,116.249567,39.887466
persona_heuristic,persona_heuristic_w000420,6000000000000004752,10,Full-time Workhorse,2020-02-15T14:18:43+08:00,2020-02-15T15:16:43+08:00,2020-02-15T14:47:46+08:00,True,6.0,2266.0,8441.0,116.24185500000002,39.874994,116.252757,39.890176
persona_heuristic,persona_heuristic_w000451,6000000000000005059,10,Full-time Workhorse,2020-02-15T14:38:43+08:00,2020-02-15T15:12:43+08:00,2020-02-15T15:13:51+08:00,False,3.0,1431.0,4962.0,116.26316,39.905704,116.266557,39.905896
persona_heuristic,persona_heuristic_w000451,6000000000000005151,10,Full-time Workhorse,2020-02-15T14:31:49+08:00,2020-02-15T15:16:49+08:00,2020-02-15T15:13:51+08:00,True,3.0,1431.0,4962.0,116.263449,39.905799,116.252987,39.903786
persona_heuristic,persona_heuristic_w000468,6000000000000005683,10,Full-time Workhorse,2020-02-15T15:10:18+08:00,2020-02-15T15:48:18+08:00,2020-02-15T15:39:17+08:00,True,3.0,1157.0,3820.0,116.244992,39.906222,116.254557,39.907046
persona_heuristic,persona_heuristic_w000468,6000000000000005510,10,Full-time Workhorse,2020-02-15T15:06:42+08:00,2020-02-15T16:15:42+08:00,2020-02-15T15:39:17+08:00,True,3.0,1157.0,3820.0,116.244966,39.905969,116.251407,39.907396
persona_heuristic,persona_heuristic_w000503,6000000000000006049,10,Full-time Workhorse,2020-02-15T16:07:05+08:00,2020-02-15T16:58:05+08:00,2020-02-15T16:14:41+08:00,True,6.0,881.0,3174.0,116.255341,39.904313,116.245787,39.891846
persona_heuristic,persona_heuristic_w000516,6000000000000006215,10,Full-time Workhorse,2020-02-15T16:13:22+08:00,2020-02-15T19:13:22+08:00,2020-02-15T16:50:17+08:00,True,6.0,1817.0,6569.0,116.241422,39.889506,116.240477,39.899476
persona_heuristic,persona_heuristic_w000516,6000000000000006341,10,Full-time Workhorse,2020-02-15T16:14:45+08:00,2020-02-15T19:14:45+08:00,2020-02-15T16:50:17+08:00,True,6.0,1817.0,6569.0,116.241422,39.889506,116.214577,39.897106
persona_heuristic,persona_heuristic_w000551,6000000000000006483,10,Full-time Workhorse,2020-02-15T16:43:29+08:00,2020-02-15T17:46:29+08:00,2020-02-15T17:56:10+08:00,False,10.0,3370.0,13045.0,116.196875,39.896232,116.167427,39.911836
persona_heuristic,persona_heuristic_w000551,6000000000000006436,10,Full-time Workhorse,2020-02-15T17:03:47+08:00,2020-02-15T17:57:47+08:00,2020-02-15T17:56:10+08:00,True,6.0,3370.0,13045.0,116.216146,39.904645,116.203437,39.905426
persona_heuristic,persona_heuristic_w000615,6000000000000007490,10,Full-time Workhorse,2020-02-15T17:54:41+08:00,2020-02-15T18:35:41+08:00,2020-02-15T19:05:51+08:00,False,6.0,3951.0,15464.0,116.191567,39.907128,116.183677,39.914736
persona_heuristic,persona_heuristic_w000615,6000000000000007354,10,Full-time Workhorse,2020-02-15T17:30:34+08:00,2020-02-15T20:30:34+08:00,2020-02-15T19:05:51+08:00,True,6.0,3951.0,15464.0,116.216416,39.904877,116.213207,39.890836
persona_heuristic,persona_heuristic_w000689,6000000000000008205,10,Full-time Workhorse,2020-02-15T18:53:36+08:00,2020-02-15T19:39:36+08:00,2020-02-15T19:35:32+08:00,True,6.0,1532.0,5883.0,116.227964,39.899848,116.237147,39.917676
persona_heuristic,persona_heuristic_w000710,6000000000000008568,10,Full-time Workhorse,2020-02-15T19:16:30+08:00,2020-02-15T20:02:31+08:00,2020-02-15T20:20:40+08:00,False,6.0,2440.0,9169.0,116.243792,39.929568,116.232037,39.946096
persona_heuristic,persona_heuristic_w000710,6000000000000008628,10,Full-time Workhorse,2020-02-15T19:17:39+08:00,2020-02-15T20:21:39+08:00,2020-02-15T20:20:40+08:00,True,6.0,2440.0,9169.0,116.243223,39.926742,116.226697,39.949696
persona_heuristic,persona_heuristic_w000111,6000000000000000761,11,Full-time Workhorse,2020-02-15T10:20:32+08:00,2020-02-15T11:10:32+08:00,2020-02-15T10:52:40+08:00,True,6.0,1960.0,7170.0,116.161197,39.922276,116.168107,39.909086
persona_heuristic,persona_heuristic_w000111,6000000000000001189,11,Full-time Workhorse,2020-02-15T10:24:24+08:00,2020-02-15T11:20:24+08:00,2020-02-15T10:52:40+08:00,True,6.0,1960.0,7170.0,116.161448,39.922389,116.173747,39.911846
persona_heuristic,persona_heuristic_w000152,6000000000000001437,11,Full-time Workhorse,2020-02-15T10:43:03+08:00,2020-02-15T11:21:03+08:00,2020-02-15T11:46:38+08:00,False,6.0,2798.0,10655.0,116.180305,39.909834,116.193567,39.916296
persona_heuristic,persona_heuristic_w000152,6000000000000000926,11,Full-time Workhorse,2020-02-15T10:41:12+08:00,2020-02-15T11:46:12+08:00,2020-02-15T11:46:38+08:00,False,15.0,2798.0,10655.0,116.191107,39.907076,116.140637,39.931846
persona_heuristic,persona_heuristic_w000638,6000000000000008208,11,Full-time Workhorse,2020-02-15T18:25:22+08:00,2020-02-15T21:25:22+08:00,2020-02-15T18:43:20+08:00,True,3.0,1400.0,5332.0,116.150689,39.926924,116.150397,39.924386
persona_heuristic,persona_heuristic_w000663,6000000000000008627,11,Full-time Workhorse,2020-02-15T18:46:57+08:00,2020-02-15T21:46:57+08:00,2020-02-15T19:14:02+08:00,True,3.0,1442.0,5507.0,116.150689,39.926924,116.150397,39.924386
persona_heuristic,persona_heuristic_w000693,6000000000000008983,11,Full-time Workhorse,2020-02-15T19:15:15+08:00,2020-02-15T22:15:15+08:00,2020-02-15T19:45:48+08:00,True,3.0,1548.0,5952.0,116.150689,39.926924,116.158127,39.925686
persona_heuristic,persona_heuristic_w000040,6000000000000000449,12,Full-time Workhorse,2020-02-15T09:09:02+08:00,2020-02-15T09:39:02+08:00,2020-02-15T09:10:42+08:00,True,3.0,642.0,2177.0,116.314724,39.952683,116.306437,39.955736
persona_heuristic,persona_heuristic_w000061,6000000000000000726,12,Full-time Workhorse,2020-02-15T09:26:50+08:00,2020-02-15T10:48:50+08:00,2020-02-15T10:01:11+08:00,True,6.0,2471.0,9295.0,116.296814,39.966228,116.290607,39.952666
persona_heuristic,persona_heuristic_w000061,6000000000000000596,12,Full-time Workhorse,2020-02-15T09:09:48+08:00,2020-02-15T12:09:48+08:00,2020-02-15T10:01:11+08:00,True,6.0,2471.0,9295.0,116.288414,39.960714,116.303597,39.961416
persona_heuristic,persona_heuristic_w000100,6000000000000000410,12,Full-time Workhorse,2020-02-15T09:43:59+08:00,2020-02-15T10:33:59+08:00,2020-02-15T10:52:50+08:00,False,6.0,2570.0,9707.0,116.291835,39.968411,116.293747,39.958536
persona_heuristic,persona_heuristic_w000100,6000000000000000740,12,Full-time Workhorse,2020-02-15T09:53:10+08:00,2020-02-15T10:41:10+08:00,2020-02-15T10:52:50+08:00,False,6.0,2570.0,9707.0,116.308492,39.971103,116.290687,39.962386
persona_heuristic,persona_heuristic_w000141,6000000000000001223,12,Full-time Workhorse,2020-02-15T10:51:17+08:00,2020-02-15T11:23:17+08:00,2020-02-15T11:29:53+08:00,False,6.0,1793.0,6466.0,116.287717,39.965656,116.292297,39.974536
persona_heuristic,persona_heuristic_w000141,6000000000000001242,12,Full-time Workhorse,2020-02-15T10:55:43+08:00,2020-02-15T11:28:43+08:00,2020-02-15T11:29:53+08:00,False,3.0,1793.0,6466.0,116.287615,39.963806,116.292997,39.964976
persona_heuristic,persona_heuristic_w000201,6000000000000002123,12,Full-time Workhorse,2020-02-15T11:05:29+08:00,2020-02-15T11:35:30+08:00,2020-02-15T12:13:08+08:00,False,6.0,2588.0,9784.0,116.308517,39.971606,116.321487,39.978326
persona_heuristic,persona_heuristic_w000201,6000000000000001429,12,Full-time Workhorse,2020-02-15T11:02:22+08:00,2020-02-15T11:59:22+08:00,2020-02-15T12:13:08+08:00,False,6.0,2588.0,9784.0,116.304588,39.978203,116.309337,39.996606
persona_heuristic,persona_heuristic_w000277,6000000000000002641,12,Full-time Workhorse,2020-02-15T11:52:44+08:00,2020-02-15T12:41:44+08:00,2020-02-15T13:03:40+08:00,False,6.0,2620.0,9915.0,116.32582,39.995618,116.349047,39.983346
persona_heuristic,persona_heuristic_w000277,6000000000000002733,12,Full-time Workhorse,2020-02-15T12:00:19+08:00,2020-02-15T12:59:19+08:00,2020-02-15T13:03:40+08:00,False,6.0,2620.0,9915.0,116.329404,39.990528,116.325597,39.981076
persona_heuristic,persona_heuristic_w000347,6000000000000003628,12,Full-time Workhorse,2020-02-15T12:44:35+08:00,2020-02-15T13:36:42+08:00,2020-02-15T14:08:49+08:00,False,6.0,3529.0,13702.0,116.304887,39.978226,116.323917,39.987586
persona_heuristic,persona_heuristic_w000347,6000000000000003565,12,Full-time Workhorse,2020-02-15T12:45:05+08:00,2020-02-15T13:41:05+08:00,2020-02-15T14:08:49+08:00,False,6.0,3529.0,13702.0,116.327951,39.969578,116.356587,39.970786
persona_heuristic,persona_heuristic_w000413,6000000000000004388,12,Full-time Workhorse,2020-02-15T13:47:37+08:00,2020-02-15T14:29:37+08:00,2020-02-15T14:58:25+08:00,False,6.0,2905.0,11108.0,116.360129,39.977534,116.357717,39.996426
persona_heuristic,persona_heuristic_w000413,6000000000000004532,12,Full-time Workhorse,2020-02-15T13:55:52+08:00,2020-02-15T14:36:52+08:00,2020-02-15T14:58:25+08:00,False,6.0,2905.0,11108.0,116.351175,39.980225,116.348147,39.966086
persona_heuristic,persona_heuristic_w000458,6000000000000004826,12,Full-time Workhorse,2020-02-15T14:40:51+08:00,2020-02-15T15:29:51+08:00,2020-02-15T15:34:55+08:00,False,6.0,2095.0,7728.0,116.353724,39.956879,116.345397,39.972906
persona_heuristic,persona_heuristic_w000458,6000000000000005129,12,Full-time Workhorse,2020-02-15T14:45:23+08:00,2020-02-15T15:32:23+08:00,2020-02-15T15:34:55+08:00,False,6.0,2095.0,7728.0,116.353724,39.956879,116.339987,39.967576
persona_heuristic,persona_heuristic_w000490,6000000000000005802,12,Full-time Workhorse,2020-02-15T15:34:45+08:00,2020-02-15T16:11:45+08:00,2020-02-15T16:19:36+08:00,False,6.0,2376.0,8901.0,116.345236,39.98082,116.351177,39.994536
persona_heuristic,persona_heuristic_w000490,6000000000000005852,12,Full-time Workhorse,2020-02-15T15:33:49+08:00,2020-02-15T16:18:49+08:00,2020-02-15T16:19:36+08:00,False,6.0,2376.0,8901.0,116.349874,39.980474,116.336827,39.987256
persona_heuristic,persona_heuristic_w000520,6000000000000006190,12,Full-time Workhorse,2020-02-15T16:21:57+08:00,2020-02-15T16:59:57+08:00,2020-02-15T16:57:18+08:00,True,6.0,2238.0,8324.0,116.345121,39.980827,116.358697,39.995426
persona_heuristic,persona_heuristic_w000520,6000000000000005940,12,Full-time Workhorse,2020-02-15T16:26:59+08:00,2020-02-15T17:07:59+08:00,2020-02-15T16:57:18+08:00,True,6.0,2238.0,8324.0,116.351115,39.980531,116.341497,39.999446
persona_heuristic,persona_heuristic_w000556,6000000000000006301,12,Full-time Workhorse,2020-02-15T16:54:08+08:00,2020-02-15T17:35:08+08:00,2020-02-15T17:31:10+08:00,True,6.0,1870.0,6795.0,116.32582,39.995618,116.33772700000002,40.007126
persona_heuristic,persona_heuristic_w000556,6000000000000006158,12,Full-time Workhorse,2020-02-15T16:41:30+08:00,2020-02-15T17:41:31+08:00,2020-02-15T17:31:10+08:00,True,6.0,1870.0,6795.0,116.329356,39.991454,116.332367,40.005986
persona_heuristic,persona_heuristic_w000596,6000000000000007069,12,Full-time Workhorse,2020-02-15T17:17:21+08:00,2020-02-15T17:57:21+08:00,2020-02-15T18:32:44+08:00,False,6.0,3164.0,12186.0,116.342614,39.993567,116.347227,39.982796
persona_heuristic,persona_heuristic_w000596,6000000000000007010,12,Full-time Workhorse,2020-02-15T17:31:53+08:00,2020-02-15T18:11:53+08:00,2020-02-15T18:32:44+08:00,False,6.0,3164.0,12186.0,116.344397,40.007822,116.362067,40.008456
persona_heuristic,persona_heuristic_w000654,6000000000000008364,12,Full-time Workhorse,2020-02-15T18:48:56+08:00,2020-02-15T19:29:56+08:00,2020-02-15T19:45:02+08:00,False,3.0,3902.0,15256.0,116.343574,40.008209,116.337887,40.013526
persona_heuristic,persona_heuristic_w000654,6000000000000007766,12,Full-time Workhorse,2020-02-15T18:34:06+08:00,2020-02-15T21:04:06+08:00,2020-02-15T19:45:02+08:00,True,3.0,3902.0,15256.0,116.361704,40.016435,116.359547,40.016176
persona_heuristic,persona_heuristic_w000054,6000000000000000225,13,Full-time Workhorse,2020-02-15T09:14:59+08:00,2020-02-15T09:55:59+08:00,2020-02-15T09:32:06+08:00,True,3.0,1326.0,5027.0,116.354905,39.836519,116.364567,39.837356
persona_heuristic,persona_heuristic_w000073,6000000000000000597,13,Full-time Workhorse,2020-02-15T09:41:49+08:00,2020-02-15T10:19:49+08:00,2020-02-15T10:10:55+08:00,True,6.0,1855.0,6728.0,116.355675,39.833761,116.378387,39.840646
persona_heuristic,persona_heuristic_w000073,6000000000000000325,13,Full-time Workhorse,2020-02-15T09:30:00+08:00,2020-02-15T10:31:01+08:00,2020-02-15T10:10:55+08:00,True,6.0,1855.0,6728.0,116.359472,39.833364,116.375997,39.832606
persona_heuristic,persona_heuristic_w000112,6000000000000000822,13,Full-time Workhorse,2020-02-15T10:02:47+08:00,2020-02-15T10:49:47+08:00,2020-02-15T10:49:19+08:00,True,6.0,1759.0,6328.0,116.360752,39.845855,116.368127,39.835506
persona_heuristic,persona_heuristic_w000112,6000000000000000497,13,Full-time Workhorse,2020-02-15T10:11:19+08:00,2020-02-15T11:08:19+08:00,2020-02-15T10:49:19+08:00,True,6.0,1759.0,6328.0,116.360752,39.845855,116.375407,39.838406
persona_heuristic,persona_heuristic_w000136,6000000000000001617,13,Full-time Workhorse,2020-02-15T10:46:51+08:00,2020-02-15T11:27:51+08:00,2020-02-15T11:31:45+08:00,False,6.0,2505.0,9435.0,116.354287,39.835816,116.365387,39.846146
persona_heuristic,persona_heuristic_w000136,6000000000000001222,13,Full-time Workhorse,2020-02-15T10:50:39+08:00,2020-02-15T11:33:39+08:00,2020-02-15T11:31:45+08:00,True,3.0,2505.0,9435.0,116.369398,39.847032,116.366427,39.841776
persona_heuristic,persona_heuristic_w000208,6000000000000001945,13,Full-time Workhorse,2020-02-15T11:10:16+08:00,2020-02-15T12:02:16+08:00,2020-02-15T12:03:37+08:00,False,3.0,1417.0,4904.0,116.360752,39.845855,116.366217,39.846536
persona_heuristic,persona_heuristic_w000208,6000000000000002156,13,Full-time Workhorse,2020-02-15T11:18:35+08:00,2020-02-15T12:02:35+08:00,2020-02-15T12:03:37+08:00,False,6.0,1417.0,4904.0,116.360752,39.845855,116.342237,39.845406
persona_heuristic,persona_heuristic_w000253,6000000000000002318,13,Full-time Workhorse,2020-02-15T11:42:31+08:00,2020-02-15T12:17:31+08:00,2020-02-15T13:09:03+08:00,False,6.0,3543.0,13763.0,116.354034,39.844624,116.342497,39.841826
persona_heuristic,persona_heuristic_w000253,6000000000000003070,13,Full-time Workhorse,2020-02-15T11:43:02+08:00,2020-02-15T12:28:02+08:00,2020-02-15T13:09:03+08:00,False,6.0,3543.0,13763.0,116.34855,39.849979,116.371207,39.843576
persona_heuristic,persona_heuristic_w000340,6000000000000003502,13,Full-time Workhorse,2020-02-15T12:51:46+08:00,2020-02-15T13:29:46+08:00,2020-02-15T13:41:15+08:00,False,6.0,1875.0,6809.0,116.360752,39.845855,116.359467,39.833356
persona_heuristic,persona_heuristic_w000340,6000000000000003911,13,Full-time Workhorse,2020-02-15T12:43:30+08:00,2020-02-15T13:33:30+08:00,2020-02-15T13:41:15+08:00,False,6.0,1875.0,6809.0,116.360883,39.845825,116.363937,39.865666
persona_heuristic,persona_heuristic_w000398,6000000000000004207,13,Full-time Workhorse,2020-02-15T13:36:40+08:00,2020-02-15T14:18:40+08:00,2020-02-15T14:30:58+08:00,False,6.0,2458.0,9242.0,116.354537,39.870916,116.342377,39.854936
persona_heuristic,persona_heuristic_w000398,6000000000000004952,13,Full-time Workhorse,2020-02-15T13:56:53+08:00,2020-02-15T14:36:53+08:00,2020-02-15T14:30:58+08:00,True,6.0,2458.0,9242.0,116.349896,39.865484,116.351417,39.877306
persona_heuristic,persona_heuristic_w000440,6000000000000005101,13,Full-time Workhorse,2020-02-15T14:22:05+08:00,2020-02-15T15:06:05+08:00,2020-02-15T15:10:31+08:00,False,6.0,1831.0,6635.0,116.355308,39.877295,116.341047,39.894386
persona_heuristic,persona_heuristic_w000440,6000000000000005047,13,Full-time Workhorse,2020-02-15T14:27:29+08:00,2020-02-15T15:15:29+08:00,2020-02-15T15:10:31+08:00,True,6.0,1831.0,6635.0,116.354078,39.882203,116.328367,39.888276
persona_heuristic,persona_heuristic_w000474,6000000000000005364,13,Full-time Workhorse,2020-02-15T15:21:31+08:00,2020-02-15T15:56:31+08:00,2020-02-15T15:55:19+08:00,True,6.0,2119.0,7827.0,116.351183,39.887967,116.344367,39.896546
persona_heuristic,persona_heuristic_w000474,6000000000000005570,13,Full-time Workhorse,2020-02-15T15:17:50+08:00,2020-02-15T16:09:50+08:00,2020-02-15T15:55:19+08:00,True,6.0,2119.0,7827.0,116.34339,39.893493,116.331787,39.891846
persona_heuristic,persona_heuristic_w000507,6000000000000005808,13,Full-time Workhorse,2020-02-15T15:40:19+08:00,2020-02-15T16:27:19+08:00,2020-02-15T16:48:41+08:00,False,6.0,2921.0,11168.0,116.342826,39.894091,116.327467,39.892386
persona_heuristic,persona_heuristic_w000507,6000000000000005908,13,Full-time Workhorse,2020-02-15T15:55:45+08:00,2020-02-15T16:41:46+08:00,2020-02-15T16:48:41+08:00,False,6.0,2921.0,11168.0,116.343601,39.877731,116.336757,39.869866
persona_heuristic,persona_heuristic_w000541,6000000000000006087,13,Full-time Workhorse,2020-02-15T16:29:30+08:00,2020-02-15T17:09:30+08:00,2020-02-15T17:14:56+08:00,False,3.0,1496.0,5235.0,116.343601,39.877731,116.343037,39.879096
persona_heuristic,persona_heuristic_w000541,6000000000000005957,13,Full-time Workhorse,2020-02-15T16:35:45+08:00,2020-02-15T17:30:45+08:00,2020-02-15T17:14:56+08:00,True,6.0,1496.0,5235.0,116.343601,39.877731,116.362067,39.867086
persona_heuristic,persona_heuristic_w000572,6000000000000006596,13,Full-time Workhorse,2020-02-15T17:05:59+08:00,2020-02-15T17:57:59+08:00,2020-02-15T18:03:53+08:00,False,6.0,2633.0,9968.0,116.354869,39.870899,116.378557,39.877956
persona_heuristic,persona_heuristic_w000572,6000000000000006456,13,Full-time Workhorse,2020-02-15T17:10:09+08:00,2020-02-15T17:58:09+08:00,2020-02-15T18:03:53+08:00,False,6.0,2633.0,9968.0,116.354537,39.870916,116.344327,39.855266
persona_heuristic,persona_heuristic_w000634,6000000000000007109,13,Full-time Workhorse,2020-02-15T17:44:12+08:00,2020-02-15T18:29:12+08:00,2020-02-15T18:40:42+08:00,False,6.0,1842.0,6678.0,116.360752,39.845855,116.361127,39.835956
persona_heuristic,persona_heuristic_w000634,6000000000000007102,13,Full-time Workhorse,2020-02-15T17:41:10+08:00,2020-02-15T18:38:10+08:00,2020-02-15T18:40:42+08:00,False,6.0,1842.0,6678.0,116.360789,39.846238,116.371207,39.832846
persona_heuristic,persona_heuristic_w000666,6000000000000008229,13,Full-time Workhorse,2020-02-15T18:20:27+08:00,2020-02-15T19:06:27+08:00,2020-02-15T19:43:17+08:00,False,6.0,3197.0,12324.0,116.359588,39.833446,116.387597,39.841316
persona_heuristic,persona_heuristic_w000666,6000000000000008028,13,Full-time Workhorse,2020-02-15T18:36:39+08:00,2020-02-15T19:20:39+08:00,2020-02-15T19:43:17+08:00,False,3.0,3197.0,12324.0,116.35803500000002,39.832743,116.361507,39.832996
persona_heuristic,persona_heuristic_w000723,6000000000000008787,13,Full-time Workhorse,2020-02-15T19:49:26+08:00,2020-02-15T20:30:26+08:00,2020-02-15T20:18:47+08:00,True,6.0,1727.0,6695.0,116.34496,39.844625,116.329987,39.832916
persona_heuristic,persona_heuristic_w000043,6000000000000000308,14,Full-time Workhorse,2020-02-15T09:02:44+08:00,2020-02-15T09:32:45+08:00,2020-02-15T09:21:49+08:00,True,6.0,1309.0,4455.0,116.480582,39.969483,116.470547,39.964276
persona_heuristic,persona_heuristic_w000043,6000000000000000254,14,Full-time Workhorse,2020-02-15T09:03:32+08:00,2020-02-15T09:33:32+08:00,2020-02-15T09:21:49+08:00,True,3.0,1309.0,4455.0,116.480582,39.969483,116.480647,39.970746
persona_heuristic,persona_heuristic_w000099,6000000000000001101,14,Full-time Workhorse,2020-02-15T10:10:35+08:00,2020-02-15T12:30:00+08:00,2020-02-15T10:26:31+08:00,True,3.0,991.0,3627.0,116.470967,39.965846,116.476437,39.959156
persona_heuristic,persona_heuristic_w000115,6000000000000000902,14,Full-time Workhorse,2020-02-15T10:23:13+08:00,2020-02-15T11:06:13+08:00,2020-02-15T11:29:22+08:00,False,6.0,3562.0,13837.0,116.48118,39.959474,116.481647,39.968816
persona_heuristic,persona_heuristic_w000115,6000000000000001272,14,Full-time Workhorse,2020-02-15T10:31:43+08:00,2020-02-15T11:39:43+08:00,2020-02-15T11:29:22+08:00,True,6.0,3562.0,13837.0,116.453655,39.960951,116.460077,39.945826
persona_heuristic,persona_heuristic_w000199,6000000000000002225,14,Full-time Workhorse,2020-02-15T11:05:24+08:00,2020-02-15T11:52:24+08:00,2020-02-15T12:07:26+08:00,False,6.0,2246.0,8361.0,116.45701,39.933465,116.467667,39.929646
persona_heuristic,persona_heuristic_w000199,6000000000000002349,14,Full-time Workhorse,2020-02-15T11:26:46+08:00,2020-02-15T11:59:46+08:00,2020-02-15T12:07:26+08:00,False,6.0,2246.0,8361.0,116.449397,39.931966,116.461847,39.931676
persona_heuristic,persona_heuristic_w000258,6000000000000003010,14,Full-time Workhorse,2020-02-15T11:51:20+08:00,2020-02-15T12:30:20+08:00,2020-02-15T12:49:22+08:00,False,6.0,2362.0,8842.0,116.444972,39.931501,116.466567,39.932096
persona_heuristic,persona_heuristic_w000258,6000000000000003181,14,Full-time Workhorse,2020-02-15T11:58:12+08:00,2020-02-15T12:31:12+08:00,2020-02-15T12:49:22+08:00,False,6.0,2362.0,8842.0,116.446389,39.92748,116.439437,39.939576
persona_heuristic,persona_heuristic_w000323,6000000000000003711,14,Full-time Workhorse,2020-02-15T12:53:34+08:00,2020-02-15T13:37:34+08:00,2020-02-15T13:22:18+08:00,True,6.0,1938.0,7072.0,116.435178,39.955209,116.439877,39.946456
persona_heuristic,persona_heuristic_w000323,6000000000000003645,14,Full-time Workhorse,2020-02-15T12:58:02+08:00,2020-02-15T13:42:02+08:00,2020-02-15T13:22:18+08:00,True,6.0,1938.0,7072.0,116.450476,39.948593,116.438967,39.954236
persona_heuristic,persona_heuristic_w000363,6000000000000004102,14,Full-time Workhorse,2020-02-15T13:10:04+08:00,2020-02-15T13:51:04+08:00,2020-02-15T14:15:40+08:00,False,6.0,2740.0,10415.0,116.430049,39.955605,116.421227,39.941196
persona_heuristic,persona_heuristic_w000363,6000000000000004573,14,Full-time Workhorse,2020-02-15T13:19:45+08:00,2020-02-15T13:51:45+08:00,2020-02-15T14:15:40+08:00,False,3.0,2740.0,10415.0,116.437203,39.957749,116.435157,39.959656
persona_heuristic,persona_heuristic_w000422,6000000000000004531,14,Full-time Workhorse,2020-02-15T13:53:53+08:00,2020-02-15T14:32:53+08:00,2020-02-15T15:03:56+08:00,False,6.0,2636.0,9979.0,116.439968,39.965399,116.466037,39.981946
persona_heuristic,persona_heuristic_w000422,6000000000000004706,14,Full-time Workhorse,2020-02-15T14:23:44+08:00,2020-02-15T14:55:44+08:00,2020-02-15T15:03:56+08:00,False,6.0,2636.0,9979.0,116.44161,39.961696,116.438977,39.971506
persona_heuristic,persona_heuristic_w000465,6000000000000005673,14,Full-time Workhorse,2020-02-15T15:06:28+08:00,2020-02-15T15:57:28+08:00,2020-02-15T15:53:07+08:00,True,10.0,2587.0,9776.0,116.443406,39.961073,116.405487,39.974186
persona_heuristic,persona_heuristic_w000465,6000000000000005524,14,Full-time Workhorse,2020-02-15T14:47:30+08:00,2020-02-15T17:47:30+08:00,2020-02-15T15:53:07+08:00,True,6.0,2587.0,9776.0,116.435008,39.965337,116.405647,39.962916
persona_heuristic,persona_heuristic_w000506,6000000000000005650,14,Full-time Workhorse,2020-02-15T15:41:35+08:00,2020-02-15T16:22:35+08:00,2020-02-15T16:33:38+08:00,False,6.0,2018.0,7407.0,116.42295,39.957621,116.402247,39.957726
persona_heuristic,persona_heuristic_w000506,6000000000000005874,14,Full-time Workhorse,2020-02-15T15:45:02+08:00,2020-02-15T16:30:04+08:00,2020-02-15T16:33:38+08:00,False,6.0,2018.0,7407.0,116.415017,39.954596,116.424137,39.962986
persona_heuristic,persona_heuristic_w000531,6000000000000005994,14,Full-time Workhorse,2020-02-15T16:10:08+08:00,2020-02-15T16:51:08+08:00,2020-02-15T17:16:39+08:00,False,6.0,2199.0,8164.0,116.428297,39.96149,116.440867,39.965256
persona_heuristic,persona_heuristic_w000531,6000000000000005847,14,Full-time Workhorse,2020-02-15T16:27:15+08:00,2020-02-15T16:57:16+08:00,2020-02-15T17:16:39+08:00,False,6.0,2199.0,8164.0,116.422517,39.956316,116.422437,39.966686
persona_heuristic,persona_heuristic_w000573,6000000000000006512,14,Full-time Workhorse,2020-02-15T17:08:01+08:00,2020-02-15T17:43:01+08:00,2020-02-15T17:51:41+08:00,False,3.0,1901.0,6922.0,116.430049,39.955605,116.428847,39.954926
persona_heuristic,persona_heuristic_w000573,6000000000000006706,14,Full-time Workhorse,2020-02-15T16:58:48+08:00,2020-02-15T17:55:48+08:00,2020-02-15T17:51:41+08:00,True,6.0,1901.0,6922.0,116.42563,39.966434,116.440597,39.950066
persona_heuristic,persona_heuristic_w000614,6000000000000007012,14,Full-time Workhorse,2020-02-15T17:32:18+08:00,2020-02-15T18:11:18+08:00,2020-02-15T18:38:40+08:00,False,6.0,2320.0,8667.0,116.445074,39.949573,116.432817,39.953426
persona_heuristic,persona_heuristic_w000614,6000000000000006969,14,Full-time Workhorse,2020-02-15T17:45:24+08:00,2020-02-15T18:21:24+08:00,2020-02-15T18:38:40+08:00,False,6.0,2320.0,8667.0,116.425482,39.940679,116.411797,39.946016
persona_heuristic,persona_heuristic_w000656,6000000000000008076,14,Full-time Workhorse,2020-02-15T18:18:32+08:00,2020-02-15T18:57:32+08:00,2020-02-15T19:08:56+08:00,False,6.0,1736.0,6234.0,116.420447,39.940371,116.419197,39.930026
persona_heuristic,persona_heuristic_w000656,6000000000000008240,14,Full-time Workhorse,2020-02-15T18:26:51+08:00,2020-02-15T19:09:51+08:00,2020-02-15T19:08:56+08:00,True,6.0,1736.0,6234.0,116.417779,39.932541,116.401177,39.927546
persona_heuristic,persona_heuristic_w000686,6000000000000008360,14,Full-time Workhorse,2020-02-15T18:46:36+08:00,2020-02-15T19:21:36+08:00,2020-02-15T19:55:23+08:00,False,6.0,2723.0,10344.0,116.401902,39.932111,116.383677,39.931516
persona_heuristic,persona_heuristic_w000686,6000000000000008558,14,Full-time Workhorse,2020-02-15T19:01:37+08:00,2020-02-15T19:45:37+08:00,2020-02-15T19:55:23+08:00,False,6.0,2723.0,10344.0,116.408861,39.923743,116.418107,39.932236
persona_heuristic,persona_heuristic_w000725,6000000000000008592,14,Full-time Workhorse,2020-02-15T19:40:18+08:00,2020-02-15T20:24:27+08:00,2020-02-15T20:36:41+08:00,False,6.0,2201.0,8171.0,116.41777700000002,39.932546,116.403157,39.917866
persona_heuristic,persona_heuristic_w000725,6000000000000008987,14,Full-time Workhorse,2020-02-15T19:47:00+08:00,2020-02-15T20:45:00+08:00,2020-02-15T20:36:41+08:00,True,6.0,2201.0,8171.0,116.417509,39.941738,116.421827,39.927066
persona_heuristic,persona_heuristic_w000056,6000000000000000666,15,Full-time Workhorse,2020-02-15T09:21:17+08:00,2020-02-15T11:30:00+08:00,2020-02-15T09:34:46+08:00,True,6.0,886.0,3190.0,116.630922,39.904028,116.657547,39.909476
persona_heuristic,persona_heuristic_w000085,6000000000000001353,15,Full-time Workhorse,2020-02-15T09:51:15+08:00,2020-02-15T12:50:15+08:00,2020-02-15T10:12:51+08:00,True,6.0,1371.0,5213.0,116.642803,39.920638,116.632457,39.927636
persona_heuristic,persona_heuristic_w000109,6000000000000000749,15,Full-time Workhorse,2020-02-15T10:07:42+08:00,2020-02-15T10:49:42+08:00,2020-02-15T10:39:06+08:00,True,3.0,1146.0,3776.0,116.62917600000002,39.922566,116.634347,39.929076
persona_heuristic,persona_heuristic_w000109,6000000000000000645,15,Full-time Workhorse,2020-02-15T09:50:17+08:00,2020-02-15T12:20:17+08:00,2020-02-15T10:39:06+08:00,True,3.0,1146.0,3776.0,116.625171,39.926247,116.634577,39.928716
persona_heuristic,persona_heuristic_w000119,6000000000000001287,15,Full-time Workhorse,2020-02-15T10:45:00+08:00,2020-02-15T11:30:00+08:00,2020-02-15T11:02:38+08:00,True,3.0,1358.0,4660.0,116.630037,39.924566,116.632577,39.930146
persona_heuristic,persona_heuristic_w000119,6000000000000001063,15,Full-time Workhorse,2020-02-15T10:46:42+08:00,2020-02-15T11:34:42+08:00,2020-02-15T11:02:38+08:00,True,3.0,1358.0,4660.0,116.630037,39.924566,116.637807,39.927626
persona_heuristic,persona_heuristic_w000166,6000000000000002032,15,Full-time Workhorse,2020-02-15T11:08:43+08:00,2020-02-15T12:11:43+08:00,2020-02-15T11:48:49+08:00,True,6.0,2329.0,8703.0,116.630037,39.924566,116.627887,39.941836
persona_heuristic,persona_heuristic_w000166,6000000000000001070,15,Full-time Workhorse,2020-02-15T10:49:05+08:00,2020-02-15T13:19:05+08:00,2020-02-15T11:48:49+08:00,True,3.0,2329.0,8703.0,116.625171,39.926247,116.628287,39.926266
persona_heuristic,persona_heuristic_w000263,6000000000000003529,15,Full-time Workhorse,2020-02-15T12:24:46+08:00,2020-02-15T13:22:46+08:00,2020-02-15T12:51:27+08:00,True,6.0,1887.0,6863.0,116.62934,39.923075,116.630167,39.911556
persona_heuristic,persona_heuristic_w000263,6000000000000002677,15,Full-time Workhorse,2020-02-15T12:27:35+08:00,2020-02-15T13:33:35+08:00,2020-02-15T12:51:27+08:00,True,6.0,1887.0,6863.0,116.62934,39.923075,116.634627,39.906956
persona_heuristic,persona_heuristic_w000325,6000000000000003482,15,Full-time Workhorse,2020-02-15T12:44:23+08:00,2020-02-15T13:25:23+08:00,2020-02-15T13:28:05+08:00,False,6.0,1685.0,6023.0,116.631721,39.90432,116.619247,39.899926
persona_heuristic,persona_heuristic_w000325,6000000000000004413,15,Full-time Workhorse,2020-02-15T13:09:57+08:00,2020-02-15T13:57:57+08:00,2020-02-15T13:28:05+08:00,True,6.0,1685.0,6023.0,116.634311,39.904,116.614657,39.904946
persona_heuristic,persona_heuristic_w000370,6000000000000004265,15,Full-time Workhorse,2020-02-15T13:14:36+08:00,2020-02-15T14:00:36+08:00,2020-02-15T13:58:25+08:00,True,6.0,1705.0,6105.0,116.630789,39.904632,116.641697,39.918886
persona_heuristic,persona_heuristic_w000370,6000000000000004576,15,Full-time Workhorse,2020-02-15T13:22:27+08:00,2020-02-15T14:16:27+08:00,2020-02-15T13:58:25+08:00,True,6.0,1705.0,6105.0,116.633255,39.904342,116.647987,39.920806
persona_heuristic,persona_heuristic_w000407,6000000000000004449,15,Full-time Workhorse,2020-02-15T13:42:28+08:00,2020-02-15T14:19:28+08:00,2020-02-15T14:56:22+08:00,False,3.0,3382.0,13091.0,116.663256,39.931652,116.665617,39.939666
persona_heuristic,persona_heuristic_w000407,6000000000000003956,15,Full-time Workhorse,2020-02-15T13:38:24+08:00,2020-02-15T14:41:24+08:00,2020-02-15T14:56:22+08:00,False,6.0,3382.0,13091.0,116.665969,39.913404,116.671267,39.925356
persona_heuristic,persona_heuristic_w000452,6000000000000004997,15,Full-time Workhorse,2020-02-15T14:34:42+08:00,2020-02-15T15:31:42+08:00,2020-02-15T15:29:36+08:00,True,6.0,1776.0,6405.0,116.675771,39.928609,116.651197,39.934946
persona_heuristic,persona_heuristic_w000452,6000000000000005003,15,Full-time Workhorse,2020-02-15T14:43:12+08:00,2020-02-15T15:41:12+08:00,2020-02-15T15:29:36+08:00,True,6.0,1776.0,6405.0,116.668,39.930151,116.652167,39.934946
persona_heuristic,persona_heuristic_w000479,6000000000000005736,15,Full-time Workhorse,2020-02-15T15:27:41+08:00,2020-02-15T16:26:41+08:00,2020-02-15T16:36:56+08:00,False,6.0,4016.0,15732.0,116.663146,39.928254,116.644367,39.944196
persona_heuristic,persona_heuristic_w000479,6000000000000005385,15,Full-time Workhorse,2020-02-15T15:39:54+08:00,2020-02-15T16:42:54+08:00,2020-02-15T16:36:56+08:00,True,6.0,4016.0,15732.0,116.671316,39.929669,116.666497,39.939526
persona_heuristic,persona_heuristic_w000546,6000000000000006416,15,Full-time Workhorse,2020-02-15T16:51:28+08:00,2020-02-15T17:36:28+08:00,2020-02-15T17:18:21+08:00,True,3.0,1701.0,6086.0,116.678504,39.929602,116.680477,39.931946
persona_heuristic,persona_heuristic_w000546,6000000000000006420,15,Full-time Workhorse,2020-02-15T16:56:49+08:00,2020-02-15T17:42:49+08:00,2020-02-15T17:18:21+08:00,True,6.0,1701.0,6086.0,116.675823,39.926315,116.677517,39.937136
persona_heuristic,persona_heuristic_w000574,6000000000000006917,15,Full-time Workhorse,2020-02-15T17:15:01+08:00,2020-02-15T17:53:01+08:00,2020-02-15T17:28:11+08:00,True,3.0,491.0,1548.0,116.677585,39.929644,116.680477,39.931946
persona_heuristic,persona_heuristic_w000589,6000000000000006462,15,Full-time Workhorse,2020-02-15T17:14:33+08:00,2020-02-15T18:18:33+08:00,2020-02-15T18:11:04+08:00,True,10.0,2464.0,9267.0,116.69029,39.917816,116.722717,39.906306
persona_heuristic,persona_heuristic_w000589,6000000000000006729,15,Full-time Workhorse,2020-02-15T17:13:15+08:00,2020-02-15T18:19:15+08:00,2020-02-15T18:11:04+08:00,True,10.0,2464.0,9267.0,116.686365,39.916212,116.724257,39.908656
persona_heuristic,persona_heuristic_w000145,6000000000000000988,16,Lunch-Peak Specialist,2020-02-15T10:35:59+08:00,2020-02-15T11:30:59+08:00,2020-02-15T11:25:58+08:00,True,6.0,1558.0,5993.0,116.464113,39.996432,116.455157,40.012976
persona_heuristic,persona_heuristic_w000204,6000000000000001309,16,Lunch-Peak Specialist,2020-02-15T11:04:17+08:00,2020-02-15T12:04:17+08:00,2020-02-15T12:11:00+08:00,False,10.0,2460.0,9750.0,116.45569,39.995826,116.472237,39.970466
persona_heuristic,persona_heuristic_w000267,6000000000000002937,16,Lunch-Peak Specialist,2020-02-15T12:01:58+08:00,2020-02-15T12:49:58+08:00,2020-02-15T12:42:22+08:00,True,6.0,1342.0,5092.0,116.469027,39.977466,116.478357,39.969436
persona_heuristic,persona_heuristic_w000321,6000000000000003046,16,Lunch-Peak Specialist,2020-02-15T12:20:55+08:00,2020-02-15T12:58:55+08:00,2020-02-15T13:01:33+08:00,False,3.0,693.0,2389.0,116.493221,39.963001,116.491467,39.965136
persona_heuristic,persona_heuristic_w000345,6000000000000003572,16,Lunch-Peak Specialist,2020-02-15T12:47:41+08:00,2020-02-15T13:35:41+08:00,2020-02-15T13:35:22+08:00,True,6.0,1522.0,5844.0,116.480437,39.975176,116.476667,39.960376
persona_heuristic,persona_heuristic_w000400,6000000000000004665,16,Lunch-Peak Specialist,2020-02-15T13:43:07+08:00,2020-02-15T14:13:07+08:00,2020-02-15T14:14:45+08:00,False,6.0,1485.0,5688.0,116.479595,39.973622,116.489587,39.964706
persona_heuristic,persona_heuristic_w000154,6000000000000000843,17,Lunch-Peak Specialist,2020-02-15T10:31:30+08:00,2020-02-15T11:17:30+08:00,2020-02-15T11:17:58+08:00,False,6.0,1078.0,3988.0,116.361123,39.946227,116.364087,39.958596
persona_heuristic,persona_heuristic_w000190,6000000000000001507,17,Lunch-Peak Specialist,2020-02-15T11:26:55+08:00,2020-02-15T12:00:55+08:00,2020-02-15T11:40:11+08:00,True,3.0,611.0,2044.0,116.361705,39.954298,116.366327,39.955086
persona_heuristic,persona_heuristic_w000225,6000000000000001788,17,Lunch-Peak Specialist,2020-02-15T11:22:26+08:00,2020-02-15T12:04:26+08:00,2020-02-15T12:15:22+08:00,False,3.0,1522.0,5843.0,116.352591,39.950209,116.355727,39.952076
persona_heuristic,persona_heuristic_w000266,6000000000000003162,17,Lunch-Peak Specialist,2020-02-15T11:54:03+08:00,2020-02-15T12:26:03+08:00,2020-02-15T12:28:40+08:00,False,3.0,520.0,1666.0,116.36162,39.946191,116.361117,39.950566
persona_heuristic,persona_heuristic_w000285,6000000000000003253,17,Lunch-Peak Specialist,2020-02-15T12:07:51+08:00,2020-02-15T12:53:51+08:00,2020-02-15T12:48:25+08:00,True,6.0,1105.0,4107.0,116.353655,39.941735,116.340247,39.934406
persona_heuristic,persona_heuristic_w000309,6000000000000003693,17,Lunch-Peak Specialist,2020-02-15T12:32:46+08:00,2020-02-15T13:28:46+08:00,2020-02-15T13:11:57+08:00,True,6.0,1317.0,4987.0,116.343191,39.940317,116.325607,39.926066
persona_heuristic,persona_heuristic_w000155,6000000000000001197,18,Lunch-Peak Specialist,2020-02-15T10:31:06+08:00,2020-02-15T11:17:06+08:00,2020-02-15T11:19:00+08:00,False,6.0,1140.0,4250.0,116.321689,39.88319,116.323177,39.893176
persona_heuristic,persona_heuristic_w000188,6000000000000001957,18,Lunch-Peak Specialist,2020-02-15T11:16:29+08:00,2020-02-15T11:56:29+08:00,2020-02-15T11:39:07+08:00,True,6.0,1147.0,4280.0,116.307355,39.883362,116.305947,39.873886
persona_heuristic,persona_heuristic_w000210,6000000000000002823,18,Lunch-Peak Specialist,2020-02-15T11:44:48+08:00,2020-02-15T12:39:48+08:00,2020-02-15T11:55:37+08:00,True,6.0,937.0,3404.0,116.305351,39.883428,116.319037,39.882466
persona_heuristic,persona_heuristic_w000230,6000000000000002087,18,Lunch-Peak Specialist,2020-02-15T11:33:29+08:00,2020-02-15T12:19:29+08:00,2020-02-15T12:13:06+08:00,True,6.0,786.0,2775.0,116.321768,39.883747,116.313567,39.875496
persona_heuristic,persona_heuristic_w000271,6000000000000002863,18,Lunch-Peak Specialist,2020-02-15T12:05:38+08:00,2020-02-15T12:49:38+08:00,2020-02-15T12:37:41+08:00,True,6.0,1061.0,3920.0,116.321768,39.883747,116.309307,39.881176
persona_heuristic,persona_heuristic_w000294,6000000000000002960,18,Lunch-Peak Specialist,2020-02-15T12:11:58+08:00,2020-02-15T12:58:58+08:00,2020-02-15T13:00:51+08:00,False,6.0,1251.0,4711.0,116.321768,39.883747,116.310297,39.878216
persona_heuristic,persona_heuristic_w000338,6000000000000003713,18,Lunch-Peak Specialist,2020-02-15T12:54:42+08:00,2020-02-15T13:45:42+08:00,2020-02-15T13:21:26+08:00,True,6.0,686.0,2360.0,116.314407,39.882436,116.317647,39.872666
persona_heuristic,persona_heuristic_w000369,6000000000000004273,18,Lunch-Peak Specialist,2020-02-15T13:18:04+08:00,2020-02-15T13:59:04+08:00,2020-02-15T13:52:40+08:00,True,6.0,1360.0,5167.0,116.307355,39.883362,116.299307,39.891916
persona_heuristic,persona_heuristic_w000405,6000000000000004842,18,Lunch-Peak Specialist,2020-02-15T14:02:21+08:00,2020-02-15T14:57:21+08:00,2020-02-15T14:32:38+08:00,True,10.0,1958.0,7656.0,116.309837,39.896522,116.350587,39.896736
persona_heuristic,persona_heuristic_w000131,6000000000000000942,19,Lunch-Peak Specialist,2020-02-15T10:50:33+08:00,2020-02-15T11:46:33+08:00,2020-02-15T11:13:09+08:00,True,10.0,1389.0,5287.0,116.323246,39.722024,116.303027,39.744876
persona_heuristic,persona_heuristic_w000189,6000000000000002039,19,Lunch-Peak Specialist,2020-02-15T11:10:18+08:00,2020-02-15T11:53:18+08:00,2020-02-15T11:50:10+08:00,True,6.0,1810.0,7044.0,116.32138,39.753189,116.299917,39.754406
persona_heuristic,persona_heuristic_w000244,6000000000000002992,19,Lunch-Peak Specialist,2020-02-15T11:45:19+08:00,2020-02-15T12:30:19+08:00,2020-02-15T12:27:35+08:00,True,6.0,1655.0,6395.0,116.321348,39.752737,116.304117,39.755566
persona_heuristic,persona_heuristic_w000348,6000000000000003930,19,Lunch-Peak Specialist,2020-02-15T13:11:45+08:00,2020-02-15T13:41:45+08:00,2020-02-15T13:32:13+08:00,True,6.0,1333.0,5054.0,116.323829,39.762961,116.308777,39.760676
persona_heuristic,persona_heuristic_w000385,6000000000000004194,19,Lunch-Peak Specialist,2020-02-15T13:24:01+08:00,2020-02-15T13:54:01+08:00,2020-02-15T13:52:50+08:00,True,3.0,770.0,2708.0,116.323829,39.762961,116.324467,39.756596
persona_heuristic,persona_heuristic_w000140,6000000000000001566,20,Lunch-Peak Specialist,2020-02-15T11:04:10+08:00,2020-02-15T12:26:10+08:00,2020-02-15T11:11:02+08:00,True,6.0,662.0,2255.0,116.294008,40.041728,116.285037,40.048056
persona_heuristic,persona_heuristic_w000179,6000000000000002227,20,Lunch-Peak Specialist,2020-02-15T11:06:49+08:00,2020-02-15T11:46:49+08:00,2020-02-15T11:38:37+08:00,True,6.0,1117.0,4153.0,116.293209,40.053724,116.302467,40.046936
persona_heuristic,persona_heuristic_w000226,6000000000000001784,20,Lunch-Peak Specialist,2020-02-15T11:20:57+08:00,2020-02-15T12:11:57+08:00,2020-02-15T12:11:00+08:00,True,6.0,1260.0,4749.0,116.298804,40.035314,116.307097,40.042896
persona_heuristic,persona_heuristic_w000268,6000000000000002397,20,Lunch-Peak Specialist,2020-02-15T11:50:51+08:00,2020-02-15T12:31:51+08:00,2020-02-15T12:35:23+08:00,False,6.0,923.0,3346.0,116.295825,40.042391,116.304187,40.051006
persona_heuristic,persona_heuristic_w000289,6000000000000003346,20,Lunch-Peak Specialist,2020-02-15T12:17:22+08:00,2020-02-15T13:06:22+08:00,2020-02-15T12:50:09+08:00,True,6.0,609.0,2038.0,116.30448,40.0531,116.310357,40.041096
persona_heuristic,persona_heuristic_w000333,6000000000000002690,20,Lunch-Peak Specialist,2020-02-15T12:33:51+08:00,2020-02-15T13:16:51+08:00,2020-02-15T13:20:49+08:00,False,6.0,1249.0,4706.0,116.291958,40.042893,116.299497,40.050156
persona_heuristic,persona_heuristic_w000365,6000000000000004255,20,Lunch-Peak Specialist,2020-02-15T13:11:26+08:00,2020-02-15T13:55:26+08:00,2020-02-15T13:45:17+08:00,True,6.0,917.0,3322.0,116.291487,40.052136,116.297677,40.066956
persona_heuristic,persona_heuristic_w000391,6000000000000004623,20,Lunch-Peak Specialist,2020-02-15T13:55:03+08:00,2020-02-15T14:53:03+08:00,2020-02-15T14:24:37+08:00,True,6.0,2077.0,8156.0,116.296088,40.065187,116.293747,40.078296
persona_heuristic,persona_heuristic_w000156,6000000000000000708,21,Lunch-Peak Specialist,2020-02-15T10:35:53+08:00,2020-02-15T11:17:53+08:00,2020-02-15T11:23:47+08:00,False,6.0,1427.0,5445.0,116.341745,40.079774,116.339917,40.064536
persona_heuristic,persona_heuristic_w000202,6000000000000002434,21,Lunch-Peak Specialist,2020-02-15T11:31:30+08:00,2020-02-15T12:17:30+08:00,2020-02-15T11:54:18+08:00,True,6.0,1458.0,5575.0,116.34499,40.079343,116.363197,40.077666
persona_heuristic,persona_heuristic_w000242,6000000000000002499,21,Lunch-Peak Specialist,2020-02-15T11:56:15+08:00,2020-02-15T12:49:15+08:00,2020-02-15T12:18:48+08:00,True,6.0,1128.0,4203.0,116.344643,40.079313,116.334517,40.070766
persona_heuristic,persona_heuristic_w000279,6000000000000002568,21,Lunch-Peak Specialist,2020-02-15T12:03:33+08:00,2020-02-15T13:04:33+08:00,2020-02-15T12:49:54+08:00,True,10.0,1794.0,6972.0,116.325862,40.055954,116.344247,40.031476
persona_heuristic,persona_heuristic_w000307,6000000000000003392,21,Lunch-Peak Specialist,2020-02-15T12:41:58+08:00,2020-02-15T13:12:58+08:00,2020-02-15T13:03:35+08:00,True,6.0,815.0,2895.0,116.336902,40.032579,116.325047,40.033556
persona_heuristic,persona_heuristic_w000337,6000000000000003649,21,Lunch-Peak Specialist,2020-02-15T12:54:25+08:00,2020-02-15T13:39:25+08:00,2020-02-15T13:19:51+08:00,True,3.0,591.0,1964.0,116.326547,40.028846,116.333277,40.027466
persona_heuristic,persona_heuristic_w000353,6000000000000003643,21,Lunch-Peak Specialist,2020-02-15T12:54:16+08:00,2020-02-15T13:41:17+08:00,2020-02-15T13:31:12+08:00,True,3.0,672.0,2300.0,116.337449,40.032518,116.331467,40.034076
persona_heuristic,persona_heuristic_w000382,6000000000000004209,21,Lunch-Peak Specialist,2020-02-15T13:38:07+08:00,2020-02-15T14:10:07+08:00,2020-02-15T13:55:00+08:00,True,6.0,900.0,3253.0,116.3398,40.042487,116.337067,40.032596
persona_heuristic,persona_heuristic_w000427,6000000000000003974,21,Lunch-Peak Specialist,2020-02-15T13:58:48+08:00,2020-02-15T14:53:48+08:00,2020-02-15T14:41:27+08:00,True,10.0,1287.0,4863.0,116.324457,40.029466,116.299267,40.048796
persona_heuristic,persona_heuristic_w000464,6000000000000005428,21,Lunch-Peak Specialist,2020-02-15T15:18:33+08:00,2020-02-15T16:15:33+08:00,2020-02-15T15:36:39+08:00,True,10.0,1599.0,6163.0,116.293857,40.041673,116.266627,40.065406
persona_heuristic,persona_heuristic_w000167,6000000000000001058,22,Lunch-Peak Specialist,2020-02-15T10:40:48+08:00,2020-02-15T11:19:48+08:00,2020-02-15T11:25:36+08:00,False,6.0,936.0,3400.0,116.324115,39.987352,116.334317,39.999256
persona_heuristic,persona_heuristic_w000200,6000000000000001843,22,Lunch-Peak Specialist,2020-02-15T11:04:46+08:00,2020-02-15T11:52:46+08:00,2020-02-15T11:57:13+08:00,False,10.0,1633.0,6304.0,116.323826,39.987101,116.359607,39.989566
persona_heuristic,persona_heuristic_w000239,6000000000000002719,22,Lunch-Peak Specialist,2020-02-15T11:46:49+08:00,2020-02-15T12:21:49+08:00,2020-02-15T12:18:13+08:00,True,6.0,1093.0,4055.0,116.349338,39.980475,116.366627,39.976076
persona_heuristic,persona_heuristic_w000269,6000000000000003119,22,Lunch-Peak Specialist,2020-02-15T12:04:16+08:00,2020-02-15T12:45:16+08:00,2020-02-15T12:41:27+08:00,True,6.0,1287.0,4864.0,116.368314,39.966399,116.380507,39.970366
persona_heuristic,persona_heuristic_w000312,6000000000000003363,22,Lunch-Peak Specialist,2020-02-15T12:28:52+08:00,2020-02-15T13:21:52+08:00,2020-02-15T13:03:43+08:00,True,6.0,823.0,2930.0,116.377997,39.962196,116.381687,39.972316
persona_heuristic,persona_heuristic_w000349,6000000000000003924,22,Lunch-Peak Specialist,2020-02-15T12:47:57+08:00,2020-02-15T13:33:57+08:00,2020-02-15T13:31:43+08:00,True,6.0,1303.0,4928.0,116.401464,39.964524,116.394707,39.955716
persona_heuristic,persona_heuristic_w000389,6000000000000003947,22,Lunch-Peak Specialist,2020-02-15T13:28:43+08:00,2020-02-15T14:05:43+08:00,2020-02-15T14:02:34+08:00,True,6.0,1354.0,5144.0,116.378425,39.962322,116.369957,39.953266
persona_heuristic,persona_heuristic_w000139,6000000000000000857,23,Lunch-Peak Specialist,2020-02-15T10:39:57+08:00,2020-02-15T11:43:57+08:00,2020-02-15T11:17:32+08:00,True,6.0,1052.0,3882.0,116.417466,39.984645,116.408627,39.972606
persona_heuristic,persona_heuristic_w000187,6000000000000001253,23,Lunch-Peak Specialist,2020-02-15T11:02:18+08:00,2020-02-15T11:44:18+08:00,2020-02-15T11:41:09+08:00,True,6.0,1269.0,4788.0,116.411606,39.98756,116.398027,39.982696
persona_heuristic,persona_heuristic_w000220,6000000000000002187,23,Lunch-Peak Specialist,2020-02-15T11:24:40+08:00,2020-02-15T12:07:40+08:00,2020-02-15T12:15:24+08:00,False,6.0,1524.0,5849.0,116.406793,39.985754,116.398247,39.993056
persona_heuristic,persona_heuristic_w000270,6000000000000002577,23,Lunch-Peak Specialist,2020-02-15T12:08:40+08:00,2020-02-15T12:43:40+08:00,2020-02-15T12:44:50+08:00,False,3.0,1490.0,5708.0,116.406793,39.985754,116.407947,39.985626
persona_heuristic,persona_heuristic_w000306,6000000000000003146,23,Lunch-Peak Specialist,2020-02-15T12:27:49+08:00,2020-02-15T12:57:49+08:00,2020-02-15T12:59:39+08:00,False,3.0,579.0,1915.0,116.413329,39.988372,116.413567,39.982126
persona_heuristic,persona_heuristic_w000324,6000000000000003065,23,Lunch-Peak Specialist,2020-02-15T12:41:29+08:00,2020-02-15T13:23:29+08:00,2020-02-15T13:11:38+08:00,True,6.0,698.0,2411.0,116.413313,39.979773,116.413607,39.988966
persona_heuristic,persona_heuristic_w000350,6000000000000003663,23,Lunch-Peak Specialist,2020-02-15T13:03:24+08:00,2020-02-15T13:33:24+08:00,2020-02-15T13:39:03+08:00,False,6.0,1143.0,4261.0,116.414643,39.986435,116.429437,39.985956
persona_heuristic,persona_heuristic_w000383,6000000000000004186,23,Lunch-Peak Specialist,2020-02-15T13:13:50+08:00,2020-02-15T13:47:50+08:00,2020-02-15T13:59:26+08:00,False,3.0,1166.0,4358.0,116.418347,39.99297,116.420047,39.989536
persona_heuristic,persona_heuristic_w000564,6000000000000005975,23,Lunch-Peak Specialist,2020-02-15T16:45:44+08:00,2020-02-15T17:39:44+08:00,2020-02-15T17:30:40+08:00,True,10.0,1240.0,4668.0,116.418347,39.99297,116.410947,40.020396
persona_heuristic,persona_heuristic_w000183,6000000000000002127,24,Lunch-Peak Specialist,2020-02-15T11:06:30+08:00,2020-02-15T11:41:30+08:00,2020-02-15T11:39:31+08:00,True,6.0,1171.0,4376.0,116.294439,39.983454,116.294897,39.974406
persona_heuristic,persona_heuristic_w000215,6000000000000002326,24,Lunch-Peak Specialist,2020-02-15T11:19:56+08:00,2020-02-15T12:05:56+08:00,2020-02-15T12:07:08+08:00,False,6.0,1628.0,6283.0,116.287615,39.963806,116.301527,39.955976
persona_heuristic,persona_heuristic_w000272,6000000000000003132,24,Lunch-Peak Specialist,2020-02-15T12:15:09+08:00,2020-02-15T12:57:09+08:00,2020-02-15T12:42:52+08:00,True,6.0,1372.0,5216.0,116.293822,39.964875,116.293667,39.985056
persona_heuristic,persona_heuristic_w000305,6000000000000003515,24,Lunch-Peak Specialist,2020-02-15T12:57:01+08:00,2020-02-15T13:36:01+08:00,2020-02-15T13:24:31+08:00,True,6.0,2071.0,8128.0,116.296487,39.980866,116.283467,39.993256
persona_heuristic,persona_heuristic_w000374,6000000000000004096,24,Lunch-Peak Specialist,2020-02-15T13:08:14+08:00,2020-02-15T13:55:14+08:00,2020-02-15T14:01:15+08:00,False,6.0,1875.0,7314.0,116.291996,39.977883,116.298947,39.964116
persona_heuristic,persona_heuristic_w000149,6000000000000001395,25,Lunch-Peak Specialist,2020-02-15T10:44:59+08:00,2020-02-15T11:43:59+08:00,2020-02-15T11:18:04+08:00,True,6.0,1084.0,4013.0,116.453648,39.875413,116.439707,39.875916
persona_heuristic,persona_heuristic_w000181,6000000000000001323,25,Lunch-Peak Specialist,2020-02-15T11:16:58+08:00,2020-02-15T11:59:58+08:00,2020-02-15T11:46:14+08:00,True,6.0,1574.0,6058.0,116.451929,39.884293,116.438377,39.879626
persona_heuristic,persona_heuristic_w000223,6000000000000002281,25,Lunch-Peak Specialist,2020-02-15T11:29:48+08:00,2020-02-15T12:20:48+08:00,2020-02-15T12:12:40+08:00,True,6.0,1360.0,5169.0,116.451949,39.883999,116.445647,39.869266
persona_heuristic,persona_heuristic_w000278,6000000000000002417,25,Lunch-Peak Specialist,2020-02-15T11:56:22+08:00,2020-02-15T12:35:22+08:00,2020-02-15T12:41:27+08:00,False,6.0,1287.0,4864.0,116.44568,39.8839,116.465867,39.881446
persona_heuristic,persona_heuristic_w000317,6000000000000002676,25,Lunch-Peak Specialist,2020-02-15T12:27:33+08:00,2020-02-15T13:15:33+08:00,2020-02-15T13:11:27+08:00,True,6.0,1287.0,4863.0,116.46397100000002,39.893281,116.445557,39.887316
persona_heuristic,persona_heuristic_w000352,6000000000000004067,25,Lunch-Peak Specialist,2020-02-15T12:52:08+08:00,2020-02-15T13:22:09+08:00,2020-02-15T13:33:17+08:00,False,6.0,797.0,2823.0,116.450157,39.892116,116.465117,39.889156
persona_heuristic,persona_heuristic_w000384,6000000000000004010,25,Lunch-Peak Specialist,2020-02-15T13:10:09+08:00,2020-02-15T13:56:09+08:00,2020-02-15T14:01:38+08:00,False,6.0,1298.0,4907.0,116.457597,39.879304,116.445047,39.877826
persona_heuristic,persona_heuristic_w000423,6000000000000004789,25,Lunch-Peak Specialist,2020-02-15T14:01:23+08:00,2020-02-15T14:48:23+08:00,2020-02-15T14:47:34+08:00,True,10.0,1654.0,6391.0,116.436401,39.880615,116.477447,39.868426
persona_heuristic,persona_heuristic_w000138,6000000000000000978,26,Lunch-Peak Specialist,2020-02-15T10:30:50+08:00,2020-02-15T11:20:50+08:00,2020-02-15T11:11:22+08:00,True,6.0,682.0,2343.0,116.494054,39.915226,116.510967,39.914976
persona_heuristic,persona_heuristic_w000176,6000000000000002155,26,Lunch-Peak Specialist,2020-02-15T11:18:12+08:00,2020-02-15T12:08:12+08:00,2020-02-15T11:42:06+08:00,True,6.0,1326.0,5024.0,116.508183,39.922702,116.501667,39.941036
persona_heuristic,persona_heuristic_w000229,6000000000000001993,26,Lunch-Peak Specialist,2020-02-15T11:31:55+08:00,2020-02-15T12:34:55+08:00,2020-02-15T12:21:44+08:00,True,6.0,1904.0,7435.0,116.486896,39.927424,116.498277,39.929726
persona_heuristic,persona_heuristic_w000282,6000000000000002734,26,Lunch-Peak Specialist,2020-02-15T12:00:43+08:00,2020-02-15T12:59:43+08:00,2020-02-15T12:52:19+08:00,True,6.0,1339.0,5080.0,116.506103,39.935878,116.494397,39.922766
persona_heuristic,persona_heuristic_w000329,6000000000000003488,26,Lunch-Peak Specialist,2020-02-15T12:46:11+08:00,2020-02-15T13:38:11+08:00,2020-02-15T13:18:45+08:00,True,6.0,1125.0,4189.0,116.50852700000002,39.923456,116.502627,39.915446
persona_heuristic,persona_heuristic_w000358,6000000000000003669,26,Lunch-Peak Specialist,2020-02-15T13:04:46+08:00,2020-02-15T13:47:46+08:00,2020-02-15T13:57:12+08:00,False,6.0,2232.0,8800.0,116.508123,39.923236,116.504207,39.908996
persona_heuristic,persona_heuristic_w000584,6000000000000007015,26,Lunch-Peak Specialist,2020-02-15T17:33:57+08:00,2020-02-15T18:20:57+08:00,2020-02-15T18:02:47+08:00,True,10.0,1967.0,7699.0,116.506787,39.915936,116.545897,39.914626
persona_heuristic,persona_heuristic_w000026,6000000000000000222,27,Lunch-Peak Specialist,2020-02-15T08:41:12+08:00,2020-02-15T11:15:00+08:00,2020-02-15T09:08:00+08:00,True,10.0,1680.0,6500.0,116.391958,39.966242,116.429327,39.959616
persona_heuristic,persona_heuristic_w000148,6000000000000001840,27,Lunch-Peak Specialist,2020-02-15T11:04:31+08:00,2020-02-15T11:43:31+08:00,2020-02-15T11:13:30+08:00,True,6.0,810.0,2874.0,116.438418,39.957777,116.444407,39.966366
persona_heuristic,persona_heuristic_w000174,6000000000000001297,27,Lunch-Peak Specialist,2020-02-15T10:55:26+08:00,2020-02-15T11:49:26+08:00,2020-02-15T11:37:52+08:00,True,6.0,1072.0,3967.0,116.438154,39.970538,116.419607,39.961706
persona_heuristic,persona_heuristic_w000217,6000000000000002050,27,Lunch-Peak Specialist,2020-02-15T11:10:01+08:00,2020-02-15T12:01:01+08:00,2020-02-15T12:00:04+08:00,True,6.0,1204.0,4518.0,116.406187,39.950046,116.394007,39.946436
persona_heuristic,persona_heuristic_w000251,6000000000000002462,27,Lunch-Peak Specialist,2020-02-15T11:42:31+08:00,2020-02-15T12:37:31+08:00,2020-02-15T12:25:29+08:00,True,6.0,929.0,3370.0,116.392843,39.940046,116.383417,39.929006
persona_heuristic,persona_heuristic_w000287,6000000000000003120,27,Lunch-Peak Specialist,2020-02-15T12:07:50+08:00,2020-02-15T12:43:50+08:00,2020-02-15T12:50:33+08:00,False,6.0,1233.0,4635.0,116.363111,39.925692,116.350067,39.927276
persona_heuristic,persona_heuristic_w000330,6000000000000003620,27,Lunch-Peak Specialist,2020-02-15T12:40:08+08:00,2020-02-15T13:22:08+08:00,2020-02-15T13:16:53+08:00,True,6.0,1013.0,3717.0,116.356152,39.917305,116.368617,39.909826
persona_heuristic,persona_heuristic_w000351,6000000000000003720,27,Lunch-Peak Specialist,2020-02-15T12:57:05+08:00,2020-02-15T13:41:05+08:00,2020-02-15T13:36:44+08:00,True,6.0,1004.0,3684.0,116.363037,39.909937,116.338637,39.906856
persona_heuristic,persona_heuristic_w000381,6000000000000004274,27,Lunch-Peak Specialist,2020-02-15T13:18:40+08:00,2020-02-15T13:50:40+08:00,2020-02-15T13:52:17+08:00,False,6.0,737.0,2570.0,116.348517,39.907678,116.335207,39.906976
persona_heuristic,persona_heuristic_w000146,6000000000000001294,28,Lunch-Peak Specialist,2020-02-15T10:50:38+08:00,2020-02-15T11:25:38+08:00,2020-02-15T11:12:41+08:00,True,6.0,761.0,2674.0,116.324115,39.987352,116.312327,39.983906
persona_heuristic,persona_heuristic_w000177,6000000000000001543,28,Lunch-Peak Specialist,2020-02-15T10:51:56+08:00,2020-02-15T11:35:56+08:00,2020-02-15T11:34:49+08:00,True,6.0,889.0,3203.0,116.308557,39.97628,116.299287,39.965506
persona_heuristic,persona_heuristic_w000218,6000000000000002040,28,Lunch-Peak Specialist,2020-02-15T11:10:20+08:00,2020-02-15T11:40:20+08:00,2020-02-15T12:03:19+08:00,False,6.0,1399.0,5329.0,116.307277,39.950036,116.300747,39.958276
persona_heuristic,persona_heuristic_w000254,6000000000000002795,28,Lunch-Peak Specialist,2020-02-15T11:41:40+08:00,2020-02-15T12:32:40+08:00,2020-02-15T12:31:26+08:00,True,6.0,1286.0,4858.0,116.293822,39.964875,116.274447,39.960156
persona_heuristic,persona_heuristic_w000301,6000000000000002883,28,Lunch-Peak Specialist,2020-02-15T12:13:35+08:00,2020-02-15T13:03:35+08:00,2020-02-15T13:20:53+08:00,False,10.0,2453.0,9718.0,116.293822,39.964875,116.283867,39.994846
persona_heuristic,persona_heuristic_w000376,6000000000000004489,28,Lunch-Peak Specialist,2020-02-15T13:05:46+08:00,2020-02-15T17:15:00+08:00,2020-02-15T14:04:43+08:00,True,6.0,2083.0,8178.0,116.29547,39.980441,116.322717,39.972496
persona_heuristic,persona_heuristic_w000159,6000000000000002035,29,Lunch-Peak Specialist,2020-02-15T11:09:01+08:00,2020-02-15T11:43:01+08:00,2020-02-15T11:14:12+08:00,True,6.0,852.0,3052.0,116.321348,39.752737,116.307537,39.751546
persona_heuristic,persona_heuristic_w000178,6000000000000001625,29,Lunch-Peak Specialist,2020-02-15T10:57:16+08:00,2020-02-15T13:15:00+08:00,2020-02-15T11:37:38+08:00,True,6.0,1058.0,3908.0,116.31622,39.756655,116.317317,39.774206
persona_heuristic,persona_heuristic_w000228,6000000000000002496,29,Lunch-Peak Specialist,2020-02-15T11:55:27+08:00,2020-02-15T12:29:27+08:00,2020-02-15T12:07:45+08:00,True,3.0,1065.0,3938.0,116.307587,39.758156,116.303007,39.762106
persona_heuristic,persona_heuristic_w000248,6000000000000002575,29,Lunch-Peak Specialist,2020-02-15T12:05:55+08:00,2020-02-15T12:37:55+08:00,2020-02-15T12:23:40+08:00,True,3.0,820.0,2920.0,116.307587,39.758156,116.302347,39.762486
persona_heuristic,persona_heuristic_w000288,6000000000000003203,29,Lunch-Peak Specialist,2020-02-15T12:08:56+08:00,2020-02-15T12:38:56+08:00,2020-02-15T12:41:29+08:00,False,3.0,689.0,2371.0,116.323829,39.762961,116.327887,39.763796
persona_heuristic,persona_heuristic_w000313,6000000000000003481,29,Lunch-Peak Specialist,2020-02-15T12:44:02+08:00,2020-02-15T13:24:02+08:00,2020-02-15T13:06:52+08:00,True,6.0,1012.0,3718.0,116.32532,39.772036,116.332937,39.783306
persona_heuristic,persona_heuristic_w000107,6000000000000001040,30,Lunch-Peak Specialist,2020-02-15T10:22:41+08:00,2020-02-15T11:18:41+08:00,2020-02-15T10:43:32+08:00,True,10.0,1412.0,5383.0,116.532422,40.036321,116.480607,40.032706
persona_heuristic,persona_heuristic_w000168,6000000000000002157,30,Lunch-Peak Specialist,2020-02-15T11:18:38+08:00,2020-02-15T12:07:38+08:00,2020-02-15T11:23:04+08:00,True,6.0,784.0,2766.0,116.47268,40.040834,116.484587,40.042576
persona_heuristic,persona_heuristic_w000195,6000000000000001960,30,Lunch-Peak Specialist,2020-02-15T11:17:18+08:00,2020-02-15T12:03:18+08:00,2020-02-15T11:42:53+08:00,True,6.0,773.0,2721.0,116.47268,40.040834,116.484347,40.045836
persona_heuristic,persona_heuristic_w000227,6000000000000002464,30,Lunch-Peak Specialist,2020-02-15T11:43:02+08:00,2020-02-15T12:32:02+08:00,2020-02-15T12:14:53+08:00,True,6.0,1493.0,5721.0,116.487069,40.031095,116.500177,40.025186
persona_heuristic,persona_heuristic_w000262,6000000000000002776,30,Lunch-Peak Specialist,2020-02-15T12:14:20+08:00,2020-02-15T12:51:20+08:00,2020-02-15T12:36:12+08:00,True,6.0,972.0,3551.0,116.500547,40.022526,116.482727,40.020746
persona_heuristic,persona_heuristic_w000298,6000000000000002667,30,Lunch-Peak Specialist,2020-02-15T12:24:40+08:00,2020-02-15T13:07:40+08:00,2020-02-15T12:58:28+08:00,True,6.0,1108.0,4118.0,116.499465,40.022691,116.505407,40.040066
persona_heuristic,persona_heuristic_w000335,6000000000000003558,30,Lunch-Peak Specialist,2020-02-15T12:38:51+08:00,2020-02-15T13:26:51+08:00,2020-02-15T13:42:45+08:00,False,6.0,2565.0,10189.0,116.499465,40.022691,116.472457,40.032326
persona_heuristic,persona_heuristic_w000397,6000000000000003952,30,Lunch-Peak Specialist,2020-02-15T13:33:16+08:00,2020-02-15T14:19:16+08:00,2020-02-15T14:13:38+08:00,True,3.0,1418.0,5408.0,116.47268,40.040834,116.473877,40.032336
persona_heuristic,persona_heuristic_w000604,6000000000000007265,30,Lunch-Peak Specialist,2020-02-15T17:56:23+08:00,2020-02-15T18:55:23+08:00,2020-02-15T18:18:03+08:00,True,10.0,1683.0,6511.0,116.47268,40.040834,116.499927,40.022596
persona_heuristic,persona_heuristic_w000006,6000000000000000203,31,Super Stacker,2020-02-15T08:07:57+08:00,2020-02-15T09:45:00+08:00,2020-02-15T08:16:22+08:00,True,3.0,982.0,3592.0,116.334776,40.043281,116.336297,40.044776
persona_heuristic,persona_heuristic_w000025,6000000000000000390,31,Super Stacker,2020-02-15T08:44:13+08:00,2020-02-15T10:45:00+08:00,2020-02-15T08:50:53+08:00,True,3.0,653.0,2219.0,116.327938,40.041177,116.332237,40.037746
persona_heuristic,persona_heuristic_w000041,6000000000000000620,31,Super Stacker,2020-02-15T09:08:54+08:00,2020-02-15T09:48:54+08:00,2020-02-15T09:28:42+08:00,True,6.0,1722.0,6172.0,116.331118,40.041751,116.338357,40.034476
persona_heuristic,persona_heuristic_w000041,6000000000000000219,31,Super Stacker,2020-02-15T09:05:14+08:00,2020-02-15T09:52:14+08:00,2020-02-15T09:28:42+08:00,True,3.0,1722.0,6172.0,116.327956,40.041184,116.335847,40.042826
persona_heuristic,persona_heuristic_w000070,6000000000000000316,31,Super Stacker,2020-02-15T09:12:52+08:00,2020-02-15T10:34:52+08:00,2020-02-15T10:42:33+08:00,False,6.0,4353.0,17135.0,116.327938,40.041177,116.31332700000002,40.057096
persona_heuristic,persona_heuristic_w000070,6000000000000000589,31,Super Stacker,2020-02-15T09:34:34+08:00,2020-02-15T12:04:34+08:00,2020-02-15T10:42:33+08:00,True,6.0,4353.0,17135.0,116.352575,40.030326,116.364387,40.034516
persona_heuristic,persona_heuristic_w000161,6000000000000001732,31,Super Stacker,2020-02-15T11:05:46+08:00,2020-02-15T11:52:46+08:00,2020-02-15T11:24:00+08:00,True,6.0,1440.0,5499.0,116.347616,40.044933,116.348737,40.059886
persona_heuristic,persona_heuristic_w000205,6000000000000002188,31,Super Stacker,2020-02-15T11:24:51+08:00,2020-02-15T11:59:51+08:00,2020-02-15T11:56:21+08:00,True,6.0,1581.0,6088.0,116.33606100000002,40.045436,116.319217,40.052976
persona_heuristic,persona_heuristic_w000234,6000000000000003152,31,Super Stacker,2020-02-15T11:47:40+08:00,2020-02-15T12:29:40+08:00,2020-02-15T12:39:26+08:00,False,6.0,2366.0,8863.0,116.320696,40.050245,116.309067,40.042596
persona_heuristic,persona_heuristic_w000234,6000000000000002800,31,Super Stacker,2020-02-15T11:42:28+08:00,2020-02-15T12:40:28+08:00,2020-02-15T12:39:26+08:00,True,6.0,2366.0,8863.0,116.321703,40.042088,116.315467,40.055166
persona_heuristic,persona_heuristic_w000292,6000000000000002591,31,Super Stacker,2020-02-15T12:15:46+08:00,2020-02-15T13:08:46+08:00,2020-02-15T13:22:51+08:00,False,6.0,2571.0,9715.0,116.325862,40.055954,116.339847,40.045426
persona_heuristic,persona_heuristic_w000292,6000000000000003469,31,Super Stacker,2020-02-15T12:33:47+08:00,2020-02-15T13:12:47+08:00,2020-02-15T13:22:51+08:00,False,6.0,2571.0,9715.0,116.320696,40.050245,116.323207,40.035476
persona_heuristic,persona_heuristic_w000368,6000000000000004088,31,Super Stacker,2020-02-15T13:03:32+08:00,2020-02-15T13:51:32+08:00,2020-02-15T14:13:03+08:00,False,6.0,2583.0,9763.0,116.327849,40.046265,116.351217,40.033286
persona_heuristic,persona_heuristic_w000368,6000000000000004354,31,Super Stacker,2020-02-15T13:25:02+08:00,2020-02-15T14:10:02+08:00,2020-02-15T14:13:03+08:00,False,6.0,2583.0,9763.0,116.327952,40.046289,116.323007,40.065686
persona_heuristic,persona_heuristic_w000428,6000000000000004549,31,Super Stacker,2020-02-15T14:10:11+08:00,2020-02-15T14:50:11+08:00,2020-02-15T15:12:57+08:00,False,6.0,3177.0,12235.0,116.336347,40.078986,116.357957,40.073796
persona_heuristic,persona_heuristic_w000428,6000000000000005144,31,Super Stacker,2020-02-15T14:21:39+08:00,2020-02-15T15:04:51+08:00,2020-02-15T15:12:57+08:00,False,6.0,3177.0,12235.0,116.328327,40.071136,116.320497,40.081666
persona_heuristic,persona_heuristic_w000473,6000000000000004891,31,Super Stacker,2020-02-15T14:50:22+08:00,2020-02-15T15:33:22+08:00,2020-02-15T16:06:55+08:00,False,6.0,2815.0,10724.0,116.327267,40.070896,116.324087,40.082276
persona_heuristic,persona_heuristic_w000473,6000000000000004768,31,Super Stacker,2020-02-15T14:53:25+08:00,2020-02-15T15:36:25+08:00,2020-02-15T16:06:55+08:00,False,6.0,2815.0,10724.0,116.306459,40.082356,116.309567,40.072456
persona_heuristic,persona_heuristic_w000513,6000000000000005979,31,Super Stacker,2020-02-15T15:55:18+08:00,2020-02-15T16:31:18+08:00,2020-02-15T16:42:58+08:00,False,6.0,1978.0,7243.0,116.326609,40.07442,116.339207,40.085696
persona_heuristic,persona_heuristic_w000513,6000000000000005727,31,Super Stacker,2020-02-15T16:15:44+08:00,2020-02-15T16:55:44+08:00,2020-02-15T16:42:58+08:00,True,6.0,1978.0,7243.0,116.323341,40.078574,116.326977,40.090396
persona_heuristic,persona_heuristic_w000542,6000000000000006091,31,Super Stacker,2020-02-15T16:31:16+08:00,2020-02-15T17:10:16+08:00,2020-02-15T17:42:51+08:00,False,6.0,3171.0,12211.0,116.33404,40.087635,116.349777,40.088356
persona_heuristic,persona_heuristic_w000542,6000000000000006098,31,Super Stacker,2020-02-15T16:33:23+08:00,2020-02-15T17:12:23+08:00,2020-02-15T17:42:51+08:00,False,6.0,3171.0,12211.0,116.320835,40.07725,116.320017,40.067956
persona_heuristic,persona_heuristic_w000605,6000000000000007018,31,Super Stacker,2020-02-15T17:39:12+08:00,2020-02-15T18:31:12+08:00,2020-02-15T18:59:23+08:00,False,6.0,4163.0,16344.0,116.307198,40.065888,116.300227,40.050526
persona_heuristic,persona_heuristic_w000605,6000000000000007336,31,Super Stacker,2020-02-15T17:53:14+08:00,2020-02-15T18:40:14+08:00,2020-02-15T18:59:23+08:00,False,6.0,4163.0,16344.0,116.322297,40.077786,116.322277,40.067936
persona_heuristic,persona_heuristic_w000681,6000000000000008358,31,Super Stacker,2020-02-15T18:44:05+08:00,2020-02-15T19:33:05+08:00,2020-02-15T19:43:27+08:00,False,6.0,2607.0,9862.0,116.323341,40.078574,116.313027,40.071556
persona_heuristic,persona_heuristic_w000681,6000000000000007878,31,Super Stacker,2020-02-15T18:47:49+08:00,2020-02-15T19:56:49+08:00,2020-02-15T19:43:27+08:00,True,6.0,2607.0,9862.0,116.319367,40.077666,116.297017,40.068906
persona_heuristic,persona_heuristic_w000157,6000000000000001731,32,Super Stacker,2020-02-15T11:04:47+08:00,2020-02-15T11:55:47+08:00,2020-02-15T11:28:43+08:00,True,6.0,1723.0,6182.0,116.553236,39.801485,116.576447,39.794186
persona_heuristic,persona_heuristic_w000157,6000000000000002133,32,Super Stacker,2020-02-15T11:09:50+08:00,2020-02-15T12:05:51+08:00,2020-02-15T11:28:43+08:00,True,6.0,1723.0,6182.0,116.564779,39.801614,116.576247,39.794476
persona_heuristic,persona_heuristic_w000196,6000000000000001733,32,Super Stacker,2020-02-15T11:05:49+08:00,2020-02-15T12:01:49+08:00,2020-02-15T12:09:38+08:00,False,6.0,2378.0,8905.0,116.564779,39.801614,116.576617,39.791386
persona_heuristic,persona_heuristic_w000196,6000000000000001689,32,Super Stacker,2020-02-15T11:25:51+08:00,2020-02-15T12:25:51+08:00,2020-02-15T12:09:38+08:00,True,6.0,2378.0,8905.0,116.569143,39.801742,116.572407,39.816406
persona_heuristic,persona_heuristic_w000246,6000000000000003124,32,Super Stacker,2020-02-15T12:10:14+08:00,2020-02-15T13:04:14+08:00,2020-02-15T12:45:30+08:00,True,6.0,2130.0,7875.0,116.569921,39.81617,116.569107,39.802116
persona_heuristic,persona_heuristic_w000246,6000000000000003423,32,Super Stacker,2020-02-15T12:16:00+08:00,2020-02-15T13:12:00+08:00,2020-02-15T12:45:30+08:00,True,6.0,2130.0,7875.0,116.57017700000002,39.816475,116.564867,39.806506
persona_heuristic,persona_heuristic_w000308,6000000000000003277,32,Super Stacker,2020-02-15T12:20:14+08:00,2020-02-15T13:27:14+08:00,2020-02-15T13:36:53+08:00,False,10.0,2813.0,10720.0,116.569921,39.81617,116.558597,39.782036
persona_heuristic,persona_heuristic_w000308,6000000000000003839,32,Super Stacker,2020-02-15T12:32:52+08:00,2020-02-15T13:31:52+08:00,2020-02-15T13:36:53+08:00,False,6.0,2813.0,10720.0,116.564894,39.804666,116.553117,39.798126
persona_heuristic,persona_heuristic_w000386,6000000000000004342,32,Super Stacker,2020-02-15T13:19:59+08:00,2020-02-15T13:52:59+08:00,2020-02-15T14:40:26+08:00,False,3.0,3626.0,14110.0,116.535287,39.808586,116.537667,39.810136
persona_heuristic,persona_heuristic_w000386,6000000000000004118,32,Super Stacker,2020-02-15T13:19:12+08:00,2020-02-15T13:53:12+08:00,2020-02-15T14:40:26+08:00,False,3.0,3626.0,14110.0,116.560301,39.794953,116.567297,39.797716
persona_heuristic,persona_heuristic_w000590,6000000000000007103,32,Super Stacker,2020-02-15T17:41:31+08:00,2020-02-15T18:46:32+08:00,2020-02-15T18:06:05+08:00,True,6.0,1565.0,5519.0,116.564779,39.801614,116.580997,39.785076
persona_heuristic,persona_heuristic_w000590,6000000000000007420,32,Super Stacker,2020-02-15T17:44:35+08:00,2020-02-15T18:47:36+08:00,2020-02-15T18:06:05+08:00,True,6.0,1565.0,5519.0,116.564779,39.801614,116.574717,39.792866
persona_heuristic,persona_heuristic_w000633,6000000000000007691,32,Super Stacker,2020-02-15T18:06:11+08:00,2020-02-15T19:06:11+08:00,2020-02-15T19:17:25+08:00,False,6.0,4045.0,15854.0,116.553667,39.796376,116.557007,39.781326
persona_heuristic,persona_heuristic_w000633,6000000000000007662,32,Super Stacker,2020-02-15T17:52:16+08:00,2020-02-15T19:06:17+08:00,2020-02-15T19:17:25+08:00,False,10.0,4045.0,15854.0,116.564779,39.801614,116.545347,39.827026
persona_heuristic,persona_heuristic_w000008,6000000000000000293,33,Super Stacker,2020-02-15T08:11:16+08:00,2020-02-15T10:45:00+08:00,2020-02-15T08:16:38+08:00,True,3.0,398.0,1160.0,116.646255,39.888966,116.641297,39.888796
persona_heuristic,persona_heuristic_w000011,6000000000000000503,33,Super Stacker,2020-02-15T08:27:41+08:00,2020-02-15T09:26:55+08:00,2020-02-15T08:34:56+08:00,True,3.0,896.0,3234.0,116.636117,39.883756,116.639807,39.876166
persona_heuristic,persona_heuristic_w000048,6000000000000000452,33,Super Stacker,2020-02-15T09:15:35+08:00,2020-02-15T10:00:35+08:00,2020-02-15T09:19:21+08:00,True,6.0,561.0,1837.0,116.637959,39.87628,116.651707,39.880456
persona_heuristic,persona_heuristic_w000068,6000000000000000587,33,Super Stacker,2020-02-15T09:32:56+08:00,2020-02-15T10:16:56+08:00,2020-02-15T09:48:23+08:00,True,6.0,1103.0,4098.0,116.637937,39.87622,116.655207,39.868586
persona_heuristic,persona_heuristic_w000089,6000000000000000821,33,Super Stacker,2020-02-15T10:01:37+08:00,2020-02-15T10:48:37+08:00,2020-02-15T10:55:20+08:00,False,6.0,3320.0,12833.0,116.656645,39.883346,116.641297,39.888796
persona_heuristic,persona_heuristic_w000089,6000000000000000687,33,Super Stacker,2020-02-15T10:06:10+08:00,2020-02-15T11:01:10+08:00,2020-02-15T10:55:20+08:00,True,6.0,3320.0,12833.0,116.655609,39.875004,116.639877,39.892426
persona_heuristic,persona_heuristic_w000160,6000000000000001234,33,Super Stacker,2020-02-15T10:53:01+08:00,2020-02-15T11:35:01+08:00,2020-02-15T12:34:02+08:00,False,6.0,5642.0,22512.0,116.637937,39.87622,116.641177,39.861126
persona_heuristic,persona_heuristic_w000160,6000000000000001728,33,Super Stacker,2020-02-15T11:03:13+08:00,2020-02-15T11:48:13+08:00,2020-02-15T12:34:02+08:00,False,6.0,5642.0,22512.0,116.632643,39.904136,116.650017,39.914806
persona_heuristic,persona_heuristic_w000300,6000000000000003134,33,Super Stacker,2020-02-15T12:19:48+08:00,2020-02-15T13:14:48+08:00,2020-02-15T14:13:17+08:00,False,6.0,5597.0,22324.0,116.663146,39.928254,116.642887,39.942936
persona_heuristic,persona_heuristic_w000300,6000000000000003330,33,Super Stacker,2020-02-15T12:15:10+08:00,2020-02-15T13:16:10+08:00,2020-02-15T14:13:17+08:00,False,6.0,5597.0,22324.0,116.635591,39.905756,116.651227,39.885336
persona_heuristic,persona_heuristic_w000438,6000000000000005053,33,Super Stacker,2020-02-15T14:31:13+08:00,2020-02-15T15:32:13+08:00,2020-02-15T15:09:21+08:00,True,10.0,2361.0,9338.0,116.647927,39.901836,116.627487,39.924746
persona_heuristic,persona_heuristic_w000481,6000000000000005539,33,Super Stacker,2020-02-15T15:38:48+08:00,2020-02-15T16:39:48+08:00,2020-02-15T15:54:41+08:00,True,6.0,1481.0,5669.0,116.606246,39.925367,116.587037,39.921726
persona_heuristic,persona_heuristic_w000501,6000000000000005388,33,Super Stacker,2020-02-15T15:45:04+08:00,2020-02-15T16:49:04+08:00,2020-02-15T16:29:24+08:00,True,6.0,1764.0,6350.0,116.591135,39.924089,116.558197,39.920796
persona_heuristic,persona_heuristic_w000501,6000000000000005546,33,Super Stacker,2020-02-15T15:44:28+08:00,2020-02-15T16:52:28+08:00,2020-02-15T16:29:24+08:00,True,6.0,1764.0,6350.0,116.589153,39.923324,116.563967,39.921766
persona_heuristic,persona_heuristic_w000530,6000000000000006016,33,Super Stacker,2020-02-15T16:27:12+08:00,2020-02-15T17:19:12+08:00,2020-02-15T16:46:44+08:00,True,3.0,1004.0,3683.0,116.585739,39.92365,116.592237,39.926666
persona_heuristic,persona_heuristic_w000540,6000000000000005942,33,Super Stacker,2020-02-15T16:29:08+08:00,2020-02-15T17:12:08+08:00,2020-02-15T17:07:23+08:00,True,3.0,1043.0,3344.0,116.587287,39.924093,116.590657,39.927576
persona_heuristic,persona_heuristic_w000540,6000000000000006613,33,Super Stacker,2020-02-15T16:42:45+08:00,2020-02-15T17:45:45+08:00,2020-02-15T17:07:23+08:00,True,3.0,1043.0,3344.0,116.585739,39.92365,116.584937,39.928726
persona_heuristic,persona_heuristic_w000565,6000000000000007078,33,Super Stacker,2020-02-15T17:12:26+08:00,2020-02-15T17:56:26+08:00,2020-02-15T17:31:53+08:00,True,3.0,1313.0,4470.0,116.578018,39.927644,116.573057,39.929966
persona_heuristic,persona_heuristic_w000565,6000000000000006667,33,Super Stacker,2020-02-15T17:17:34+08:00,2020-02-15T18:18:34+08:00,2020-02-15T17:31:53+08:00,True,6.0,1313.0,4470.0,116.578018,39.927644,116.578167,39.916516
persona_heuristic,persona_heuristic_w000598,6000000000000006904,33,Super Stacker,2020-02-15T17:10:08+08:00,2020-02-15T18:06:08+08:00,2020-02-15T18:51:49+08:00,False,6.0,4309.0,16957.0,116.5584,39.915093,116.526517,39.920216
persona_heuristic,persona_heuristic_w000598,6000000000000007237,33,Super Stacker,2020-02-15T17:31:14+08:00,2020-02-15T18:38:14+08:00,2020-02-15T18:51:49+08:00,False,6.0,4309.0,16957.0,116.578018,39.927644,116.568767,39.918696
persona_heuristic,persona_heuristic_w000678,6000000000000008553,33,Super Stacker,2020-02-15T18:58:07+08:00,2020-02-15T19:38:07+08:00,2020-02-15T19:42:02+08:00,False,6.0,2522.0,9506.0,116.556558,39.922631,116.568247,39.928976
persona_heuristic,persona_heuristic_w000678,6000000000000008129,33,Super Stacker,2020-02-15T19:09:10+08:00,2020-02-15T20:23:10+08:00,2020-02-15T19:42:02+08:00,True,6.0,2522.0,9506.0,116.565649,39.922496,116.594657,39.915556
persona_heuristic,persona_heuristic_w000717,6000000000000009050,33,Super Stacker,2020-02-15T19:50:37+08:00,2020-02-15T20:32:37+08:00,2020-02-15T20:21:31+08:00,True,6.0,1891.0,6881.0,116.589947,39.927625,116.575257,39.923376
persona_heuristic,persona_heuristic_w000717,6000000000000009047,33,Super Stacker,2020-02-15T19:37:35+08:00,2020-02-15T20:43:35+08:00,2020-02-15T20:21:31+08:00,True,6.0,1891.0,6881.0,116.591893,39.925213,116.567427,39.925906
persona_heuristic,persona_heuristic_w000005,6000000000000000245,34,Super Stacker,2020-02-15T08:07:36+08:00,2020-02-15T11:07:36+08:00,2020-02-15T08:23:32+08:00,True,6.0,1412.0,5384.0,116.303914,40.048656,116.275927,40.040806
persona_heuristic,persona_heuristic_w000020,6000000000000000554,34,Super Stacker,2020-02-15T08:21:43+08:00,2020-02-15T09:11:43+08:00,2020-02-15T08:58:46+08:00,True,6.0,1726.0,6193.0,116.286864,40.032712,116.283167,40.043256
persona_heuristic,persona_heuristic_w000020,6000000000000000210,34,Super Stacker,2020-02-15T08:32:22+08:00,2020-02-15T09:13:22+08:00,2020-02-15T08:58:46+08:00,True,3.0,1726.0,6193.0,116.286864,40.032712,116.285697,40.030906
persona_heuristic,persona_heuristic_w000039,6000000000000000217,34,Super Stacker,2020-02-15T08:55:30+08:00,2020-02-15T09:50:30+08:00,2020-02-15T09:17:30+08:00,True,6.0,1050.0,3873.0,116.286864,40.032712,116.269987,40.029926
persona_heuristic,persona_heuristic_w000108,6000000000000001192,34,Super Stacker,2020-02-15T10:26:54+08:00,2020-02-15T11:02:54+08:00,2020-02-15T10:43:04+08:00,True,6.0,1384.0,4771.0,116.268285,40.028957,116.257357,40.037876
persona_heuristic,persona_heuristic_w000108,6000000000000000701,34,Super Stacker,2020-02-15T10:24:02+08:00,2020-02-15T11:15:00+08:00,2020-02-15T10:43:04+08:00,True,6.0,1384.0,4771.0,116.268917,40.028555,116.251467,40.046676
persona_heuristic,persona_heuristic_w000147,6000000000000001738,34,Super Stacker,2020-02-15T11:01:05+08:00,2020-02-15T11:45:05+08:00,2020-02-15T11:13:09+08:00,True,6.0,789.0,2788.0,116.242437,40.046631,116.230807,40.047926
persona_heuristic,persona_heuristic_w000180,6000000000000001497,34,Super Stacker,2020-02-15T11:21:25+08:00,2020-02-15T12:15:25+08:00,2020-02-15T12:04:03+08:00,True,10.0,2643.0,10014.0,116.242236,40.048368,116.268847,40.066176
persona_heuristic,persona_heuristic_w000180,6000000000000002522,34,Super Stacker,2020-02-15T11:24:13+08:00,2020-02-15T12:29:13+08:00,2020-02-15T12:04:03+08:00,True,6.0,2643.0,10014.0,116.242437,40.046631,116.235707,40.061706
persona_heuristic,persona_heuristic_w000273,6000000000000003127,34,Super Stacker,2020-02-15T12:12:23+08:00,2020-02-15T12:49:23+08:00,2020-02-15T12:45:36+08:00,True,6.0,1536.0,5400.0,116.239082,40.072874,116.244987,40.081946
persona_heuristic,persona_heuristic_w000273,6000000000000003321,34,Super Stacker,2020-02-15T12:12:29+08:00,2020-02-15T12:54:29+08:00,2020-02-15T12:45:36+08:00,True,6.0,1536.0,5400.0,116.239082,40.072874,116.246947,40.083786
persona_heuristic,persona_heuristic_w000310,6000000000000003637,34,Super Stacker,2020-02-15T12:48:24+08:00,2020-02-15T13:28:24+08:00,2020-02-15T13:20:44+08:00,True,6.0,1844.0,6681.0,116.251831,40.08469,116.233437,40.076326
persona_heuristic,persona_heuristic_w000310,6000000000000004167,34,Super Stacker,2020-02-15T12:57:47+08:00,2020-02-15T13:34:47+08:00,2020-02-15T13:20:44+08:00,True,6.0,1844.0,6681.0,116.239999,40.073555,116.223217,40.086236
persona_heuristic,persona_heuristic_w000375,6000000000000004086,34,Super Stacker,2020-02-15T13:01:47+08:00,2020-02-15T13:31:47+08:00,2020-02-15T14:15:46+08:00,False,6.0,2746.0,10444.0,116.237724,40.073266,116.240787,40.064546
persona_heuristic,persona_heuristic_w000375,6000000000000004100,34,Super Stacker,2020-02-15T13:00:49+08:00,2020-02-15T13:52:49+08:00,2020-02-15T14:15:46+08:00,False,6.0,2746.0,10444.0,116.233316,40.071362,116.229617,40.046416
persona_heuristic,persona_heuristic_w000449,6000000000000004950,34,Super Stacker,2020-02-15T14:53:28+08:00,2020-02-15T15:32:28+08:00,2020-02-15T15:01:30+08:00,True,3.0,690.0,2376.0,116.242437,40.046631,116.24106700000002,40.048816
persona_heuristic,persona_heuristic_w000462,6000000000000005619,34,Super Stacker,2020-02-15T14:52:17+08:00,2020-02-15T15:29:17+08:00,2020-02-15T15:46:10+08:00,False,3.0,2170.0,8041.0,116.254561,40.049781,116.252737,40.050846
persona_heuristic,persona_heuristic_w000462,6000000000000005305,34,Super Stacker,2020-02-15T15:05:32+08:00,2020-02-15T15:45:32+08:00,2020-02-15T15:46:10+08:00,False,6.0,2170.0,8041.0,116.242236,40.048368,116.230357,40.053156
persona_heuristic,persona_heuristic_w000497,6000000000000005800,34,Super Stacker,2020-02-15T15:31:12+08:00,2020-02-15T16:20:12+08:00,2020-02-15T16:14:46+08:00,True,6.0,1486.0,5692.0,116.242236,40.048368,116.261367,40.064126
persona_heuristic,persona_heuristic_w000525,6000000000000005946,34,Super Stacker,2020-02-15T16:31:29+08:00,2020-02-15T17:09:29+08:00,2020-02-15T16:45:09+08:00,True,6.0,909.0,3286.0,116.268126,40.066303,116.259967,40.073106
persona_heuristic,persona_heuristic_w000547,6000000000000005787,34,Super Stacker,2020-02-15T16:29:28+08:00,2020-02-15T17:08:28+08:00,2020-02-15T17:34:41+08:00,False,6.0,2681.0,10171.0,116.251831,40.08469,116.225407,40.083226
persona_heuristic,persona_heuristic_w000547,6000000000000006698,34,Super Stacker,2020-02-15T16:55:08+08:00,2020-02-15T17:31:08+08:00,2020-02-15T17:34:41+08:00,False,6.0,2681.0,10171.0,116.239082,40.072874,116.258597,40.075376
persona_heuristic,persona_heuristic_w000594,6000000000000006990,34,Super Stacker,2020-02-15T17:11:38+08:00,2020-02-15T17:56:38+08:00,2020-02-15T18:19:55+08:00,False,6.0,2395.0,8976.0,116.251831,40.08469,116.235837,40.061976
persona_heuristic,persona_heuristic_w000594,6000000000000006820,34,Super Stacker,2020-02-15T17:33:39+08:00,2020-02-15T18:14:39+08:00,2020-02-15T18:19:55+08:00,False,6.0,2395.0,8976.0,116.251831,40.08469,116.222887,40.081116
persona_heuristic,persona_heuristic_w000640,6000000000000007500,34,Super Stacker,2020-02-15T17:56:33+08:00,2020-02-15T18:34:33+08:00,2020-02-15T18:55:57+08:00,False,6.0,2157.0,7988.0,116.237724,40.073266,116.224707,40.081546
persona_heuristic,persona_heuristic_w000640,6000000000000007283,34,Super Stacker,2020-02-15T18:07:32+08:00,2020-02-15T18:47:32+08:00,2020-02-15T18:55:57+08:00,False,6.0,2157.0,7988.0,116.222954,40.068792,116.224147,40.081466
persona_heuristic,persona_heuristic_w000680,6000000000000008457,34,Super Stacker,2020-02-15T18:56:56+08:00,2020-02-15T19:26:56+08:00,2020-02-15T19:52:49+08:00,False,6.0,3169.0,12205.0,116.239999,40.073555,116.241167,40.063746
persona_heuristic,persona_heuristic_w000680,6000000000000007798,34,Super Stacker,2020-02-15T18:57:30+08:00,2020-02-15T19:52:30+08:00,2020-02-15T19:52:49+08:00,False,6.0,3169.0,12205.0,116.226866,40.084679,116.250147,40.086516
persona_heuristic,persona_heuristic_w000004,6000000000000000109,35,Super Stacker,2020-02-15T08:08:58+08:00,2020-02-15T08:51:58+08:00,2020-02-15T09:15:23+08:00,False,6.0,4523.0,17848.0,116.348517,39.907678,116.333207,39.909166
persona_heuristic,persona_heuristic_w000004,6000000000000000436,35,Super Stacker,2020-02-15T08:06:24+08:00,2020-02-15T08:55:24+08:00,2020-02-15T09:15:23+08:00,False,6.0,4523.0,17848.0,116.363931,39.919349,116.389867,39.930316
persona_heuristic,persona_heuristic_w000063,6000000000000000724,35,Super Stacker,2020-02-15T09:25:37+08:00,2020-02-15T10:30:00+08:00,2020-02-15T09:43:47+08:00,True,3.0,1427.0,4947.0,116.398151,39.945018,116.396887,39.944196
persona_heuristic,persona_heuristic_w000063,6000000000000000627,35,Super Stacker,2020-02-15T09:26:24+08:00,2020-02-15T11:15:00+08:00,2020-02-15T09:43:47+08:00,True,6.0,1427.0,4947.0,116.398151,39.945018,116.384687,39.948036
persona_heuristic,persona_heuristic_w000084,6000000000000000637,35,Super Stacker,2020-02-15T09:35:41+08:00,2020-02-15T10:15:41+08:00,2020-02-15T10:41:09+08:00,False,6.0,3069.0,11787.0,116.385457,39.937566,116.373447,39.945386
persona_heuristic,persona_heuristic_w000084,6000000000000000815,35,Super Stacker,2020-02-15T09:56:59+08:00,2020-02-15T10:42:59+08:00,2020-02-15T10:41:09+08:00,True,6.0,3069.0,11787.0,116.385457,39.937566,116.414697,39.935546
persona_heuristic,persona_heuristic_w000132,6000000000000000776,35,Super Stacker,2020-02-15T10:28:00+08:00,2020-02-15T11:03:00+08:00,2020-02-15T11:28:17+08:00,False,6.0,2297.0,8575.0,116.407267,39.936115,116.417887,39.948156
persona_heuristic,persona_heuristic_w000132,6000000000000001074,35,Super Stacker,2020-02-15T10:50:05+08:00,2020-02-15T11:24:05+08:00,2020-02-15T11:28:17+08:00,False,6.0,2297.0,8575.0,116.41779,39.933144,116.411817,39.922756
persona_heuristic,persona_heuristic_w000197,6000000000000001462,35,Super Stacker,2020-02-15T11:05:58+08:00,2020-02-15T11:38:58+08:00,2020-02-15T11:46:52+08:00,False,6.0,1012.0,3715.0,116.426847,39.931434,116.425937,39.920656
persona_heuristic,persona_heuristic_w000222,6000000000000001791,35,Super Stacker,2020-02-15T11:26:18+08:00,2020-02-15T12:00:18+08:00,2020-02-15T12:38:25+08:00,False,3.0,2905.0,11107.0,116.415989,39.931888,116.413097,39.935636
persona_heuristic,persona_heuristic_w000222,6000000000000001900,35,Super Stacker,2020-02-15T11:29:01+08:00,2020-02-15T12:02:01+08:00,2020-02-15T12:38:25+08:00,False,6.0,2905.0,11107.0,116.432278,39.921768,116.419227,39.924526
persona_heuristic,persona_heuristic_w000296,6000000000000002589,35,Super Stacker,2020-02-15T12:14:42+08:00,2020-02-15T12:58:42+08:00,2020-02-15T13:22:58+08:00,False,6.0,2578.0,9739.0,116.408073,39.933076,116.398627,39.922376
persona_heuristic,persona_heuristic_w000296,6000000000000003230,35,Super Stacker,2020-02-15T12:16:40+08:00,2020-02-15T13:01:40+08:00,2020-02-15T13:22:58+08:00,False,6.0,2578.0,9739.0,116.421206,39.932948,116.404457,39.929436
persona_heuristic,persona_heuristic_w000366,6000000000000004409,35,Super Stacker,2020-02-15T13:07:15+08:00,2020-02-15T13:47:15+08:00,2020-02-15T14:15:50+08:00,False,6.0,2750.0,10457.0,116.407015,39.941267,116.419317,39.952596
persona_heuristic,persona_heuristic_w000366,6000000000000004298,35,Super Stacker,2020-02-15T13:35:03+08:00,2020-02-15T14:08:03+08:00,2020-02-15T14:15:50+08:00,False,6.0,2750.0,10457.0,116.408073,39.933076,116.401127,39.941036
persona_heuristic,persona_heuristic_w000426,6000000000000004484,35,Super Stacker,2020-02-15T14:20:24+08:00,2020-02-15T14:50:24+08:00,2020-02-15T14:55:21+08:00,False,3.0,2121.0,7841.0,116.406307,39.947616,116.403107,39.949546
persona_heuristic,persona_heuristic_w000426,6000000000000004811,35,Super Stacker,2020-02-15T14:26:21+08:00,2020-02-15T15:05:21+08:00,2020-02-15T14:55:21+08:00,True,6.0,2121.0,7841.0,116.411268,39.947688,116.408257,39.937336
persona_heuristic,persona_heuristic_w000455,6000000000000004998,35,Super Stacker,2020-02-15T14:35:02+08:00,2020-02-15T15:17:02+08:00,2020-02-15T15:39:51+08:00,False,6.0,2391.0,8963.0,116.407267,39.936115,116.382117,39.924776
persona_heuristic,persona_heuristic_w000455,6000000000000005243,35,Super Stacker,2020-02-15T14:57:27+08:00,2020-02-15T15:30:27+08:00,2020-02-15T15:39:51+08:00,False,3.0,2391.0,8963.0,116.393694,39.93232,116.398087,39.930906
persona_heuristic,persona_heuristic_w000484,6000000000000005520,35,Super Stacker,2020-02-15T15:13:40+08:00,2020-02-15T15:51:40+08:00,2020-02-15T16:17:01+08:00,False,6.0,2221.0,8256.0,116.396897,39.938745,116.388657,39.929326
persona_heuristic,persona_heuristic_w000484,6000000000000005322,35,Super Stacker,2020-02-15T15:27:07+08:00,2020-02-15T16:09:07+08:00,2020-02-15T16:17:01+08:00,False,6.0,2221.0,8256.0,116.393694,39.93232,116.410297,39.918836
persona_heuristic,persona_heuristic_w000518,6000000000000005554,35,Super Stacker,2020-02-15T15:51:25+08:00,2020-02-15T16:25:25+08:00,2020-02-15T16:46:45+08:00,False,6.0,1605.0,5691.0,116.407397,39.922876,116.417607,39.917946
persona_heuristic,persona_heuristic_w000518,6000000000000006033,35,Super Stacker,2020-02-15T15:56:27+08:00,2020-02-15T16:33:27+08:00,2020-02-15T16:46:45+08:00,False,6.0,1605.0,5691.0,116.420043,39.92378,116.408497,39.929806
persona_heuristic,persona_heuristic_w000545,6000000000000006394,35,Super Stacker,2020-02-15T16:36:04+08:00,2020-02-15T17:25:04+08:00,2020-02-15T17:28:50+08:00,False,6.0,2330.0,8710.0,116.408087,39.918797,116.397847,39.902066
persona_heuristic,persona_heuristic_w000545,6000000000000006632,35,Super Stacker,2020-02-15T16:55:23+08:00,2020-02-15T17:29:23+08:00,2020-02-15T17:28:50+08:00,True,6.0,2330.0,8710.0,116.407951,39.917592,116.397927,39.929116
persona_heuristic,persona_heuristic_w000586,6000000000000006713,35,Super Stacker,2020-02-15T17:00:31+08:00,2020-02-15T17:38:31+08:00,2020-02-15T17:58:37+08:00,False,6.0,1717.0,6157.0,116.409236,39.939841,116.388007,39.943136
persona_heuristic,persona_heuristic_w000586,6000000000000006782,35,Super Stacker,2020-02-15T17:06:28+08:00,2020-02-15T17:58:28+08:00,2020-02-15T17:58:37+08:00,False,6.0,1717.0,6157.0,116.407235,39.938904,116.380337,39.944396
persona_heuristic,persona_heuristic_w000620,6000000000000007005,35,Super Stacker,2020-02-15T17:30:22+08:00,2020-02-15T18:13:22+08:00,2020-02-15T19:16:31+08:00,False,6.0,4591.0,18132.0,116.36162,39.946191,116.359157,39.956786
persona_heuristic,persona_heuristic_w000620,6000000000000007486,35,Super Stacker,2020-02-15T17:36:32+08:00,2020-02-15T18:20:32+08:00,2020-02-15T19:16:31+08:00,False,6.0,4591.0,18132.0,116.398151,39.945018,116.393427,39.932276
persona_heuristic,persona_heuristic_w000696,6000000000000008474,35,Super Stacker,2020-02-15T19:12:22+08:00,2020-02-15T20:02:22+08:00,2020-02-15T19:50:01+08:00,True,6.0,1801.0,6506.0,116.392843,39.940046,116.404037,39.956116
persona_heuristic,persona_heuristic_w000696,6000000000000008148,35,Super Stacker,2020-02-15T19:10:28+08:00,2020-02-15T20:05:28+08:00,2020-02-15T19:50:01+08:00,True,6.0,1801.0,6506.0,116.398151,39.945018,116.404697,39.963366
persona_heuristic,persona_heuristic_w000724,6000000000000008980,35,Super Stacker,2020-02-15T19:42:14+08:00,2020-02-15T20:14:14+08:00,2020-02-15T20:12:52+08:00,True,3.0,772.0,2719.0,116.40052,39.966067,116.405317,39.972726
persona_heuristic,persona_heuristic_w000021,6000000000000000348,36,Super Stacker,2020-02-15T08:33:39+08:00,2020-02-15T10:15:00+08:00,2020-02-15T08:50:38+08:00,True,6.0,1238.0,4656.0,116.368498,40.077757,116.351167,40.077466
persona_heuristic,persona_heuristic_w000042,6000000000000000559,36,Super Stacker,2020-02-15T08:49:21+08:00,2020-02-15T10:15:00+08:00,2020-02-15T09:09:14+08:00,True,3.0,554.0,1808.0,116.345988,40.08017,116.351167,40.077466
persona_heuristic,persona_heuristic_w000072,6000000000000000371,36,Super Stacker,2020-02-15T09:49:22+08:00,2020-02-15T10:33:22+08:00,2020-02-15T10:07:04+08:00,True,6.0,1624.0,5766.0,116.348128,40.081539,116.361127,40.078376
persona_heuristic,persona_heuristic_w000072,6000000000000000737,36,Super Stacker,2020-02-15T09:48:21+08:00,2020-02-15T10:34:21+08:00,2020-02-15T10:07:04+08:00,True,6.0,1624.0,5766.0,116.345988,40.08017,116.349837,40.068396
persona_heuristic,persona_heuristic_w000096,6000000000000000603,36,Super Stacker,2020-02-15T09:48:29+08:00,2020-02-15T10:27:29+08:00,2020-02-15T10:45:10+08:00,False,6.0,2110.0,7789.0,116.357252,40.073895,116.364297,40.085386
persona_heuristic,persona_heuristic_w000096,6000000000000000606,36,Super Stacker,2020-02-15T09:50:44+08:00,2020-02-15T10:37:44+08:00,2020-02-15T10:45:10+08:00,False,6.0,2110.0,7789.0,116.34936700000002,40.071692,116.361127,40.078376
persona_heuristic,persona_heuristic_w000135,6000000000000001051,36,Super Stacker,2020-02-15T10:30:08+08:00,2020-02-15T11:20:08+08:00,2020-02-15T11:28:16+08:00,False,10.0,2296.0,8564.0,116.34936700000002,40.071692,116.31417700000002,40.084486
persona_heuristic,persona_heuristic_w000135,6000000000000000924,36,Super Stacker,2020-02-15T10:39:18+08:00,2020-02-15T11:35:18+08:00,2020-02-15T11:28:16+08:00,True,10.0,2296.0,8564.0,116.348646,40.072113,116.306417,40.081786
persona_heuristic,persona_heuristic_w000192,6000000000000002184,36,Super Stacker,2020-02-15T11:24:04+08:00,2020-02-15T12:30:00+08:00,2020-02-15T12:00:29+08:00,True,10.0,1829.0,7123.0,116.314101,40.076264,116.351937,40.074046
persona_heuristic,persona_heuristic_w000252,6000000000000003163,36,Super Stacker,2020-02-15T11:54:23+08:00,2020-02-15T12:48:23+08:00,2020-02-15T12:49:06+08:00,False,6.0,2346.0,8775.0,116.348128,40.081539,116.323707,40.066256
persona_heuristic,persona_heuristic_w000252,6000000000000002769,36,Super Stacker,2020-02-15T12:12:02+08:00,2020-02-15T13:00:02+08:00,2020-02-15T12:49:06+08:00,True,3.0,2346.0,8775.0,116.344643,40.079313,116.340047,40.071596
persona_heuristic,persona_heuristic_w000319,6000000000000003309,36,Super Stacker,2020-02-15T12:42:15+08:00,2020-02-15T13:17:15+08:00,2020-02-15T13:04:15+08:00,True,3.0,855.0,3065.0,116.325863,40.078247,116.319977,40.077756
persona_heuristic,persona_heuristic_w000336,6000000000000004098,36,Super Stacker,2020-02-15T13:09:33+08:00,2020-02-15T13:47:33+08:00,2020-02-15T13:36:33+08:00,True,3.0,1593.0,5634.0,116.320835,40.07725,116.317737,40.082686
persona_heuristic,persona_heuristic_w000336,6000000000000004033,36,Super Stacker,2020-02-15T13:17:05+08:00,2020-02-15T14:02:05+08:00,2020-02-15T13:36:33+08:00,True,6.0,1593.0,5634.0,116.319367,40.077666,116.335677,40.090886
persona_heuristic,persona_heuristic_w000390,6000000000000004520,36,Super Stacker,2020-02-15T13:38:49+08:00,2020-02-15T14:09:49+08:00,2020-02-15T14:02:28+08:00,True,3.0,1348.0,4618.0,116.32247,40.078633,116.319907,40.080036
persona_heuristic,persona_heuristic_w000390,6000000000000004600,36,Super Stacker,2020-02-15T13:44:54+08:00,2020-02-15T14:25:54+08:00,2020-02-15T14:02:28+08:00,True,3.0,1348.0,4618.0,116.322293,40.078641,116.320037,40.075626
persona_heuristic,persona_heuristic_w000418,6000000000000004534,36,Super Stacker,2020-02-15T13:56:00+08:00,2020-02-15T14:35:00+08:00,2020-02-15T14:42:51+08:00,False,6.0,1971.0,7212.0,116.336583,40.07912,116.351417,40.076226
persona_heuristic,persona_heuristic_w000418,6000000000000004471,36,Super Stacker,2020-02-15T14:07:41+08:00,2020-02-15T14:50:41+08:00,2020-02-15T14:42:51+08:00,True,6.0,1971.0,7212.0,116.336511,40.079029,116.333127,40.067416
persona_heuristic,persona_heuristic_w000447,6000000000000005221,36,Super Stacker,2020-02-15T14:33:38+08:00,2020-02-15T15:12:56+08:00,2020-02-15T15:31:37+08:00,False,6.0,2497.0,9406.0,116.326607,40.074416,116.307337,40.078176
persona_heuristic,persona_heuristic_w000447,6000000000000005235,36,Super Stacker,2020-02-15T14:45:37+08:00,2020-02-15T15:23:37+08:00,2020-02-15T15:31:37+08:00,False,6.0,2497.0,9406.0,116.324909,40.073075,116.326347,40.086636
persona_heuristic,persona_heuristic_w000489,6000000000000005271,36,Super Stacker,2020-02-15T15:22:48+08:00,2020-02-15T16:15:49+08:00,2020-02-15T16:14:58+08:00,True,6.0,2098.0,7743.0,116.311157,40.081646,116.337557,40.070656
persona_heuristic,persona_heuristic_w000489,6000000000000005551,36,Super Stacker,2020-02-15T15:48:39+08:00,2020-02-15T16:25:39+08:00,2020-02-15T16:14:58+08:00,True,6.0,2098.0,7743.0,116.328332,40.071139,116.331597,40.081256
persona_heuristic,persona_heuristic_w000519,6000000000000006323,36,Super Stacker,2020-02-15T16:21:53+08:00,2020-02-15T16:58:53+08:00,2020-02-15T16:47:31+08:00,True,6.0,1651.0,5881.0,116.326609,40.07442,116.330997,40.088086
persona_heuristic,persona_heuristic_w000519,6000000000000006248,36,Super Stacker,2020-02-15T16:17:25+08:00,2020-02-15T16:59:25+08:00,2020-02-15T16:47:31+08:00,True,6.0,1651.0,5881.0,116.327807,40.071216,116.327407,40.091416
persona_heuristic,persona_heuristic_w000561,6000000000000006270,36,Super Stacker,2020-02-15T16:33:23+08:00,2020-02-15T17:11:23+08:00,2020-02-15T17:57:23+08:00,False,6.0,3443.0,13345.0,116.319367,40.077666,116.314717,40.068716
persona_heuristic,persona_heuristic_w000561,6000000000000006346,36,Super Stacker,2020-02-15T16:50:55+08:00,2020-02-15T17:37:55+08:00,2020-02-15T17:57:23+08:00,False,6.0,3443.0,13345.0,116.323341,40.078574,116.340377,40.090976
persona_heuristic,persona_heuristic_w000617,6000000000000006675,36,Super Stacker,2020-02-15T17:33:16+08:00,2020-02-15T18:22:16+08:00,2020-02-15T18:32:40+08:00,False,6.0,1960.0,7169.0,116.348128,40.081539,116.333957,40.064156
persona_heuristic,persona_heuristic_w000617,6000000000000007459,36,Super Stacker,2020-02-15T18:02:32+08:00,2020-02-15T18:49:32+08:00,2020-02-15T18:32:40+08:00,True,6.0,1960.0,7169.0,116.348128,40.081539,116.342427,40.065796
persona_heuristic,persona_heuristic_w000653,6000000000000008005,36,Super Stacker,2020-02-15T18:21:48+08:00,2020-02-15T19:07:48+08:00,2020-02-15T19:07:22+08:00,True,6.0,1642.0,5842.0,116.336347,40.078986,116.357957,40.073796
persona_heuristic,persona_heuristic_w000653,6000000000000008336,36,Super Stacker,2020-02-15T18:35:02+08:00,2020-02-15T19:15:02+08:00,2020-02-15T19:07:22+08:00,True,3.0,1642.0,5842.0,116.348261,40.071948,116.357957,40.073796
persona_heuristic,persona_heuristic_w000687,6000000000000008504,36,Super Stacker,2020-02-15T18:47:49+08:00,2020-02-15T19:34:49+08:00,2020-02-15T19:36:45+08:00,False,6.0,1605.0,5689.0,116.348469,40.072231,116.347997,40.081506
persona_heuristic,persona_heuristic_w000687,6000000000000008453,36,Super Stacker,2020-02-15T18:54:56+08:00,2020-02-15T19:44:56+08:00,2020-02-15T19:36:45+08:00,True,6.0,1605.0,5689.0,116.348747,40.074475,116.370877,40.076876
persona_heuristic,persona_heuristic_w000714,6000000000000008135,36,Super Stacker,2020-02-15T19:15:26+08:00,2020-02-15T20:05:26+08:00,2020-02-15T20:06:08+08:00,False,6.0,1568.0,5535.0,116.348469,40.072231,116.357577,40.083636
persona_heuristic,persona_heuristic_w000714,6000000000000008859,36,Super Stacker,2020-02-15T19:45:07+08:00,2020-02-15T20:27:07+08:00,2020-02-15T20:06:08+08:00,True,6.0,1568.0,5535.0,116.348568,40.072136,116.357147,40.085476
persona_heuristic,persona_heuristic_w000012,6000000000000000242,37,Super Stacker,2020-02-15T08:29:20+08:00,2020-02-15T10:15:00+08:00,2020-02-15T08:37:32+08:00,True,6.0,1052.0,3883.0,116.408074,39.961742,116.432497,39.968486
persona_heuristic,persona_heuristic_w000030,6000000000000000563,37,Super Stacker,2020-02-15T08:30:01+08:00,2020-02-15T10:45:00+08:00,2020-02-15T09:04:54+08:00,True,6.0,1494.0,5726.0,116.450694,39.9779,116.454227,39.988116
persona_heuristic,persona_heuristic_w000050,6000000000000000401,37,Super Stacker,2020-02-15T08:48:15+08:00,2020-02-15T10:45:00+08:00,2020-02-15T09:46:06+08:00,True,6.0,2166.0,8023.0,116.450694,39.9779,116.442907,39.992406
persona_heuristic,persona_heuristic_w000050,6000000000000000411,37,Super Stacker,2020-02-15T09:14:31+08:00,2020-02-15T12:14:31+08:00,2020-02-15T09:46:06+08:00,True,6.0,2166.0,8023.0,116.450694,39.9779,116.449667,40.001166
persona_heuristic,persona_heuristic_w000081,6000000000000000651,37,Super Stacker,2020-02-15T09:59:44+08:00,2020-02-15T10:56:44+08:00,2020-02-15T10:20:48+08:00,True,6.0,1848.0,7199.0,116.455367,39.998946,116.450567,40.019286
persona_heuristic,persona_heuristic_w000169,6000000000000002022,37,Super Stacker,2020-02-15T11:14:39+08:00,2020-02-15T14:14:39+08:00,2020-02-15T11:38:25+08:00,True,6.0,1705.0,6604.0,116.459667,40.010011,116.477177,39.996136
persona_heuristic,persona_heuristic_w000207,6000000000000001486,37,Super Stacker,2020-02-15T11:21:42+08:00,2020-02-15T11:57:42+08:00,2020-02-15T12:06:29+08:00,False,6.0,1589.0,5626.0,116.478326,39.996603,116.488207,39.990356
persona_heuristic,persona_heuristic_w000207,6000000000000001659,37,Super Stacker,2020-02-15T11:14:47+08:00,2020-02-15T12:11:47+08:00,2020-02-15T12:06:29+08:00,True,6.0,1589.0,5626.0,116.470225,39.99603,116.486897,39.990546
persona_heuristic,persona_heuristic_w000260,6000000000000002322,37,Super Stacker,2020-02-15T11:42:57+08:00,2020-02-15T12:27:57+08:00,2020-02-15T12:48:08.312000+08:00,False,6.0,2288.31,8534.0,116.468042,39.989419,116.445407,39.996426
persona_heuristic,persona_heuristic_w000260,6000000000000002471,37,Super Stacker,2020-02-15T11:45:08+08:00,2020-02-15T12:33:08+08:00,2020-02-15T12:48:08.312000+08:00,False,6.0,2288.31,8534.0,116.47185100000002,39.985261,116.445407,39.996416
persona_heuristic,persona_heuristic_w000311,6000000000000003676,37,Super Stacker,2020-02-15T12:24:44+08:00,2020-02-15T13:00:44+08:00,2020-02-15T13:31:09+08:00,False,3.0,2469.0,9288.0,116.45569,39.995826,116.450537,39.997436
persona_heuristic,persona_heuristic_w000311,6000000000000002684,37,Super Stacker,2020-02-15T12:29:33+08:00,2020-02-15T13:07:33+08:00,2020-02-15T13:31:09+08:00,False,3.0,2469.0,9288.0,116.45569,39.995826,116.446527,39.998556
persona_heuristic,persona_heuristic_w000388,6000000000000003909,37,Super Stacker,2020-02-15T13:14:33+08:00,2020-02-15T14:03:33+08:00,2020-02-15T14:29:24+08:00,False,6.0,2964.0,11352.0,116.462275,40.004204,116.476167,39.995596
persona_heuristic,persona_heuristic_w000388,6000000000000004448,37,Super Stacker,2020-02-15T13:42:14+08:00,2020-02-15T14:24:14+08:00,2020-02-15T14:29:24+08:00,False,6.0,2964.0,11352.0,116.459057,39.991076,116.473387,39.987646
persona_heuristic,persona_heuristic_w000429,6000000000000005086,37,Super Stacker,2020-02-15T14:10:01+08:00,2020-02-15T15:00:01+08:00,2020-02-15T15:01:57+08:00,False,6.0,1917.0,6987.0,116.472074,39.98896,116.446997,39.996876
persona_heuristic,persona_heuristic_w000429,6000000000000004856,37,Super Stacker,2020-02-15T14:25:10+08:00,2020-02-15T15:04:10+08:00,2020-02-15T15:01:57+08:00,True,6.0,1917.0,6987.0,116.468042,39.989419,116.458867,39.995586
persona_heuristic,persona_heuristic_w000463,6000000000000005226,37,Super Stacker,2020-02-15T14:42:51+08:00,2020-02-15T15:25:51+08:00,2020-02-15T15:35:44+08:00,False,6.0,1544.0,5433.0,116.448093,39.995475,116.460887,39.987966
persona_heuristic,persona_heuristic_w000463,6000000000000005180,37,Super Stacker,2020-02-15T15:01:20+08:00,2020-02-15T15:41:20+08:00,2020-02-15T15:35:44+08:00,True,3.0,1544.0,5433.0,116.461613,39.991332,116.453457,39.990876
persona_heuristic,persona_heuristic_w000483,6000000000000005597,37,Super Stacker,2020-02-15T15:47:59+08:00,2020-02-15T16:28:00+08:00,2020-02-15T16:15:54+08:00,True,6.0,2154.0,7979.0,116.452467,39.992068,116.452827,39.979756
persona_heuristic,persona_heuristic_w000483,6000000000000005592,37,Super Stacker,2020-02-15T15:46:51+08:00,2020-02-15T16:32:51+08:00,2020-02-15T16:15:54+08:00,True,6.0,2154.0,7979.0,116.455367,39.998946,116.475387,39.991386
persona_heuristic,persona_heuristic_w000515,6000000000000006062,37,Super Stacker,2020-02-15T16:18:28+08:00,2020-02-15T16:59:28+08:00,2020-02-15T16:56:49+08:00,True,6.0,2209.0,8203.0,116.473513,39.990056,116.466717,40.007476
persona_heuristic,persona_heuristic_w000515,6000000000000006088,37,Super Stacker,2020-02-15T16:29:45+08:00,2020-02-15T17:15:45+08:00,2020-02-15T16:56:49+08:00,True,6.0,2209.0,8203.0,116.471469,39.99554,116.474097,39.975346
persona_heuristic,persona_heuristic_w000554,6000000000000006404,37,Super Stacker,2020-02-15T16:42:30+08:00,2020-02-15T17:13:30+08:00,2020-02-15T17:41:16+08:00,False,6.0,2476.0,9314.0,116.479437,39.968717,116.477117,39.959706
persona_heuristic,persona_heuristic_w000554,6000000000000006293,37,Super Stacker,2020-02-15T16:47:16+08:00,2020-02-15T17:29:16+08:00,2020-02-15T17:41:16+08:00,False,6.0,2476.0,9314.0,116.492887,39.970276,116.496747,39.959556
persona_heuristic,persona_heuristic_w000611,6000000000000007320,37,Super Stacker,2020-02-15T17:42:13+08:00,2020-02-15T18:37:13+08:00,2020-02-15T18:25:30+08:00,True,6.0,2130.0,7871.0,116.482322,39.968616,116.504237,39.974176
persona_heuristic,persona_heuristic_w000611,6000000000000007191,37,Super Stacker,2020-02-15T17:34:57+08:00,2020-02-15T18:44:57+08:00,2020-02-15T18:25:30+08:00,True,6.0,2130.0,7871.0,116.480937,39.968706,116.494337,39.969746
persona_heuristic,persona_heuristic_w000643,6000000000000007749,37,Super Stacker,2020-02-15T18:25:32+08:00,2020-02-15T19:10:32+08:00,2020-02-15T18:56:17+08:00,True,6.0,1577.0,5573.0,116.492887,39.970276,116.497707,39.954856
persona_heuristic,persona_heuristic_w000643,6000000000000008184,37,Super Stacker,2020-02-15T18:38:25+08:00,2020-02-15T19:15:25+08:00,2020-02-15T18:56:17+08:00,True,3.0,1577.0,5573.0,116.493055,39.962236,116.494847,39.960736
persona_heuristic,persona_heuristic_w000672,6000000000000007778,37,Super Stacker,2020-02-15T18:46:48+08:00,2020-02-15T19:23:48+08:00,2020-02-15T19:31:10+08:00,False,3.0,1870.0,6788.0,116.49275000000002,39.962291,116.49482700000002,39.958066
persona_heuristic,persona_heuristic_w000672,6000000000000008557,37,Super Stacker,2020-02-15T19:01:33+08:00,2020-02-15T19:54:33+08:00,2020-02-15T19:31:10+08:00,True,6.0,1870.0,6788.0,116.486986,39.960914,116.471817,39.970596
persona_heuristic,persona_heuristic_w000002,6000000000000000557,38,Super Stacker,2020-02-15T08:04:41+08:00,2020-02-15T10:45:00+08:00,2020-02-15T08:14:42+08:00,True,3.0,882.0,3178.0,116.464045,39.89318,116.463927,39.885486
persona_heuristic,persona_heuristic_w000013,6000000000000000339,38,Super Stacker,2020-02-15T08:14:41+08:00,2020-02-15T08:52:41+08:00,2020-02-15T08:42:48+08:00,True,3.0,1368.0,4701.0,116.455166,39.890279,116.456077,39.890396
persona_heuristic,persona_heuristic_w000013,6000000000000000502,38,Super Stacker,2020-02-15T08:21:43+08:00,2020-02-15T09:01:43+08:00,2020-02-15T08:42:48+08:00,True,6.0,1368.0,4701.0,116.45922600000002,39.890149,116.461037,39.873846
persona_heuristic,persona_heuristic_w000034,6000000000000000224,38,Super Stacker,2020-02-15T08:44:34+08:00,2020-02-15T11:44:34+08:00,2020-02-15T09:07:29+08:00,True,6.0,1049.0,3868.0,116.452478,39.884308,116.452617,39.874746
persona_heuristic,persona_heuristic_w000051,6000000000000000574,38,Super Stacker,2020-02-15T09:16:54+08:00,2020-02-15T10:45:00+08:00,2020-02-15T09:58:06+08:00,True,6.0,2886.0,11027.0,116.468374,39.883906,116.442707,39.883246
persona_heuristic,persona_heuristic_w000051,6000000000000000465,38,Super Stacker,2020-02-15T09:10:47+08:00,2020-02-15T12:09:47+08:00,2020-02-15T09:58:06+08:00,True,6.0,2886.0,11027.0,116.452478,39.884308,116.478217,39.898046
persona_heuristic,persona_heuristic_w000092,6000000000000000462,38,Super Stacker,2020-02-15T09:37:39+08:00,2020-02-15T10:07:39+08:00,2020-02-15T10:24:04+08:00,False,3.0,1444.0,5017.0,116.491245,39.891022,116.482737,39.894706
persona_heuristic,persona_heuristic_w000092,6000000000000000729,38,Super Stacker,2020-02-15T09:42:14+08:00,2020-02-15T10:12:14+08:00,2020-02-15T10:24:04+08:00,False,3.0,1444.0,5017.0,116.491245,39.891022,116.489267,39.893526
persona_heuristic,persona_heuristic_w000117,6000000000000000896,38,Super Stacker,2020-02-15T10:16:33+08:00,2020-02-15T10:58:33+08:00,2020-02-15T11:04:45+08:00,False,6.0,2085.0,7688.0,116.468527,39.893047,116.455047,39.893506
persona_heuristic,persona_heuristic_w000117,6000000000000000890,38,Super Stacker,2020-02-15T10:14:45+08:00,2020-02-15T11:12:45+08:00,2020-02-15T11:04:45+08:00,True,10.0,2085.0,7688.0,116.468611,39.893086,116.444327,39.873496
persona_heuristic,persona_heuristic_w000164,6000000000000001224,38,Super Stacker,2020-02-15T10:51:18+08:00,2020-02-15T11:47:18+08:00,2020-02-15T11:55:59+08:00,False,6.0,2759.0,10491.0,116.453648,39.875413,116.465907,39.873306
persona_heuristic,persona_heuristic_w000164,6000000000000001641,38,Super Stacker,2020-02-15T11:09:03+08:00,2020-02-15T11:52:03+08:00,2020-02-15T11:55:59+08:00,False,6.0,2759.0,10491.0,116.440076,39.875063,116.444037,39.888496
persona_heuristic,persona_heuristic_w000249,6000000000000002913,38,Super Stacker,2020-02-15T11:45:31+08:00,2020-02-15T12:25:31+08:00,2020-02-15T12:48:40+08:00,False,3.0,2320.0,8665.0,116.440436,39.893901,116.437567,39.896266
persona_heuristic,persona_heuristic_w000249,6000000000000002405,38,Super Stacker,2020-02-15T11:52:12+08:00,2020-02-15T12:30:12+08:00,2020-02-15T12:48:40+08:00,False,6.0,2320.0,8665.0,116.44568,39.8839,116.450307,39.869926
persona_heuristic,persona_heuristic_w000314,6000000000000003854,38,Super Stacker,2020-02-15T12:39:15+08:00,2020-02-15T13:11:15+08:00,2020-02-15T13:45:30+08:00,False,3.0,3330.0,12879.0,116.449858,39.864975,116.454457,39.864576
persona_heuristic,persona_heuristic_w000314,6000000000000003301,38,Super Stacker,2020-02-15T12:38:17+08:00,2020-02-15T13:22:17+08:00,2020-02-15T13:45:30+08:00,False,6.0,3330.0,12879.0,116.441168,39.881283,116.463737,39.883976
persona_heuristic,persona_heuristic_w000394,6000000000000004658,38,Super Stacker,2020-02-15T13:34:32+08:00,2020-02-15T14:08:32+08:00,2020-02-15T14:44:59+08:00,False,6.0,3299.0,12748.0,116.458552,39.890743,116.475027,39.897836
persona_heuristic,persona_heuristic_w000394,6000000000000004638,38,Super Stacker,2020-02-15T13:23:03+08:00,2020-02-15T14:14:03+08:00,2020-02-15T14:44:59+08:00,False,6.0,3299.0,12748.0,116.460707,39.883136,116.439467,39.876426
persona_heuristic,persona_heuristic_w000450,6000000000000005295,38,Super Stacker,2020-02-15T14:21:55+08:00,2020-02-15T17:21:55+08:00,2020-02-15T15:20:22+08:00,True,3.0,1822.0,6592.0,116.452478,39.884308,116.447797,39.880376
persona_heuristic,persona_heuristic_w000450,6000000000000005557,38,Super Stacker,2020-02-15T14:30:05+08:00,2020-02-15T17:30:05+08:00,2020-02-15T15:20:22+08:00,True,6.0,1822.0,6592.0,116.452478,39.884308,116.436117,39.874226
persona_heuristic,persona_heuristic_w000478,6000000000000005588,38,Super Stacker,2020-02-15T15:37:17+08:00,2020-02-15T16:14:17+08:00,2020-02-15T16:22:59+08:00,False,6.0,3179.0,12245.0,116.444705,39.879808,116.435587,39.889476
persona_heuristic,persona_heuristic_w000478,6000000000000005585,38,Super Stacker,2020-02-15T15:34:44+08:00,2020-02-15T16:14:44+08:00,2020-02-15T16:22:59+08:00,False,6.0,3179.0,12245.0,116.454818,39.874982,116.465077,39.868756
persona_heuristic,persona_heuristic_w000535,6000000000000006285,38,Super Stacker,2020-02-15T16:42:06+08:00,2020-02-15T17:38:06+08:00,2020-02-15T17:28:31+08:00,True,6.0,2911.0,11127.0,116.454976,39.875258,116.462337,39.858666
persona_heuristic,persona_heuristic_w000535,6000000000000006484,38,Super Stacker,2020-02-15T16:44:15+08:00,2020-02-15T17:56:15+08:00,2020-02-15T17:28:31+08:00,True,6.0,2911.0,11127.0,116.45885,39.879072,116.439077,39.893826
persona_heuristic,persona_heuristic_w000582,6000000000000006467,38,Super Stacker,2020-02-15T17:16:25+08:00,2020-02-15T17:55:25+08:00,2020-02-15T17:54:35+08:00,True,3.0,1475.0,5147.0,116.438879,39.891925,116.439277,39.885946
persona_heuristic,persona_heuristic_w000582,6000000000000006451,38,Super Stacker,2020-02-15T17:09:02+08:00,2020-02-15T17:56:02+08:00,2020-02-15T17:54:35+08:00,True,6.0,1475.0,5147.0,116.450747,39.894526,116.447267,39.883216
persona_heuristic,persona_heuristic_w000616,6000000000000006823,38,Super Stacker,2020-02-15T17:34:06+08:00,2020-02-15T18:24:06+08:00,2020-02-15T18:43:07+08:00,False,6.0,2587.0,9780.0,116.457396,39.867843,116.444867,39.874406
persona_heuristic,persona_heuristic_w000616,6000000000000007245,38,Super Stacker,2020-02-15T17:44:51+08:00,2020-02-15T18:27:51+08:00,2020-02-15T18:43:07+08:00,False,6.0,2587.0,9780.0,116.44116,39.882763,116.428557,39.873876
persona_heuristic,persona_heuristic_w000669,6000000000000008410,38,Super Stacker,2020-02-15T18:32:17+08:00,2020-02-15T19:40:17+08:00,2020-02-15T20:23:18+08:00,False,10.0,5598.0,22325.0,116.429496,39.861207,116.394877,39.855966
persona_heuristic,persona_heuristic_w000669,6000000000000008452,38,Super Stacker,2020-02-15T18:54:45+08:00,2020-02-15T19:45:45+08:00,2020-02-15T20:23:18+08:00,False,6.0,5598.0,22325.0,116.439402,39.884372,116.459567,39.881106
persona_heuristic,persona_heuristic_w000015,6000000000000000377,39,Super Stacker,2020-02-15T08:25:33+08:00,2020-02-15T09:12:33+08:00,2020-02-15T08:49:50+08:00,True,3.0,1790.0,6959.0,116.332098,40.006788,116.339267,40.012586
persona_heuristic,persona_heuristic_w000032,6000000000000000387,39,Super Stacker,2020-02-15T08:40:53+08:00,2020-02-15T09:33:53+08:00,2020-02-15T09:30:45+08:00,True,6.0,2445.0,9687.0,116.332098,40.006788,116.327577,40.025756
persona_heuristic,persona_heuristic_w000078,6000000000000000468,39,Super Stacker,2020-02-15T09:49:35+08:00,2020-02-15T11:11:35+08:00,2020-02-15T10:06:33+08:00,True,6.0,1593.0,6138.0,116.327938,40.041177,116.334657,40.053376
persona_heuristic,persona_heuristic_w000104,6000000000000000814,39,Super Stacker,2020-02-15T09:53:38+08:00,2020-02-15T11:15:38+08:00,2020-02-15T10:39:56+08:00,True,6.0,1796.0,6983.0,116.327938,40.041177,116.307367,40.060516
persona_heuristic,persona_heuristic_w000125,6000000000000000842,39,Super Stacker,2020-02-15T10:30:34+08:00,2020-02-15T11:26:34+08:00,2020-02-15T11:20:35+08:00,True,6.0,2435.0,9147.0,116.303899,40.067199,116.302127,40.048646
persona_heuristic,persona_heuristic_w000125,6000000000000001754,39,Super Stacker,2020-02-15T10:43:30+08:00,2020-02-15T13:43:30+08:00,2020-02-15T11:20:35+08:00,True,6.0,2435.0,9147.0,116.303914,40.048656,116.287077,40.031486
persona_heuristic,persona_heuristic_w000193,6000000000000002054,39,Super Stacker,2020-02-15T11:14:04+08:00,2020-02-15T11:54:04+08:00,2020-02-15T12:00:34+08:00,False,6.0,1834.0,6639.0,116.297423,40.035006,116.280757,40.032586
persona_heuristic,persona_heuristic_w000193,6000000000000001699,39,Super Stacker,2020-02-15T11:29:07+08:00,2020-02-15T12:04:07+08:00,2020-02-15T12:00:34+08:00,True,6.0,1834.0,6639.0,116.290526,40.0233,116.281497,40.031066
persona_heuristic,persona_heuristic_w000255,6000000000000002718,39,Super Stacker,2020-02-15T11:46:38+08:00,2020-02-15T12:24:38+08:00,2020-02-15T12:44:03+08:00,False,6.0,2043.0,7511.0,116.280973,40.022965,116.276037,40.010796
persona_heuristic,persona_heuristic_w000255,6000000000000003155,39,Super Stacker,2020-02-15T11:49:39+08:00,2020-02-15T12:28:39+08:00,2020-02-15T12:44:03+08:00,False,6.0,2043.0,7511.0,116.290526,40.0233,116.277327,40.016706
persona_heuristic,persona_heuristic_w000318,6000000000000003593,39,Super Stacker,2020-02-15T12:21:54+08:00,2020-02-15T13:06:54+08:00,2020-02-15T13:26:09+08:00,False,6.0,2169.0,8038.0,116.261127,40.015436,116.241007,40.008176
persona_heuristic,persona_heuristic_w000318,6000000000000002682,39,Super Stacker,2020-02-15T12:28:23+08:00,2020-02-15T13:07:23+08:00,2020-02-15T13:26:09+08:00,False,6.0,2169.0,8038.0,116.261127,40.015436,116.248737,40.003916
persona_heuristic,persona_heuristic_w000372,6000000000000004645,39,Super Stacker,2020-02-15T13:24:00+08:00,2020-02-15T14:06:00+08:00,2020-02-15T14:39:19+08:00,False,6.0,4159.0,16329.0,116.260887,40.013524,116.255487,40.024556
persona_heuristic,persona_heuristic_w000372,6000000000000004120,39,Super Stacker,2020-02-15T13:23:03+08:00,2020-02-15T14:12:03+08:00,2020-02-15T14:39:19+08:00,False,6.0,4159.0,16329.0,116.261093,40.015225,116.251107,40.038146
persona_heuristic,persona_heuristic_w000444,6000000000000005459,39,Super Stacker,2020-02-15T14:47:52+08:00,2020-02-15T15:39:52+08:00,2020-02-15T15:53:56+08:00,False,6.0,4436.0,17481.0,116.254561,40.049781,116.242337,40.065166
persona_heuristic,persona_heuristic_w000444,6000000000000004883,39,Super Stacker,2020-02-15T14:44:56+08:00,2020-02-15T15:44:57+08:00,2020-02-15T15:53:56+08:00,False,3.0,4436.0,17481.0,116.266626,40.028179,116.262827,40.029546
persona_heuristic,persona_heuristic_w000500,6000000000000005827,39,Super Stacker,2020-02-15T16:04:30+08:00,2020-02-15T16:34:30+08:00,2020-02-15T16:39:19+08:00,False,6.0,2359.0,8829.0,116.265934,40.028383,116.258637,40.042386
persona_heuristic,persona_heuristic_w000500,6000000000000005870,39,Super Stacker,2020-02-15T15:43:21+08:00,2020-02-15T16:47:21+08:00,2020-02-15T16:39:19+08:00,True,6.0,2359.0,8829.0,116.266759,40.028206,116.273907,40.018786
persona_heuristic,persona_heuristic_w000537,6000000000000006000,39,Super Stacker,2020-02-15T16:14:15+08:00,2020-02-15T16:54:15+08:00,2020-02-15T18:07:21+08:00,False,6.0,5241.0,20840.0,116.261093,40.015225,116.258117,40.001956
persona_heuristic,persona_heuristic_w000537,6000000000000006129,39,Super Stacker,2020-02-15T16:23:37+08:00,2020-02-15T17:07:37+08:00,2020-02-15T18:07:21+08:00,False,6.0,5241.0,20840.0,116.289533,40.023681,116.260457,40.031796
persona_heuristic,persona_heuristic_w000625,6000000000000007435,39,Super Stacker,2020-02-15T17:49:41+08:00,2020-02-15T18:24:41+08:00,2020-02-15T18:50:30+08:00,False,6.0,2430.0,9127.0,116.268285,40.028957,116.259737,40.022066
persona_heuristic,persona_heuristic_w000625,6000000000000007430,39,Super Stacker,2020-02-15T17:47:06+08:00,2020-02-15T18:36:06+08:00,2020-02-15T18:50:30+08:00,False,6.0,2430.0,9127.0,116.26718,40.029099,116.269207,40.017996
persona_heuristic,persona_heuristic_w000677,6000000000000008439,39,Super Stacker,2020-02-15T18:35:59+08:00,2020-02-15T19:24:59+08:00,2020-02-15T19:46:08+08:00,False,6.0,2768.0,10532.0,116.277767,40.016973,116.268237,40.029066
persona_heuristic,persona_heuristic_w000677,6000000000000008353,39,Super Stacker,2020-02-15T18:43:05+08:00,2020-02-15T19:32:05+08:00,2020-02-15T19:46:08+08:00,False,6.0,2768.0,10532.0,116.260887,40.013524,116.259777,40.035566
persona_heuristic,persona_heuristic_w000721,6000000000000007978,39,Super Stacker,2020-02-15T19:27:47+08:00,2020-02-15T20:05:47+08:00,2020-02-15T21:31:32+08:00,False,6.0,6092.0,24384.0,116.278312,40.04548,116.304437,40.051666
persona_heuristic,persona_heuristic_w000721,6000000000000009093,39,Super Stacker,2020-02-15T19:53:30+08:00,2020-02-15T20:33:30+08:00,2020-02-15T21:31:32+08:00,False,6.0,6092.0,24384.0,116.268366,40.023563,116.254387,40.005176
persona_heuristic,persona_heuristic_w000118,6000000000000000794,40,Super Stacker,2020-02-15T10:38:38+08:00,2020-02-15T11:19:38+08:00,2020-02-15T11:09:45+08:00,True,6.0,2385.0,8941.0,116.245371,39.888885,116.239457,39.874656
persona_heuristic,persona_heuristic_w000118,6000000000000001196,40,Super Stacker,2020-02-15T10:30:21+08:00,2020-02-15T11:30:21+08:00,2020-02-15T11:09:45+08:00,True,6.0,2385.0,8941.0,116.245371,39.888885,116.219057,39.875076
persona_heuristic,persona_heuristic_w000162,6000000000000001648,40,Super Stacker,2020-02-15T11:11:13+08:00,2020-02-15T11:50:13+08:00,2020-02-15T11:21:02+08:00,True,3.0,662.0,2257.0,116.219439,39.874397,116.219967,39.876356
persona_heuristic,persona_heuristic_w000203,6000000000000002524,40,Super Stacker,2020-02-15T11:32:23+08:00,2020-02-15T12:29:23+08:00,2020-02-15T11:53:07+08:00,True,6.0,1387.0,5278.0,116.24185500000002,39.874994,116.245637,39.890256
persona_heuristic,persona_heuristic_w000238,6000000000000001800,40,Super Stacker,2020-02-15T11:30:01+08:00,2020-02-15T12:16:01+08:00,2020-02-15T13:21:16+08:00,False,6.0,4876.0,19320.0,116.244365,39.906111,116.244147,39.920656
persona_heuristic,persona_heuristic_w000238,6000000000000002542,40,Super Stacker,2020-02-15T11:46:20+08:00,2020-02-15T12:22:20+08:00,2020-02-15T13:21:16+08:00,False,6.0,4876.0,19320.0,116.253722,39.888777,116.243867,39.877706
persona_heuristic,persona_heuristic_w000367,6000000000000004051,40,Super Stacker,2020-02-15T13:26:15+08:00,2020-02-15T14:02:15+08:00,2020-02-15T13:49:55+08:00,True,6.0,1195.0,4476.0,116.246047,39.888859,116.239657,39.873486
persona_heuristic,persona_heuristic_w000393,6000000000000004381,40,Super Stacker,2020-02-15T13:44:19+08:00,2020-02-15T14:14:19+08:00,2020-02-15T14:11:47+08:00,True,3.0,1307.0,4449.0,116.240732,39.879602,116.238647,39.874666
persona_heuristic,persona_heuristic_w000393,6000000000000004728,40,Super Stacker,2020-02-15T13:55:08+08:00,2020-02-15T14:47:08+08:00,2020-02-15T14:11:47+08:00,True,3.0,1307.0,4449.0,116.24185500000002,39.874994,116.238997,39.873046
persona_heuristic,persona_heuristic_w000421,6000000000000004853,40,Super Stacker,2020-02-15T14:24:31+08:00,2020-02-15T15:20:31+08:00,2020-02-15T14:36:06+08:00,True,6.0,966.0,3524.0,116.24185500000002,39.874994,116.248937,39.887596
persona_heuristic,persona_heuristic_w000505,6000000000000006473,40,Super Stacker,2020-02-15T16:03:41+08:00,2020-02-15T19:03:41+08:00,2020-02-15T16:24:29+08:00,True,6.0,1469.0,5622.0,116.241422,39.889506,116.259847,39.903866
persona_heuristic,persona_heuristic_w000528,6000000000000005763,40,Super Stacker,2020-02-15T16:13:05+08:00,2020-02-15T16:59:05+08:00,2020-02-15T17:13:00+08:00,False,6.0,2580.0,9748.0,116.254673,39.89927,116.229017,39.889016
persona_heuristic,persona_heuristic_w000528,6000000000000006480,40,Super Stacker,2020-02-15T16:39:00+08:00,2020-02-15T17:19:00+08:00,2020-02-15T17:13:00+08:00,True,6.0,2580.0,9748.0,116.247174,39.888774,116.268547,39.898506
persona_heuristic,persona_heuristic_w000581,6000000000000007066,40,Super Stacker,2020-02-15T17:14:48+08:00,2020-02-15T18:39:00+08:00,2020-02-15T18:08:44+08:00,True,6.0,2924.0,11185.0,116.259382,39.882491,116.236927,39.864016
persona_heuristic,persona_heuristic_w000581,6000000000000007088,40,Super Stacker,2020-02-15T17:27:26+08:00,2020-02-15T18:45:00+08:00,2020-02-15T18:08:44+08:00,True,3.0,2924.0,11185.0,116.259382,39.882491,116.256287,39.878046
persona_heuristic,persona_heuristic_w000641,6000000000000008424,40,Super Stacker,2020-02-15T18:37:00+08:00,2020-02-15T19:17:00+08:00,2020-02-15T18:48:28+08:00,True,6.0,1108.0,4115.0,116.255246,39.879629,116.236877,39.864296
persona_heuristic,persona_heuristic_w000661,6000000000000007783,40,Super Stacker,2020-02-15T18:48:15+08:00,2020-02-15T19:38:15+08:00,2020-02-15T19:07:43+08:00,True,6.0,1063.0,3927.0,116.237783,39.864326,116.262797,39.865246
persona_heuristic,persona_heuristic_w000690,6000000000000008445,40,Super Stacker,2020-02-15T18:48:07+08:00,2020-02-15T19:20:07+08:00,2020-02-15T19:28:08+08:00,False,3.0,1088.0,4035.0,116.282846,39.865513,116.279717,39.861046
persona_heuristic,persona_heuristic_w000036,6000000000000000393,41,Super Stacker,2020-02-15T08:59:02+08:00,2020-02-15T10:01:02+08:00,2020-02-15T10:00:45+08:00,True,6.0,4245.0,16688.0,116.302092,40.03364,116.281387,40.024656
persona_heuristic,persona_heuristic_w000036,6000000000000000509,41,Super Stacker,2020-02-15T08:57:22+08:00,2020-02-15T12:15:00+08:00,2020-02-15T10:00:45+08:00,True,6.0,4245.0,16688.0,116.327938,40.041177,116.311807,40.040916
persona_heuristic,persona_heuristic_w000103,6000000000000000825,41,Super Stacker,2020-02-15T10:04:29+08:00,2020-02-15T10:48:29+08:00,2020-02-15T10:49:23+08:00,False,6.0,2363.0,8846.0,116.303709,40.052374,116.322127,40.044206
persona_heuristic,persona_heuristic_w000103,6000000000000000536,41,Super Stacker,2020-02-15T09:50:53+08:00,2020-02-15T11:12:53+08:00,2020-02-15T10:49:23+08:00,True,6.0,2363.0,8846.0,116.327938,40.041177,116.318567,40.057896
persona_heuristic,persona_heuristic_w000150,6000000000000001568,41,Super Stacker,2020-02-15T11:06:22+08:00,2020-02-15T11:36:22+08:00,2020-02-15T11:11:52+08:00,True,3.0,712.0,2468.0,116.320696,40.050245,116.320847,40.046826
persona_heuristic,persona_heuristic_w000171,6000000000000002143,41,Super Stacker,2020-02-15T11:15:36+08:00,2020-02-15T11:49:36+08:00,2020-02-15T11:39:33+08:00,True,6.0,1173.0,3887.0,116.320696,40.050245,116.321977,40.038496
persona_heuristic,persona_heuristic_w000171,6000000000000002257,41,Super Stacker,2020-02-15T11:16:33+08:00,2020-02-15T11:52:33+08:00,2020-02-15T11:39:33+08:00,True,6.0,1173.0,3887.0,116.320696,40.050245,116.326817,40.036896
persona_heuristic,persona_heuristic_w000213,6000000000000001955,41,Super Stacker,2020-02-15T11:10:11+08:00,2020-02-15T11:59:11+08:00,2020-02-15T12:46:46+08:00,False,6.0,4006.0,15692.0,116.326547,40.028846,116.356647,40.033906
persona_heuristic,persona_heuristic_w000213,6000000000000002352,41,Super Stacker,2020-02-15T11:27:07+08:00,2020-02-15T12:01:07+08:00,2020-02-15T12:46:46+08:00,False,6.0,4006.0,15692.0,116.320696,40.050245,116.31229700000002,40.058646
persona_heuristic,persona_heuristic_w000320,6000000000000004064,41,Super Stacker,2020-02-15T12:48:34+08:00,2020-02-15T13:25:34+08:00,2020-02-15T13:45:46+08:00,False,6.0,3346.0,12942.0,116.320696,40.050245,116.324977,40.039126
persona_heuristic,persona_heuristic_w000320,6000000000000003416,41,Super Stacker,2020-02-15T12:51:33+08:00,2020-02-15T13:34:33+08:00,2020-02-15T13:45:46+08:00,False,6.0,3346.0,12942.0,116.293209,40.053724,116.304207,40.048366
persona_heuristic,persona_heuristic_w000399,6000000000000004502,41,Super Stacker,2020-02-15T13:28:45+08:00,2020-02-15T14:07:45+08:00,2020-02-15T14:21:00+08:00,False,6.0,1860.0,6753.0,116.291484,40.052133,116.303907,40.062306
persona_heuristic,persona_heuristic_w000399,6000000000000004771,41,Super Stacker,2020-02-15T13:42:17+08:00,2020-02-15T14:23:17+08:00,2020-02-15T14:21:00+08:00,True,6.0,1860.0,6753.0,116.290371,40.052052,116.304237,40.062566
persona_heuristic,persona_heuristic_w000435,6000000000000004847,41,Super Stacker,2020-02-15T14:05:16+08:00,2020-02-15T14:47:16+08:00,2020-02-15T15:17:56+08:00,False,3.0,2876.0,10980.0,116.296088,40.065187,116.302997,40.062576
persona_heuristic,persona_heuristic_w000435,6000000000000005512,41,Super Stacker,2020-02-15T14:39:26+08:00,2020-02-15T17:39:26+08:00,2020-02-15T15:17:56+08:00,True,6.0,2876.0,10980.0,116.303914,40.048656,116.297587,40.056256
persona_heuristic,persona_heuristic_w000472,6000000000000005265,41,Super Stacker,2020-02-15T15:01:39+08:00,2020-02-15T15:43:39+08:00,2020-02-15T15:46:56+08:00,False,3.0,1616.0,5737.0,116.296088,40.065187,116.304317,40.062526
persona_heuristic,persona_heuristic_w000472,6000000000000005365,41,Super Stacker,2020-02-15T15:23:57+08:00,2020-02-15T15:57:57+08:00,2020-02-15T15:46:56+08:00,True,3.0,1616.0,5737.0,116.305761,40.064876,116.306757,40.060536
persona_heuristic,persona_heuristic_w000529,6000000000000006329,41,Super Stacker,2020-02-15T16:30:10+08:00,2020-02-15T17:06:10+08:00,2020-02-15T16:46:51+08:00,True,3.0,1011.0,3711.0,116.293209,40.053724,116.304247,40.054856
persona_heuristic,persona_heuristic_w000544,6000000000000006828,41,Super Stacker,2020-02-15T16:53:03+08:00,2020-02-15T17:50:03+08:00,2020-02-15T17:48:43+08:00,True,10.0,3523.0,13680.0,116.293857,40.041673,116.261237,40.054766
persona_heuristic,persona_heuristic_w000544,6000000000000006529,41,Super Stacker,2020-02-15T16:49:51+08:00,2020-02-15T19:48:51+08:00,2020-02-15T17:48:43+08:00,True,6.0,3523.0,13680.0,116.303914,40.048656,116.291287,40.052286
persona_heuristic,persona_heuristic_w000610,6000000000000007569,41,Super Stacker,2020-02-15T17:45:48+08:00,2020-02-15T18:35:48+08:00,2020-02-15T18:51:48+08:00,False,6.0,3708.0,14453.0,116.298804,40.035314,116.289127,40.029326
persona_heuristic,persona_heuristic_w000610,6000000000000007835,41,Super Stacker,2020-02-15T17:47:25+08:00,2020-02-15T20:47:25+08:00,2020-02-15T18:51:48+08:00,True,6.0,3708.0,14453.0,116.303914,40.048656,116.309987,40.039426
persona_heuristic,persona_heuristic_w000676,6000000000000008430,41,Super Stacker,2020-02-15T18:39:47+08:00,2020-02-15T19:34:47+08:00,2020-02-15T20:16:31+08:00,False,10.0,4591.0,18125.0,116.293857,40.041673,116.259807,40.050716
persona_heuristic,persona_heuristic_w000676,6000000000000007968,41,Super Stacker,2020-02-15T19:08:49+08:00,2020-02-15T20:02:49+08:00,2020-02-15T20:16:31+08:00,False,6.0,4591.0,18125.0,116.309364,40.037984,116.322467,40.028276
persona_heuristic,persona_heuristic_w000019,6000000000000000616,42,Super Stacker,2020-02-15T08:31:10+08:00,2020-02-15T11:31:10+08:00,2020-02-15T08:47:57+08:00,True,6.0,1077.0,3987.0,116.323448,39.971733,116.323797,39.988076
persona_heuristic,persona_heuristic_w000037,6000000000000000261,42,Super Stacker,2020-02-15T08:50:29+08:00,2020-02-15T10:45:00+08:00,2020-02-15T09:28:30+08:00,True,6.0,2310.0,8627.0,116.306018,39.97894,116.318127,39.990116
persona_heuristic,persona_heuristic_w000037,6000000000000000572,42,Super Stacker,2020-02-15T08:44:23+08:00,2020-02-15T13:45:00+08:00,2020-02-15T09:28:30+08:00,True,6.0,2310.0,8627.0,116.306018,39.97894,116.313437,39.967206
persona_heuristic,persona_heuristic_w000071,6000000000000000362,42,Super Stacker,2020-02-15T09:39:09+08:00,2020-02-15T10:09:10+08:00,2020-02-15T10:35:43+08:00,False,6.0,3943.0,15427.0,116.314724,39.952683,116.301337,39.945716
persona_heuristic,persona_heuristic_w000071,6000000000000000326,42,Super Stacker,2020-02-15T09:00:34+08:00,2020-02-15T12:00:34+08:00,2020-02-15T10:35:43+08:00,True,6.0,3943.0,15427.0,116.331891,39.965316,116.316117,39.963906
persona_heuristic,persona_heuristic_w000130,6000000000000000931,42,Super Stacker,2020-02-15T10:46:09+08:00,2020-02-15T11:26:09+08:00,2020-02-15T11:54:14+08:00,False,6.0,4454.0,17553.0,116.325304,39.953743,116.312317,39.947356
persona_heuristic,persona_heuristic_w000130,6000000000000000779,42,Super Stacker,2020-02-15T10:30:13+08:00,2020-02-15T11:30:00+08:00,2020-02-15T11:54:14+08:00,False,6.0,4454.0,17553.0,116.304095,39.977996,116.315847,39.986936
persona_heuristic,persona_heuristic_w000237,6000000000000002802,42,Super Stacker,2020-02-15T11:43:28+08:00,2020-02-15T12:18:28+08:00,2020-02-15T13:12:05+08:00,False,6.0,4325.0,17021.0,116.309263,39.979225,116.291897,39.978226
persona_heuristic,persona_heuristic_w000237,6000000000000002303,42,Super Stacker,2020-02-15T11:40:44+08:00,2020-02-15T12:19:44+08:00,2020-02-15T13:12:05+08:00,False,6.0,4325.0,17021.0,116.329066,39.991219,116.328667,40.001486
persona_heuristic,persona_heuristic_w000356,6000000000000003806,42,Super Stacker,2020-02-15T13:06:52+08:00,2020-02-15T13:53:52+08:00,2020-02-15T14:08:49+08:00,False,6.0,2929.0,11205.0,116.332098,40.006788,116.354637,40.000706
persona_heuristic,persona_heuristic_w000356,6000000000000004110,42,Super Stacker,2020-02-15T13:11:44+08:00,2020-02-15T14:12:44+08:00,2020-02-15T14:08:49+08:00,True,6.0,2929.0,11205.0,116.329159,39.990946,116.324607,39.981976
persona_heuristic,persona_heuristic_w000414,6000000000000004304,42,Super Stacker,2020-02-15T13:40:14+08:00,2020-02-15T14:16:14+08:00,2020-02-15T14:29:16+08:00,False,6.0,1156.0,3818.0,116.329137,39.991266,116.328397,39.978806
persona_heuristic,persona_heuristic_w000414,6000000000000004596,42,Super Stacker,2020-02-15T13:42:00+08:00,2020-02-15T14:24:00+08:00,2020-02-15T14:29:16+08:00,False,6.0,1156.0,3818.0,116.329165,39.99118,116.328397,39.978806
persona_heuristic,persona_heuristic_w000433,6000000000000004956,42,Super Stacker,2020-02-15T14:03:07+08:00,2020-02-15T14:40:07+08:00,2020-02-15T14:57:01+08:00,False,6.0,1621.0,5750.0,116.324257,39.981,116.326347,39.991576
persona_heuristic,persona_heuristic_w000433,6000000000000004741,42,Super Stacker,2020-02-15T14:08:45+08:00,2020-02-15T14:50:45+08:00,2020-02-15T14:57:01+08:00,False,6.0,1621.0,5750.0,116.323541,39.987755,116.340517,40.002086
persona_heuristic,persona_heuristic_w000460,6000000000000005118,42,Super Stacker,2020-02-15T14:41:51+08:00,2020-02-15T15:18:51+08:00,2020-02-15T16:18:35+08:00,False,6.0,4715.0,18648.0,116.329287,39.991726,116.321727,40.011086
persona_heuristic,persona_heuristic_w000460,6000000000000005072,42,Super Stacker,2020-02-15T14:46:25+08:00,2020-02-15T15:25:25+08:00,2020-02-15T16:18:35+08:00,False,6.0,4715.0,18648.0,116.359147,40.002863,116.371947,39.999216
persona_heuristic,persona_heuristic_w000521,6000000000000006182,42,Super Stacker,2020-02-15T16:11:22+08:00,2020-02-15T16:50:22+08:00,2020-02-15T16:56:43+08:00,False,6.0,2203.0,8178.0,116.386758,39.998025,116.401707,39.996406
persona_heuristic,persona_heuristic_w000521,6000000000000006089,42,Super Stacker,2020-02-15T16:29:42+08:00,2020-02-15T17:30:00+08:00,2020-02-15T16:56:43+08:00,True,6.0,2203.0,8178.0,116.386252,39.99971,116.382897,40.009316
persona_heuristic,persona_heuristic_w000549,6000000000000006600,42,Super Stacker,2020-02-15T17:07:06+08:00,2020-02-15T17:43:06+08:00,2020-02-15T17:39:30+08:00,True,6.0,2370.0,8875.0,116.383701,39.999083,116.376517,40.008976
persona_heuristic,persona_heuristic_w000549,6000000000000006448,42,Super Stacker,2020-02-15T17:06:52+08:00,2020-02-15T17:53:52+08:00,2020-02-15T17:39:30+08:00,True,6.0,2370.0,8875.0,116.386271,39.999294,116.369667,39.988016
persona_heuristic,persona_heuristic_w000597,6000000000000007158,42,Super Stacker,2020-02-15T17:22:02+08:00,2020-02-15T18:01:02+08:00,2020-02-15T18:01:25+08:00,False,6.0,1285.0,4857.0,116.367487,39.997383,116.396957,40.002486
persona_heuristic,persona_heuristic_w000629,6000000000000007664,42,Super Stacker,2020-02-15T17:54:15+08:00,2020-02-15T18:35:15+08:00,2020-02-15T18:33:37+08:00,True,6.0,1417.0,4903.0,116.383557,39.999316,116.398507,39.997426
persona_heuristic,persona_heuristic_w000629,6000000000000007671,42,Super Stacker,2020-02-15T17:58:26+08:00,2020-02-15T18:42:26+08:00,2020-02-15T18:33:37+08:00,True,6.0,1417.0,4903.0,116.383701,39.999083,116.400317,40.004056
persona_heuristic,persona_heuristic_w000649,6000000000000008159,42,Super Stacker,2020-02-15T18:23:47+08:00,2020-02-15T19:01:47+08:00,2020-02-15T18:53:23+08:00,True,3.0,803.0,2344.0,116.397125,40.004202,116.403517,40.000646
persona_heuristic,persona_heuristic_w000649,6000000000000008241,42,Super Stacker,2020-02-15T18:27:01+08:00,2020-02-15T19:08:01+08:00,2020-02-15T18:53:23+08:00,True,3.0,803.0,2344.0,116.397312,40.004121,116.405497,39.999846
persona_heuristic,persona_heuristic_w000673,6000000000000008438,42,Super Stacker,2020-02-15T18:46:01+08:00,2020-02-15T19:28:01+08:00,2020-02-15T19:25:43+08:00,True,3.0,1543.0,5426.0,116.402468,40.001305,116.403327,39.997396
persona_heuristic,persona_heuristic_w000673,6000000000000008093,42,Super Stacker,2020-02-15T18:30:20+08:00,2020-02-15T19:28:20+08:00,2020-02-15T19:25:43+08:00,True,6.0,1543.0,5426.0,116.39614,40.004597,116.405027,39.989436
persona_heuristic,persona_heuristic_w000703,6000000000000008479,42,Super Stacker,2020-02-15T19:13:35+08:00,2020-02-15T20:04:35+08:00,2020-02-15T19:52:50+08:00,True,6.0,1370.0,5208.0,116.409177,39.979355,116.424597,39.967216
persona_heuristic,persona_heuristic_w000728,6000000000000008653,42,Super Stacker,2020-02-15T19:55:20+08:00,2020-02-15T20:37:20+08:00,2020-02-15T20:31:21+08:00,True,6.0,1881.0,6837.0,116.436007,39.955315,116.441307,39.946676
persona_heuristic,persona_heuristic_w000728,6000000000000009097,42,Super Stacker,2020-02-15T19:58:26+08:00,2020-02-15T20:46:26+08:00,2020-02-15T20:31:21+08:00,True,6.0,1881.0,6837.0,116.435178,39.955209,116.459007,39.941896
persona_heuristic,persona_heuristic_w000007,6000000000000000386,43,Super Stacker,2020-02-15T08:09:24+08:00,2020-02-15T11:09:24+08:00,2020-02-15T08:31:46+08:00,True,6.0,1906.0,7442.0,116.435008,39.965337,116.435947,39.943836
persona_heuristic,persona_heuristic_w000027,6000000000000000553,43,Super Stacker,2020-02-15T08:15:37+08:00,2020-02-15T09:05:37+08:00,2020-02-15T09:11:34+08:00,False,6.0,1894.0,6890.0,116.434679,39.952347,116.428727,39.938696
persona_heuristic,persona_heuristic_w000027,6000000000000000155,43,Super Stacker,2020-02-15T08:10:53+08:00,2020-02-15T09:12:53+08:00,2020-02-15T09:11:34+08:00,True,6.0,1894.0,6890.0,116.436007,39.955315,116.434687,39.944116
persona_heuristic,persona_heuristic_w000062,6000000000000000520,43,Super Stacker,2020-02-15T09:23:03+08:00,2020-02-15T09:59:03+08:00,2020-02-15T09:40:23+08:00,True,3.0,1223.0,4599.0,116.415983,39.942189,116.411487,39.935496
persona_heuristic,persona_heuristic_w000082,6000000000000000266,43,Super Stacker,2020-02-15T09:30:28+08:00,2020-02-15T10:09:28+08:00,2020-02-15T10:35:14+08:00,False,3.0,2714.0,10310.0,116.415958,39.93544,116.410907,39.936246
persona_heuristic,persona_heuristic_w000082,6000000000000000672,43,Super Stacker,2020-02-15T09:35:38+08:00,2020-02-15T10:13:38+08:00,2020-02-15T10:35:14+08:00,False,6.0,2714.0,10310.0,116.393694,39.93232,116.376287,39.944056
persona_heuristic,persona_heuristic_w000128,6000000000000001195,43,Super Stacker,2020-02-15T10:28:30+08:00,2020-02-15T11:17:30+08:00,2020-02-15T11:20:51+08:00,False,6.0,2451.0,9212.0,116.361123,39.946227,116.349917,39.952516
persona_heuristic,persona_heuristic_w000128,6000000000000001384,43,Super Stacker,2020-02-15T10:41:01+08:00,2020-02-15T11:33:01+08:00,2020-02-15T11:20:51+08:00,True,6.0,2451.0,9212.0,116.361123,39.946227,116.374397,39.947016
persona_heuristic,persona_heuristic_w000198,6000000000000001730,43,Super Stacker,2020-02-15T11:04:29+08:00,2020-02-15T11:47:29+08:00,2020-02-15T12:14:27+08:00,False,6.0,2667.0,10109.0,116.363034,39.936663,116.362137,39.914736
persona_heuristic,persona_heuristic_w000198,6000000000000001739,43,Super Stacker,2020-02-15T11:09:16+08:00,2020-02-15T11:52:16+08:00,2020-02-15T12:14:27+08:00,False,6.0,2667.0,10109.0,116.370176,39.934216,116.35630700000002,39.943296
persona_heuristic,persona_heuristic_w000264,6000000000000003013,43,Super Stacker,2020-02-15T11:52:12+08:00,2020-02-15T12:31:12+08:00,2020-02-15T12:57:01+08:00,False,6.0,2221.0,8253.0,116.361234,39.946471,116.364367,39.961336
persona_heuristic,persona_heuristic_w000264,6000000000000003182,43,Super Stacker,2020-02-15T11:59:46+08:00,2020-02-15T12:33:46+08:00,2020-02-15T12:57:01+08:00,False,3.0,2221.0,8253.0,116.361367,39.945046,116.354657,39.941306
persona_heuristic,persona_heuristic_w000327,6000000000000003556,43,Super Stacker,2020-02-15T12:36:15+08:00,2020-02-15T13:16:15+08:00,2020-02-15T13:43:31+08:00,False,6.0,2611.0,9883.0,116.361123,39.946227,116.349597,39.949726
persona_heuristic,persona_heuristic_w000327,6000000000000003622,43,Super Stacker,2020-02-15T12:40:30+08:00,2020-02-15T13:28:30+08:00,2020-02-15T13:43:31+08:00,False,6.0,2611.0,9883.0,116.353967,39.938066,116.360167,39.916646
persona_heuristic,persona_heuristic_w000396,6000000000000004205,43,Super Stacker,2020-02-15T13:34:50+08:00,2020-02-15T14:16:50+08:00,2020-02-15T14:07:53+08:00,True,6.0,1073.0,3969.0,116.366194,39.909134,116.371967,39.925096
persona_heuristic,persona_heuristic_w000410,6000000000000004848,43,Super Stacker,2020-02-15T14:19:51+08:00,2020-02-15T14:59:51+08:00,2020-02-15T14:27:26+08:00,True,6.0,1046.0,3858.0,116.358212,39.930374,116.372447,39.931436
persona_heuristic,persona_heuristic_w000434,6000000000000005156,43,Super Stacker,2020-02-15T14:37:10+08:00,2020-02-15T15:10:10+08:00,2020-02-15T14:56:00+08:00,True,6.0,1560.0,5502.0,116.369461,39.924885,116.363427,39.933056
persona_heuristic,persona_heuristic_w000434,6000000000000004815,43,Super Stacker,2020-02-15T14:28:23+08:00,2020-02-15T15:15:00+08:00,2020-02-15T14:56:00+08:00,True,6.0,1560.0,5502.0,116.36377,39.9238,116.370457,39.937346
persona_heuristic,persona_heuristic_w000457,6000000000000005007,43,Super Stacker,2020-02-15T14:45:04+08:00,2020-02-15T15:43:04+08:00,2020-02-15T15:46:28+08:00,False,6.0,2788.0,10621.0,116.361367,39.945046,116.338767,39.935836
persona_heuristic,persona_heuristic_w000457,6000000000000005259,43,Super Stacker,2020-02-15T15:03:36+08:00,2020-02-15T15:58:36+08:00,2020-02-15T15:46:28+08:00,True,6.0,2788.0,10621.0,116.362749,39.937453,116.377637,39.945936
persona_heuristic,persona_heuristic_w000498,6000000000000005383,43,Super Stacker,2020-02-15T15:38:32+08:00,2020-02-15T16:12:32+08:00,2020-02-15T16:58:33+08:00,False,6.0,4113.0,16139.0,116.388517,39.939966,116.404697,39.935516
persona_heuristic,persona_heuristic_w000498,6000000000000005328,43,Super Stacker,2020-02-15T15:29:06+08:00,2020-02-15T16:18:06+08:00,2020-02-15T16:58:33+08:00,False,6.0,4113.0,16139.0,116.362614,39.943477,116.352207,39.953716
persona_heuristic,persona_heuristic_w000548,6000000000000005955,43,Super Stacker,2020-02-15T16:34:15+08:00,2020-02-15T17:11:15+08:00,2020-02-15T18:03:52+08:00,False,3.0,3832.0,14969.0,116.34643,39.952445,116.349877,39.952656
persona_heuristic,persona_heuristic_w000548,6000000000000006331,43,Super Stacker,2020-02-15T16:33:53+08:00,2020-02-15T17:20:53+08:00,2020-02-15T18:03:52+08:00,False,6.0,3832.0,14969.0,116.362648,39.942124,116.391587,39.938356
persona_heuristic,persona_heuristic_w000626,6000000000000007609,43,Super Stacker,2020-02-15T18:03:47+08:00,2020-02-15T18:44:47+08:00,2020-02-15T18:49:55+08:00,False,6.0,2395.0,8977.0,116.394758,39.947291,116.383897,39.940316
persona_heuristic,persona_heuristic_w000626,6000000000000007142,43,Super Stacker,2020-02-15T18:11:33+08:00,2020-02-15T18:47:33+08:00,2020-02-15T18:49:55+08:00,False,6.0,2395.0,8977.0,116.399947,39.940132,116.415217,39.933796
persona_heuristic,persona_heuristic_w000662,6000000000000008007,43,Super Stacker,2020-02-15T18:25:53+08:00,2020-02-15T19:14:53+08:00,2020-02-15T19:17:25+08:00,False,6.0,1645.0,5851.0,116.415989,39.931888,116.425687,39.938576
persona_heuristic,persona_heuristic_w000662,6000000000000008029,43,Super Stacker,2020-02-15T18:37:00+08:00,2020-02-15T19:17:00+08:00,2020-02-15T19:17:25+08:00,False,6.0,1645.0,5851.0,116.417779,39.932541,116.403897,39.929876
persona_heuristic,persona_heuristic_w000707,6000000000000009040,43,Super Stacker,2020-02-15T19:34:30+08:00,2020-02-15T20:12:30+08:00,2020-02-15T19:53:59+08:00,True,6.0,1439.0,5493.0,116.392795,39.944068,116.416527,39.942116
persona_heuristic,persona_heuristic_w000049,6000000000000000454,44,Super Stacker,2020-02-15T09:18:08+08:00,2020-02-15T10:04:08+08:00,2020-02-15T09:53:31+08:00,True,6.0,2611.0,9877.0,116.354905,39.836519,116.372937,39.836976
persona_heuristic,persona_heuristic_w000049,6000000000000000575,44,Super Stacker,2020-02-15T09:17:19+08:00,2020-02-15T10:10:19+08:00,2020-02-15T09:53:31+08:00,True,6.0,2611.0,9877.0,116.35823200000002,39.834056,116.363037,39.813226
persona_heuristic,persona_heuristic_w000487,6000000000000005713,44,Super Stacker,2020-02-15T15:47:22+08:00,2020-02-15T16:28:22+08:00,2020-02-15T16:07:31+08:00,True,3.0,1651.0,5875.0,116.357464,39.800955,116.357097,39.805356
persona_heuristic,persona_heuristic_w000487,6000000000000005389,44,Super Stacker,2020-02-15T15:46:06+08:00,2020-02-15T16:34:06+08:00,2020-02-15T16:07:31+08:00,True,6.0,1651.0,5875.0,116.357464,39.800955,116.349327,39.808236
persona_heuristic,persona_heuristic_w000511,6000000000000006127,44,Super Stacker,2020-02-15T16:12:48+08:00,2020-02-15T17:01:48+08:00,2020-02-15T16:59:34+08:00,True,6.0,2974.0,11390.0,116.357464,39.800955,116.351167,39.809496
persona_heuristic,persona_heuristic_w000511,6000000000000006044,44,Super Stacker,2020-02-15T16:01:38+08:00,2020-02-15T17:05:38+08:00,2020-02-15T16:59:34+08:00,True,6.0,2974.0,11390.0,116.358352,39.812868,116.331527,39.810486
persona_heuristic,persona_heuristic_w000609,6000000000000007214,44,Super Stacker,2020-02-15T17:58:05+08:00,2020-02-15T19:00:06+08:00,2020-02-15T18:22:56+08:00,True,6.0,1976.0,7734.0,116.322892,39.798531,116.340737,39.789276
persona_heuristic,persona_heuristic_w000650,6000000000000007934,44,Super Stacker,2020-02-15T18:43:20+08:00,2020-02-15T19:44:20+08:00,2020-02-15T19:13:52+08:00,True,6.0,2032.0,7468.0,116.334427,39.789866,116.329067,39.806996
persona_heuristic,persona_heuristic_w000650,6000000000000007784,44,Super Stacker,2020-02-15T18:49:05+08:00,2020-02-15T19:49:05+08:00,2020-02-15T19:13:52+08:00,True,10.0,2032.0,7468.0,116.33190700000002,39.791936,116.324467,39.818476
persona_heuristic,persona_heuristic_w000001,6000000000000000177,45,Super Stacker,2020-02-15T08:01:41+08:00,2020-02-15T10:15:00+08:00,2020-02-15T08:46:40+08:00,True,6.0,2800.0,10666.0,116.408074,39.961742,116.377907,39.964606
persona_heuristic,persona_heuristic_w000001,6000000000000000238,45,Super Stacker,2020-02-15T08:02:53+08:00,2020-02-15T10:15:00+08:00,2020-02-15T08:46:40+08:00,True,6.0,2800.0,10666.0,116.408074,39.961742,116.422727,39.976566
persona_heuristic,persona_heuristic_w000038,6000000000000000506,45,Super Stacker,2020-02-15T08:44:26+08:00,2020-02-15T09:18:26+08:00,2020-02-15T09:52:54+08:00,False,3.0,3774.0,14725.0,116.434102,39.96412,116.429887,39.957316
persona_heuristic,persona_heuristic_w000038,6000000000000000610,45,Super Stacker,2020-02-15T08:50:53+08:00,2020-02-15T12:45:00+08:00,2020-02-15T09:52:54+08:00,True,6.0,3774.0,14725.0,116.40194,39.968515,116.401427,39.977566
persona_heuristic,persona_heuristic_w000087,6000000000000000585,45,Super Stacker,2020-02-15T09:31:33+08:00,2020-02-15T10:19:33+08:00,2020-02-15T10:33:56+08:00,False,3.0,2036.0,7485.0,116.406793,39.985754,116.411417,39.989096
persona_heuristic,persona_heuristic_w000087,6000000000000000947,45,Super Stacker,2020-02-15T09:56:47+08:00,2020-02-15T10:29:47+08:00,2020-02-15T10:33:56+08:00,False,3.0,2036.0,7485.0,116.406753,39.985226,116.404047,39.981076
persona_heuristic,persona_heuristic_w000129,6000000000000000977,45,Super Stacker,2020-02-15T10:27:51+08:00,2020-02-15T10:58:51+08:00,2020-02-15T11:13:11+08:00,False,6.0,1991.0,7296.0,116.411727,39.992476,116.402997,40.001206
persona_heuristic,persona_heuristic_w000129,6000000000000000705,45,Super Stacker,2020-02-15T10:35:07+08:00,2020-02-15T11:27:07+08:00,2020-02-15T11:13:11+08:00,True,6.0,1991.0,7296.0,116.400121,39.993694,116.405837,40.007436
persona_heuristic,persona_heuristic_w000170,6000000000000002126,45,Super Stacker,2020-02-15T11:06:36+08:00,2020-02-15T11:39:36+08:00,2020-02-15T11:42:49+08:00,False,6.0,1369.0,4702.0,116.405292,40.005857,116.409297,39.992286
persona_heuristic,persona_heuristic_w000170,6000000000000001569,45,Super Stacker,2020-02-15T11:06:26+08:00,2020-02-15T11:57:26+08:00,2020-02-15T11:42:49+08:00,True,6.0,1369.0,4702.0,116.406029,40.005946,116.418617,39.982806
persona_heuristic,persona_heuristic_w000221,6000000000000001330,45,Super Stacker,2020-02-15T11:22:23+08:00,2020-02-15T11:52:24+08:00,2020-02-15T12:06:01+08:00,False,6.0,961.0,3507.0,116.422482,39.989411,116.415297,40.000286
persona_heuristic,persona_heuristic_w000256,6000000000000002990,45,Super Stacker,2020-02-15T11:44:13+08:00,2020-02-15T12:23:13+08:00,2020-02-15T12:37:19+08:00,False,6.0,1639.0,5834.0,116.420711,39.993859,116.407887,39.995226
persona_heuristic,persona_heuristic_w000256,6000000000000002715,45,Super Stacker,2020-02-15T11:46:17+08:00,2020-02-15T12:43:17+08:00,2020-02-15T12:37:19+08:00,True,6.0,1639.0,5834.0,116.422278,39.98921,116.408467,39.985336
persona_heuristic,persona_heuristic_w000290,6000000000000003217,45,Super Stacker,2020-02-15T12:11:57+08:00,2020-02-15T12:52:57+08:00,2020-02-15T13:08:49+08:00,False,6.0,1729.0,6201.0,116.408717,39.995436,116.403377,39.985166
persona_heuristic,persona_heuristic_w000290,6000000000000003229,45,Super Stacker,2020-02-15T12:16:39+08:00,2020-02-15T12:54:39+08:00,2020-02-15T13:08:49+08:00,False,6.0,1729.0,6201.0,116.406753,39.985226,116.401027,39.971786
persona_heuristic,persona_heuristic_w000346,6000000000000003703,45,Super Stacker,2020-02-15T12:42:20+08:00,2020-02-15T13:26:20+08:00,2020-02-15T13:54:05+08:00,False,6.0,2645.0,10021.0,116.413313,39.979773,116.413607,39.988966
persona_heuristic,persona_heuristic_w000346,6000000000000003387,45,Super Stacker,2020-02-15T12:40:32+08:00,2020-02-15T13:27:32+08:00,2020-02-15T13:54:05+08:00,False,6.0,2645.0,10021.0,116.406793,39.985754,116.401327,40.001156
persona_heuristic,persona_heuristic_w000402,6000000000000004547,45,Super Stacker,2020-02-15T14:08:08+08:00,2020-02-15T14:43:08+08:00,2020-02-15T14:36:25+08:00,True,6.0,2185.0,8103.0,116.399259,39.99704,116.413317,39.988866
persona_heuristic,persona_heuristic_w000402,6000000000000004892,45,Super Stacker,2020-02-15T13:51:45+08:00,2020-02-15T14:44:45+08:00,2020-02-15T14:36:25+08:00,True,6.0,2185.0,8103.0,116.402468,40.001305,116.406687,39.978806
persona_heuristic,persona_heuristic_w000443,6000000000000004550,45,Super Stacker,2020-02-15T14:10:59+08:00,2020-02-15T14:44:59+08:00,2020-02-15T15:13:36+08:00,False,6.0,2016.0,7399.0,116.400042,39.991122,116.412927,39.993686
persona_heuristic,persona_heuristic_w000443,6000000000000004964,45,Super Stacker,2020-02-15T14:10:16+08:00,2020-02-15T14:48:16+08:00,2020-02-15T15:13:36+08:00,False,6.0,2016.0,7399.0,116.400042,39.991122,116.420627,39.985986
persona_heuristic,persona_heuristic_w000471,6000000000000005297,45,Super Stacker,2020-02-15T14:53:17+08:00,2020-02-15T15:27:17+08:00,2020-02-15T15:46:53+08:00,False,3.0,1613.0,5718.0,116.411606,39.98756,116.412487,39.981146
persona_heuristic,persona_heuristic_w000471,6000000000000005312,45,Super Stacker,2020-02-15T15:11:40+08:00,2020-02-15T15:55:40+08:00,2020-02-15T15:46:53+08:00,True,6.0,1613.0,5718.0,116.407213,39.980035,116.423727,39.977576
persona_heuristic,persona_heuristic_w000495,6000000000000005607,45,Super Stacker,2020-02-15T15:55:36+08:00,2020-02-15T16:32:36+08:00,2020-02-15T16:11:39+08:00,True,3.0,1299.0,4412.0,116.414021,39.978124,116.410667,39.976896
persona_heuristic,persona_heuristic_w000495,6000000000000005457,45,Super Stacker,2020-02-15T15:49:46+08:00,2020-02-15T16:40:46+08:00,2020-02-15T16:11:39+08:00,True,6.0,1299.0,4412.0,116.410635,39.976882,116.424947,39.965776
persona_heuristic,persona_heuristic_w000523,6000000000000005977,45,Super Stacker,2020-02-15T15:53:28+08:00,2020-02-15T16:37:28+08:00,2020-02-15T17:03:14+08:00,False,6.0,2594.0,9808.0,116.435178,39.955209,116.450927,39.955516
persona_heuristic,persona_heuristic_w000523,6000000000000005831,45,Super Stacker,2020-02-15T16:09:10+08:00,2020-02-15T16:41:10+08:00,2020-02-15T17:03:14+08:00,False,6.0,2594.0,9808.0,116.44161,39.961696,116.432707,39.968426
persona_heuristic,persona_heuristic_w000568,6000000000000006217,45,Super Stacker,2020-02-15T16:43:36+08:00,2020-02-15T17:30:36+08:00,2020-02-15T17:57:00+08:00,False,3.0,2820.0,10749.0,116.436723,39.970194,116.443577,39.966426
persona_heuristic,persona_heuristic_w000568,6000000000000006587,45,Super Stacker,2020-02-15T17:03:07+08:00,2020-02-15T17:52:07+08:00,2020-02-15T17:57:00+08:00,False,6.0,2820.0,10749.0,116.451267,39.978316,116.443807,39.992826
persona_heuristic,persona_heuristic_w000612,6000000000000006971,45,Super Stacker,2020-02-15T17:49:11+08:00,2020-02-15T18:28:11+08:00,2020-02-15T18:28:32+08:00,False,6.0,1712.0,6134.0,116.445209,39.995614,116.463147,39.995366
persona_heuristic,persona_heuristic_w000612,6000000000000006676,45,Super Stacker,2020-02-15T17:33:24+08:00,2020-02-15T18:28:24+08:00,2020-02-15T18:28:32+08:00,False,6.0,1712.0,6134.0,116.451134,39.995166,116.465177,39.986086
persona_heuristic,persona_heuristic_w000642,6000000000000007689,45,Super Stacker,2020-02-15T18:05:27+08:00,2020-02-15T18:46:27+08:00,2020-02-15T18:48:40+08:00,False,6.0,1120.0,3667.0,116.468042,39.989419,116.461217,39.997736
persona_heuristic,persona_heuristic_w000642,6000000000000007824,45,Super Stacker,2020-02-15T18:09:29+08:00,2020-02-15T18:52:29+08:00,2020-02-15T18:48:40+08:00,True,6.0,1120.0,3667.0,116.467647,39.989676,116.465117,40.000496
persona_heuristic,persona_heuristic_w000664,6000000000000008014,45,Super Stacker,2020-02-15T18:29:17+08:00,2020-02-15T19:02:17+08:00,2020-02-15T19:15:07+08:00,False,6.0,1507.0,5280.0,116.468197,39.995916,116.479917,39.985216
persona_heuristic,persona_heuristic_w000664,6000000000000008425,45,Super Stacker,2020-02-15T18:37:16+08:00,2020-02-15T19:10:16+08:00,2020-02-15T19:15:07+08:00,False,6.0,1507.0,5280.0,116.468197,39.995916,116.468957,39.982956
persona_heuristic,persona_heuristic_w000695,6000000000000008309,45,Super Stacker,2020-02-15T19:15:05+08:00,2020-02-15T20:05:05+08:00,2020-02-15T20:37:25+08:00,False,6.0,4645.0,18355.0,116.460367,39.990946,116.445637,39.997466
persona_heuristic,persona_heuristic_w000695,6000000000000008575,45,Super Stacker,2020-02-15T19:25:29+08:00,2020-02-15T20:14:29+08:00,2020-02-15T20:37:25+08:00,False,6.0,4645.0,18355.0,116.468401,39.976312,116.478357,39.969436
persona_heuristic,persona_heuristic_w000064,6000000000000000268,46,Dinner-Peak Core,2020-02-15T09:34:35+08:00,2020-02-15T10:21:35+08:00,2020-02-15T09:49:14+08:00,True,6.0,1154.0,4309.0,116.486367,39.906436,116.494757,39.895106
persona_heuristic,persona_heuristic_w000219,6000000000000002918,46,Dinner-Peak Core,2020-02-15T11:51:24+08:00,2020-02-15T12:41:24+08:00,2020-02-15T12:05:09+08:00,True,6.0,909.0,3284.0,116.487637,39.900016,116.473597,39.895266
persona_heuristic,persona_heuristic_w000247,6000000000000002720,46,Dinner-Peak Core,2020-02-15T11:46:27+08:00,2020-02-15T12:43:27+08:00,2020-02-15T12:25:49+08:00,True,6.0,949.0,3452.0,116.470486,39.893224,116.454427,39.885606
persona_heuristic,persona_heuristic_w000283,6000000000000003206,46,Dinner-Peak Core,2020-02-15T12:02:45+08:00,2020-02-15T12:47:45+08:00,2020-02-15T12:48:28+08:00,False,6.0,1108.0,4116.0,116.462057,39.892116,116.447537,39.894926
persona_heuristic,persona_heuristic_w000326,6000000000000003706,46,Dinner-Peak Core,2020-02-15T12:47:34+08:00,2020-02-15T13:17:34+08:00,2020-02-15T13:12:12+08:00,True,6.0,732.0,2553.0,116.452933,39.893163,116.466837,39.888656
persona_heuristic,persona_heuristic_w000355,6000000000000003795,46,Dinner-Peak Core,2020-02-15T13:00:31+08:00,2020-02-15T13:48:31+08:00,2020-02-15T13:37:43+08:00,True,6.0,1063.0,3930.0,116.460707,39.883136,116.460207,39.893936
persona_heuristic,persona_heuristic_w000379,6000000000000004352,46,Dinner-Peak Core,2020-02-15T13:24:31+08:00,2020-02-15T13:54:31+08:00,2020-02-15T13:51:49+08:00,True,6.0,709.0,2454.0,116.45099,39.894333,116.454417,39.885386
persona_heuristic,persona_heuristic_w000404,6000000000000004712,46,Dinner-Peak Core,2020-02-15T13:42:28+08:00,2020-02-15T14:23:28+08:00,2020-02-15T14:15:55+08:00,True,6.0,955.0,3480.0,116.459457,39.883096,116.467107,39.873056
persona_heuristic,persona_heuristic_w000424,6000000000000004699,46,Dinner-Peak Core,2020-02-15T14:17:55+08:00,2020-02-15T15:11:55+08:00,2020-02-15T14:38:08+08:00,True,6.0,1088.0,4033.0,116.476929,39.87676,116.472597,39.863256
persona_heuristic,persona_heuristic_w000563,6000000000000006452,46,Dinner-Peak Core,2020-02-15T17:09:19+08:00,2020-02-15T17:56:19+08:00,2020-02-15T17:18:54+08:00,True,6.0,1134.0,4223.0,116.452565,39.865042,116.440717,39.868006
persona_heuristic,persona_heuristic_w000576,6000000000000006315,46,Dinner-Peak Core,2020-02-15T17:03:17+08:00,2020-02-15T17:50:17+08:00,2020-02-15T17:39:08+08:00,True,6.0,1148.0,4283.0,116.452565,39.865042,116.440647,39.874336
persona_heuristic,persona_heuristic_w000593,6000000000000006926,46,Dinner-Peak Core,2020-02-15T17:18:03+08:00,2020-02-15T18:08:03+08:00,2020-02-15T18:04:50+08:00,True,6.0,1490.0,5709.0,116.452396,39.873208,116.451857,39.859046
persona_heuristic,persona_heuristic_w000630,6000000000000007379,46,Dinner-Peak Core,2020-02-15T18:09:54+08:00,2020-02-15T19:15:54+08:00,2020-02-15T18:39:44+08:00,True,10.0,1784.0,6935.0,116.436984,39.856458,116.444437,39.827566
persona_heuristic,persona_heuristic_w000658,6000000000000008352,46,Dinner-Peak Core,2020-02-15T18:43:04+08:00,2020-02-15T19:35:04+08:00,2020-02-15T19:12:50+08:00,True,6.0,1970.0,7707.0,116.439057,39.840946,116.421007,39.844486
persona_heuristic,persona_heuristic_w000691,6000000000000007799,46,Dinner-Peak Core,2020-02-15T18:57:38+08:00,2020-02-15T19:39:38+08:00,2020-02-15T19:35:49+08:00,True,6.0,949.0,3457.0,116.420153,39.845391,116.437227,39.837826
persona_heuristic,persona_heuristic_w000709,6000000000000007960,46,Dinner-Peak Core,2020-02-15T19:12:03+08:00,2020-02-15T19:46:03+08:00,2020-02-15T20:04:10+08:00,False,3.0,1450.0,5542.0,116.439057,39.840946,116.438207,39.842146
persona_heuristic,persona_heuristic_w000046,6000000000000000257,47,Dinner-Peak Core,2020-02-15T09:08:41+08:00,2020-02-15T09:57:41+08:00,2020-02-15T09:19:17+08:00,True,6.0,1157.0,4318.0,116.128983,39.733849,116.136267,39.749446
persona_heuristic,persona_heuristic_w000090,6000000000000000487,47,Dinner-Peak Core,2020-02-15T10:07:20+08:00,2020-02-15T10:59:20+08:00,2020-02-15T10:14:32+08:00,True,6.0,872.0,3136.0,116.131818,39.73898,116.142847,39.746206
persona_heuristic,persona_heuristic_w000110,6000000000000000432,47,Dinner-Peak Core,2020-02-15T09:59:05+08:00,2020-02-15T10:40:05+08:00,2020-02-15T10:41:19+08:00,False,6.0,1279.0,4830.0,116.150666,39.755465,116.161127,39.768866
persona_heuristic,persona_heuristic_w000437,6000000000000004870,47,Dinner-Peak Core,2020-02-15T14:34:22+08:00,2020-02-15T15:30:23+08:00,2020-02-15T14:52:02+08:00,True,6.0,1322.0,5008.0,116.174402,39.763161,116.175547,39.772876
persona_heuristic,persona_heuristic_w000098,6000000000000001139,48,Dinner-Peak Core,2020-02-15T10:17:45+08:00,2020-02-15T13:17:45+08:00,2020-02-15T10:37:42+08:00,True,6.0,1662.0,6423.0,116.316153,39.881403,116.300577,39.865236
persona_heuristic,persona_heuristic_w000137,6000000000000000836,48,Dinner-Peak Core,2020-02-15T10:25:19+08:00,2020-02-15T11:25:19+08:00,2020-02-15T11:26:52+08:00,False,10.0,2212.0,8719.0,116.2966,39.849731,116.301027,39.810996
persona_heuristic,persona_heuristic_w000562,6000000000000006497,48,Dinner-Peak Core,2020-02-15T16:51:04+08:00,2020-02-15T17:30:00+08:00,2020-02-15T17:43:15+08:00,False,6.0,2595.0,10312.0,116.28901,39.823246,116.273807,39.814936
persona_heuristic,persona_heuristic_w000031,6000000000000000615,49,Dinner-Peak Core,2020-02-15T08:54:00+08:00,2020-02-15T10:15:00+08:00,2020-02-15T09:21:44+08:00,True,6.0,1904.0,7432.0,116.295725,39.980575,116.313377,39.992356
persona_heuristic,persona_heuristic_w000077,6000000000000000674,49,Dinner-Peak Core,2020-02-15T09:42:36+08:00,2020-02-15T10:30:00+08:00,2020-02-15T09:55:57+08:00,True,6.0,957.0,3487.0,116.329037,39.991301,116.317877,39.995636
persona_heuristic,persona_heuristic_w000120,6000000000000001064,49,Dinner-Peak Core,2020-02-15T10:46:44+08:00,2020-02-15T11:30:00+08:00,2020-02-15T10:55:56+08:00,True,6.0,956.0,3484.0,116.32582,39.995618,116.332057,40.012206
persona_heuristic,persona_heuristic_w000153,6000000000000001601,49,Dinner-Peak Core,2020-02-15T11:05:28+08:00,2020-02-15T12:11:28+08:00,2020-02-15T11:32:38+08:00,True,10.0,1958.0,7659.0,116.344248,40.008293,116.311367,39.998026
persona_heuristic,persona_heuristic_w000214,6000000000000001806,49,Dinner-Peak Core,2020-02-15T11:31:10+08:00,2020-02-15T12:07:10+08:00,2020-02-15T11:56:10+08:00,True,6.0,970.0,3540.0,116.32582,39.995618,116.337857,39.998806
persona_heuristic,persona_heuristic_w000232,6000000000000002898,49,Dinner-Peak Core,2020-02-15T11:38:06+08:00,2020-02-15T12:19:06+08:00,2020-02-15T12:15:25+08:00,True,6.0,925.0,3354.0,116.342057,40.000316,116.344067,40.012726
persona_heuristic,persona_heuristic_w000286,6000000000000003774,49,Dinner-Peak Core,2020-02-15T12:38:08+08:00,2020-02-15T13:28:08+08:00,2020-02-15T12:59:03+08:00,True,6.0,1743.0,6765.0,116.332098,40.006788,116.362747,40.005826
persona_heuristic,persona_heuristic_w000339,6000000000000003822,49,Dinner-Peak Core,2020-02-15T13:16:59+08:00,2020-02-15T14:12:59+08:00,2020-02-15T13:29:28+08:00,True,6.0,1168.0,4363.0,116.371476,40.00766,116.364607,40.015016
persona_heuristic,persona_heuristic_w000377,6000000000000004460,49,Dinner-Peak Core,2020-02-15T13:49:32+08:00,2020-02-15T14:38:32+08:00,2020-02-15T14:09:53+08:00,True,6.0,1793.0,6971.0,116.361954,40.012778,116.358287,39.995936
persona_heuristic,persona_heuristic_w000431,6000000000000005160,49,Dinner-Peak Core,2020-02-15T14:38:59+08:00,2020-02-15T15:22:59+08:00,2020-02-15T14:45:57+08:00,True,6.0,957.0,3486.0,116.363315,40.000984,116.375757,39.994536
persona_heuristic,persona_heuristic_w000456,6000000000000005679,49,Dinner-Peak Core,2020-02-15T15:08:29+08:00,2020-02-15T15:49:29+08:00,2020-02-15T15:17:08+08:00,True,6.0,1028.0,3784.0,116.383701,39.999083,116.404007,39.999336
persona_heuristic,persona_heuristic_w000512,6000000000000006245,49,Dinner-Peak Core,2020-02-15T16:15:21+08:00,2020-02-15T17:01:21+08:00,2020-02-15T16:34:41+08:00,True,6.0,1481.0,5671.0,116.396434,39.990367,116.39619700000002,39.999606
persona_heuristic,persona_heuristic_w000533,6000000000000006771,49,Dinner-Peak Core,2020-02-15T16:47:41+08:00,2020-02-15T17:28:41+08:00,2020-02-15T16:58:01+08:00,True,6.0,1081.0,4003.0,116.383701,39.999083,116.402437,39.995696
persona_heuristic,persona_heuristic_w000550,6000000000000006148,49,Dinner-Peak Core,2020-02-15T16:36:49+08:00,2020-02-15T17:24:49+08:00,2020-02-15T17:22:39+08:00,True,6.0,1359.0,5162.0,116.406793,39.985754,116.40510700000002,39.997736
persona_heuristic,persona_heuristic_w000583,6000000000000006527,49,Dinner-Peak Core,2020-02-15T17:18:43+08:00,2020-02-15T17:53:43+08:00,2020-02-15T17:44:36+08:00,True,6.0,876.0,3151.0,116.406234,40.003959,116.406827,39.992686
persona_heuristic,persona_heuristic_w000602,6000000000000006879,49,Dinner-Peak Core,2020-02-15T17:23:24+08:00,2020-02-15T18:11:24+08:00,2020-02-15T18:08:49+08:00,True,6.0,1129.0,4207.0,116.406793,39.985754,116.402397,40.002716
persona_heuristic,persona_heuristic_w000631,6000000000000007031,49,Dinner-Peak Core,2020-02-15T17:52:26+08:00,2020-02-15T18:35:26+08:00,2020-02-15T18:38:35+08:00,False,6.0,1715.0,6649.0,116.400042,39.991122,116.424257,39.980506
persona_heuristic,persona_heuristic_w000657,6000000000000007382,49,Dinner-Peak Core,2020-02-15T18:13:17+08:00,2020-02-15T19:04:17+08:00,2020-02-15T19:02:12+08:00,True,6.0,1332.0,5050.0,116.410807,39.987315,116.402587,40.001826
persona_heuristic,persona_heuristic_w000685,6000000000000008276,49,Dinner-Peak Core,2020-02-15T18:43:00+08:00,2020-02-15T19:42:00+08:00,2020-02-15T19:28:01+08:00,True,6.0,1081.0,4004.0,116.401799,39.998061,116.417587,39.985986
persona_heuristic,persona_heuristic_w000701,6000000000000008143,49,Dinner-Peak Core,2020-02-15T19:18:43+08:00,2020-02-15T20:10:43+08:00,2020-02-15T19:50:10+08:00,True,6.0,1210.0,4539.0,116.414293,39.992039,116.426037,39.979016
persona_heuristic,persona_heuristic_w000729,6000000000000008658,49,Dinner-Peak Core,2020-02-15T19:57:47+08:00,2020-02-15T20:27:47+08:00,2020-02-15T20:14:02+08:00,True,3.0,842.0,3009.0,116.44227,39.970839,116.440087,39.972676
persona_heuristic,persona_heuristic_w000075,6000000000000000805,50,Dinner-Peak Core,2020-02-15T09:45:51+08:00,2020-02-15T10:28:51+08:00,2020-02-15T10:02:53+08:00,True,6.0,1373.0,5219.0,116.475845,39.930812,116.460947,39.927476
persona_heuristic,persona_heuristic_w000101,6000000000000000958,50,Dinner-Peak Core,2020-02-15T10:06:52+08:00,2020-02-15T10:39:52+08:00,2020-02-15T10:24:57+08:00,True,6.0,897.0,3239.0,116.446389,39.92748,116.441277,39.937796
persona_heuristic,persona_heuristic_w000121,6000000000000000940,50,Dinner-Peak Core,2020-02-15T10:49:36+08:00,2020-02-15T11:32:36+08:00,2020-02-15T10:59:27+08:00,True,6.0,1167.0,4363.0,116.440727,39.931057,116.417077,39.935826
persona_heuristic,persona_heuristic_w000143,6000000000000000720,50,Dinner-Peak Core,2020-02-15T10:38:56+08:00,2020-02-15T11:20:56+08:00,2020-02-15T11:15:15+08:00,True,6.0,915.0,3311.0,116.419143,39.940516,116.399207,39.937556
persona_heuristic,persona_heuristic_w000175,6000000000000001926,50,Dinner-Peak Core,2020-02-15T11:01:34+08:00,2020-02-15T11:46:34+08:00,2020-02-15T11:43:11+08:00,True,6.0,1391.0,5296.0,116.390058,39.940051,116.371787,39.925646
persona_heuristic,persona_heuristic_w000224,6000000000000002067,50,Dinner-Peak Core,2020-02-15T11:24:37+08:00,2020-02-15T12:13:37+08:00,2020-02-15T12:09:51+08:00,True,6.0,1191.0,4462.0,116.358212,39.930374,116.335167,39.932866
persona_heuristic,persona_heuristic_w000250,6000000000000002378,50,Dinner-Peak Core,2020-02-15T11:44:20+08:00,2020-02-15T12:14:21+08:00,2020-02-15T12:20:26+08:00,False,6.0,626.0,2108.0,116.327354,39.933619,116.323817,39.924796
persona_heuristic,persona_heuristic_w000284,6000000000000003681,50,Dinner-Peak Core,2020-02-15T12:28:17+08:00,2020-02-15T13:10:17+08:00,2020-02-15T12:46:54+08:00,True,6.0,1014.0,3728.0,116.334979,39.920349,116.322317,39.922516
persona_heuristic,persona_heuristic_w000334,6000000000000004406,50,Dinner-Peak Core,2020-02-15T13:06:17+08:00,2020-02-15T14:18:17+08:00,2020-02-15T13:40:40+08:00,True,10.0,2440.0,9664.0,116.318606,39.904887,116.360797,39.914196
persona_heuristic,persona_heuristic_w000395,6000000000000004644,50,Dinner-Peak Core,2020-02-15T13:23:41+08:00,2020-02-15T14:08:41+08:00,2020-02-15T14:06:43+08:00,True,6.0,1003.0,3678.0,116.365515,39.910038,116.371987,39.925096
persona_heuristic,persona_heuristic_w000408,6000000000000004382,50,Dinner-Peak Core,2020-02-15T13:44:18+08:00,2020-02-15T14:17:18+08:00,2020-02-15T14:21:34+08:00,False,6.0,694.0,2389.0,116.369461,39.924885,116.369347,39.914366
persona_heuristic,persona_heuristic_w000432,6000000000000004903,50,Dinner-Peak Core,2020-02-15T14:04:01+08:00,2020-02-15T15:04:01+08:00,2020-02-15T14:53:46+08:00,True,6.0,1426.0,5441.0,116.362741,39.909954,116.337917,39.895316
persona_heuristic,persona_heuristic_w000459,6000000000000004999,50,Dinner-Peak Core,2020-02-15T14:37:17+08:00,2020-02-15T15:12:17+08:00,2020-02-15T15:22:52+08:00,False,6.0,1372.0,5213.0,116.353703,39.89785,116.341407,39.894226
persona_heuristic,persona_heuristic_w000476,6000000000000005210,50,Dinner-Peak Core,2020-02-15T15:20:38+08:00,2020-02-15T15:50:38+08:00,2020-02-15T15:45:16+08:00,True,6.0,916.0,3316.0,116.349201,39.896337,116.365787,39.894546
persona_heuristic,persona_heuristic_w000493,6000000000000005732,50,Dinner-Peak Core,2020-02-15T15:26:19+08:00,2020-02-15T16:03:19+08:00,2020-02-15T16:06:53+08:00,False,6.0,1013.0,3720.0,116.368573,39.901199,116.375287,39.890066
persona_heuristic,persona_heuristic_w000508,6000000000000005598,50,Dinner-Peak Core,2020-02-15T15:48:18+08:00,2020-02-15T16:35:18+08:00,2020-02-15T16:26:59+08:00,True,6.0,1019.0,3746.0,116.375177,39.887696,116.370637,39.896006
persona_heuristic,persona_heuristic_w000524,6000000000000005726,50,Dinner-Peak Core,2020-02-15T16:11:22+08:00,2020-02-15T16:58:22+08:00,2020-02-15T16:46:16+08:00,True,6.0,976.0,3570.0,116.364226,39.895926,116.357517,39.880176
persona_heuristic,persona_heuristic_w000543,6000000000000005950,50,Dinner-Peak Core,2020-02-15T16:32:13+08:00,2020-02-15T17:14:13+08:00,2020-02-15T17:10:53+08:00,True,6.0,1253.0,4719.0,116.348251,39.888003,116.357237,39.899886
persona_heuristic,persona_heuristic_w000577,6000000000000006355,50,Dinner-Peak Core,2020-02-15T16:59:37+08:00,2020-02-15T17:44:37+08:00,2020-02-15T17:34:56+08:00,True,6.0,896.0,3235.0,116.362962,39.909768,116.372777,39.903516
persona_heuristic,persona_heuristic_w000592,6000000000000006924,50,Dinner-Peak Core,2020-02-15T17:12:06+08:00,2020-02-15T18:03:15+08:00,2020-02-15T17:59:13+08:00,True,6.0,1153.0,4305.0,116.363147,39.908616,116.371527,39.925706
persona_heuristic,persona_heuristic_w000622,6000000000000006821,50,Dinner-Peak Core,2020-02-15T17:33:53+08:00,2020-02-15T18:12:53+08:00,2020-02-15T18:22:45+08:00,False,6.0,1365.0,5186.0,116.349661,39.92899,116.337847,39.922046
persona_heuristic,persona_heuristic_w000646,6000000000000007519,50,Dinner-Peak Core,2020-02-15T18:12:32+08:00,2020-02-15T18:53:32+08:00,2020-02-15T18:45:22+08:00,True,6.0,922.0,3343.0,116.349294,39.918768,116.342707,39.927756
persona_heuristic,persona_heuristic_w000665,6000000000000008083,50,Dinner-Peak Core,2020-02-15T18:20:13+08:00,2020-02-15T18:55:13+08:00,2020-02-15T19:05:06+08:00,False,6.0,906.0,3277.0,116.34864,39.922954,116.371757,39.925396
persona_heuristic,persona_heuristic_w000684,6000000000000007935,50,Dinner-Peak Core,2020-02-15T18:44:12+08:00,2020-02-15T19:18:12+08:00,2020-02-15T19:25:09+08:00,False,6.0,909.0,3288.0,116.369461,39.924885,116.357007,39.933296
persona_heuristic,persona_heuristic_w000704,6000000000000008562,50,Dinner-Peak Core,2020-02-15T19:06:03+08:00,2020-02-15T19:42:03+08:00,2020-02-15T19:49:59+08:00,False,6.0,1199.0,4496.0,116.36377,39.9238,116.368437,39.908046
persona_heuristic,persona_heuristic_w000718,6000000000000007974,50,Dinner-Peak Core,2020-02-15T19:25:32+08:00,2020-02-15T20:10:32+08:00,2020-02-15T20:06:02+08:00,True,6.0,962.0,3511.0,116.353757,39.904099,116.341357,39.898426
persona_heuristic,persona_heuristic_w000023,6000000000000000300,51,Dinner-Peak Core,2020-02-15T08:47:30+08:00,2020-02-15T09:36:30+08:00,2020-02-15T08:51:35+08:00,True,6.0,695.0,2396.0,116.361367,39.945046,116.373167,39.947046
persona_heuristic,persona_heuristic_w000045,6000000000000000392,51,Dinner-Peak Core,2020-02-15T08:52:55+08:00,2020-02-15T09:36:55+08:00,2020-02-15T09:18:09+08:00,True,6.0,1089.0,4040.0,116.362648,39.942124,116.379957,39.950756
persona_heuristic,persona_heuristic_w000076,6000000000000000417,51,Dinner-Peak Core,2020-02-15T09:47:25+08:00,2020-02-15T11:00:00+08:00,2020-02-15T10:03:52+08:00,True,6.0,1432.0,5466.0,116.369076,39.958963,116.382187,39.972196
persona_heuristic,persona_heuristic_w000126,6000000000000000934,51,Dinner-Peak Core,2020-02-15T10:46:08+08:00,2020-02-15T11:57:08+08:00,2020-02-15T10:59:47+08:00,True,6.0,1187.0,4446.0,116.379228,39.962376,116.363587,39.961376
persona_heuristic,persona_heuristic_w000144,6000000000000001399,51,Dinner-Peak Core,2020-02-15T10:46:29+08:00,2020-02-15T11:28:29+08:00,2020-02-15T11:17:08+08:00,True,6.0,1028.0,3785.0,116.358508,39.965226,116.354187,39.946156
persona_heuristic,persona_heuristic_w000173,6000000000000001233,51,Dinner-Peak Core,2020-02-15T10:52:39+08:00,2020-02-15T11:28:39+08:00,2020-02-15T11:43:44+08:00,False,6.0,1424.0,5432.0,116.361527,39.946706,116.379187,39.941326
persona_heuristic,persona_heuristic_w000233,6000000000000002906,51,Dinner-Peak Core,2020-02-15T11:43:25+08:00,2020-02-15T12:24:25+08:00,2020-02-15T12:26:37+08:00,False,6.0,1597.0,6155.0,116.385457,39.937566,116.386117,39.928536
persona_heuristic,persona_heuristic_w000280,6000000000000003852,51,Dinner-Peak Core,2020-02-15T12:33:01+08:00,2020-02-15T13:41:01+08:00,2020-02-15T13:01:22+08:00,True,10.0,1882.0,7342.0,116.380804,39.935166,116.340657,39.934246
persona_heuristic,persona_heuristic_w000364,6000000000000004172,51,Dinner-Peak Core,2020-02-15T13:02:53+08:00,2020-02-15T13:49:53+08:00,2020-02-15T13:50:58+08:00,False,6.0,1258.0,4742.0,116.34309,39.940142,116.362927,39.948926
persona_heuristic,persona_heuristic_w000403,6000000000000004662,51,Dinner-Peak Core,2020-02-15T13:38:33+08:00,2020-02-15T14:29:33+08:00,2020-02-15T14:18:04+08:00,True,6.0,1084.0,4015.0,116.361742,39.945116,116.353377,39.927816
persona_heuristic,persona_heuristic_w000425,6000000000000005042,51,Dinner-Peak Core,2020-02-15T14:26:28+08:00,2020-02-15T15:06:28+08:00,2020-02-15T14:36:08+08:00,True,6.0,968.0,3535.0,116.363386,39.923254,116.372447,39.931436
persona_heuristic,persona_heuristic_w000488,6000000000000005544,51,Dinner-Peak Core,2020-02-15T15:44:12+08:00,2020-02-15T16:25:12+08:00,2020-02-15T15:57:30+08:00,True,6.0,1050.0,3878.0,116.362648,39.942124,116.355437,39.952056
persona_heuristic,persona_heuristic_w000499,6000000000000005657,51,Dinner-Peak Core,2020-02-15T15:49:16+08:00,2020-02-15T16:31:16+08:00,2020-02-15T16:16:08+08:00,True,6.0,968.0,3536.0,116.358135,39.95135,116.338197,39.951486
persona_heuristic,persona_heuristic_w000517,6000000000000005395,51,Dinner-Peak Core,2020-02-15T15:50:42+08:00,2020-02-15T16:44:42+08:00,2020-02-15T16:35:58+08:00,True,6.0,958.0,3491.0,116.346237,39.952276,116.366547,39.957336
persona_heuristic,persona_heuristic_w000532,6000000000000005775,51,Dinner-Peak Core,2020-02-15T16:22:32+08:00,2020-02-15T16:58:32+08:00,2020-02-15T16:59:49+08:00,False,6.0,1189.0,4455.0,116.360949,39.962035,116.349807,39.973836
persona_heuristic,persona_heuristic_w000552,6000000000000006171,51,Dinner-Peak Core,2020-02-15T16:49:26+08:00,2020-02-15T17:32:26+08:00,2020-02-15T17:24:27+08:00,True,6.0,1467.0,5610.0,116.358508,39.965226,116.383717,39.972266
persona_heuristic,persona_heuristic_w000585,6000000000000006308,51,Dinner-Peak Core,2020-02-15T17:00:38+08:00,2020-02-15T17:39:38+08:00,2020-02-15T17:47:56+08:00,False,3.0,1076.0,3981.0,116.391413,39.967226,116.392367,39.971236
persona_heuristic,persona_heuristic_w000603,6000000000000006660,51,Dinner-Peak Core,2020-02-15T17:20:51+08:00,2020-02-15T18:06:51+08:00,2020-02-15T18:05:55+08:00,True,6.0,955.0,3479.0,116.400436,39.965779,116.412787,39.966296
persona_heuristic,persona_heuristic_w000627,6000000000000007453,51,Dinner-Peak Core,2020-02-15T18:00:59+08:00,2020-02-15T18:46:59+08:00,2020-02-15T18:32:09+08:00,True,6.0,1329.0,5039.0,116.40052,39.966067,116.412217,39.953376
persona_heuristic,persona_heuristic_w000670,6000000000000008495,51,Dinner-Peak Core,2020-02-15T18:39:09+08:00,2020-02-15T19:16:09+08:00,2020-02-15T19:10:07+08:00,True,6.0,1207.0,4529.0,116.40052,39.966067,116.409197,39.959126
persona_heuristic,persona_heuristic_w000692,6000000000000008280,51,Dinner-Peak Core,2020-02-15T19:00:54+08:00,2020-02-15T19:38:54+08:00,2020-02-15T19:27:38+08:00,True,3.0,458.0,1411.0,116.407537,39.960876,116.403857,39.956176
persona_heuristic,persona_heuristic_w000706,6000000000000008841,51,Dinner-Peak Core,2020-02-15T19:14:34+08:00,2020-02-15T20:10:34+08:00,2020-02-15T19:56:51+08:00,True,6.0,1611.0,6212.0,116.398151,39.945018,116.414177,39.960366
persona_heuristic,persona_heuristic_w000165,6000000000000001778,52,Dinner-Peak Core,2020-02-15T11:18:50+08:00,2020-02-15T12:08:50+08:00,2020-02-15T11:22:13+08:00,True,6.0,733.0,2553.0,116.544248,40.009268,116.531467,40.008516
persona_heuristic,persona_heuristic_w000211,6000000000000002905,52,Dinner-Peak Core,2020-02-15T11:43:31+08:00,2020-02-15T12:30:31+08:00,2020-02-15T12:03:00+08:00,True,6.0,1380.0,5247.0,116.519071,40.011058,116.533037,40.033586
persona_heuristic,persona_heuristic_w000245,6000000000000002836,52,Dinner-Peak Core,2020-02-15T11:56:12+08:00,2020-02-15T12:54:12+08:00,2020-02-15T12:31:33+08:00,True,6.0,1293.0,4889.0,116.533374,40.033986,116.517197,40.011266
persona_heuristic,persona_heuristic_w000491,6000000000000006135,52,Dinner-Peak Core,2020-02-15T15:56:36+08:00,2020-02-15T18:45:00+08:00,2020-02-15T16:16:03+08:00,True,10.0,1563.0,6012.0,116.517796,40.007361,116.531197,40.032366
persona_heuristic,persona_heuristic_w000514,6000000000000006325,52,Dinner-Peak Core,2020-02-15T16:22:24+08:00,2020-02-15T17:08:24+08:00,2020-02-15T16:40:21+08:00,True,6.0,1221.0,4585.0,116.533374,40.033986,116.508277,40.048746
persona_heuristic,persona_heuristic_w000587,6000000000000006690,52,Dinner-Peak Core,2020-02-15T17:37:55+08:00,2020-02-15T18:35:55+08:00,2020-02-15T17:46:33+08:00,True,3.0,993.0,3638.0,116.502205,40.035706,116.506397,40.033166
persona_heuristic,persona_heuristic_w000606,6000000000000007251,52,Dinner-Peak Core,2020-02-15T17:49:39+08:00,2020-02-15T18:32:39+08:00,2020-02-15T18:12:40+08:00,True,6.0,1360.0,5169.0,116.499465,40.022691,116.477807,40.030556
persona_heuristic,persona_heuristic_w000644,6000000000000008186,52,Dinner-Peak Core,2020-02-15T18:39:05+08:00,2020-02-15T19:38:05+08:00,2020-02-15T18:53:10+08:00,True,10.0,1390.0,5290.0,116.487053,40.02949,116.526327,40.036456
persona_heuristic,persona_heuristic_w000674,6000000000000007882,52,Dinner-Peak Core,2020-02-15T18:49:17+08:00,2020-02-15T19:49:17+08:00,2020-02-15T19:22:18+08:00,True,6.0,1338.0,5078.0,116.533248,40.034186,116.51743700000002,40.013446
persona_heuristic,persona_heuristic_w000713,6000000000000008784,52,Dinner-Peak Core,2020-02-15T19:48:01+08:00,2020-02-15T20:34:01+08:00,2020-02-15T21:26:44+08:00,False,6.0,6404.0,9605.0,116.499465,40.022691,116.470627,40.034546
persona_heuristic,persona_heuristic_w000236,6000000000000002759,53,Dinner-Peak Core,2020-02-15T12:07:06+08:00,2020-02-15T12:37:07+08:00,2020-02-15T12:20:20+08:00,True,6.0,1220.0,4587.0,116.323829,39.762961,116.306587,39.764586
persona_heuristic,persona_heuristic_w000553,6000000000000006723,53,Dinner-Peak Core,2020-02-15T17:06:25+08:00,2020-02-15T18:01:25+08:00,2020-02-15T17:23:24+08:00,True,6.0,1404.0,5349.0,116.321064,39.762011,116.326047,39.746876
persona_heuristic,persona_heuristic_w000588,6000000000000006878,53,Dinner-Peak Core,2020-02-15T17:16:47+08:00,2020-02-15T18:21:47+08:00,2020-02-15T17:51:31+08:00,True,6.0,1291.0,4877.0,116.321064,39.762011,116.325017,39.743306
persona_heuristic,persona_heuristic_w000618,6000000000000007670,53,Dinner-Peak Core,2020-02-15T17:56:49+08:00,2020-02-15T18:44:49+08:00,2020-02-15T18:32:24+08:00,True,6.0,1944.0,7603.0,116.32111,39.730972,116.302487,39.709946
persona_heuristic,persona_heuristic_w000009,6000000000000000338,54,Dinner-Peak Core,2020-02-15T08:14:06+08:00,2020-02-15T09:15:06+08:00,2020-02-15T08:35:38+08:00,True,10.0,1538.0,5908.0,116.148157,39.722357,116.181997,39.713326
persona_heuristic,persona_heuristic_w000028,6000000000000000440,54,Dinner-Peak Core,2020-02-15T08:40:23+08:00,2020-02-15T10:30:00+08:00,2020-02-15T09:09:01+08:00,True,10.0,1741.0,6752.0,116.170908,39.72138,116.136637,39.728656
persona_heuristic,persona_heuristic_w000066,6000000000000000635,54,Dinner-Peak Core,2020-02-15T09:34:36+08:00,2020-02-15T10:27:36+08:00,2020-02-15T09:48:37+08:00,True,6.0,1117.0,4154.0,116.128983,39.733849,116.141097,39.716556
persona_heuristic,persona_heuristic_w000259,6000000000000003223,54,Dinner-Peak Core,2020-02-15T12:14:01+08:00,2020-02-15T13:07:01+08:00,2020-02-15T12:38:48+08:00,True,10.0,1728.0,6702.0,116.131632,39.727783,116.171637,39.717636
persona_heuristic,persona_heuristic_w000293,6000000000000003632,54,Dinner-Peak Core,2020-02-15T12:47:09+08:00,2020-02-15T13:19:09+08:00,2020-02-15T12:55:59+08:00,True,6.0,959.0,3495.0,116.159934,39.721748,116.171787,39.719416
persona_heuristic,persona_heuristic_w000342,6000000000000004272,54,Dinner-Peak Core,2020-02-15T13:17:22+08:00,2020-02-15T13:54:22+08:00,2020-02-15T13:28:18+08:00,True,6.0,1098.0,4075.0,116.159934,39.721748,116.181987,39.720206
persona_heuristic,persona_heuristic_w000567,6000000000000007161,54,Dinner-Peak Core,2020-02-15T17:14:03+08:00,2020-02-15T19:30:00+08:00,2020-02-15T17:24:58+08:00,True,6.0,898.0,3241.0,116.170913,39.721049,116.182437,39.713496
persona_heuristic,persona_heuristic_w000648,6000000000000007844,54,Dinner-Peak Core,2020-02-15T18:30:27+08:00,2020-02-15T19:25:27+08:00,2020-02-15T18:56:17+08:00,True,6.0,1577.0,6071.0,116.163684,39.723408,116.182437,39.713496
persona_heuristic,persona_heuristic_w000683,6000000000000008017,54,Dinner-Peak Core,2020-02-15T18:31:58+08:00,2020-02-15T19:28:58+08:00,2020-02-15T19:26:17+08:00,True,6.0,1577.0,6071.0,116.163684,39.723408,116.182437,39.713496
persona_heuristic,persona_heuristic_w000708,6000000000000008382,54,Dinner-Peak Core,2020-02-15T19:14:49+08:00,2020-02-15T19:52:49+08:00,2020-02-15T19:55:11+08:00,False,6.0,1511.0,5795.0,116.163684,39.723408,116.162537,39.735896
persona_heuristic,persona_heuristic_w000343,6000000000000003815,55,Dinner-Peak Core,2020-02-15T13:12:35+08:00,2020-02-15T13:55:35+08:00,2020-02-15T13:31:16+08:00,True,6.0,1276.0,4817.0,116.491997,39.804419,116.518637,39.805196
persona_heuristic,persona_heuristic_w000621,6000000000000007361,55,Dinner-Peak Core,2020-02-15T18:04:12+08:00,2020-02-15T18:50:12+08:00,2020-02-15T18:17:31+08:00,True,3.0,1051.0,3878.0,116.497652,39.800394,116.489857,39.803466
persona_heuristic,persona_heuristic_w000635,6000000000000008324,55,Dinner-Peak Core,2020-02-15T18:25:51+08:00,2020-02-15T19:29:51+08:00,2020-02-15T18:36:17+08:00,True,6.0,977.0,3569.0,116.491285,39.803812,116.489487,39.785176
persona_heuristic,persona_heuristic_w000659,6000000000000007546,55,Dinner-Peak Core,2020-02-15T18:23:05+08:00,2020-02-15T19:31:05+08:00,2020-02-15T19:00:11+08:00,True,6.0,1211.0,4547.0,116.491633,39.800752,116.475477,39.799436
persona_heuristic,persona_heuristic_w000719,6000000000000008862,55,Dinner-Peak Core,2020-02-15T19:50:13+08:00,2020-02-15T20:45:13+08:00,2020-02-15T20:14:50+08:00,True,10.0,1490.0,5706.0,116.491987,39.802681,116.507977,39.778436
persona_heuristic,persona_heuristic_w000086,6000000000000000875,56,Dinner-Peak Core,2020-02-15T10:05:19+08:00,2020-02-15T11:01:19+08:00,2020-02-15T10:24:42+08:00,True,10.0,1482.0,5676.0,115.967939,40.459067,115.948907,40.429596
persona_heuristic,persona_heuristic_w000024,6000000000000000298,57,Dinner-Peak Core,2020-02-15T08:46:20+08:00,2020-02-15T09:33:20+08:00,2020-02-15T08:52:18+08:00,True,6.0,738.0,2571.0,116.415582,39.903099,116.400797,39.899546
persona_heuristic,persona_heuristic_w000047,6000000000000000446,57,Dinner-Peak Core,2020-02-15T08:59:56+08:00,2020-02-15T09:47:56+08:00,2020-02-15T09:15:46+08:00,True,6.0,946.0,3445.0,116.415582,39.903099,116.407277,39.910646
persona_heuristic,persona_heuristic_w000058,6000000000000000400,57,Dinner-Peak Core,2020-02-15T09:16:36+08:00,2020-02-15T10:06:36+08:00,2020-02-15T09:36:23+08:00,True,6.0,983.0,3595.0,116.415582,39.903099,116.404557,39.908466
persona_heuristic,persona_heuristic_w000074,6000000000000000413,57,Dinner-Peak Core,2020-02-15T09:45:14+08:00,2020-02-15T11:15:00+08:00,2020-02-15T10:00:45+08:00,True,6.0,1245.0,4685.0,116.411677,39.914416,116.429407,39.925266
persona_heuristic,persona_heuristic_w000102,6000000000000000549,57,Dinner-Peak Core,2020-02-15T10:06:25+08:00,2020-02-15T10:52:25+08:00,2020-02-15T10:29:10+08:00,True,6.0,1150.0,4291.0,116.416098,39.919745,116.432207,39.924816
persona_heuristic,persona_heuristic_w000122,6000000000000001263,57,Dinner-Peak Core,2020-02-15T10:21:00+08:00,2020-02-15T11:03:00+08:00,2020-02-15T10:55:42+08:00,True,6.0,942.0,3424.0,116.42895,39.9178,116.427777,39.927176
persona_heuristic,persona_heuristic_w000163,6000000000000001312,57,Dinner-Peak Core,2020-02-15T11:05:00+08:00,2020-02-15T11:38:00+08:00,2020-02-15T11:20:04+08:00,True,6.0,604.0,2015.0,116.426847,39.931434,116.425937,39.920656
persona_heuristic,persona_heuristic_w000191,6000000000000001565,57,Dinner-Peak Core,2020-02-15T11:03:53+08:00,2020-02-15T11:33:53+08:00,2020-02-15T11:45:41+08:00,False,6.0,941.0,3422.0,116.421817,39.926136,116.403017,39.924706
persona_heuristic,persona_heuristic_w000240,6000000000000002478,57,Dinner-Peak Core,2020-02-15T11:46:53+08:00,2020-02-15T12:19:53+08:00,2020-02-15T12:20:13+08:00,False,6.0,1213.0,4555.0,116.400151,39.912798,116.398137,39.921956
persona_heuristic,persona_heuristic_w000281,6000000000000002657,57,Dinner-Peak Core,2020-02-15T12:06:22+08:00,2020-02-15T12:49:22+08:00,2020-02-15T12:49:42+08:00,False,6.0,1182.0,4426.0,116.408087,39.918797,116.429947,39.917466
persona_heuristic,persona_heuristic_w000315,6000000000000002603,57,Dinner-Peak Core,2020-02-15T12:21:48+08:00,2020-02-15T13:01:48+08:00,2020-02-15T13:07:08+08:00,False,6.0,1028.0,3784.0,116.433617,39.908637,116.456707,39.906066
persona_heuristic,persona_heuristic_w000360,6000000000000003498,57,Dinner-Peak Core,2020-02-15T12:51:04+08:00,2020-02-15T13:44:04+08:00,2020-02-15T13:41:11+08:00,True,6.0,1271.0,4797.0,116.449735,39.916904,116.457997,39.926686
persona_heuristic,persona_heuristic_w000411,6000000000000004744,57,Dinner-Peak Core,2020-02-15T14:10:22+08:00,2020-02-15T15:10:22+08:00,2020-02-15T14:29:41+08:00,True,6.0,1181.0,4420.0,116.452698,39.920216,116.478007,39.916996
persona_heuristic,persona_heuristic_w000430,6000000000000004707,57,Dinner-Peak Core,2020-02-15T14:23:49+08:00,2020-02-15T15:14:49+08:00,2020-02-15T14:47:36+08:00,True,6.0,1056.0,3899.0,116.471286,39.914835,116.487987,39.916886
persona_heuristic,persona_heuristic_w000453,6000000000000005339,57,Dinner-Peak Core,2020-02-15T14:53:27+08:00,2020-02-15T15:49:27+08:00,2020-02-15T15:13:49+08:00,True,6.0,829.0,2951.0,116.481502,39.915072,116.493777,39.911226
persona_heuristic,persona_heuristic_w000466,6000000000000005425,57,Dinner-Peak Core,2020-02-15T15:18:00+08:00,2020-02-15T15:48:00+08:00,2020-02-15T15:30:42+08:00,True,6.0,642.0,2176.0,116.495134,39.914462,116.490287,39.922656
persona_heuristic,persona_heuristic_w000486,6000000000000005563,57,Dinner-Peak Core,2020-02-15T15:13:33+08:00,2020-02-15T16:14:33+08:00,2020-02-15T15:52:03+08:00,True,6.0,723.0,2513.0,116.489807,39.915506,116.501797,39.912266
persona_heuristic,persona_heuristic_w000555,6000000000000006548,57,Dinner-Peak Core,2020-02-15T16:45:01+08:00,2020-02-15T17:24:01+08:00,2020-02-15T17:15:27+08:00,True,3.0,927.0,3363.0,116.491087,39.921482,116.486517,39.922036
persona_heuristic,persona_heuristic_w000575,6000000000000006504,57,Dinner-Peak Core,2020-02-15T16:56:49+08:00,2020-02-15T18:05:49+08:00,2020-02-15T17:44:16+08:00,True,6.0,1456.0,5569.0,116.486376,39.914054,116.515177,39.921486
persona_heuristic,persona_heuristic_w000613,6000000000000007193,57,Dinner-Peak Core,2020-02-15T17:41:48+08:00,2020-02-15T18:30:48+08:00,2020-02-15T18:18:11+08:00,True,3.0,1091.0,4049.0,116.507775,39.923937,116.501527,39.926456
persona_heuristic,persona_heuristic_w000639,6000000000000007335,57,Dinner-Peak Core,2020-02-15T17:52:39+08:00,2020-02-15T18:23:39+08:00,2020-02-15T18:39:31+08:00,False,3.0,1171.0,4383.0,116.486282,39.929118,116.487627,39.930126
persona_heuristic,persona_heuristic_w000655,6000000000000008064,57,Dinner-Peak Core,2020-02-15T18:16:13+08:00,2020-02-15T19:02:13+08:00,2020-02-15T19:00:11+08:00,True,6.0,1211.0,4544.0,116.474561,39.924617,116.463497,39.934556
persona_heuristic,persona_heuristic_w000688,6000000000000008197,57,Dinner-Peak Core,2020-02-15T18:47:37+08:00,2020-02-15T19:36:37+08:00,2020-02-15T19:27:43+08:00,True,6.0,1063.0,3927.0,116.461885,39.943634,116.477727,39.959886
persona_heuristic,persona_heuristic_w000699,6000000000000008775,57,Dinner-Peak Core,2020-02-15T19:33:33+08:00,2020-02-15T20:29:33+08:00,2020-02-15T19:55:36+08:00,True,6.0,1536.0,5897.0,116.480944,39.958944,116.503247,39.943416
persona_heuristic,persona_heuristic_w000142,6000000000000002128,58,Dinner-Peak Core,2020-02-15T11:07:05+08:00,2020-02-15T11:54:05+08:00,2020-02-15T11:15:08+08:00,True,6.0,908.0,3283.0,116.492887,39.970276,116.492657,39.989146
persona_heuristic,persona_heuristic_w000182,6000000000000001579,58,Dinner-Peak Core,2020-02-15T11:08:58+08:00,2020-02-15T12:15:00+08:00,2020-02-15T11:35:58+08:00,True,6.0,958.0,3489.0,116.487721,39.976742,116.478477,39.969746
persona_heuristic,persona_heuristic_w000206,6000000000000002140,58,Dinner-Peak Core,2020-02-15T11:13:36+08:00,2020-02-15T11:49:36+08:00,2020-02-15T11:52:01+08:00,False,6.0,721.0,2503.0,116.479488,39.968664,116.489847,39.974436
persona_heuristic,persona_heuristic_w000241,6000000000000001803,58,Dinner-Peak Core,2020-02-15T11:30:23+08:00,2020-02-15T12:16:23+08:00,2020-02-15T12:16:37+08:00,False,6.0,997.0,3657.0,116.485302,39.962237,116.485177,39.953136
persona_heuristic,persona_heuristic_w000297,6000000000000003770,58,Dinner-Peak Core,2020-02-15T12:35:04+08:00,2020-02-15T13:23:04+08:00,2020-02-15T12:58:01+08:00,True,6.0,1081.0,4005.0,116.49275000000002,39.962291,116.478867,39.969796
persona_heuristic,persona_heuristic_w000331,6000000000000003782,58,Dinner-Peak Core,2020-02-15T12:51:12+08:00,2020-02-15T13:25:12+08:00,2020-02-15T13:18:07+08:00,True,6.0,1087.0,4028.0,116.4759,39.981088,116.471017,39.972376
persona_heuristic,persona_heuristic_w000380,6000000000000004568,58,Dinner-Peak Core,2020-02-15T13:18:03+08:00,2020-02-15T13:53:03+08:00,2020-02-15T14:05:37+08:00,False,6.0,1537.0,5905.0,116.480647,39.970666,116.476387,39.960236
persona_heuristic,persona_heuristic_w000412,6000000000000004839,58,Dinner-Peak Core,2020-02-15T13:54:01+08:00,2020-02-15T14:30:01+08:00,2020-02-15T14:38:44+08:00,False,6.0,1724.0,6683.0,116.480865,39.967986,116.475057,39.976566
persona_heuristic,persona_heuristic_w000439,6000000000000004877,58,Dinner-Peak Core,2020-02-15T14:40:36+08:00,2020-02-15T15:19:36+08:00,2020-02-15T14:51:59+08:00,True,6.0,719.0,2498.0,116.473364,39.975143,116.463297,39.986846
persona_heuristic,persona_heuristic_w000454,6000000000000004934,58,Dinner-Peak Core,2020-02-15T14:31:31+08:00,2020-02-15T15:43:31+08:00,2020-02-15T15:20:16+08:00,True,6.0,1216.0,4565.0,116.470022,39.984316,116.455457,39.977056
persona_heuristic,persona_heuristic_w000475,6000000000000006116,58,Dinner-Peak Core,2020-02-15T15:33:14+08:00,2020-02-15T18:32:14+08:00,2020-02-15T15:46:55+08:00,True,6.0,1015.0,3729.0,116.450694,39.9779,116.469707,39.984276
persona_heuristic,persona_heuristic_w000496,6000000000000005332,58,Dinner-Peak Core,2020-02-15T15:30:36+08:00,2020-02-15T16:00:36+08:00,2020-02-15T16:05:20+08:00,False,6.0,920.0,3333.0,116.480197,39.980318,116.495337,39.977996
persona_heuristic,persona_heuristic_w000510,6000000000000006213,58,Dinner-Peak Core,2020-02-15T16:11:36+08:00,2020-02-15T19:11:36+08:00,2020-02-15T16:28:12+08:00,True,6.0,1092.0,4051.0,116.493072,39.970867,116.493667,39.958326
persona_heuristic,persona_heuristic_w000526,6000000000000005951,58,Dinner-Peak Core,2020-02-15T16:32:23+08:00,2020-02-15T17:20:23+08:00,2020-02-15T16:48:24+08:00,True,6.0,1104.0,4099.0,116.485302,39.962237,116.461977,39.977796
persona_heuristic,persona_heuristic_w000558,6000000000000006287,58,Dinner-Peak Core,2020-02-15T16:42:28+08:00,2020-02-15T17:37:28+08:00,2020-02-15T17:16:20+08:00,True,6.0,980.0,3583.0,116.472074,39.98896,116.471207,39.978796
persona_heuristic,persona_heuristic_w000571,6000000000000006715,58,Dinner-Peak Core,2020-02-15T17:00:45+08:00,2020-02-15T17:41:45+08:00,2020-02-15T17:33:57+08:00,True,6.0,837.0,2990.0,116.470656,39.977783,116.459917,39.996746
persona_heuristic,persona_heuristic_w000591,6000000000000006734,58,Dinner-Peak Core,2020-02-15T17:20:09+08:00,2020-02-15T18:08:09+08:00,2020-02-15T18:02:12+08:00,True,6.0,1332.0,5050.0,116.458315,39.992534,116.441977,39.994136
persona_heuristic,persona_heuristic_w000628,6000000000000007273,58,Dinner-Peak Core,2020-02-15T18:03:49+08:00,2020-02-15T19:01:49+08:00,2020-02-15T18:42:33+08:00,True,10.0,1953.0,7635.0,116.45569,39.995826,116.494467,39.978566
persona_heuristic,persona_heuristic_w000671,6000000000000008460,58,Dinner-Peak Core,2020-02-15T18:59:06+08:00,2020-02-15T19:56:06+08:00,2020-02-15T19:14:19+08:00,True,6.0,1459.0,5579.0,116.493055,39.962236,116.474587,39.969196
persona_heuristic,persona_heuristic_w000715,6000000000000008650,58,Dinner-Peak Core,2020-02-15T19:54:03+08:00,2020-02-15T20:32:03+08:00,2020-02-15T20:07:57+08:00,True,6.0,1077.0,3985.0,116.481428,39.968821,116.476617,39.978216
persona_heuristic,persona_heuristic_w000003,6000000000000000212,59,Dinner-Peak Core,2020-02-15T08:07:54+08:00,2020-02-15T10:45:00+08:00,2020-02-15T08:21:49+08:00,True,6.0,1309.0,4952.0,116.434859,39.938419,116.427477,39.928296
persona_heuristic,persona_heuristic_w000093,6000000000000000598,59,Dinner-Peak Core,2020-02-15T09:43:34+08:00,2020-02-15T10:45:00+08:00,2020-02-15T10:20:39+08:00,True,6.0,1239.0,4663.0,116.416098,39.919745,116.432967,39.924936
persona_heuristic,persona_heuristic_w000116,6000000000000001175,59,Dinner-Peak Core,2020-02-15T10:11:25+08:00,2020-02-15T10:46:25+08:00,2020-02-15T10:48:34+08:00,False,6.0,1114.0,4143.0,116.446389,39.92748,116.444907,39.912026
persona_heuristic,persona_heuristic_w000265,6000000000000002936,59,Dinner-Peak Core,2020-02-15T12:01:31+08:00,2020-02-15T12:45:31+08:00,2020-02-15T12:36:41+08:00,True,6.0,1001.0,3668.0,116.443308,39.917675,116.467467,39.916076
persona_heuristic,persona_heuristic_w000291,6000000000000002971,59,Dinner-Peak Core,2020-02-15T12:14:53+08:00,2020-02-15T13:06:53+08:00,2020-02-15T12:52:42+08:00,True,6.0,762.0,2676.0,116.472247,39.910426,116.461597,39.905746
persona_heuristic,persona_heuristic_w000354,6000000000000004014,59,Dinner-Peak Core,2020-02-15T13:11:17+08:00,2020-02-15T13:47:17+08:00,2020-02-15T13:38:40+08:00,True,6.0,1120.0,4165.0,116.45327100000002,39.90578,116.462697,39.899256
persona_heuristic,persona_heuristic_w000406,6000000000000004444,59,Dinner-Peak Core,2020-02-15T13:40:37+08:00,2020-02-15T14:15:37+08:00,2020-02-15T14:15:09+08:00,True,6.0,909.0,3289.0,116.453197,39.905886,116.440697,39.907796
persona_heuristic,persona_heuristic_w000441,6000000000000005105,59,Dinner-Peak Core,2020-02-15T14:25:17+08:00,2020-02-15T15:14:17+08:00,2020-02-15T14:57:15+08:00,True,6.0,1035.0,3811.0,116.446566,39.91035,116.459507,39.923406
persona_heuristic,persona_heuristic_w000485,6000000000000005656,59,Dinner-Peak Core,2020-02-15T15:47:52+08:00,2020-02-15T16:36:52+08:00,2020-02-15T16:00:50+08:00,True,6.0,1250.0,4707.0,116.45257300000002,39.919785,116.474767,39.931946
persona_heuristic,persona_heuristic_w000534,6000000000000006407,59,Dinner-Peak Core,2020-02-15T16:44:49+08:00,2020-02-15T17:41:49+08:00,2020-02-15T16:56:04+08:00,True,6.0,964.0,3520.0,116.486896,39.927424,116.470887,39.926386
persona_heuristic,persona_heuristic_w000559,6000000000000006417,59,Dinner-Peak Core,2020-02-15T16:52:50+08:00,2020-02-15T17:45:50+08:00,2020-02-15T17:17:02+08:00,True,3.0,1022.0,3759.0,116.481406,39.915306,116.473357,39.921456
persona_heuristic,persona_heuristic_w000578,6000000000000006791,59,Dinner-Peak Core,2020-02-15T17:10:28+08:00,2020-02-15T18:14:28+08:00,2020-02-15T17:48:29+08:00,True,6.0,1709.0,6619.0,116.487193,39.917859,116.461837,39.926026
persona_heuristic,persona_heuristic_w000607,6000000000000007174,59,Dinner-Peak Core,2020-02-15T17:29:28+08:00,2020-02-15T18:16:28+08:00,2020-02-15T18:15:33+08:00,True,6.0,1533.0,5885.0,116.446331,39.930763,116.433147,39.916556
persona_heuristic,persona_heuristic_w000636,6000000000000007332,59,Dinner-Peak Core,2020-02-15T17:51:50+08:00,2020-02-15T18:39:50+08:00,2020-02-15T18:36:29+08:00,True,6.0,989.0,3619.0,116.436147,39.91707,116.419187,39.930036
persona_heuristic,persona_heuristic_w000651,6000000000000007144,59,Dinner-Peak Core,2020-02-15T18:12:10+08:00,2020-02-15T18:58:10+08:00,2020-02-15T18:54:34+08:00,True,6.0,874.0,3141.0,116.43029,39.92901,116.438147,39.939766
persona_heuristic,persona_heuristic_w000682,6000000000000007885,59,Dinner-Peak Core,2020-02-15T18:50:16+08:00,2020-02-15T19:25:16+08:00,2020-02-15T19:23:12+08:00,True,6.0,1392.0,5300.0,116.417337,39.939709,116.412537,39.958656
persona_heuristic,persona_heuristic_w000705,6000000000000008833,59,Dinner-Peak Core,2020-02-15T19:16:36+08:00,2020-02-15T20:05:36+08:00,2020-02-15T19:47:38+08:00,True,6.0,1058.0,3907.0,116.428024,39.959003,116.403787,39.957436
persona_heuristic,persona_heuristic_w000716,6000000000000008596,59,Dinner-Peak Core,2020-02-15T19:42:50+08:00,2020-02-15T20:22:50+08:00,2020-02-15T20:08:41+08:00,True,6.0,1121.0,4170.0,116.40052,39.966067,116.411537,39.981906
persona_heuristic,persona_heuristic_w000014,6000000000000000562,60,Dinner-Peak Core,2020-02-15T08:26:09+08:00,2020-02-15T11:15:00+08:00,2020-02-15T08:38:40+08:00,True,6.0,1120.0,4169.0,116.306018,39.97894,116.324447,39.989186
persona_heuristic,persona_heuristic_w000055,6000000000000000735,60,Dinner-Peak Core,2020-02-15T09:16:57+08:00,2020-02-15T12:16:57+08:00,2020-02-15T09:42:04+08:00,True,10.0,1924.0,7517.0,116.306018,39.97894,116.322767,40.010126
persona_heuristic,persona_heuristic_w000133,6000000000000001406,60,Dinner-Peak Core,2020-02-15T10:50:42+08:00,2020-02-15T11:48:42+08:00,2020-02-15T11:11:59+08:00,True,6.0,1319.0,4995.0,116.332098,40.006788,116.357167,39.997596
persona_heuristic,persona_heuristic_w000186,6000000000000001594,60,Dinner-Peak Core,2020-02-15T11:14:27+08:00,2020-02-15T12:02:27+08:00,2020-02-15T11:49:28+08:00,True,10.0,1768.0,6869.0,116.344025,40.007897,116.309457,39.990216
persona_heuristic,persona_heuristic_w000275,6000000000000002495,60,Dinner-Peak Core,2020-02-15T11:53:21+08:00,2020-02-15T12:48:21+08:00,2020-02-15T12:41:27+08:00,True,6.0,1287.0,4861.0,116.302982,39.979615,116.298677,39.965436
persona_heuristic,persona_heuristic_w000303,6000000000000003292,60,Dinner-Peak Core,2020-02-15T12:30:10+08:00,2020-02-15T13:04:10+08:00,2020-02-15T12:59:31+08:00,True,6.0,571.0,1877.0,116.298287,39.965893,116.292297,39.974356
persona_heuristic,persona_heuristic_w000328,6000000000000003626,60,Dinner-Peak Core,2020-02-15T12:43:05+08:00,2020-02-15T13:34:05+08:00,2020-02-15T13:23:28+08:00,True,6.0,1408.0,5369.0,116.285368,39.971993,116.309677,39.975726
persona_heuristic,persona_heuristic_w000362,6000000000000003519,60,Dinner-Peak Core,2020-02-15T13:00:16+08:00,2020-02-15T13:45:16+08:00,2020-02-15T13:47:35+08:00,False,6.0,1055.0,3895.0,116.306013,39.979495,116.297017,39.963886
persona_heuristic,persona_heuristic_w000416,6000000000000004454,60,Dinner-Peak Core,2020-02-15T13:44:47+08:00,2020-02-15T14:38:47+08:00,2020-02-15T14:43:31+08:00,False,10.0,2011.0,7878.0,116.285421,39.971969,116.321997,39.971006
persona_heuristic,persona_heuristic_w000446,6000000000000004880,60,Dinner-Peak Core,2020-02-15T14:35:43+08:00,2020-02-15T15:26:43+08:00,2020-02-15T15:06:43+08:00,True,6.0,1003.0,3676.0,116.324722,39.967543,116.346877,39.975976
persona_heuristic,persona_heuristic_w000467,6000000000000005690,60,Dinner-Peak Core,2020-02-15T15:22:25+08:00,2020-02-15T16:08:25+08:00,2020-02-15T15:39:41+08:00,True,6.0,1181.0,4421.0,116.345236,39.98082,116.364817,39.997866
persona_heuristic,persona_heuristic_w000492,6000000000000005600,60,Dinner-Peak Core,2020-02-15T15:50:01+08:00,2020-02-15T16:45:00+08:00,2020-02-15T16:09:17+08:00,True,6.0,1157.0,4321.0,116.359147,40.002863,116.369777,39.992756
persona_heuristic,persona_heuristic_w000569,6000000000000006996,60,Dinner-Peak Core,2020-02-15T17:15:57+08:00,2020-02-15T18:21:57+08:00,2020-02-15T17:32:12+08:00,True,6.0,1332.0,5048.0,116.383701,39.999083,116.368637,39.992146
persona_heuristic,persona_heuristic_w000595,6000000000000006891,60,Dinner-Peak Core,2020-02-15T17:27:49+08:00,2020-02-15T18:12:49+08:00,2020-02-15T18:08:41+08:00,True,10.0,1721.0,6669.0,116.365528,40.003828,116.404577,40.007356
persona_heuristic,persona_heuristic_w000632,6000000000000007669,60,Dinner-Peak Core,2020-02-15T17:56:16+08:00,2020-02-15T18:46:16+08:00,2020-02-15T18:27:11+08:00,True,6.0,1031.0,3797.0,116.406706,39.995221,116.415687,40.003606
persona_heuristic,persona_heuristic_w000647,6000000000000007465,60,Dinner-Peak Core,2020-02-15T18:03:52+08:00,2020-02-15T18:58:52+08:00,2020-02-15T18:58:58+08:00,False,6.0,1738.0,6741.0,116.403081,39.999965,116.375177,39.986376
persona_heuristic,persona_heuristic_w000675,6000000000000008447,60,Dinner-Peak Core,2020-02-15T18:49:00+08:00,2020-02-15T19:53:00+08:00,2020-02-15T19:28:18+08:00,True,10.0,1698.0,6577.0,116.381434,39.98194,116.421437,39.978086
persona_heuristic,persona_heuristic_w000700,6000000000000008524,60,Dinner-Peak Core,2020-02-15T19:04:11+08:00,2020-02-15T19:56:11+08:00,2020-02-15T19:47:06+08:00,True,6.0,1026.0,3776.0,116.413313,39.979773,116.424107,39.965466
persona_heuristic,persona_heuristic_w000720,6000000000000008940,60,Dinner-Peak Core,2020-02-15T19:59:14+08:00,2020-02-15T20:39:14+08:00,2020-02-15T20:08:34+08:00,True,6.0,1114.0,4142.0,116.436007,39.955315,116.438837,39.946356
