model,wave_id,order_id,assigned_rider_id,persona_name,create_time,promise_deliver_time,finish_time,is_on_time,fee,actual_duration_s,actual_distance_m,pickup_lon,pickup_lat,delivery_lon,delivery_lat
highest_fee_baseline,highest_fee_baseline_w000024,6000000000000000215,1,Full-time Workhorse,2020-02-15T08:22:02+08:00,2020-02-15T10:45:00+08:00,2020-02-15T08:42:09+08:00,True,6.0,1329.0,5038.0,116.642803,39.920638,116.627457,39.919826
highest_fee_baseline,highest_fee_baseline_w000053,6000000000000000579,1,Full-time Workhorse,2020-02-15T08:55:43+08:00,2020-02-15T11:15:00+08:00,2020-02-15T09:20:27+08:00,True,6.0,1827.0,7113.0,116.642803,39.920638,116.627157,39.920666
highest_fee_baseline,highest_fee_baseline_w000110,6000000000000000406,1,Full-time Workhorse,2020-02-15T09:00:43+08:00,2020-02-15T11:59:43+08:00,2020-02-15T10:08:53+08:00,True,6.0,2333.0,9218.0,116.642803,39.920638,116.626577,39.926276
highest_fee_baseline,highest_fee_baseline_w000166,6000000000000000645,1,Full-time Workhorse,2020-02-15T09:50:17+08:00,2020-02-15T12:20:17+08:00,2020-02-15T10:18:14+08:00,True,3.0,494.0,1557.0,116.625171,39.926247,116.634577,39.928716
highest_fee_baseline,highest_fee_baseline_w000205,6000000000000001368,1,Full-time Workhorse,2020-02-15T10:31:45+08:00,2020-02-15T11:32:45+08:00,2020-02-15T10:51:40+08:00,True,6.0,1300.0,4915.0,116.629789,39.925544,116.603977,39.927376
highest_fee_baseline,highest_fee_baseline_w000261,6000000000000001435,1,Full-time Workhorse,2020-02-15T10:41:05+08:00,2020-02-15T11:50:06+08:00,2020-02-15T11:28:15+08:00,True,10.0,1695.0,6562.0,116.603267,39.923401,116.562467,39.933166
highest_fee_baseline,highest_fee_baseline_w000325,6000000000000002327,1,Full-time Workhorse,2020-02-15T11:20:15+08:00,2020-02-15T12:15:15+08:00,2020-02-15T11:51:48+08:00,True,6.0,1308.0,4951.0,116.573162,39.9277,116.590407,39.926116
highest_fee_baseline,highest_fee_baseline_w000378,6000000000000002630,1,Full-time Workhorse,2020-02-15T11:46:37+08:00,2020-02-15T12:42:37+08:00,2020-02-15T12:15:45+08:00,True,6.0,945.0,3437.0,116.588998,39.925425,116.586767,39.912616
highest_fee_baseline,highest_fee_baseline_w000430,6000000000000002893,1,Full-time Workhorse,2020-02-15T12:15:13+08:00,2020-02-15T13:27:13+08:00,2020-02-15T12:37:29+08:00,True,6.0,1049.0,3871.0,116.592045,39.924216,116.605657,39.927456
highest_fee_baseline,highest_fee_baseline_w000468,6000000000000003866,1,Full-time Workhorse,2020-02-15T12:42:19+08:00,2020-02-15T13:39:19+08:00,2020-02-15T12:59:27+08:00,True,6.0,1167.0,4363.0,116.592477,39.924216,116.608037,39.925436
highest_fee_baseline,highest_fee_baseline_w000514,6000000000000003388,1,Full-time Workhorse,2020-02-15T12:40:53+08:00,2020-02-15T13:43:53+08:00,2020-02-15T13:18:33+08:00,True,6.0,1113.0,4135.0,116.588736,39.9241,116.60724700000002,39.927686
highest_fee_baseline,highest_fee_baseline_w000759,6000000000000005539,1,Full-time Workhorse,2020-02-15T15:38:48+08:00,2020-02-15T16:39:48+08:00,2020-02-15T15:46:53+08:00,True,6.0,1013.0,3719.0,116.606246,39.925367,116.587037,39.921726
highest_fee_baseline,highest_fee_baseline_w000787,6000000000000005546,1,Full-time Workhorse,2020-02-15T15:44:28+08:00,2020-02-15T16:52:28+08:00,2020-02-15T16:04:37+08:00,True,6.0,877.0,3154.0,116.589153,39.923324,116.563967,39.921766
highest_fee_baseline,highest_fee_baseline_w000850,6000000000000006016,1,Full-time Workhorse,2020-02-15T16:27:12+08:00,2020-02-15T17:19:12+08:00,2020-02-15T16:36:44+08:00,True,3.0,1004.0,3683.0,116.585739,39.92365,116.592237,39.926666
highest_fee_baseline,highest_fee_baseline_w000871,6000000000000005942,1,Full-time Workhorse,2020-02-15T16:29:08+08:00,2020-02-15T17:12:08+08:00,2020-02-15T16:49:48+08:00,True,3.0,588.0,1950.0,116.587287,39.924093,116.590657,39.927576
highest_fee_baseline,highest_fee_baseline_w000889,6000000000000006613,1,Full-time Workhorse,2020-02-15T16:42:45+08:00,2020-02-15T17:45:45+08:00,2020-02-15T17:01:44+08:00,True,3.0,704.0,2430.0,116.585739,39.92365,116.584937,39.928726
highest_fee_baseline,highest_fee_baseline_w000927,6000000000000006667,1,Full-time Workhorse,2020-02-15T17:17:34+08:00,2020-02-15T18:18:34+08:00,2020-02-15T17:23:25+08:00,True,6.0,805.0,2855.0,116.578018,39.927644,116.578167,39.916516
highest_fee_baseline,highest_fee_baseline_w000967,6000000000000007237,1,Full-time Workhorse,2020-02-15T17:31:14+08:00,2020-02-15T18:38:14+08:00,2020-02-15T17:51:45+08:00,True,6.0,1305.0,4940.0,116.578018,39.927644,116.568767,39.918696
highest_fee_baseline,highest_fee_baseline_w001027,6000000000000007061,1,Full-time Workhorse,2020-02-15T18:08:42+08:00,2020-02-15T19:01:42+08:00,2020-02-15T18:25:05+08:00,True,6.0,1505.0,5770.0,116.567975,39.90536,116.564407,39.919776
highest_fee_baseline,highest_fee_baseline_w001079,6000000000000007757,1,Full-time Workhorse,2020-02-15T18:28:09+08:00,2020-02-15T19:49:09+08:00,2020-02-15T18:51:30+08:00,True,6.0,1290.0,4875.0,116.545654,39.915477,116.562777,39.920996
highest_fee_baseline,highest_fee_baseline_w001122,6000000000000008129,1,Full-time Workhorse,2020-02-15T19:09:10+08:00,2020-02-15T20:23:10+08:00,2020-02-15T19:20:45+08:00,True,6.0,1245.0,4686.0,116.565649,39.922496,116.594657,39.915556
highest_fee_baseline,highest_fee_baseline_w001190,6000000000000008916,1,Full-time Workhorse,2020-02-15T19:31:09+08:00,2020-02-15T20:31:09+08:00,2020-02-15T19:55:40+08:00,True,3.0,940.0,3419.0,116.591737,39.925177,116.586547,39.926066
highest_fee_baseline,highest_fee_baseline_w001212,6000000000000009050,1,Full-time Workhorse,2020-02-15T19:50:37+08:00,2020-02-15T20:32:37+08:00,2020-02-15T20:12:56+08:00,True,6.0,776.0,2736.0,116.589947,39.927625,116.575257,39.923376
highest_fee_baseline,highest_fee_baseline_w000014,6000000000000000216,2,Full-time Workhorse,2020-02-15T08:25:38+08:00,2020-02-15T10:45:00+08:00,2020-02-15T08:34:19+08:00,True,6.0,859.0,3077.0,116.640281,40.125318,116.623777,40.129876
highest_fee_baseline,highest_fee_baseline_w000099,6000000000000000745,2,Full-time Workhorse,2020-02-15T09:27:47+08:00,2020-02-15T12:26:47+08:00,2020-02-15T09:42:38+08:00,True,6.0,1358.0,5155.0,116.640281,40.125318,116.624137,40.131706
highest_fee_baseline,highest_fee_baseline_w000163,6000000000000000953,2,Full-time Workhorse,2020-02-15T10:04:08+08:00,2020-02-15T10:34:08+08:00,2020-02-15T10:26:11+08:00,True,6.0,1571.0,6046.0,116.640705,40.125447,116.661007,40.125886
highest_fee_baseline,highest_fee_baseline_w000214,6000000000000001373,2,Full-time Workhorse,2020-02-15T10:32:54+08:00,2020-02-15T12:00:00+08:00,2020-02-15T10:50:09+08:00,True,6.0,1209.0,4535.0,116.642834,40.126848,116.62864700000002,40.130856
highest_fee_baseline,highest_fee_baseline_w000269,6000000000000001910,2,Full-time Workhorse,2020-02-15T11:04:00+08:00,2020-02-15T14:04:00+08:00,2020-02-15T11:27:30+08:00,True,6.0,1650.0,6377.0,116.640281,40.125318,116.654337,40.103676
highest_fee_baseline,highest_fee_baseline_w000384,6000000000000003207,2,Full-time Workhorse,2020-02-15T12:09:49+08:00,2020-02-15T13:03:49+08:00,2020-02-15T12:32:36+08:00,True,6.0,1956.0,7653.0,116.655264,40.106647,116.621377,40.105876
highest_fee_baseline,highest_fee_baseline_w000473,6000000000000003599,2,Full-time Workhorse,2020-02-15T12:29:05+08:00,2020-02-15T14:59:05+08:00,2020-02-15T13:11:34+08:00,True,6.0,1894.0,7393.0,116.639234,40.111142,116.621737,40.104156
highest_fee_baseline,highest_fee_baseline_w000992,6000000000000007108,2,Full-time Workhorse,2020-02-15T17:43:43+08:00,2020-02-15T18:36:43+08:00,2020-02-15T18:06:38+08:00,True,6.0,1598.0,6161.0,116.637597,40.116886,116.621987,40.106866
highest_fee_baseline,highest_fee_baseline_w001033,6000000000000007254,2,Full-time Workhorse,2020-02-15T17:50:47+08:00,2020-02-15T18:42:48+08:00,2020-02-15T18:16:57+08:00,True,3.0,417.0,1236.0,116.621664,40.106851,116.621377,40.105836
highest_fee_baseline,highest_fee_baseline_w000056,6000000000000000252,3,Full-time Workhorse,2020-02-15T08:59:30+08:00,2020-02-15T09:53:30+08:00,2020-02-15T09:19:52+08:00,True,6.0,1792.0,6967.0,116.453639,39.920846,116.444577,39.898106
highest_fee_baseline,highest_fee_baseline_w000111,6000000000000000592,3,Full-time Workhorse,2020-02-15T09:35:48+08:00,2020-02-15T10:10:48+08:00,2020-02-15T09:46:33+08:00,True,6.0,993.0,3637.0,116.455452,39.889015,116.461137,39.880036
highest_fee_baseline,highest_fee_baseline_w000141,6000000000000000427,3,Full-time Workhorse,2020-02-15T09:53:32+08:00,2020-02-15T10:40:32+08:00,2020-02-15T10:12:25+08:00,True,6.0,1345.0,5102.0,116.468374,39.883906,116.483237,39.897976
highest_fee_baseline,highest_fee_baseline_w000193,6000000000000001183,3,Full-time Workhorse,2020-02-15T10:11:57+08:00,2020-02-15T11:01:57+08:00,2020-02-15T10:38:39+08:00,True,6.0,1119.0,4160.0,116.469315,39.892902,116.450357,39.890686
highest_fee_baseline,highest_fee_baseline_w000219,6000000000000001271,3,Full-time Workhorse,2020-02-15T10:31:07+08:00,2020-02-15T11:01:07+08:00,2020-02-15T10:56:00+08:00,True,6.0,960.0,3501.0,116.452933,39.893163,116.453067,39.875036
highest_fee_baseline,highest_fee_baseline_w000256,6000000000000001203,3,Full-time Workhorse,2020-02-15T10:34:19+08:00,2020-02-15T11:14:19+08:00,2020-02-15T11:09:08+08:00,True,3.0,548.0,1783.0,116.454818,39.874982,116.447787,39.877026
highest_fee_baseline,highest_fee_baseline_w000294,6000000000000001023,3,Full-time Workhorse,2020-02-15T11:00:02+08:00,2020-02-15T11:44:02+08:00,2020-02-15T11:34:07+08:00,True,6.0,1447.0,5530.0,116.459747,39.890366,116.471367,39.874206
highest_fee_baseline,highest_fee_baseline_w000348,6000000000000001870,3,Full-time Workhorse,2020-02-15T11:17:09+08:00,2020-02-15T12:00:09+08:00,2020-02-15T11:58:04+08:00,True,6.0,1084.0,4017.0,116.454976,39.875258,116.472117,39.869956
highest_fee_baseline,highest_fee_baseline_w000398,6000000000000002647,3,Full-time Workhorse,2020-02-15T12:02:07+08:00,2020-02-15T12:56:07+08:00,2020-02-15T12:24:53+08:00,True,6.0,1493.0,5720.0,116.453648,39.875413,116.446727,39.896936
highest_fee_baseline,highest_fee_baseline_w000453,6000000000000003206,3,Full-time Workhorse,2020-02-15T12:02:45+08:00,2020-02-15T12:47:45+08:00,2020-02-15T12:53:49+08:00,False,6.0,1429.0,5453.0,116.462057,39.892116,116.447537,39.894926
highest_fee_baseline,highest_fee_baseline_w000501,6000000000000003706,3,Full-time Workhorse,2020-02-15T12:47:34+08:00,2020-02-15T13:17:34+08:00,2020-02-15T13:12:12+08:00,True,6.0,732.0,2553.0,116.452933,39.893163,116.466837,39.888656
highest_fee_baseline,highest_fee_baseline_w000548,6000000000000003516,3,Full-time Workhorse,2020-02-15T12:58:13+08:00,2020-02-15T13:30:13+08:00,2020-02-15T13:34:33+08:00,False,3.0,873.0,3140.0,116.455139,39.890607,116.450767,39.893786
highest_fee_baseline,highest_fee_baseline_w000575,6000000000000004349,3,Full-time Workhorse,2020-02-15T13:22:47+08:00,2020-02-15T13:52:48+08:00,2020-02-15T13:53:04+08:00,False,6.0,784.0,2766.0,116.45099,39.894333,116.454257,39.884266
highest_fee_baseline,highest_fee_baseline_w000616,6000000000000004658,3,Full-time Workhorse,2020-02-15T13:34:32+08:00,2020-02-15T14:08:32+08:00,2020-02-15T14:16:57+08:00,False,6.0,1017.0,3738.0,116.458552,39.890743,116.475027,39.897836
highest_fee_baseline,highest_fee_baseline_w000650,6000000000000004783,3,Full-time Workhorse,2020-02-15T13:56:06+08:00,2020-02-15T14:57:06+08:00,2020-02-15T14:38:43+08:00,True,6.0,1123.0,4182.0,116.482468,39.898482,116.471527,39.908106
highest_fee_baseline,highest_fee_baseline_w000695,6000000000000004816,3,Full-time Workhorse,2020-02-15T14:29:15+08:00,2020-02-15T15:19:15+08:00,2020-02-15T14:59:54+08:00,True,6.0,1194.0,4473.0,116.483266,39.899346,116.462517,39.897646
highest_fee_baseline,highest_fee_baseline_w000721,6000000000000005140,3,Full-time Workhorse,2020-02-15T15:00:19+08:00,2020-02-15T15:30:19+08:00,2020-02-15T15:19:29+08:00,True,6.0,1169.0,4372.0,116.452933,39.893163,116.452267,39.881406
highest_fee_baseline,highest_fee_baseline_w000750,6000000000000005521,3,Full-time Workhorse,2020-02-15T15:14:29+08:00,2020-02-15T15:44:29+08:00,2020-02-15T15:37:06+08:00,True,6.0,1026.0,3776.0,116.450157,39.892116,116.447287,39.881816
highest_fee_baseline,highest_fee_baseline_w000776,6000000000000005588,3,Full-time Workhorse,2020-02-15T15:37:17+08:00,2020-02-15T16:14:17+08:00,2020-02-15T16:05:03+08:00,True,6.0,1503.0,5764.0,116.444705,39.879808,116.435587,39.889476
highest_fee_baseline,highest_fee_baseline_w000831,6000000000000005815,3,Full-time Workhorse,2020-02-15T15:46:18+08:00,2020-02-15T16:28:18+08:00,2020-02-15T16:30:01+08:00,False,6.0,1201.0,4504.0,116.43835,39.90377,116.449207,39.910666
highest_fee_baseline,highest_fee_baseline_w000881,6000000000000006079,3,Full-time Workhorse,2020-02-15T16:26:47+08:00,2020-02-15T17:27:47+08:00,2020-02-15T17:03:32+08:00,True,3.0,1412.0,5383.0,116.447657,39.898146,116.443007,39.889916
highest_fee_baseline,highest_fee_baseline_w000956,6000000000000006589,3,Full-time Workhorse,2020-02-15T17:01:29+08:00,2020-02-15T17:54:29+08:00,2020-02-15T17:37:57+08:00,True,6.0,1077.0,3986.0,116.457611,39.879401,116.454677,39.868046
highest_fee_baseline,highest_fee_baseline_w000983,6000000000000006926,3,Full-time Workhorse,2020-02-15T17:18:03+08:00,2020-02-15T18:08:03+08:00,2020-02-15T18:01:28+08:00,True,6.0,1288.0,4867.0,116.452396,39.873208,116.451857,39.859046
highest_fee_baseline,highest_fee_baseline_w001045,6000000000000007379,3,Full-time Workhorse,2020-02-15T18:09:54+08:00,2020-02-15T19:15:54+08:00,2020-02-15T18:39:44+08:00,True,10.0,1784.0,6935.0,116.436984,39.856458,116.444437,39.827566
highest_fee_baseline,highest_fee_baseline_w001119,6000000000000007942,3,Full-time Workhorse,2020-02-15T18:50:54+08:00,2020-02-15T19:42:54+08:00,2020-02-15T19:19:25+08:00,True,6.0,1765.0,6853.0,116.437606,39.842168,116.426677,39.856346
highest_fee_baseline,highest_fee_baseline_w001156,6000000000000008051,3,Full-time Workhorse,2020-02-15T18:52:41+08:00,2020-02-15T20:03:41+08:00,2020-02-15T19:45:47+08:00,True,6.0,1547.0,5948.0,116.419452,39.860254,116.406297,39.847846
highest_fee_baseline,highest_fee_baseline_w001201,6000000000000009095,3,Full-time Workhorse,2020-02-15T19:56:44+08:00,2020-02-15T20:48:44+08:00,2020-02-15T20:05:51+08:00,True,6.0,951.0,3459.0,116.404681,39.83964,116.415467,39.850226
highest_fee_baseline,highest_fee_baseline_w000037,6000000000000000504,4,Full-time Workhorse,2020-02-15T08:41:49+08:00,2020-02-15T09:15:49+08:00,2020-02-15T08:59:31+08:00,True,6.0,1171.0,4382.0,116.493135,39.914461,116.50664700000002,39.920116
highest_fee_baseline,highest_fee_baseline_w000068,6000000000000000619,4,Full-time Workhorse,2020-02-15T09:07:19+08:00,2020-02-15T09:56:19+08:00,2020-02-15T09:15:44+08:00,True,3.0,944.0,3436.0,116.489247,39.9225,116.489767,39.930146
highest_fee_baseline,highest_fee_baseline_w000088,6000000000000000405,4,Full-time Workhorse,2020-02-15T09:27:30+08:00,2020-02-15T10:19:30+08:00,2020-02-15T09:34:27+08:00,True,6.0,867.0,3116.0,116.489247,39.9225,116.478327,39.911236
highest_fee_baseline,highest_fee_baseline_w000138,6000000000000000678,4,Full-time Workhorse,2020-02-15T09:54:26+08:00,2020-02-15T10:24:27+08:00,2020-02-15T09:56:44+08:00,True,3.0,404.0,1183.0,116.471426,39.910719,116.469717,39.908576
highest_fee_baseline,highest_fee_baseline_w000164,6000000000000000788,4,Full-time Workhorse,2020-02-15T10:07:46+08:00,2020-02-15T13:07:46+08:00,2020-02-15T10:24:51+08:00,True,6.0,1491.0,5713.0,116.464045,39.89318,116.449587,39.881526
highest_fee_baseline,highest_fee_baseline_w000210,6000000000000001193,4,Full-time Workhorse,2020-02-15T10:26:55+08:00,2020-02-15T10:56:56+08:00,2020-02-15T10:47:49+08:00,True,6.0,1069.0,3955.0,116.43832700000002,39.884056,116.457027,39.886176
highest_fee_baseline,highest_fee_baseline_w000239,6000000000000001359,4,Full-time Workhorse,2020-02-15T10:22:58+08:00,2020-02-15T11:15:00+08:00,2020-02-15T11:11:44+08:00,True,6.0,1304.0,4933.0,116.452138,39.888071,116.480767,39.874326
highest_fee_baseline,highest_fee_baseline_w000316,6000000000000001013,4,Full-time Workhorse,2020-02-15T10:54:07+08:00,2020-02-15T11:57:07+08:00,2020-02-15T11:46:15+08:00,True,6.0,1575.0,6059.0,116.459463,39.879055,116.469207,39.867086
highest_fee_baseline,highest_fee_baseline_w000371,6000000000000002915,4,Full-time Workhorse,2020-02-15T11:50:50+08:00,2020-02-15T12:34:50+08:00,2020-02-15T12:04:31+08:00,True,3.0,871.0,3130.0,116.457491,39.873148,116.458797,39.878496
highest_fee_baseline,highest_fee_baseline_w000413,6000000000000002904,4,Full-time Workhorse,2020-02-15T11:43:02+08:00,2020-02-15T12:23:02+08:00,2020-02-15T12:31:35+08:00,False,6.0,1295.0,4896.0,116.455452,39.889015,116.483447,39.897766
highest_fee_baseline,highest_fee_baseline_w000474,6000000000000002971,4,Full-time Workhorse,2020-02-15T12:14:53+08:00,2020-02-15T13:06:53+08:00,2020-02-15T12:57:47+08:00,True,6.0,1067.0,3946.0,116.472247,39.910426,116.461597,39.905746
highest_fee_baseline,highest_fee_baseline_w000511,6000000000000003830,4,Full-time Workhorse,2020-02-15T12:31:03+08:00,2020-02-15T13:24:03+08:00,2020-02-15T13:23:24+08:00,True,6.0,1404.0,5346.0,116.470614,39.894367,116.489167,39.899246
highest_fee_baseline,highest_fee_baseline_w000565,6000000000000003657,4,Full-time Workhorse,2020-02-15T13:02:09+08:00,2020-02-15T13:46:09+08:00,2020-02-15T13:54:11+08:00,False,6.0,1451.0,5548.0,116.484804,39.908822,116.472837,39.928966
highest_fee_baseline,highest_fee_baseline_w000621,6000000000000004668,4,Full-time Workhorse,2020-02-15T13:51:15+08:00,2020-02-15T14:41:15+08:00,2020-02-15T14:22:41+08:00,True,6.0,1361.0,5170.0,116.486896,39.927424,116.466617,39.916676
highest_fee_baseline,highest_fee_baseline_w000667,6000000000000004707,4,Full-time Workhorse,2020-02-15T14:23:49+08:00,2020-02-15T15:14:49+08:00,2020-02-15T14:45:11+08:00,True,6.0,911.0,3295.0,116.471286,39.914835,116.487987,39.916886
highest_fee_baseline,highest_fee_baseline_w000709,6000000000000005175,4,Full-time Workhorse,2020-02-15T14:56:17+08:00,2020-02-15T15:41:17+08:00,2020-02-15T15:17:58+08:00,True,6.0,1678.0,6493.0,116.5074,39.920669,116.531217,39.916766
highest_fee_baseline,highest_fee_baseline_w000755,6000000000000005515,4,Full-time Workhorse,2020-02-15T15:11:44+08:00,2020-02-15T15:56:44+08:00,2020-02-15T15:42:05+08:00,True,6.0,1325.0,5020.0,116.512694,39.92308,116.524807,39.921886
highest_fee_baseline,highest_fee_baseline_w000800,6000000000000005604,4,Full-time Workhorse,2020-02-15T15:54:52+08:00,2020-02-15T16:42:52+08:00,2020-02-15T16:22:06+08:00,True,6.0,1926.0,7523.0,116.508917,39.923757,116.525997,39.920296
highest_fee_baseline,highest_fee_baseline_w000864,6000000000000006011,4,Full-time Workhorse,2020-02-15T16:24:12+08:00,2020-02-15T17:12:12+08:00,2020-02-15T16:54:24+08:00,True,3.0,1464.0,5603.0,116.507775,39.923937,116.502537,39.930106
highest_fee_baseline,highest_fee_baseline_w000911,6000000000000006430,4,Full-time Workhorse,2020-02-15T17:02:37+08:00,2020-02-15T18:14:37+08:00,2020-02-15T17:12:43+08:00,True,6.0,763.0,2681.0,116.495335,39.932599,116.495797,39.921256
highest_fee_baseline,highest_fee_baseline_w000945,6000000000000006791,4,Full-time Workhorse,2020-02-15T17:10:28+08:00,2020-02-15T18:14:28+08:00,2020-02-15T17:43:42+08:00,True,6.0,1422.0,5425.0,116.487193,39.917859,116.461837,39.926026
highest_fee_baseline,highest_fee_baseline_w001009,6000000000000007174,4,Full-time Workhorse,2020-02-15T17:29:28+08:00,2020-02-15T18:16:28+08:00,2020-02-15T18:15:33+08:00,True,6.0,1533.0,5885.0,116.446331,39.930763,116.433147,39.916556
highest_fee_baseline,highest_fee_baseline_w001049,6000000000000007332,4,Full-time Workhorse,2020-02-15T17:51:50+08:00,2020-02-15T18:39:50+08:00,2020-02-15T18:36:29+08:00,True,6.0,989.0,3619.0,116.436147,39.91707,116.419187,39.930036
highest_fee_baseline,highest_fee_baseline_w001087,6000000000000007144,4,Full-time Workhorse,2020-02-15T18:12:10+08:00,2020-02-15T18:58:10+08:00,2020-02-15T18:54:34+08:00,True,6.0,874.0,3141.0,116.43029,39.92901,116.438147,39.939766
highest_fee_baseline,highest_fee_baseline_w001131,6000000000000007885,4,Full-time Workhorse,2020-02-15T18:50:16+08:00,2020-02-15T19:25:16+08:00,2020-02-15T19:23:12+08:00,True,6.0,1392.0,5300.0,116.417337,39.939709,116.412537,39.958656
highest_fee_baseline,highest_fee_baseline_w001177,6000000000000008833,4,Full-time Workhorse,2020-02-15T19:16:36+08:00,2020-02-15T20:05:36+08:00,2020-02-15T19:47:38+08:00,True,6.0,1058.0,3907.0,116.428024,39.959003,116.403787,39.957436
highest_fee_baseline,highest_fee_baseline_w001204,6000000000000008596,4,Full-time Workhorse,2020-02-15T19:42:50+08:00,2020-02-15T20:22:50+08:00,2020-02-15T20:08:41+08:00,True,6.0,1121.0,4170.0,116.40052,39.966067,116.411537,39.981906
highest_fee_baseline,highest_fee_baseline_w000072,6000000000000000514,5,Full-time Workhorse,2020-02-15T09:13:09+08:00,2020-02-15T09:53:10+08:00,2020-02-15T09:18:44+08:00,True,3.0,524.0,1684.0,116.481895,39.913428,116.483007,39.911986
highest_fee_baseline,highest_fee_baseline_w000105,6000000000000000268,5,Full-time Workhorse,2020-02-15T09:34:35+08:00,2020-02-15T10:21:35+08:00,2020-02-15T09:47:56+08:00,True,6.0,1076.0,3985.0,116.486367,39.906436,116.494757,39.895106
highest_fee_baseline,highest_fee_baseline_w000136,6000000000000000462,5,Full-time Workhorse,2020-02-15T09:37:39+08:00,2020-02-15T10:07:39+08:00,2020-02-15T10:02:16+08:00,True,3.0,736.0,2567.0,116.491245,39.891022,116.482737,39.894706
highest_fee_baseline,highest_fee_baseline_w000174,6000000000000000890,5,Full-time Workhorse,2020-02-15T10:14:45+08:00,2020-02-15T11:12:45+08:00,2020-02-15T10:35:57+08:00,True,10.0,1557.0,5985.0,116.468611,39.893086,116.444327,39.873496
highest_fee_baseline,highest_fee_baseline_w000243,6000000000000001395,5,Full-time Workhorse,2020-02-15T10:44:59+08:00,2020-02-15T11:43:59+08:00,2020-02-15T11:06:01+08:00,True,6.0,961.0,3502.0,116.453648,39.875413,116.439707,39.875916
highest_fee_baseline,highest_fee_baseline_w000277,6000000000000001641,5,Full-time Workhorse,2020-02-15T11:09:03+08:00,2020-02-15T11:52:03+08:00,2020-02-15T11:24:05+08:00,True,6.0,845.0,3021.0,116.440076,39.875063,116.444037,39.888496
highest_fee_baseline,highest_fee_baseline_w000320,6000000000000001626,5,Full-time Workhorse,2020-02-15T11:00:49+08:00,2020-02-15T11:46:49+08:00,2020-02-15T11:44:13+08:00,True,3.0,853.0,3056.0,116.452138,39.888071,116.447297,39.882446
highest_fee_baseline,highest_fee_baseline_w000360,6000000000000002281,5,Full-time Workhorse,2020-02-15T11:29:48+08:00,2020-02-15T12:20:48+08:00,2020-02-15T12:03:59+08:00,True,6.0,839.0,2997.0,116.451949,39.883999,116.445647,39.869266
highest_fee_baseline,highest_fee_baseline_w000417,6000000000000002405,5,Full-time Workhorse,2020-02-15T11:52:12+08:00,2020-02-15T12:30:12+08:00,2020-02-15T12:30:01+08:00,True,6.0,1201.0,4506.0,116.44568,39.8839,116.450307,39.869926
highest_fee_baseline,highest_fee_baseline_w000471,6000000000000002880,5,Full-time Workhorse,2020-02-15T12:13:08+08:00,2020-02-15T13:04:08+08:00,2020-02-15T12:59:28+08:00,True,6.0,1168.0,4369.0,116.452081,39.883094,116.449077,39.896966
highest_fee_baseline,highest_fee_baseline_w000506,6000000000000003763,5,Full-time Workhorse,2020-02-15T12:31:09+08:00,2020-02-15T13:10:09+08:00,2020-02-15T13:12:20+08:00,False,3.0,740.0,2581.0,116.455446,39.89042,116.446527,39.893856
highest_fee_baseline,highest_fee_baseline_w000541,6000000000000003791,5,Full-time Workhorse,2020-02-15T12:57:57+08:00,2020-02-15T13:27:57+08:00,2020-02-15T13:29:59+08:00,False,3.0,599.0,1993.0,116.450157,39.892116,116.441127,39.893416
highest_fee_baseline,highest_fee_baseline_w000561,6000000000000004242,5,Full-time Workhorse,2020-02-15T13:05:44+08:00,2020-02-15T13:44:44+08:00,2020-02-15T13:40:15+08:00,True,3.0,615.0,2063.0,116.450779,39.894471,116.447167,39.895016
highest_fee_baseline,highest_fee_baseline_w000595,6000000000000004352,5,Full-time Workhorse,2020-02-15T13:24:31+08:00,2020-02-15T13:54:31+08:00,2020-02-15T14:01:34+08:00,False,6.0,694.0,2395.0,116.45099,39.894333,116.454417,39.885386
highest_fee_baseline,highest_fee_baseline_w000629,6000000000000004712,5,Full-time Workhorse,2020-02-15T13:42:28+08:00,2020-02-15T14:23:28+08:00,2020-02-15T14:25:55+08:00,False,6.0,955.0,3480.0,116.459457,39.883096,116.467107,39.873056
highest_fee_baseline,highest_fee_baseline_w000671,6000000000000004699,5,Full-time Workhorse,2020-02-15T14:17:55+08:00,2020-02-15T15:11:55+08:00,2020-02-15T14:48:08+08:00,True,6.0,1088.0,4033.0,116.476929,39.87676,116.472597,39.863256
highest_fee_baseline,highest_fee_baseline_w000708,6000000000000005289,5,Full-time Workhorse,2020-02-15T14:40:39+08:00,2020-02-15T15:28:39+08:00,2020-02-15T15:05:56+08:00,True,3.0,956.0,3481.0,116.464881,39.875722,116.465687,39.881476
highest_fee_baseline,highest_fee_baseline_w000736,6000000000000005347,5,Full-time Workhorse,2020-02-15T15:00:43+08:00,2020-02-15T15:49:43+08:00,2020-02-15T15:30:30+08:00,True,6.0,1230.0,4622.0,116.455387,39.890386,116.463457,39.870576
highest_fee_baseline,highest_fee_baseline_w000786,6000000000000005533,5,Full-time Workhorse,2020-02-15T15:26:17+08:00,2020-02-15T16:38:17+08:00,2020-02-15T16:10:16+08:00,True,10.0,1816.0,7064.0,116.44576800000002,39.882133,116.469297,39.859966
highest_fee_baseline,highest_fee_baseline_w000851,6000000000000006138,5,Full-time Workhorse,2020-02-15T16:27:34+08:00,2020-02-15T17:13:34+08:00,2020-02-15T16:40:28+08:00,True,6.0,1228.0,4617.0,116.447885,39.865935,116.458127,39.873226
highest_fee_baseline,highest_fee_baseline_w000903,6000000000000005968,5,Full-time Workhorse,2020-02-15T16:43:55+08:00,2020-02-15T17:21:55+08:00,2020-02-15T17:11:07+08:00,True,6.0,1267.0,4780.0,116.44576800000002,39.884215,116.427117,39.881016
highest_fee_baseline,highest_fee_baseline_w000953,6000000000000006991,5,Full-time Workhorse,2020-02-15T17:12:26+08:00,2020-02-15T17:48:26+08:00,2020-02-15T17:36:46+08:00,True,3.0,1006.0,3690.0,116.437744,39.891373,116.436927,39.893076
highest_fee_baseline,highest_fee_baseline_w000991,6000000000000007168,5,Full-time Workhorse,2020-02-15T17:20:18+08:00,2020-02-15T18:20:18+08:00,2020-02-15T17:57:47+08:00,True,6.0,1067.0,3943.0,116.451973,39.889367,116.465987,39.886066
highest_fee_baseline,highest_fee_baseline_w001025,6000000000000006682,5,Full-time Workhorse,2020-02-15T17:36:53+08:00,2020-02-15T18:23:53+08:00,2020-02-15T18:16:57+08:00,True,6.0,1017.0,3736.0,116.463086,39.895824,116.455237,39.882556
highest_fee_baseline,highest_fee_baseline_w001062,6000000000000007439,5,Full-time Workhorse,2020-02-15T17:54:56+08:00,2020-02-15T18:42:56+08:00,2020-02-15T18:37:15+08:00,True,6.0,1035.0,3814.0,116.45083,39.894467,116.438767,39.890826
highest_fee_baseline,highest_fee_baseline_w001092,6000000000000008325,5,Full-time Workhorse,2020-02-15T18:26:06+08:00,2020-02-15T19:01:06+08:00,2020-02-15T19:04:18+08:00,False,6.0,1458.0,5572.0,116.433621,39.905432,116.437007,39.918536
highest_fee_baseline,highest_fee_baseline_w001143,6000000000000008298,5,Full-time Workhorse,2020-02-15T19:08:19+08:00,2020-02-15T19:52:19+08:00,2020-02-15T19:26:40+08:00,True,6.0,1000.0,3666.0,116.43029,39.92901,116.426017,39.938186
highest_fee_baseline,highest_fee_baseline_w001176,6000000000000008582,5,Full-time Workhorse,2020-02-15T19:30:45+08:00,2020-02-15T20:17:45+08:00,2020-02-15T19:46:25+08:00,True,6.0,985.0,3602.0,116.439809,39.933485,116.427927,39.932426
highest_fee_baseline,highest_fee_baseline_w001206,6000000000000008867,5,Full-time Workhorse,2020-02-15T19:55:02+08:00,2020-02-15T20:51:02+08:00,2020-02-15T20:12:25+08:00,True,6.0,1345.0,5107.0,116.434903,39.921917,116.456927,39.928446
highest_fee_baseline,highest_fee_baseline_w000211,6000000000000000914,6,Full-time Workhorse,2020-02-15T10:34:06+08:00,2020-02-15T12:45:00+08:00,2020-02-15T11:06:41+08:00,True,6.0,2201.0,8672.0,116.258213,40.020021,116.244277,40.041406
highest_fee_baseline,highest_fee_baseline_w000302,6000000000000001497,6,Full-time Workhorse,2020-02-15T11:21:25+08:00,2020-02-15T12:15:25+08:00,2020-02-15T11:43:36+08:00,True,10.0,1416.0,5402.0,116.242236,40.048368,116.268847,40.066176
highest_fee_baseline,highest_fee_baseline_w000359,6000000000000003017,6,Full-time Workhorse,2020-02-15T11:53:09+08:00,2020-02-15T12:39:09+08:00,2020-02-15T12:08:32+08:00,True,6.0,1112.0,4132.0,116.268126,40.066303,116.255837,40.050126
highest_fee_baseline,highest_fee_baseline_w000400,6000000000000002943,6,Full-time Workhorse,2020-02-15T11:53:04+08:00,2020-02-15T12:45:04+08:00,2020-02-15T12:23:10+08:00,True,6.0,790.0,2792.0,116.254561,40.049781,116.272287,40.043086
highest_fee_baseline,highest_fee_baseline_w000458,6000000000000003028,6,Full-time Workhorse,2020-02-15T12:01:54+08:00,2020-02-15T12:48:54+08:00,2020-02-15T12:53:14+08:00,False,6.0,1394.0,5310.0,116.294008,40.041728,116.274177,40.049496
highest_fee_baseline,highest_fee_baseline_w000515,6000000000000003311,6,Full-time Workhorse,2020-02-15T12:43:01+08:00,2020-02-15T13:30:01+08:00,2020-02-15T13:28:49+08:00,True,6.0,1729.0,6704.0,116.291958,40.042893,116.298887,40.061856
highest_fee_baseline,highest_fee_baseline_w000568,6000000000000004255,6,Full-time Workhorse,2020-02-15T13:11:26+08:00,2020-02-15T13:55:26+08:00,2020-02-15T13:50:12+08:00,True,6.0,1212.0,4552.0,116.291487,40.052136,116.297677,40.066956
highest_fee_baseline,highest_fee_baseline_w000610,6000000000000004623,6,Full-time Workhorse,2020-02-15T13:55:03+08:00,2020-02-15T14:53:03+08:00,2020-02-15T14:34:37+08:00,True,6.0,2077.0,8156.0,116.296088,40.065187,116.293747,40.078296
highest_fee_baseline,highest_fee_baseline_w000699,6000000000000005228,6,Full-time Workhorse,2020-02-15T14:43:15+08:00,2020-02-15T15:20:15+08:00,2020-02-15T15:01:47+08:00,True,3.0,1307.0,4943.0,116.307198,40.065888,116.299667,40.062346
highest_fee_baseline,highest_fee_baseline_w000761,6000000000000005265,6,Full-time Workhorse,2020-02-15T15:01:39+08:00,2020-02-15T15:43:39+08:00,2020-02-15T15:45:25+08:00,False,3.0,925.0,3353.0,116.296088,40.065187,116.304317,40.062526
highest_fee_baseline,highest_fee_baseline_w000788,6000000000000005365,6,Full-time Workhorse,2020-02-15T15:23:57+08:00,2020-02-15T15:57:57+08:00,2020-02-15T15:57:14+08:00,True,3.0,434.0,1308.0,116.305761,40.064876,116.306757,40.060536
highest_fee_baseline,highest_fee_baseline_w000863,6000000000000006329,6,Full-time Workhorse,2020-02-15T16:30:10+08:00,2020-02-15T17:06:10+08:00,2020-02-15T16:46:51+08:00,True,3.0,1011.0,3711.0,116.293209,40.053724,116.304247,40.054856
highest_fee_baseline,highest_fee_baseline_w000904,6000000000000006828,6,Full-time Workhorse,2020-02-15T16:53:03+08:00,2020-02-15T17:50:03+08:00,2020-02-15T17:19:27+08:00,True,10.0,1767.0,6863.0,116.293857,40.041673,116.261237,40.054766
highest_fee_baseline,highest_fee_baseline_w000946,6000000000000007308,6,Full-time Workhorse,2020-02-15T17:24:04+08:00,2020-02-15T18:29:04+08:00,2020-02-15T17:51:51+08:00,True,10.0,1911.0,7461.0,116.251526,40.051129,116.288377,40.028496
highest_fee_baseline,highest_fee_baseline_w001015,6000000000000006679,6,Full-time Workhorse,2020-02-15T17:34:59+08:00,2020-02-15T18:19:59+08:00,2020-02-15T18:24:13+08:00,False,6.0,1453.0,5555.0,116.287514,40.032674,116.274807,40.018996
highest_fee_baseline,highest_fee_baseline_w001078,6000000000000007677,6,Full-time Workhorse,2020-02-15T18:01:04+08:00,2020-02-15T18:47:04+08:00,2020-02-15T18:47:14+08:00,False,6.0,1034.0,3808.0,116.289533,40.023681,116.263627,40.018796
highest_fee_baseline,highest_fee_baseline_w001102,6000000000000008353,6,Full-time Workhorse,2020-02-15T18:43:05+08:00,2020-02-15T19:32:05+08:00,2020-02-15T19:17:45+08:00,True,6.0,1665.0,6436.0,116.260887,40.013524,116.259777,40.035566
highest_fee_baseline,highest_fee_baseline_w001161,6000000000000007800,6,Full-time Workhorse,2020-02-15T18:57:59+08:00,2020-02-15T19:54:59+08:00,2020-02-15T19:44:35+08:00,True,6.0,1475.0,5645.0,116.26718,40.029099,116.282317,40.024346
highest_fee_baseline,highest_fee_baseline_w001209,6000000000000008540,6,Full-time Workhorse,2020-02-15T19:40:25+08:00,2020-02-15T20:27:25+08:00,2020-02-15T20:19:09+08:00,True,10.0,1749.0,6788.0,116.301115,40.028892,116.265547,40.028826
highest_fee_baseline,highest_fee_baseline_w000035,6000000000000000349,7,Full-time Workhorse,2020-02-15T08:46:27+08:00,2020-02-15T10:15:00+08:00,2020-02-15T09:01:13+08:00,True,6.0,1273.0,4802.0,116.282846,39.865513,116.294467,39.879526
highest_fee_baseline,highest_fee_baseline_w000079,6000000000000000510,7,Full-time Workhorse,2020-02-15T08:57:25+08:00,2020-02-15T16:00:00+08:00,2020-02-15T09:33:33+08:00,True,6.0,1413.0,5391.0,116.295037,39.865266,116.310877,39.878026
highest_fee_baseline,highest_fee_baseline_w000134,6000000000000000818,7,Full-time Workhorse,2020-02-15T09:59:33+08:00,2020-02-15T10:45:00+08:00,2020-02-15T09:59:21+08:00,True,3.0,561.0,1838.0,116.315807,39.876166,116.323407,39.880126
highest_fee_baseline,highest_fee_baseline_w000161,6000000000000000878,7,Full-time Workhorse,2020-02-15T10:08:59+08:00,2020-02-15T11:00:59+08:00,2020-02-15T10:20:45+08:00,True,6.0,1245.0,4688.0,116.336722,39.883153,116.334497,39.898336
highest_fee_baseline,highest_fee_baseline_w000212,6000000000000000851,7,Full-time Workhorse,2020-02-15T10:35:16+08:00,2020-02-15T11:16:16+08:00,2020-02-15T10:53:13+08:00,True,6.0,1393.0,5302.0,116.347635,39.904613,116.365377,39.921776
highest_fee_baseline,highest_fee_baseline_w000272,6000000000000000989,7,Full-time Workhorse,2020-02-15T10:36:07+08:00,2020-02-15T11:16:07+08:00,2020-02-15T11:22:54+08:00,False,6.0,1374.0,5225.0,116.34864,39.922954,116.324677,39.927676
highest_fee_baseline,highest_fee_baseline_w000321,6000000000000001556,7,Full-time Workhorse,2020-02-15T11:01:20+08:00,2020-02-15T11:33:21+08:00,2020-02-15T11:46:29+08:00,False,6.0,989.0,3621.0,116.327354,39.933619,116.32308700000002,39.922856
highest_fee_baseline,highest_fee_baseline_w000372,6000000000000002378,7,Full-time Workhorse,2020-02-15T11:44:20+08:00,2020-02-15T12:14:21+08:00,2020-02-15T12:03:36+08:00,True,6.0,816.0,2900.0,116.327354,39.933619,116.323817,39.924796
highest_fee_baseline,highest_fee_baseline_w000412,6000000000000003352,7,Full-time Workhorse,2020-02-15T12:18:42+08:00,2020-02-15T13:09:42+08:00,2020-02-15T12:36:02+08:00,True,6.0,1562.0,6010.0,116.334979,39.920349,116.305827,39.930006
highest_fee_baseline,highest_fee_baseline_w000469,6000000000000003433,7,Full-time Workhorse,2020-02-15T12:10:56+08:00,2020-02-15T13:29:04+08:00,2020-02-15T13:00:50+08:00,True,6.0,1250.0,4706.0,116.317997,39.936496,116.334647,39.935696
highest_fee_baseline,highest_fee_baseline_w000533,6000000000000003622,7,Full-time Workhorse,2020-02-15T12:40:30+08:00,2020-02-15T13:28:30+08:00,2020-02-15T13:31:19+08:00,False,6.0,1279.0,4830.0,116.353967,39.938066,116.360167,39.916646
highest_fee_baseline,highest_fee_baseline_w000589,6000000000000004274,7,Full-time Workhorse,2020-02-15T13:18:40+08:00,2020-02-15T13:50:40+08:00,2020-02-15T13:55:17+08:00,False,6.0,917.0,3319.0,116.348517,39.907678,116.335207,39.906976
highest_fee_baseline,highest_fee_baseline_w000620,6000000000000004372,7,Full-time Workhorse,2020-02-15T13:34:41+08:00,2020-02-15T14:07:41+08:00,2020-02-15T14:14:39+08:00,False,6.0,879.0,3166.0,116.347977,39.906916,116.358217,39.897536
highest_fee_baseline,highest_fee_baseline_w000647,6000000000000004959,7,Full-time Workhorse,2020-02-15T14:04:05+08:00,2020-02-15T14:45:05+08:00,2020-02-15T14:39:29+08:00,True,6.0,1169.0,4371.0,116.353703,39.89785,116.358327,39.876036
highest_fee_baseline,highest_fee_baseline_w000682,6000000000000005101,7,Full-time Workhorse,2020-02-15T14:22:05+08:00,2020-02-15T15:06:05+08:00,2020-02-15T15:01:05+08:00,True,6.0,1265.0,4771.0,116.355308,39.877295,116.341047,39.894386
highest_fee_baseline,highest_fee_baseline_w000727,6000000000000004828,7,Full-time Workhorse,2020-02-15T14:46:47+08:00,2020-02-15T15:47:47+08:00,2020-02-15T15:31:05+08:00,True,6.0,1265.0,4770.0,116.342826,39.894091,116.371087,39.888816
highest_fee_baseline,highest_fee_baseline_w000783,6000000000000005655,7,Full-time Workhorse,2020-02-15T15:45:08+08:00,2020-02-15T16:31:08+08:00,2020-02-15T16:08:03+08:00,True,10.0,1683.0,6513.0,116.368573,39.901199,116.331037,39.913266
highest_fee_baseline,highest_fee_baseline_w000829,6000000000000005618,7,Full-time Workhorse,2020-02-15T16:11:18+08:00,2020-02-15T16:49:18+08:00,2020-02-15T16:30:20+08:00,True,6.0,1220.0,4586.0,116.343572,39.921824,116.35527700000002,39.924176
highest_fee_baseline,highest_fee_baseline_w000872,6000000000000005765,7,Full-time Workhorse,2020-02-15T16:15:38+08:00,2020-02-15T16:49:38+08:00,2020-02-15T16:53:25+08:00,False,6.0,805.0,2856.0,116.347776,39.922938,116.339417,39.915206
highest_fee_baseline,highest_fee_baseline_w000915,6000000000000005790,7,Full-time Workhorse,2020-02-15T16:30:47+08:00,2020-02-15T17:18:47+08:00,2020-02-15T17:16:54+08:00,True,6.0,1014.0,3725.0,116.349294,39.918768,116.346167,39.902756
highest_fee_baseline,highest_fee_baseline_w000943,6000000000000006495,7,Full-time Workhorse,2020-02-15T16:50:47+08:00,2020-02-15T17:46:47+08:00,2020-02-15T17:36:06+08:00,True,6.0,966.0,3525.0,116.348517,39.907678,116.371667,39.906596
highest_fee_baseline,highest_fee_baseline_w000985,6000000000000006924,7,Full-time Workhorse,2020-02-15T17:12:06+08:00,2020-02-15T18:03:15+08:00,2020-02-15T17:59:02+08:00,True,6.0,1142.0,4261.0,116.363147,39.908616,116.371527,39.925706
highest_fee_baseline,highest_fee_baseline_w001030,6000000000000006821,7,Full-time Workhorse,2020-02-15T17:33:53+08:00,2020-02-15T18:12:53+08:00,2020-02-15T18:22:45+08:00,False,6.0,1365.0,5186.0,116.349661,39.92899,116.337847,39.922046
highest_fee_baseline,highest_fee_baseline_w001074,6000000000000008083,7,Full-time Workhorse,2020-02-15T18:20:13+08:00,2020-02-15T18:55:13+08:00,2020-02-15T18:44:52+08:00,True,6.0,892.0,3216.0,116.34864,39.922954,116.371757,39.925396
highest_fee_baseline,highest_fee_baseline_w001095,6000000000000008023,7,Full-time Workhorse,2020-02-15T18:36:01+08:00,2020-02-15T19:10:01+08:00,2020-02-15T19:00:48+08:00,True,6.0,648.0,2199.0,116.369461,39.924885,116.358327,39.920856
highest_fee_baseline,highest_fee_baseline_w001136,6000000000000007773,7,Full-time Workhorse,2020-02-15T18:42:03+08:00,2020-02-15T19:21:03+08:00,2020-02-15T19:26:22+08:00,False,6.0,982.0,3595.0,116.349294,39.918768,116.337487,39.908326
highest_fee_baseline,highest_fee_baseline_w001179,6000000000000008569,7,Full-time Workhorse,2020-02-15T19:16:48+08:00,2020-02-15T19:50:48+08:00,2020-02-15T19:50:37+08:00,True,6.0,1237.0,4652.0,116.349294,39.918768,116.337507,39.908256
highest_fee_baseline,highest_fee_baseline_w001215,6000000000000008776,7,Full-time Workhorse,2020-02-15T19:34:32+08:00,2020-02-15T20:10:32+08:00,2020-02-15T20:19:47+08:00,False,6.0,1187.0,4446.0,116.347635,39.904613,116.331647,39.915106
highest_fee_baseline,highest_fee_baseline_w000028,6000000000000000381,8,Full-time Workhorse,2020-02-15T08:35:48+08:00,2020-02-15T09:28:48+08:00,2020-02-15T08:51:40+08:00,True,6.0,1300.0,4917.0,116.279369,39.958476,116.294577,39.938706
highest_fee_baseline,highest_fee_baseline_w000181,6000000000000000829,8,Full-time Workhorse,2020-02-15T10:12:50+08:00,2020-02-15T10:59:50+08:00,2020-02-15T10:42:30+08:00,True,6.0,1950.0,7626.0,116.307277,39.950036,116.304587,39.937446
highest_fee_baseline,highest_fee_baseline_w000242,6000000000000001413,8,Full-time Workhorse,2020-02-15T10:53:47+08:00,2020-02-15T11:25:55+08:00,2020-02-15T11:05:11+08:00,True,3.0,911.0,3298.0,116.297227,39.941976,116.291317,39.936606
highest_fee_baseline,highest_fee_baseline_w000285,6000000000000001580,8,Full-time Workhorse,2020-02-15T11:09:08+08:00,2020-02-15T11:50:20+08:00,2020-02-15T11:29:26+08:00,True,6.0,1166.0,4358.0,116.297227,39.941976,116.303657,39.930016
highest_fee_baseline,highest_fee_baseline_w000319,6000000000000001652,8,Full-time Workhorse,2020-02-15T11:13:12+08:00,2020-02-15T12:04:15+08:00,2020-02-15T11:42:23+08:00,True,6.0,743.0,2596.0,116.299687,39.932746,116.313887,39.932016
highest_fee_baseline,highest_fee_baseline_w000358,6000000000000001901,8,Full-time Workhorse,2020-02-15T11:29:02+08:00,2020-02-15T12:12:10+08:00,2020-02-15T11:59:46+08:00,True,6.0,586.0,1942.0,116.314607,39.932116,116.329577,39.937726
highest_fee_baseline,highest_fee_baseline_w000380,6000000000000002791,8,Full-time Workhorse,2020-02-15T11:39:21+08:00,2020-02-15T12:23:21+08:00,2020-02-15T12:20:03+08:00,True,6.0,1203.0,4513.0,116.33193,39.937938,116.358507,39.950116
highest_fee_baseline,highest_fee_baseline_w000459,6000000000000003119,8,Full-time Workhorse,2020-02-15T12:04:16+08:00,2020-02-15T12:45:16+08:00,2020-02-15T12:58:27+08:00,False,6.0,1707.0,6611.0,116.368314,39.966399,116.380507,39.970366
highest_fee_baseline,highest_fee_baseline_w000507,6000000000000003603,8,Full-time Workhorse,2020-02-15T12:30:57+08:00,2020-02-15T13:30:57+08:00,2020-02-15T13:19:03+08:00,True,6.0,1143.0,4263.0,116.391248,39.97171,116.406307,39.967666
highest_fee_baseline,highest_fee_baseline_w000542,6000000000000003802,8,Full-time Workhorse,2020-02-15T13:01:44+08:00,2020-02-15T13:40:44+08:00,2020-02-15T13:34:15+08:00,True,6.0,855.0,3061.0,116.40785,39.961264,116.417227,39.968036
highest_fee_baseline,highest_fee_baseline_w000609,6000000000000004044,8,Full-time Workhorse,2020-02-15T13:24:00+08:00,2020-02-15T13:59:00+08:00,2020-02-15T14:12:04+08:00,False,6.0,1324.0,5019.0,116.439968,39.965399,116.453067,39.957246
highest_fee_baseline,highest_fee_baseline_w000657,6000000000000004706,8,Full-time Workhorse,2020-02-15T14:23:44+08:00,2020-02-15T14:55:44+08:00,2020-02-15T14:39:51+08:00,True,6.0,1191.0,4463.0,116.44161,39.961696,116.438977,39.971506
highest_fee_baseline,highest_fee_baseline_w000681,6000000000000004689,8,Full-time Workhorse,2020-02-15T14:11:37+08:00,2020-02-15T14:57:37+08:00,2020-02-15T14:53:11+08:00,True,6.0,791.0,2795.0,116.437347,39.970847,116.421157,39.977466
highest_fee_baseline,highest_fee_baseline_w000725,6000000000000005141,8,Full-time Workhorse,2020-02-15T14:32:04+08:00,2020-02-15T17:31:04+08:00,2020-02-15T15:21:04+08:00,True,6.0,1264.0,4765.0,116.435008,39.965337,116.433007,39.950426
highest_fee_baseline,highest_fee_baseline_w000768,6000000000000005673,8,Full-time Workhorse,2020-02-15T15:06:28+08:00,2020-02-15T15:57:28+08:00,2020-02-15T16:03:27+08:00,False,10.0,2007.0,7863.0,116.443406,39.961073,116.405487,39.974186
highest_fee_baseline,highest_fee_baseline_w000834,6000000000000006245,8,Full-time Workhorse,2020-02-15T16:15:21+08:00,2020-02-15T17:01:21+08:00,2020-02-15T16:45:21+08:00,True,6.0,2121.0,8340.0,116.396434,39.990367,116.39619700000002,39.999606
highest_fee_baseline,highest_fee_baseline_w000906,6000000000000006148,8,Full-time Workhorse,2020-02-15T16:36:49+08:00,2020-02-15T17:24:49+08:00,2020-02-15T17:12:42+08:00,True,6.0,1362.0,5174.0,116.406793,39.985754,116.40510700000002,39.997736
highest_fee_baseline,highest_fee_baseline_w000950,6000000000000006784,8,Full-time Workhorse,2020-02-15T17:08:06+08:00,2020-02-15T17:47:06+08:00,2020-02-15T17:35:19+08:00,True,6.0,919.0,3332.0,116.418551,39.993203,116.416577,40.003396
highest_fee_baseline,highest_fee_baseline_w000989,6000000000000007226,8,Full-time Workhorse,2020-02-15T17:29:14+08:00,2020-02-15T18:10:14+08:00,2020-02-15T18:07:34+08:00,True,6.0,1654.0,6388.0,116.418206,39.993062,116.392597,39.992306
highest_fee_baseline,highest_fee_baseline_w001040,6000000000000007031,8,Full-time Workhorse,2020-02-15T17:52:26+08:00,2020-02-15T18:35:26+08:00,2020-02-15T18:41:51+08:00,False,6.0,1911.0,7466.0,116.400042,39.991122,116.424257,39.980506
highest_fee_baseline,highest_fee_baseline_w001116,6000000000000008021,8,Full-time Workhorse,2020-02-15T18:34:26+08:00,2020-02-15T19:18:26+08:00,2020-02-15T19:14:12+08:00,True,6.0,1452.0,5552.0,116.437347,39.970847,116.430127,39.958636
highest_fee_baseline,highest_fee_baseline_w001160,6000000000000008554,8,Full-time Workhorse,2020-02-15T19:00:06+08:00,2020-02-15T19:37:06+08:00,2020-02-15T19:36:10+08:00,True,6.0,970.0,3543.0,116.440257,39.957399,116.452227,39.956056
highest_fee_baseline,highest_fee_baseline_w001184,6000000000000008632,8,Full-time Workhorse,2020-02-15T19:20:24+08:00,2020-02-15T19:53:24+08:00,2020-02-15T20:00:15+08:00,False,6.0,1215.0,4563.0,116.454667,39.957306,116.444037,39.947906
highest_fee_baseline,highest_fee_baseline_w000081,6000000000000000353,9,Full-time Workhorse,2020-02-15T09:10:56+08:00,2020-02-15T09:52:56+08:00,2020-02-15T09:25:14+08:00,True,3.0,914.0,3306.0,116.223847,40.220772,116.23224700000002,40.219296
highest_fee_baseline,highest_fee_baseline_w000106,6000000000000000361,9,Full-time Workhorse,2020-02-15T09:37:33+08:00,2020-02-15T10:12:33+08:00,2020-02-15T09:44:25+08:00,True,6.0,865.0,3104.0,116.223847,40.220772,116.224377,40.208516
highest_fee_baseline,highest_fee_baseline_w000147,6000000000000000407,9,Full-time Workhorse,2020-02-15T09:30:52+08:00,2020-02-15T10:18:52+08:00,2020-02-15T10:11:32+08:00,True,6.0,1292.0,4884.0,116.223519,40.223315,116.248097,40.216706
highest_fee_baseline,highest_fee_baseline_w000217,6000000000000000792,9,Full-time Workhorse,2020-02-15T10:38:30+08:00,2020-02-15T11:22:30+08:00,2020-02-15T10:48:25+08:00,True,3.0,1105.0,4103.0,116.22721500000002,40.209027,116.219517,40.210426
highest_fee_baseline,highest_fee_baseline_w000240,6000000000000000771,9,Full-time Workhorse,2020-02-15T10:24:30+08:00,2020-02-15T11:20:30+08:00,2020-02-15T11:09:46+08:00,True,6.0,1186.0,4442.0,116.223983,40.215125,116.200567,40.222996
highest_fee_baseline,highest_fee_baseline_w000290,6000000000000001247,9,Full-time Workhorse,2020-02-15T10:57:02+08:00,2020-02-15T11:50:02+08:00,2020-02-15T11:32:04+08:00,True,6.0,1324.0,5016.0,116.209315,40.213262,116.218077,40.223596
highest_fee_baseline,highest_fee_baseline_w000354,6000000000000002168,9,Full-time Workhorse,2020-02-15T11:20:31+08:00,2020-02-15T12:12:31+08:00,2020-02-15T12:02:08+08:00,True,6.0,1328.0,5030.0,116.227967,40.211171,116.254177,40.216156
highest_fee_baseline,highest_fee_baseline_w000422,6000000000000003756,9,Full-time Workhorse,2020-02-15T12:27:53+08:00,2020-02-15T13:07:53+08:00,2020-02-15T12:36:26+08:00,True,6.0,986.0,3609.0,116.251234,40.221414,116.234897,40.213396
highest_fee_baseline,highest_fee_baseline_w000464,6000000000000003287,9,Full-time Workhorse,2020-02-15T12:23:55+08:00,2020-02-15T12:53:55+08:00,2020-02-15T12:54:42+08:00,False,6.0,882.0,3176.0,116.229847,40.218426,116.225457,40.206676
highest_fee_baseline,highest_fee_baseline_w000503,6000000000000003698,9,Full-time Workhorse,2020-02-15T12:39:59+08:00,2020-02-15T13:19:59+08:00,2020-02-15T13:14:16+08:00,True,3.0,856.0,3067.0,116.22925,40.211239,116.238167,40.208366
highest_fee_baseline,highest_fee_baseline_w000719,6000000000000005417,9,Full-time Workhorse,2020-02-15T15:08:10+08:00,2020-02-15T16:15:00+08:00,2020-02-15T15:16:43+08:00,True,6.0,1003.0,3680.0,116.228992,40.211453,116.231097,40.227756
highest_fee_baseline,highest_fee_baseline_w000757,6000000000000005503,9,Full-time Workhorse,2020-02-15T15:02:36+08:00,2020-02-15T15:44:36+08:00,2020-02-15T15:40:32+08:00,True,6.0,1232.0,4634.0,116.227967,40.211171,116.228877,40.225076
highest_fee_baseline,highest_fee_baseline_w000795,6000000000000005875,9,Full-time Workhorse,2020-02-15T15:42:31+08:00,2020-02-15T16:19:31+08:00,2020-02-15T16:03:42+08:00,True,6.0,822.0,2925.0,116.216733,40.223171,116.230197,40.228116
highest_fee_baseline,highest_fee_baseline_w000828,6000000000000006118,9,Full-time Workhorse,2020-02-15T16:07:27+08:00,2020-02-15T16:53:27+08:00,2020-02-15T16:30:11+08:00,True,6.0,1211.0,4544.0,116.227808,40.219445,116.210927,40.217586
highest_fee_baseline,highest_fee_baseline_w000876,6000000000000006259,9,Full-time Workhorse,2020-02-15T16:26:27+08:00,2020-02-15T17:28:27+08:00,2020-02-15T17:05:27+08:00,True,10.0,1527.0,5863.0,116.222792,40.221324,116.258737,40.226846
highest_fee_baseline,highest_fee_baseline_w001018,6000000000000007060,9,Full-time Workhorse,2020-02-15T18:08:30+08:00,2020-02-15T19:04:30+08:00,2020-02-15T18:15:42+08:00,True,3.0,942.0,3425.0,116.254081,40.221115,116.256867,40.229396
highest_fee_baseline,highest_fee_baseline_w001054,6000000000000008158,9,Full-time Workhorse,2020-02-15T18:20:15+08:00,2020-02-15T19:16:16+08:00,2020-02-15T18:37:45+08:00,True,6.0,1065.0,3936.0,116.254081,40.221115,116.253137,40.234206
highest_fee_baseline,highest_fee_baseline_w001129,6000000000000008523,9,Full-time Workhorse,2020-02-15T19:02:30+08:00,2020-02-15T19:59:30+08:00,2020-02-15T19:23:23+08:00,True,6.0,1403.0,5344.0,116.254081,40.221115,116.234157,40.211556
highest_fee_baseline,highest_fee_baseline_w001170,6000000000000008283,9,Full-time Workhorse,2020-02-15T19:02:09+08:00,2020-02-15T19:58:09+08:00,2020-02-15T19:48:51+08:00,True,6.0,1131.0,4215.0,116.223983,40.215125,116.212467,40.199436
highest_fee_baseline,highest_fee_baseline_w001210,6000000000000008866,9,Full-time Workhorse,2020-02-15T19:54:56+08:00,2020-02-15T20:37:56+08:00,2020-02-15T20:13:16+08:00,True,6.0,1396.0,5316.0,116.230356,40.210329,116.216927,40.223576
highest_fee_baseline,highest_fee_baseline_w000109,6000000000000000679,10,Full-time Workhorse,2020-02-15T09:31:20+08:00,2020-02-15T12:31:20+08:00,2020-02-15T09:41:15+08:00,True,3.0,675.0,2314.0,116.309383,39.844365,116.308777,39.847316
highest_fee_baseline,highest_fee_baseline_w000133,6000000000000000741,10,Full-time Workhorse,2020-02-15T09:52:02+08:00,2020-02-15T10:36:02+08:00,2020-02-15T10:00:36+08:00,True,3.0,636.0,2147.0,116.311233,39.843761,116.30741700000002,39.851866
highest_fee_baseline,highest_fee_baseline_w000170,6000000000000001179,10,Full-time Workhorse,2020-02-15T10:15:41+08:00,2020-02-15T11:15:00+08:00,2020-02-15T10:33:26+08:00,True,6.0,1406.0,5359.0,116.299503,39.847797,116.282167,39.824956
highest_fee_baseline,highest_fee_baseline_w000299,6000000000000002339,10,Full-time Workhorse,2020-02-15T11:24:50+08:00,2020-02-15T12:30:00+08:00,2020-02-15T11:35:42+08:00,True,6.0,942.0,3425.0,116.288747,39.823386,116.283827,39.843636
highest_fee_baseline,highest_fee_baseline_w000351,6000000000000002305,10,Full-time Workhorse,2020-02-15T11:33:43+08:00,2020-02-15T12:31:43+08:00,2020-02-15T12:05:42+08:00,True,6.0,1542.0,5924.0,116.298455,39.849971,116.322217,39.849216
highest_fee_baseline,highest_fee_baseline_w000449,6000000000000003130,10,Full-time Workhorse,2020-02-15T12:14:30+08:00,2020-02-15T12:52:30+08:00,2020-02-15T12:39:59+08:00,True,3.0,599.0,1997.0,116.310481,39.846895,116.310977,39.842926
highest_fee_baseline,highest_fee_baseline_w000460,6000000000000003638,10,Full-time Workhorse,2020-02-15T12:18:55+08:00,2020-02-15T15:18:55+08:00,2020-02-15T12:44:46+08:00,True,3.0,286.0,692.0,116.309383,39.844365,116.312667,39.843256
highest_fee_baseline,highest_fee_baseline_w000479,6000000000000004047,10,Full-time Workhorse,2020-02-15T12:54:43+08:00,2020-02-15T16:15:00+08:00,2020-02-15T12:58:26+08:00,True,3.0,506.0,1611.0,116.309383,39.844365,116.305347,39.845236
highest_fee_baseline,highest_fee_baseline_w000532,6000000000000004277,10,Full-time Workhorse,2020-02-15T13:16:09+08:00,2020-02-15T14:01:09+08:00,2020-02-15T13:32:31+08:00,True,6.0,1351.0,5130.0,116.298705,39.856634,116.279717,39.861046
highest_fee_baseline,highest_fee_baseline_w000588,6000000000000004357,10,Full-time Workhorse,2020-02-15T13:26:02+08:00,2020-02-15T15:00:00+08:00,2020-02-15T14:05:44+08:00,True,6.0,1544.0,5933.0,116.295037,39.865266,116.260947,39.865196
highest_fee_baseline,highest_fee_baseline_w000664,6000000000000004752,10,Full-time Workhorse,2020-02-15T14:18:43+08:00,2020-02-15T15:16:43+08:00,2020-02-15T14:48:18+08:00,True,6.0,1698.0,6572.0,116.24185500000002,39.874994,116.252757,39.890176
highest_fee_baseline,highest_fee_baseline_w000712,6000000000000005059,10,Full-time Workhorse,2020-02-15T14:38:43+08:00,2020-02-15T15:12:43+08:00,2020-02-15T15:06:11+08:00,True,3.0,971.0,3547.0,116.26316,39.905704,116.266557,39.905896
highest_fee_baseline,highest_fee_baseline_w000746,6000000000000005683,10,Full-time Workhorse,2020-02-15T15:10:18+08:00,2020-02-15T15:48:18+08:00,2020-02-15T15:28:18+08:00,True,3.0,1098.0,4074.0,116.244992,39.906222,116.254557,39.907046
highest_fee_baseline,highest_fee_baseline_w000762,6000000000000005510,10,Full-time Workhorse,2020-02-15T15:06:42+08:00,2020-02-15T16:15:42+08:00,2020-02-15T15:44:03+08:00,True,3.0,843.0,3014.0,116.244966,39.905969,116.251407,39.907396
highest_fee_baseline,highest_fee_baseline_w000811,6000000000000006049,10,Full-time Workhorse,2020-02-15T16:07:05+08:00,2020-02-15T16:58:05+08:00,2020-02-15T16:14:41+08:00,True,6.0,881.0,3174.0,116.255341,39.904313,116.245787,39.891846
highest_fee_baseline,highest_fee_baseline_w000835,6000000000000006215,10,Full-time Workhorse,2020-02-15T16:13:22+08:00,2020-02-15T19:13:22+08:00,2020-02-15T16:38:13+08:00,True,6.0,1093.0,4054.0,116.241422,39.889506,116.240477,39.899476
highest_fee_baseline,highest_fee_baseline_w000877,6000000000000006341,10,Full-time Workhorse,2020-02-15T16:14:45+08:00,2020-02-15T19:14:45+08:00,2020-02-15T17:04:49+08:00,True,6.0,1489.0,5705.0,116.241422,39.889506,116.214577,39.897106
highest_fee_baseline,highest_fee_baseline_w000936,6000000000000006483,10,Full-time Workhorse,2020-02-15T16:43:29+08:00,2020-02-15T17:46:29+08:00,2020-02-15T17:35:01+08:00,True,10.0,1501.0,5756.0,116.196875,39.896232,116.167427,39.911836
highest_fee_baseline,highest_fee_baseline_w000978,6000000000000006648,10,Full-time Workhorse,2020-02-15T17:17:45+08:00,2020-02-15T18:02:45+08:00,2020-02-15T17:50:51+08:00,True,6.0,651.0,2210.0,116.16812,39.910818,116.174857,39.903046
highest_fee_baseline,highest_fee_baseline_w001021,6000000000000007394,10,Full-time Workhorse,2020-02-15T17:31:55+08:00,2020-02-15T18:08:55+08:00,2020-02-15T18:17:49+08:00,False,6.0,1069.0,3955.0,116.180305,39.909834,116.168387,39.909686
highest_fee_baseline,highest_fee_baseline_w001048,6000000000000007501,10,Full-time Workhorse,2020-02-15T17:57:24+08:00,2020-02-15T18:42:24+08:00,2020-02-15T18:33:57+08:00,True,6.0,837.0,2986.0,116.16812,39.910818,116.192757,39.909856
highest_fee_baseline,highest_fee_baseline_w001084,6000000000000008505,10,Full-time Workhorse,2020-02-15T18:48:46+08:00,2020-02-15T19:18:46+08:00,2020-02-15T18:49:09+08:00,True,3.0,549.0,1786.0,116.188947,39.914116,116.194047,39.908546
highest_fee_baseline,highest_fee_baseline_w001105,6000000000000007540,10,Full-time Workhorse,2020-02-15T18:20:25+08:00,2020-02-15T18:53:25+08:00,2020-02-15T18:59:52+08:00,False,3.0,592.0,1967.0,116.185667,39.910136,116.181877,39.905826
highest_fee_baseline,highest_fee_baseline_w001123,6000000000000008260,10,Full-time Workhorse,2020-02-15T18:33:51+08:00,2020-02-15T19:14:51+08:00,2020-02-15T19:09:26+08:00,True,3.0,566.0,1859.0,116.184503,39.907865,116.194227,39.908506
highest_fee_baseline,highest_fee_baseline_w001148,6000000000000008695,10,Full-time Workhorse,2020-02-15T19:11:24+08:00,2020-02-15T19:53:24+08:00,2020-02-15T19:29:46+08:00,True,6.0,1186.0,4443.0,116.173645,39.904594,116.166497,39.912636
highest_fee_baseline,highest_fee_baseline_w001173,6000000000000008774,10,Full-time Workhorse,2020-02-15T19:34:02+08:00,2020-02-15T20:18:02+08:00,2020-02-15T19:52:25+08:00,True,6.0,1345.0,5104.0,116.180305,39.909834,116.195437,39.890516
highest_fee_baseline,highest_fee_baseline_w000200,6000000000000001189,11,Full-time Workhorse,2020-02-15T10:24:24+08:00,2020-02-15T11:20:24+08:00,2020-02-15T10:38:24+08:00,True,6.0,1104.0,4099.0,116.161448,39.922389,116.173747,39.911846
highest_fee_baseline,highest_fee_baseline_w000231,6000000000000000926,11,Full-time Workhorse,2020-02-15T10:41:12+08:00,2020-02-15T11:46:12+08:00,2020-02-15T11:19:28+08:00,True,15.0,2368.0,9365.0,116.191107,39.907076,116.140637,39.931846
highest_fee_baseline,highest_fee_baseline_w001055,6000000000000008208,11,Full-time Workhorse,2020-02-15T18:25:22+08:00,2020-02-15T21:25:22+08:00,2020-02-15T18:43:20+08:00,True,3.0,1400.0,5332.0,116.150689,39.926924,116.150397,39.924386
highest_fee_baseline,highest_fee_baseline_w001097,6000000000000008627,11,Full-time Workhorse,2020-02-15T18:46:57+08:00,2020-02-15T21:46:57+08:00,2020-02-15T19:14:02+08:00,True,3.0,1442.0,5507.0,116.150689,39.926924,116.150397,39.924386
highest_fee_baseline,highest_fee_baseline_w001150,6000000000000008983,11,Full-time Workhorse,2020-02-15T19:15:15+08:00,2020-02-15T22:15:15+08:00,2020-02-15T19:45:48+08:00,True,3.0,1548.0,5952.0,116.150689,39.926924,116.158127,39.925686
highest_fee_baseline,highest_fee_baseline_w000060,6000000000000000449,12,Full-time Workhorse,2020-02-15T09:09:02+08:00,2020-02-15T09:39:02+08:00,2020-02-15T09:10:42+08:00,True,3.0,642.0,2177.0,116.314724,39.952683,116.306437,39.955736
highest_fee_baseline,highest_fee_baseline_w000097,6000000000000000726,12,Full-time Workhorse,2020-02-15T09:26:50+08:00,2020-02-15T10:48:50+08:00,2020-02-15T09:42:17+08:00,True,6.0,1337.0,5072.0,116.296814,39.966228,116.290607,39.952666
highest_fee_baseline,highest_fee_baseline_w000143,6000000000000000414,12,Full-time Workhorse,2020-02-15T09:46:47+08:00,2020-02-15T10:43:47+08:00,2020-02-15T10:08:09+08:00,True,6.0,1089.0,4038.0,116.287321,39.962601,116.289167,39.944776
highest_fee_baseline,highest_fee_baseline_w000180,6000000000000001298,12,Full-time Workhorse,2020-02-15T10:18:33+08:00,2020-02-15T11:54:00+08:00,2020-02-15T10:28:57+08:00,True,6.0,1137.0,4236.0,116.280654,39.957785,116.268037,39.950186
highest_fee_baseline,highest_fee_baseline_w000209,6000000000000000548,12,Full-time Workhorse,2020-02-15T10:03:20+08:00,2020-02-15T10:56:20+08:00,2020-02-15T11:01:30+08:00,False,6.0,1890.0,7375.0,116.261458,39.942889,116.248467,39.920996
highest_fee_baseline,highest_fee_baseline_w000279,6000000000000001087,12,Full-time Workhorse,2020-02-15T10:54:21+08:00,2020-02-15T11:38:21+08:00,2020-02-15T11:31:16+08:00,True,6.0,1276.0,4818.0,116.253665,39.917124,116.233527,39.921066
highest_fee_baseline,highest_fee_baseline_w000347,6000000000000001789,12,Full-time Workhorse,2020-02-15T11:23:35+08:00,2020-02-15T12:06:35+08:00,2020-02-15T12:05:24+08:00,True,6.0,1524.0,5851.0,116.244066,39.930045,116.231977,39.931736
highest_fee_baseline,highest_fee_baseline_w000411,6000000000000002999,12,Full-time Workhorse,2020-02-15T11:47:12+08:00,2020-02-15T12:47:12+08:00,2020-02-15T12:34:48+08:00,True,6.0,1488.0,5699.0,116.244066,39.930045,116.249637,39.908976
highest_fee_baseline,highest_fee_baseline_w000477,6000000000000003279,12,Full-time Workhorse,2020-02-15T12:20:37+08:00,2020-02-15T12:59:37+08:00,2020-02-15T13:03:25+08:00,False,6.0,1405.0,5355.0,116.254314,39.89282,116.231067,39.902306
highest_fee_baseline,highest_fee_baseline_w000537,6000000000000003577,12,Full-time Workhorse,2020-02-15T12:54:52+08:00,2020-02-15T13:43:52+08:00,2020-02-15T13:39:10+08:00,True,6.0,1750.0,6789.0,116.246046,39.888773,116.270327,39.899926
highest_fee_baseline,highest_fee_baseline_w000587,6000000000000004208,12,Full-time Workhorse,2020-02-15T13:37:51+08:00,2020-02-15T14:18:51+08:00,2020-02-15T13:57:15+08:00,True,6.0,1035.0,3812.0,116.254673,39.89927,116.233207,39.897856
highest_fee_baseline,highest_fee_baseline_w000615,6000000000000004961,12,Full-time Workhorse,2020-02-15T14:09:26+08:00,2020-02-15T14:50:26+08:00,2020-02-15T14:18:05+08:00,True,6.0,1085.0,4022.0,116.225899,39.901857,116.220497,39.890226
highest_fee_baseline,highest_fee_baseline_w000661,6000000000000004693,12,Full-time Workhorse,2020-02-15T14:13:06+08:00,2020-02-15T15:04:07+08:00,2020-02-15T14:51:49+08:00,True,10.0,1909.0,7454.0,116.225899,39.901857,116.219127,39.874466
highest_fee_baseline,highest_fee_baseline_w000083,6000000000000000454,13,Full-time Workhorse,2020-02-15T09:18:08+08:00,2020-02-15T10:04:08+08:00,2020-02-15T09:36:50+08:00,True,6.0,1610.0,6211.0,116.354905,39.836519,116.372937,39.836976
highest_fee_baseline,highest_fee_baseline_w000125,6000000000000000325,13,Full-time Workhorse,2020-02-15T09:30:00+08:00,2020-02-15T10:31:01+08:00,2020-02-15T10:00:57+08:00,True,6.0,1257.0,4738.0,116.359472,39.833364,116.375997,39.832606
highest_fee_baseline,highest_fee_baseline_w000182,6000000000000000597,13,Full-time Workhorse,2020-02-15T09:41:49+08:00,2020-02-15T10:19:49+08:00,2020-02-15T10:34:47+08:00,False,6.0,1487.0,5698.0,116.355675,39.833761,116.378387,39.840646
highest_fee_baseline,highest_fee_baseline_w000232,6000000000000000497,13,Full-time Workhorse,2020-02-15T10:11:19+08:00,2020-02-15T11:08:19+08:00,2020-02-15T10:59:42+08:00,True,6.0,1182.0,4426.0,116.360752,39.845855,116.375407,39.838406
highest_fee_baseline,highest_fee_baseline_w000275,6000000000000001617,13,Full-time Workhorse,2020-02-15T10:46:51+08:00,2020-02-15T11:27:51+08:00,2020-02-15T11:32:05+08:00,False,6.0,1925.0,7518.0,116.354287,39.835816,116.365387,39.846146
highest_fee_baseline,highest_fee_baseline_w000337,6000000000000002156,13,Full-time Workhorse,2020-02-15T11:18:35+08:00,2020-02-15T12:02:35+08:00,2020-02-15T11:51:15+08:00,True,6.0,675.0,2313.0,116.360752,39.845855,116.342237,39.845406
highest_fee_baseline,highest_fee_baseline_w000379,6000000000000002444,13,Full-time Workhorse,2020-02-15T11:36:45+08:00,2020-02-15T12:18:45+08:00,2020-02-15T12:12:36+08:00,True,6.0,756.0,2650.0,116.340487,39.845249,116.327597,39.849176
highest_fee_baseline,highest_fee_baseline_w000427,6000000000000003595,13,Full-time Workhorse,2020-02-15T12:22:27+08:00,2020-02-15T12:58:27+08:00,2020-02-15T12:37:17+08:00,True,6.0,1037.0,3822.0,116.340487,39.845249,116.352527,39.843746
highest_fee_baseline,highest_fee_baseline_w000465,6000000000000003227,13,Full-time Workhorse,2020-02-15T12:15:18+08:00,2020-02-15T13:03:18+08:00,2020-02-15T13:00:57+08:00,True,6.0,1257.0,4737.0,116.354682,39.836376,116.340097,39.841386
highest_fee_baseline,highest_fee_baseline_w000527,6000000000000003922,13,Full-time Workhorse,2020-02-15T12:52:05+08:00,2020-02-15T13:32:05+08:00,2020-02-15T13:33:14+08:00,False,6.0,1394.0,5309.0,116.349011,39.844929,116.341137,39.860686
highest_fee_baseline,highest_fee_baseline_w000590,6000000000000004149,13,Full-time Workhorse,2020-02-15T13:42:41+08:00,2020-02-15T14:26:41+08:00,2020-02-15T14:07:49+08:00,True,6.0,1669.0,6455.0,116.356641,39.853713,116.357887,39.832226
highest_fee_baseline,highest_fee_baseline_w000641,6000000000000004725,13,Full-time Workhorse,2020-02-15T13:53:32+08:00,2020-02-15T14:43:32+08:00,2020-02-15T14:35:18+08:00,True,6.0,1518.0,5821.0,116.360752,39.845855,116.328687,39.847416
highest_fee_baseline,highest_fee_baseline_w000698,6000000000000005060,13,Full-time Workhorse,2020-02-15T14:39:18+08:00,2020-02-15T15:25:18+08:00,2020-02-15T15:03:19+08:00,True,6.0,1399.0,5330.0,116.349011,39.844929,116.366697,39.853226
highest_fee_baseline,highest_fee_baseline_w000732,6000000000000005670,13,Full-time Workhorse,2020-02-15T15:03:59+08:00,2020-02-15T15:43:10+08:00,2020-02-15T15:24:57+08:00,True,6.0,897.0,3236.0,116.377227,39.850586,116.377427,39.841106
highest_fee_baseline,highest_fee_baseline_w000773,6000000000000005462,13,Full-time Workhorse,2020-02-15T15:01:04+08:00,2020-02-15T15:54:04+08:00,2020-02-15T15:56:48+08:00,False,6.0,1608.0,6199.0,116.359472,39.833364,116.342647,39.843166
highest_fee_baseline,highest_fee_baseline_w000809,6000000000000006032,13,Full-time Workhorse,2020-02-15T15:55:50+08:00,2020-02-15T16:42:50+08:00,2020-02-15T16:15:33+08:00,True,6.0,933.0,3387.0,116.340793,39.845148,116.321047,39.855666
highest_fee_baseline,highest_fee_baseline_w000847,6000000000000005612,13,Full-time Workhorse,2020-02-15T15:56:45+08:00,2020-02-15T16:46:45+08:00,2020-02-15T16:40:32+08:00,True,6.0,1232.0,4634.0,116.310481,39.846895,116.327117,39.848996
highest_fee_baseline,highest_fee_baseline_w000901,6000000000000006022,13,Full-time Workhorse,2020-02-15T16:34:30+08:00,2020-02-15T17:24:31+08:00,2020-02-15T17:06:47+08:00,True,6.0,1007.0,3695.0,116.310481,39.846895,116.324387,39.844686
highest_fee_baseline,highest_fee_baseline_w000933,6000000000000006350,13,Full-time Workhorse,2020-02-15T16:53:59+08:00,2020-02-15T17:59:59+08:00,2020-02-15T17:41:21+08:00,True,10.0,1881.0,7338.0,116.311233,39.843761,116.288367,39.815316
highest_fee_baseline,highest_fee_baseline_w000063,6000000000000000308,14,Full-time Workhorse,2020-02-15T09:02:44+08:00,2020-02-15T09:32:45+08:00,2020-02-15T09:14:35+08:00,True,6.0,875.0,3148.0,116.480582,39.969483,116.470547,39.964276
highest_fee_baseline,highest_fee_baseline_w000098,6000000000000000626,14,Full-time Workhorse,2020-02-15T09:26:09+08:00,2020-02-15T10:48:09+08:00,2020-02-15T09:43:17+08:00,True,6.0,1397.0,5321.0,116.453947,39.961052,116.437837,39.962346
highest_fee_baseline,highest_fee_baseline_w000132,6000000000000000418,14,Full-time Workhorse,2020-02-15T09:21:31+08:00,2020-02-15T12:20:31+08:00,2020-02-15T10:13:50+08:00,True,6.0,1430.0,5462.0,116.435008,39.965337,116.417317,39.982376
highest_fee_baseline,highest_fee_baseline_w000189,6000000000000001188,14,Full-time Workhorse,2020-02-15T10:23:19+08:00,2020-02-15T12:53:19+08:00,2020-02-15T10:42:46+08:00,True,6.0,1366.0,5191.0,116.407064,39.980573,116.433327,39.981976
highest_fee_baseline,highest_fee_baseline_w000251,6000000000000001297,14,Full-time Workhorse,2020-02-15T10:55:26+08:00,2020-02-15T11:49:26+08:00,2020-02-15T11:14:39+08:00,True,6.0,1479.0,5663.0,116.438154,39.970538,116.419607,39.961706
highest_fee_baseline,highest_fee_baseline_w000313,6000000000000001075,14,Full-time Workhorse,2020-02-15T10:50:30+08:00,2020-02-15T11:38:30+08:00,2020-02-15T11:45:58+08:00,False,6.0,1558.0,5992.0,116.435851,39.955321,116.431947,39.972196
highest_fee_baseline,highest_fee_baseline_w000361,6000000000000002214,14,Full-time Workhorse,2020-02-15T11:34:14+08:00,2020-02-15T12:27:14+08:00,2020-02-15T12:08:36+08:00,True,6.0,1116.0,4148.0,116.437575,39.970377,116.423397,39.966306
highest_fee_baseline,highest_fee_baseline_w000414,6000000000000002712,14,Full-time Workhorse,2020-02-15T11:43:34+08:00,2020-02-15T12:37:34+08:00,2020-02-15T12:33:28+08:00,True,6.0,1408.0,5369.0,116.437575,39.970377,116.425137,39.955556
highest_fee_baseline,highest_fee_baseline_w000461,6000000000000003350,14,Full-time Workhorse,2020-02-15T12:18:12+08:00,2020-02-15T13:11:12+08:00,2020-02-15T12:57:32+08:00,True,6.0,1052.0,3883.0,116.422967,39.953209,116.434377,39.971866
highest_fee_baseline,highest_fee_baseline_w000500,6000000000000003855,14,Full-time Workhorse,2020-02-15T12:39:24+08:00,2020-02-15T13:21:24+08:00,2020-02-15T13:11:57+08:00,True,6.0,717.0,2485.0,116.438329,39.970052,116.430967,39.977476
highest_fee_baseline,highest_fee_baseline_w000552,6000000000000003719,14,Full-time Workhorse,2020-02-15T12:57:03+08:00,2020-02-15T13:51:03+08:00,2020-02-15T13:37:51+08:00,True,6.0,1071.0,3960.0,116.42561200000002,39.968176,116.432617,39.954776
highest_fee_baseline,highest_fee_baseline_w000578,6000000000000004016,14,Full-time Workhorse,2020-02-15T13:12:06+08:00,2020-02-15T14:05:06+08:00,2020-02-15T13:57:49+08:00,True,6.0,1069.0,3953.0,116.430185,39.960486,116.440077,39.972616
highest_fee_baseline,highest_fee_baseline_w000611,6000000000000004739,14,Full-time Workhorse,2020-02-15T14:05:45+08:00,2020-02-15T14:54:45+08:00,2020-02-15T14:18:39+08:00,True,6.0,1119.0,4165.0,116.438329,39.970052,116.410837,39.980416
highest_fee_baseline,highest_fee_baseline_w000645,6000000000000005026,14,Full-time Workhorse,2020-02-15T14:10:08+08:00,2020-02-15T16:30:00+08:00,2020-02-15T14:36:01+08:00,True,6.0,961.0,3503.0,116.407119,39.980298,116.413897,39.969156
highest_fee_baseline,highest_fee_baseline_w000692,6000000000000004890,14,Full-time Workhorse,2020-02-15T14:49:30+08:00,2020-02-15T15:51:30+08:00,2020-02-15T14:59:48+08:00,True,6.0,1188.0,4449.0,116.401137,39.965016,116.406057,39.974026
highest_fee_baseline,highest_fee_baseline_w000722,6000000000000005672,14,Full-time Workhorse,2020-02-15T15:05:20+08:00,2020-02-15T15:53:20+08:00,2020-02-15T15:17:28+08:00,True,6.0,1048.0,3867.0,116.400944,39.965562,116.418787,39.973156
highest_fee_baseline,highest_fee_baseline_w000771,6000000000000005474,14,Full-time Workhorse,2020-02-15T15:21:13+08:00,2020-02-15T16:10:13+08:00,2020-02-15T15:56:00+08:00,True,6.0,1560.0,5999.0,116.400957,39.965566,116.402067,39.978906
highest_fee_baseline,highest_fee_baseline_w000813,6000000000000005457,14,Full-time Workhorse,2020-02-15T15:49:46+08:00,2020-02-15T16:40:46+08:00,2020-02-15T16:15:35+08:00,True,6.0,935.0,3398.0,116.410635,39.976882,116.424947,39.965776
highest_fee_baseline,highest_fee_baseline_w000848,6000000000000005977,14,Full-time Workhorse,2020-02-15T15:53:28+08:00,2020-02-15T16:37:28+08:00,2020-02-15T16:36:58+08:00,True,6.0,1018.0,3742.0,116.435178,39.955209,116.450927,39.955516
highest_fee_baseline,highest_fee_baseline_w000874,6000000000000006061,14,Full-time Workhorse,2020-02-15T16:17:47+08:00,2020-02-15T17:01:47+08:00,2020-02-15T16:56:37+08:00,True,6.0,997.0,3652.0,116.445032,39.94999,116.444407,39.963076
highest_fee_baseline,highest_fee_baseline_w000916,6000000000000006312,14,Full-time Workhorse,2020-02-15T16:59:32+08:00,2020-02-15T17:42:32+08:00,2020-02-15T17:20:45+08:00,True,6.0,1245.0,4690.0,116.447595,39.954206,116.462387,39.942216
highest_fee_baseline,highest_fee_baseline_w000973,6000000000000006798,14,Full-time Workhorse,2020-02-15T17:17:59+08:00,2020-02-15T17:52:59+08:00,2020-02-15T17:48:10+08:00,True,6.0,1090.0,4040.0,116.445074,39.949573,116.433327,39.952476
highest_fee_baseline,highest_fee_baseline_w000995,6000000000000006537,14,Full-time Workhorse,2020-02-15T17:21:54+08:00,2020-02-15T18:12:54+08:00,2020-02-15T18:06:39+08:00,True,6.0,999.0,3661.0,116.429222,39.954006,116.441877,39.960026
highest_fee_baseline,highest_fee_baseline_w001038,6000000000000007356,14,Full-time Workhorse,2020-02-15T18:00:45+08:00,2020-02-15T18:33:45+08:00,2020-02-15T18:17:44+08:00,True,3.0,464.0,1435.0,116.437203,39.957749,116.439607,39.956606
highest_fee_baseline,highest_fee_baseline_w001051,6000000000000007042,14,Full-time Workhorse,2020-02-15T18:04:41+08:00,2020-02-15T18:43:41+08:00,2020-02-15T18:35:07+08:00,True,6.0,907.0,3280.0,116.44751,39.957154,116.430007,39.958466
highest_fee_baseline,highest_fee_baseline_w001083,6000000000000007703,14,Full-time Workhorse,2020-02-15T18:13:25+08:00,2020-02-15T18:47:25+08:00,2020-02-15T18:48:12+08:00,False,3.0,492.0,1551.0,116.435178,39.955209,116.434667,39.955716
highest_fee_baseline,highest_fee_baseline_w001113,6000000000000008004,14,Full-time Workhorse,2020-02-15T18:21:42+08:00,2020-02-15T19:23:42+08:00,2020-02-15T19:14:38+08:00,True,6.0,1478.0,5658.0,116.441683,39.967167,116.472257,39.969376
highest_fee_baseline,highest_fee_baseline_w001158,6000000000000008575,14,Full-time Workhorse,2020-02-15T19:25:29+08:00,2020-02-15T20:14:29+08:00,2020-02-15T19:45:32+08:00,True,6.0,1532.0,5882.0,116.468401,39.976312,116.478357,39.969436
highest_fee_baseline,highest_fee_baseline_w001198,6000000000000008650,14,Full-time Workhorse,2020-02-15T19:54:03+08:00,2020-02-15T20:32:03+08:00,2020-02-15T20:04:34+08:00,True,6.0,874.0,3140.0,116.481428,39.968821,116.476617,39.978216
highest_fee_baseline,highest_fee_baseline_w000085,6000000000000000666,15,Full-time Workhorse,2020-02-15T09:21:17+08:00,2020-02-15T11:30:00+08:00,2020-02-15T09:34:46+08:00,True,6.0,886.0,3190.0,116.630922,39.904028,116.657547,39.909476
highest_fee_baseline,highest_fee_baseline_w000148,6000000000000001353,15,Full-time Workhorse,2020-02-15T09:51:15+08:00,2020-02-15T12:50:15+08:00,2020-02-15T10:12:51+08:00,True,6.0,1371.0,5213.0,116.642803,39.920638,116.632457,39.927636
highest_fee_baseline,highest_fee_baseline_w000187,6000000000000000749,15,Full-time Workhorse,2020-02-15T10:07:42+08:00,2020-02-15T10:49:42+08:00,2020-02-15T10:34:05+08:00,True,3.0,845.0,3023.0,116.62917600000002,39.922566,116.634347,39.929076
highest_fee_baseline,highest_fee_baseline_w000221,6000000000000000983,15,Full-time Workhorse,2020-02-15T10:32:54+08:00,2020-02-15T11:54:54+08:00,2020-02-15T11:06:55+08:00,True,6.0,1615.0,6229.0,116.630037,39.924566,116.623747,39.942026
highest_fee_baseline,highest_fee_baseline_w000293,6000000000000001070,15,Full-time Workhorse,2020-02-15T10:49:05+08:00,2020-02-15T13:19:05+08:00,2020-02-15T11:28:53+08:00,True,3.0,1133.0,4220.0,116.625171,39.926247,116.628287,39.926266
highest_fee_baseline,highest_fee_baseline_w000318,6000000000000002032,15,Full-time Workhorse,2020-02-15T11:08:43+08:00,2020-02-15T12:11:43+08:00,2020-02-15T11:45:49+08:00,True,6.0,949.0,3457.0,116.630037,39.924566,116.627887,39.941836
highest_fee_baseline,highest_fee_baseline_w000887,6000000000000006160,15,Full-time Workhorse,2020-02-15T16:42:09+08:00,2020-02-15T17:24:09+08:00,2020-02-15T17:10:01+08:00,True,3.0,1801.0,7006.0,116.629789,39.925544,116.630747,39.921036
highest_fee_baseline,highest_fee_baseline_w000947,6000000000000006859,15,Full-time Workhorse,2020-02-15T17:12:32+08:00,2020-02-15T18:00:32+08:00,2020-02-15T17:40:17+08:00,True,6.0,1217.0,4569.0,116.637717,39.927835,116.647777,39.921156
highest_fee_baseline,highest_fee_baseline_w000996,6000000000000006877,15,Full-time Workhorse,2020-02-15T17:21:18+08:00,2020-02-15T18:17:18+08:00,2020-02-15T17:58:29+08:00,True,3.0,509.0,1620.0,116.642763,39.920949,116.647427,39.917176
highest_fee_baseline,highest_fee_baseline_w001031,6000000000000007303,15,Full-time Workhorse,2020-02-15T17:30:28+08:00,2020-02-15T18:32:28+08:00,2020-02-15T18:41:01+08:00,False,6.0,2461.0,9753.0,116.632517,39.904219,116.626397,39.883526
highest_fee_baseline,highest_fee_baseline_w001103,6000000000000008161,15,Full-time Workhorse,2020-02-15T18:24:23+08:00,2020-02-15T19:17:23+08:00,2020-02-15T19:23:38+08:00,False,6.0,2018.0,7909.0,116.633912,39.886086,116.641247,39.875656
highest_fee_baseline,highest_fee_baseline_w001174,6000000000000008905,15,Full-time Workhorse,2020-02-15T19:20:37+08:00,2020-02-15T20:17:37+08:00,2020-02-15T20:00:30+08:00,True,6.0,1830.0,7125.0,116.655666,39.874983,116.631017,39.886246
highest_fee_baseline,highest_fee_baseline_w000050,6000000000000000185,16,Lunch-Peak Specialist,2020-02-15T08:52:51+08:00,2020-02-15T10:15:00+08:00,2020-02-15T09:02:04+08:00,True,3.0,724.0,2517.0,116.464308,39.996491,116.474497,39.997726
highest_fee_baseline,highest_fee_baseline_w000076,6000000000000000576,16,Lunch-Peak Specialist,2020-02-15T09:17:33+08:00,2020-02-15T11:30:00+08:00,2020-02-15T09:34:11+08:00,True,6.0,1451.0,5543.0,116.472431,39.989322,116.449137,40.006416
highest_fee_baseline,highest_fee_baseline_w000159,6000000000000000681,16,Lunch-Peak Specialist,2020-02-15T10:03:21+08:00,2020-02-15T10:42:21+08:00,2020-02-15T10:13:37+08:00,True,3.0,817.0,2902.0,116.456816,40.001275,116.460447,40.007766
highest_fee_baseline,highest_fee_baseline_w000192,6000000000000001346,16,Lunch-Peak Specialist,2020-02-15T10:18:49+08:00,2020-02-15T12:15:00+08:00,2020-02-15T10:40:38+08:00,True,6.0,1238.0,4656.0,116.464058,39.996812,116.460707,40.007596
highest_fee_baseline,highest_fee_baseline_w000250,6000000000000000834,16,Lunch-Peak Specialist,2020-02-15T10:20:59+08:00,2020-02-15T11:05:59+08:00,2020-02-15T11:07:27+08:00,False,6.0,1047.0,3862.0,116.464308,39.996491,116.477947,39.995796
highest_fee_baseline,highest_fee_baseline_w000284,6000000000000001302,16,Lunch-Peak Specialist,2020-02-15T11:00:44+08:00,2020-02-15T11:45:44+08:00,2020-02-15T11:24:04+08:00,True,6.0,844.0,3019.0,116.475471,39.989342,116.471607,40.000516
highest_fee_baseline,highest_fee_baseline_w000331,6000000000000001309,16,Lunch-Peak Specialist,2020-02-15T11:04:17+08:00,2020-02-15T12:04:17+08:00,2020-02-15T11:57:39+08:00,True,10.0,1659.0,6413.0,116.45569,39.995826,116.472237,39.970466
highest_fee_baseline,highest_fee_baseline_w000405,6000000000000002845,16,Lunch-Peak Specialist,2020-02-15T11:58:58+08:00,2020-02-15T12:28:58+08:00,2020-02-15T12:33:00+08:00,False,6.0,1380.0,5253.0,116.480582,39.969483,116.489787,39.958446
highest_fee_baseline,highest_fee_baseline_w000478,6000000000000003342,16,Lunch-Peak Specialist,2020-02-15T12:16:07+08:00,2020-02-15T12:57:07+08:00,2020-02-15T13:03:43+08:00,False,6.0,1423.0,5428.0,116.479595,39.973622,116.482317,39.987796
highest_fee_baseline,highest_fee_baseline_w000528,6000000000000003782,16,Lunch-Peak Specialist,2020-02-15T12:51:12+08:00,2020-02-15T13:25:12+08:00,2020-02-15T13:24:40+08:00,True,6.0,880.0,3165.0,116.4759,39.981088,116.471017,39.972376
highest_fee_baseline,highest_fee_baseline_w000572,6000000000000003817,16,Lunch-Peak Specialist,2020-02-15T13:13:44+08:00,2020-02-15T13:46:44+08:00,2020-02-15T13:53:28+08:00,False,6.0,1408.0,5369.0,116.490056,39.973879,116.494187,39.963566
highest_fee_baseline,highest_fee_baseline_w000622,6000000000000004839,16,Lunch-Peak Specialist,2020-02-15T13:54:01+08:00,2020-02-15T14:30:01+08:00,2020-02-15T14:23:07+08:00,True,6.0,1387.0,5278.0,116.480865,39.967986,116.475057,39.976566
highest_fee_baseline,highest_fee_baseline_w000672,6000000000000004934,16,Lunch-Peak Specialist,2020-02-15T14:31:31+08:00,2020-02-15T15:43:31+08:00,2020-02-15T14:52:44+08:00,True,6.0,1364.0,5182.0,116.470022,39.984316,116.455457,39.977056
highest_fee_baseline,highest_fee_baseline_w000724,6000000000000005343,16,Lunch-Peak Specialist,2020-02-15T14:57:51+08:00,2020-02-15T15:27:51+08:00,2020-02-15T15:35:48+08:00,False,6.0,2148.0,8449.0,116.473284,39.97545,116.477637,39.961596
highest_fee_baseline,highest_fee_baseline_w000841,6000000000000006085,16,Lunch-Peak Specialist,2020-02-15T16:29:14+08:00,2020-02-15T17:05:14+08:00,2020-02-15T16:42:23+08:00,True,6.0,1343.0,5096.0,116.481428,39.968821,116.493857,39.959986
highest_fee_baseline,highest_fee_baseline_w000895,6000000000000006293,16,Lunch-Peak Specialist,2020-02-15T16:47:16+08:00,2020-02-15T17:29:16+08:00,2020-02-15T17:08:39+08:00,True,6.0,1119.0,4161.0,116.492887,39.970276,116.496747,39.959556
highest_fee_baseline,highest_fee_baseline_w000937,6000000000000006404,16,Lunch-Peak Specialist,2020-02-15T16:42:30+08:00,2020-02-15T17:13:30+08:00,2020-02-15T17:33:21+08:00,False,6.0,1401.0,5337.0,116.479437,39.968717,116.477117,39.959706
highest_fee_baseline,highest_fee_baseline_w000988,6000000000000007191,16,Lunch-Peak Specialist,2020-02-15T17:34:57+08:00,2020-02-15T18:44:57+08:00,2020-02-15T17:58:48+08:00,True,6.0,1128.0,4197.0,116.480937,39.968706,116.494337,39.969746
highest_fee_baseline,highest_fee_baseline_w001022,6000000000000007320,16,Lunch-Peak Specialist,2020-02-15T17:42:13+08:00,2020-02-15T18:37:13+08:00,2020-02-15T18:16:33+08:00,True,6.0,993.0,3639.0,116.482322,39.968616,116.504237,39.974176
highest_fee_baseline,highest_fee_baseline_w001057,6000000000000007749,16,Lunch-Peak Specialist,2020-02-15T18:25:32+08:00,2020-02-15T19:10:32+08:00,2020-02-15T18:40:05+08:00,True,6.0,1205.0,4519.0,116.492887,39.970276,116.497707,39.954856
highest_fee_baseline,highest_fee_baseline_w001106,6000000000000008460,16,Lunch-Peak Specialist,2020-02-15T18:59:06+08:00,2020-02-15T19:56:06+08:00,2020-02-15T19:08:43+08:00,True,6.0,1123.0,4176.0,116.493055,39.962236,116.474587,39.969196
highest_fee_baseline,highest_fee_baseline_w001144,6000000000000008557,16,Lunch-Peak Specialist,2020-02-15T19:01:33+08:00,2020-02-15T19:54:33+08:00,2020-02-15T19:26:27+08:00,True,6.0,987.0,3613.0,116.486986,39.960914,116.471817,39.970596
highest_fee_baseline,highest_fee_baseline_w000025,6000000000000000209,17,Lunch-Peak Specialist,2020-02-15T08:29:23+08:00,2020-02-15T09:06:23+08:00,2020-02-15T08:36:19+08:00,True,3.0,979.0,3578.0,116.362749,39.937453,116.360367,39.932556
highest_fee_baseline,highest_fee_baseline_w000044,6000000000000000342,17,Lunch-Peak Specialist,2020-02-15T08:15:32+08:00,2020-02-15T08:59:32+08:00,2020-02-15T08:58:22+08:00,True,6.0,1102.0,4090.0,116.34864,39.922954,116.361367,39.921616
highest_fee_baseline,highest_fee_baseline_w000061,6000000000000000301,17,Lunch-Peak Specialist,2020-02-15T08:47:48+08:00,2020-02-15T09:36:48+08:00,2020-02-15T09:10:44+08:00,True,6.0,644.0,2183.0,116.363931,39.919349,116.345627,39.917836
highest_fee_baseline,highest_fee_baseline_w000087,6000000000000000567,17,Lunch-Peak Specialist,2020-02-15T09:07:13+08:00,2020-02-15T09:49:13+08:00,2020-02-15T09:34:33+08:00,True,6.0,873.0,3136.0,116.34864,39.922954,116.333797,39.930306
highest_fee_baseline,highest_fee_baseline_w000121,6000000000000000800,17,Lunch-Peak Specialist,2020-02-15T09:34:45+08:00,2020-02-15T10:28:45+08:00,2020-02-15T09:56:22+08:00,True,6.0,982.0,3592.0,116.331773,39.937912,116.348057,39.941176
highest_fee_baseline,highest_fee_baseline_w000151,6000000000000000658,17,Lunch-Peak Specialist,2020-02-15T10:09:49+08:00,2020-02-15T10:48:49+08:00,2020-02-15T10:20:07+08:00,True,6.0,1207.0,4528.0,116.34339500000002,39.940032,116.318647,39.930266
highest_fee_baseline,highest_fee_baseline_w000255,6000000000000001545,17,Lunch-Peak Specialist,2020-02-15T10:57:53+08:00,2020-02-15T11:27:53+08:00,2020-02-15T11:07:40+08:00,True,3.0,1060.0,3917.0,116.336132,39.936579,116.344547,39.941026
highest_fee_baseline,highest_fee_baseline_w000291,6000000000000001233,17,Lunch-Peak Specialist,2020-02-15T10:52:39+08:00,2020-02-15T11:28:39+08:00,2020-02-15T11:38:20+08:00,False,6.0,1700.0,6582.0,116.361527,39.946706,116.379187,39.941326
highest_fee_baseline,highest_fee_baseline_w000343,6000000000000001317,17,Lunch-Peak Specialist,2020-02-15T11:11:28+08:00,2020-02-15T11:46:28+08:00,2020-02-15T11:49:06+08:00,False,3.0,546.0,1775.0,116.383331,39.951345,116.386277,39.952406
highest_fee_baseline,highest_fee_baseline_w000373,6000000000000001334,17,Lunch-Peak Specialist,2020-02-15T11:26:46+08:00,2020-02-15T12:21:46+08:00,2020-02-15T12:08:09+08:00,True,6.0,1089.0,4039.0,116.378997,39.962288,116.382947,39.951486
highest_fee_baseline,highest_fee_baseline_w000415,6000000000000002906,17,Lunch-Peak Specialist,2020-02-15T11:43:25+08:00,2020-02-15T12:24:25+08:00,2020-02-15T12:42:44+08:00,False,6.0,1964.0,7683.0,116.385457,39.937566,116.386117,39.928536
highest_fee_baseline,highest_fee_baseline_w000485,6000000000000003852,17,Lunch-Peak Specialist,2020-02-15T12:33:01+08:00,2020-02-15T13:41:01+08:00,2020-02-15T13:21:22+08:00,True,10.0,1882.0,7342.0,116.380804,39.935166,116.340657,39.934246
highest_fee_baseline,highest_fee_baseline_w000558,6000000000000004172,17,Lunch-Peak Specialist,2020-02-15T13:02:53+08:00,2020-02-15T13:49:53+08:00,2020-02-15T13:50:58+08:00,False,6.0,1258.0,4742.0,116.34309,39.940142,116.362927,39.948926
highest_fee_baseline,highest_fee_baseline_w000613,6000000000000004305,17,Lunch-Peak Specialist,2020-02-15T13:40:20+08:00,2020-02-15T14:32:20+08:00,2020-02-15T14:21:06+08:00,True,6.0,1266.0,4775.0,116.362614,39.943477,116.371967,39.925096
highest_fee_baseline,highest_fee_baseline_w000666,6000000000000005156,17,Lunch-Peak Specialist,2020-02-15T14:37:10+08:00,2020-02-15T15:10:10+08:00,2020-02-15T14:40:15+08:00,True,6.0,615.0,2061.0,116.369461,39.924885,116.363427,39.933056
highest_fee_baseline,highest_fee_baseline_w000703,6000000000000005042,17,Lunch-Peak Specialist,2020-02-15T14:26:28+08:00,2020-02-15T15:06:28+08:00,2020-02-15T15:07:07+08:00,False,6.0,1027.0,3781.0,116.363386,39.923254,116.372447,39.931436
highest_fee_baseline,highest_fee_baseline_w000741,6000000000000005007,17,Lunch-Peak Specialist,2020-02-15T14:45:04+08:00,2020-02-15T15:43:04+08:00,2020-02-15T15:39:15+08:00,True,6.0,1755.0,6814.0,116.361367,39.945046,116.338767,39.935836
highest_fee_baseline,highest_fee_baseline_w000779,6000000000000005562,17,Lunch-Peak Specialist,2020-02-15T15:13:20+08:00,2020-02-15T15:53:20+08:00,2020-02-15T15:56:49+08:00,False,6.0,1009.0,3704.0,116.34287,39.940507,116.357367,39.950776
highest_fee_baseline,highest_fee_baseline_w000806,6000000000000005657,17,Lunch-Peak Specialist,2020-02-15T15:49:16+08:00,2020-02-15T16:31:16+08:00,2020-02-15T16:16:57+08:00,True,6.0,1017.0,3741.0,116.358135,39.95135,116.338197,39.951486
highest_fee_baseline,highest_fee_baseline_w000839,6000000000000005998,17,Lunch-Peak Specialist,2020-02-15T16:13:32+08:00,2020-02-15T17:03:32+08:00,2020-02-15T16:32:37+08:00,True,6.0,757.0,2654.0,116.346607,39.951596,116.330197,39.947476
highest_fee_baseline,highest_fee_baseline_w000882,6000000000000005936,17,Lunch-Peak Specialist,2020-02-15T16:23:39+08:00,2020-02-15T17:07:39+08:00,2020-02-15T17:02:33+08:00,True,6.0,1353.0,5137.0,116.345842,39.951344,116.368287,39.952656
highest_fee_baseline,highest_fee_baseline_w000930,6000000000000006399,17,Lunch-Peak Specialist,2020-02-15T16:40:03+08:00,2020-02-15T17:40:04+08:00,2020-02-15T17:26:49+08:00,True,6.0,1009.0,3703.0,116.361151,39.946538,116.360907,39.932336
highest_fee_baseline,highest_fee_baseline_w000965,6000000000000006912,17,Lunch-Peak Specialist,2020-02-15T17:13:19+08:00,2020-02-15T17:54:19+08:00,2020-02-15T17:48:23+08:00,True,6.0,1103.0,4099.0,116.362648,39.942124,116.361357,39.954706
highest_fee_baseline,highest_fee_baseline_w001003,6000000000000007005,17,Lunch-Peak Specialist,2020-02-15T17:30:22+08:00,2020-02-15T18:13:22+08:00,2020-02-15T18:05:11+08:00,True,6.0,911.0,3297.0,116.36162,39.946191,116.359157,39.956786
highest_fee_baseline,highest_fee_baseline_w001041,6000000000000006973,17,Lunch-Peak Specialist,2020-02-15T17:50:43+08:00,2020-02-15T18:42:43+08:00,2020-02-15T18:26:07+08:00,True,6.0,967.0,3532.0,116.351837,39.953925,116.357507,39.945186
highest_fee_baseline,highest_fee_baseline_w001070,6000000000000007983,17,Lunch-Peak Specialist,2020-02-15T18:09:34+08:00,2020-02-15T18:53:34+08:00,2020-02-15T18:45:39+08:00,True,6.0,939.0,3415.0,116.361882,39.944984,116.344207,39.935606
highest_fee_baseline,highest_fee_baseline_w001100,6000000000000008258,17,Lunch-Peak Specialist,2020-02-15T18:33:28+08:00,2020-02-15T19:08:28+08:00,2020-02-15T19:03:35+08:00,True,6.0,815.0,2894.0,116.342817,39.940455,116.325917,39.944166
highest_fee_baseline,highest_fee_baseline_w001137,6000000000000008555,17,Lunch-Peak Specialist,2020-02-15T19:00:11+08:00,2020-02-15T19:43:11+08:00,2020-02-15T19:33:21+08:00,True,6.0,1401.0,5338.0,116.320017,39.938226,116.324927,39.923586
highest_fee_baseline,highest_fee_baseline_w001193,6000000000000008475,17,Lunch-Peak Specialist,2020-02-15T19:13:01+08:00,2020-02-15T19:55:01+08:00,2020-02-15T19:58:14+08:00,False,6.0,1094.0,4056.0,116.314743,39.933295,116.328317,39.927896
highest_fee_baseline,highest_fee_baseline_w001218,6000000000000008733,17,Lunch-Peak Specialist,2020-02-15T19:36:54+08:00,2020-02-15T22:36:54+08:00,2020-02-15T20:18:37+08:00,True,6.0,1117.0,4154.0,116.319774,39.938411,116.324927,39.923586
highest_fee_baseline,highest_fee_baseline_w000048,6000000000000000260,18,Lunch-Peak Specialist,2020-02-15T08:48:25+08:00,2020-02-15T10:45:00+08:00,2020-02-15T08:58:04+08:00,True,3.0,1084.0,4017.0,116.316153,39.881403,116.318417,39.881506
highest_fee_baseline,highest_fee_baseline_w000167,6000000000000001139,18,Lunch-Peak Specialist,2020-02-15T10:17:45+08:00,2020-02-15T13:17:45+08:00,2020-02-15T10:34:13+08:00,True,6.0,1453.0,5553.0,116.316153,39.881403,116.300577,39.865236
highest_fee_baseline,highest_fee_baseline_w000234,6000000000000000847,18,Lunch-Peak Specialist,2020-02-15T10:33:04+08:00,2020-02-15T11:22:04+08:00,2020-02-15T11:13:30+08:00,True,6.0,2010.0,7878.0,116.306503,39.881175,116.312977,39.869876
highest_fee_baseline,highest_fee_baseline_w000300,6000000000000001304,18,Lunch-Peak Specialist,2020-02-15T11:01:40+08:00,2020-02-15T12:01:41+08:00,2020-02-15T11:50:56+08:00,True,6.0,1856.0,7233.0,116.315158,39.876054,116.308417,39.850256
highest_fee_baseline,highest_fee_baseline_w000382,6000000000000003082,18,Lunch-Peak Specialist,2020-02-15T11:49:21+08:00,2020-02-15T12:34:21+08:00,2020-02-15T12:10:00+08:00,True,6.0,600.0,2003.0,116.309405,39.847654,116.311577,39.837946
highest_fee_baseline,highest_fee_baseline_w000418,6000000000000002560,18,Lunch-Peak Specialist,2020-02-15T11:52:35+08:00,2020-02-15T12:50:35+08:00,2020-02-15T12:29:35+08:00,True,6.0,1175.0,4395.0,116.30087,39.850601,116.314977,39.844626
highest_fee_baseline,highest_fee_baseline_w000442,6000000000000002755,18,Lunch-Peak Specialist,2020-02-15T12:06:23+08:00,2020-02-15T12:48:23+08:00,2020-02-15T12:42:19+08:00,True,3.0,739.0,2579.0,116.310259,39.843509,116.300057,39.842106
highest_fee_baseline,highest_fee_baseline_w000497,6000000000000003380,18,Lunch-Peak Specialist,2020-02-15T12:36:38+08:00,2020-02-15T13:35:38+08:00,2020-02-15T13:14:32+08:00,True,6.0,1472.0,5636.0,116.279389,39.834948,116.296827,39.817476
highest_fee_baseline,highest_fee_baseline_w000600,6000000000000004895,18,Lunch-Peak Specialist,2020-02-15T13:55:25+08:00,2020-02-15T14:51:25+08:00,2020-02-15T14:05:12+08:00,True,6.0,912.0,3301.0,116.28971500000002,39.823257,116.294507,39.811886
highest_fee_baseline,highest_fee_baseline_w000639,6000000000000004687,18,Lunch-Peak Specialist,2020-02-15T14:06:51+08:00,2020-02-15T14:45:51+08:00,2020-02-15T14:25:57+08:00,True,6.0,957.0,3489.0,116.289007,39.823246,116.299777,39.817366
highest_fee_baseline,highest_fee_baseline_w000673,6000000000000005019,18,Lunch-Peak Specialist,2020-02-15T14:05:01+08:00,2020-02-15T14:45:01+08:00,2020-02-15T14:46:17+08:00,False,6.0,977.0,3572.0,116.288063,39.824691,116.296987,39.817286
highest_fee_baseline,highest_fee_baseline_w000894,6000000000000006497,18,Lunch-Peak Specialist,2020-02-15T16:51:04+08:00,2020-02-15T17:30:00+08:00,2020-02-15T17:29:51+08:00,True,6.0,2391.0,9462.0,116.28901,39.823246,116.273807,39.814936
highest_fee_baseline,highest_fee_baseline_w000112,6000000000000000460,19,Lunch-Peak Specialist,2020-02-15T09:36:26+08:00,2020-02-15T10:28:26+08:00,2020-02-15T09:46:29+08:00,True,3.0,989.0,3620.0,116.33506,39.731032,116.339277,39.726226
highest_fee_baseline,highest_fee_baseline_w000178,6000000000000000751,19,Lunch-Peak Specialist,2020-02-15T10:14:58+08:00,2020-02-15T11:30:00+08:00,2020-02-15T10:28:35+08:00,True,6.0,1115.0,4148.0,116.323246,39.722024,116.324387,39.735786
highest_fee_baseline,highest_fee_baseline_w000252,6000000000000000942,19,Lunch-Peak Specialist,2020-02-15T10:50:33+08:00,2020-02-15T11:46:33+08:00,2020-02-15T11:18:02+08:00,True,10.0,1682.0,6510.0,116.323246,39.722024,116.303027,39.744876
highest_fee_baseline,highest_fee_baseline_w000327,6000000000000001886,19,Lunch-Peak Specialist,2020-02-15T11:22:40+08:00,2020-02-15T12:15:40+08:00,2020-02-15T11:56:30+08:00,True,3.0,1590.0,6125.0,116.306793,39.756064,116.303067,39.753296
highest_fee_baseline,highest_fee_baseline_w000388,6000000000000002575,19,Lunch-Peak Specialist,2020-02-15T12:05:55+08:00,2020-02-15T12:37:55+08:00,2020-02-15T12:28:27+08:00,True,3.0,1707.0,6616.0,116.307587,39.758156,116.302347,39.762486
highest_fee_baseline,highest_fee_baseline_w000457,6000000000000003203,19,Lunch-Peak Specialist,2020-02-15T12:08:56+08:00,2020-02-15T12:38:56+08:00,2020-02-15T12:41:29+08:00,False,3.0,689.0,2371.0,116.323829,39.762961,116.327887,39.763796
highest_fee_baseline,highest_fee_baseline_w000520,6000000000000003930,19,Lunch-Peak Specialist,2020-02-15T13:11:45+08:00,2020-02-15T13:41:45+08:00,2020-02-15T13:23:54+08:00,True,6.0,834.0,2976.0,116.323829,39.762961,116.308777,39.760676
highest_fee_baseline,highest_fee_baseline_w000638,6000000000000004751,19,Lunch-Peak Specialist,2020-02-15T14:15:32+08:00,2020-02-15T15:11:32+08:00,2020-02-15T14:31:30+08:00,True,6.0,1290.0,4875.0,116.323813,39.762869,116.328227,39.783616
highest_fee_baseline,highest_fee_baseline_w000688,6000000000000005062,19,Lunch-Peak Specialist,2020-02-15T14:39:33+08:00,2020-02-15T15:28:33+08:00,2020-02-15T15:06:16+08:00,True,6.0,1576.0,6066.0,116.324937,39.774351,116.309237,39.774836
highest_fee_baseline,highest_fee_baseline_w000818,6000000000000005487,19,Lunch-Peak Specialist,2020-02-15T15:53:14+08:00,2020-02-15T16:51:14+08:00,2020-02-15T16:25:04+08:00,True,6.0,1504.0,5765.0,116.323591,39.762882,116.326197,39.774056
highest_fee_baseline,highest_fee_baseline_w000855,6000000000000006123,19,Lunch-Peak Specialist,2020-02-15T16:09:53+08:00,2020-02-15T16:43:53+08:00,2020-02-15T16:41:02+08:00,True,3.0,662.0,2257.0,116.320134,39.77414,116.313127,39.771186
highest_fee_baseline,highest_fee_baseline_w000890,6000000000000006108,19,Lunch-Peak Specialist,2020-02-15T16:40:31+08:00,2020-02-15T17:20:31+08:00,2020-02-15T17:07:55+08:00,True,6.0,1075.0,3977.0,116.317643,39.775667,116.333217,39.773596
highest_fee_baseline,highest_fee_baseline_w000935,6000000000000006165,19,Lunch-Peak Specialist,2020-02-15T16:46:13+08:00,2020-02-15T17:25:13+08:00,2020-02-15T17:25:13+08:00,True,6.0,913.0,3306.0,116.324877,39.763766,116.336507,39.760306
highest_fee_baseline,highest_fee_baseline_w000966,6000000000000007070,19,Lunch-Peak Specialist,2020-02-15T17:17:27+08:00,2020-02-15T18:27:27+08:00,2020-02-15T17:52:28+08:00,True,6.0,1348.0,5118.0,116.323591,39.762882,116.317837,39.736976
highest_fee_baseline,highest_fee_baseline_w001017,6000000000000007670,19,Lunch-Peak Specialist,2020-02-15T17:56:49+08:00,2020-02-15T18:44:49+08:00,2020-02-15T18:27:20+08:00,True,6.0,1640.0,6335.0,116.32111,39.730972,116.302487,39.709946
highest_fee_baseline,highest_fee_baseline_w000017,6000000000000000554,20,Lunch-Peak Specialist,2020-02-15T08:21:43+08:00,2020-02-15T09:11:43+08:00,2020-02-15T08:33:39+08:00,True,6.0,819.0,2912.0,116.286864,40.032712,116.283167,40.043256
highest_fee_baseline,highest_fee_baseline_w000235,6000000000000001754,20,Lunch-Peak Specialist,2020-02-15T10:43:30+08:00,2020-02-15T13:43:30+08:00,2020-02-15T11:06:16+08:00,True,6.0,1576.0,6066.0,116.303914,40.048656,116.287077,40.031486
highest_fee_baseline,highest_fee_baseline_w000287,6000000000000002054,20,Lunch-Peak Specialist,2020-02-15T11:14:04+08:00,2020-02-15T11:54:04+08:00,2020-02-15T11:24:29+08:00,True,6.0,869.0,3120.0,116.297423,40.035006,116.280757,40.032586
highest_fee_baseline,highest_fee_baseline_w000328,6000000000000001699,20,Lunch-Peak Specialist,2020-02-15T11:29:07+08:00,2020-02-15T12:04:07+08:00,2020-02-15T11:52:20+08:00,True,6.0,1340.0,5087.0,116.290526,40.0233,116.281497,40.031066
highest_fee_baseline,highest_fee_baseline_w000387,6000000000000002204,20,Lunch-Peak Specialist,2020-02-15T11:32:05+08:00,2020-02-15T12:12:05+08:00,2020-02-15T12:17:59+08:00,False,6.0,1079.0,3996.0,116.286864,40.032712,116.271707,40.042946
highest_fee_baseline,highest_fee_baseline_w000434,6000000000000003023,20,Lunch-Peak Specialist,2020-02-15T12:00:14+08:00,2020-02-15T12:44:14+08:00,2020-02-15T12:43:02+08:00,True,6.0,1382.0,5260.0,116.287514,40.032674,116.266327,40.026706
highest_fee_baseline,highest_fee_baseline_w000493,6000000000000003593,20,Lunch-Peak Specialist,2020-02-15T12:21:54+08:00,2020-02-15T13:06:54+08:00,2020-02-15T13:14:15+08:00,False,6.0,1455.0,5560.0,116.261127,40.015436,116.241007,40.008176
highest_fee_baseline,highest_fee_baseline_w000556,6000000000000004645,20,Lunch-Peak Specialist,2020-02-15T13:24:00+08:00,2020-02-15T14:06:00+08:00,2020-02-15T14:10:28+08:00,False,6.0,3028.0,12116.0,116.260887,40.013524,116.255487,40.024556
highest_fee_baseline,highest_fee_baseline_w000651,6000000000000004808,20,Lunch-Peak Specialist,2020-02-15T14:22:17+08:00,2020-02-15T15:10:17+08:00,2020-02-15T15:04:47+08:00,True,10.0,2687.0,10692.0,116.261576,40.019582,116.241237,40.042766
highest_fee_baseline,highest_fee_baseline_w000729,6000000000000005305,20,Lunch-Peak Specialist,2020-02-15T15:05:32+08:00,2020-02-15T15:45:32+08:00,2020-02-15T15:26:44+08:00,True,6.0,1004.0,3681.0,116.242236,40.048368,116.230357,40.053156
highest_fee_baseline,highest_fee_baseline_w000767,6000000000000005800,20,Lunch-Peak Specialist,2020-02-15T15:31:12+08:00,2020-02-15T16:20:12+08:00,2020-02-15T15:54:46+08:00,True,6.0,1486.0,5692.0,116.242236,40.048368,116.261367,40.064126
highest_fee_baseline,highest_fee_baseline_w000817,6000000000000005863,20,Lunch-Peak Specialist,2020-02-15T15:30:30+08:00,2020-02-15T16:15:30+08:00,2020-02-15T16:25:03+08:00,False,6.0,1503.0,5760.0,116.254561,40.049781,116.248247,40.041046
highest_fee_baseline,highest_fee_baseline_w000862,6000000000000005918,20,Lunch-Peak Specialist,2020-02-15T16:08:35+08:00,2020-02-15T16:45:35+08:00,2020-02-15T16:48:19+08:00,False,3.0,1099.0,4079.0,116.242236,40.048368,116.240027,40.043396
highest_fee_baseline,highest_fee_baseline_w000891,6000000000000006700,20,Lunch-Peak Specialist,2020-02-15T16:56:22+08:00,2020-02-15T18:40:00+08:00,2020-02-15T17:23:36+08:00,True,10.0,2016.0,7899.0,116.247357,40.047446,116.283537,40.027256
highest_fee_baseline,highest_fee_baseline_w000962,6000000000000006902,20,Lunch-Peak Specialist,2020-02-15T17:08:57+08:00,2020-02-15T17:50:57+08:00,2020-02-15T17:48:24+08:00,True,6.0,1104.0,4101.0,116.287514,40.032674,116.266297,40.040476
highest_fee_baseline,highest_fee_baseline_w000999,6000000000000006742,20,Lunch-Peak Specialist,2020-02-15T17:24:22+08:00,2020-02-15T18:10:22+08:00,2020-02-15T18:04:43+08:00,True,6.0,883.0,3182.0,116.270456,40.046009,116.251017,40.050666
highest_fee_baseline,highest_fee_baseline_w001037,6000000000000007727,20,Lunch-Peak Specialist,2020-02-15T17:53:15+08:00,2020-02-15T18:38:15+08:00,2020-02-15T18:18:02+08:00,True,3.0,482.0,1510.0,116.254561,40.049781,116.259737,40.053806
highest_fee_baseline,highest_fee_baseline_w001050,6000000000000007987,20,Lunch-Peak Specialist,2020-02-15T18:02:00+08:00,2020-02-15T18:41:00+08:00,2020-02-15T18:27:51+08:00,True,3.0,471.0,1461.0,116.254561,40.049781,116.257547,40.048876
highest_fee_baseline,highest_fee_baseline_w001166,6000000000000007978,20,Lunch-Peak Specialist,2020-02-15T19:27:47+08:00,2020-02-15T20:05:47+08:00,2020-02-15T19:49:31+08:00,True,6.0,1771.0,6880.0,116.278312,40.04548,116.304437,40.051666
highest_fee_baseline,highest_fee_baseline_w001207,6000000000000009039,20,Lunch-Peak Specialist,2020-02-15T19:31:23+08:00,2020-02-15T20:26:23+08:00,2020-02-15T20:09:18+08:00,True,6.0,1158.0,4323.0,116.291958,40.042893,116.306167,40.040786
highest_fee_baseline,highest_fee_baseline_w000045,6000000000000000559,21,Lunch-Peak Specialist,2020-02-15T08:49:21+08:00,2020-02-15T10:15:00+08:00,2020-02-15T08:56:46+08:00,True,3.0,1006.0,3692.0,116.345988,40.08017,116.351167,40.077466
highest_fee_baseline,highest_fee_baseline_w000117,6000000000000000371,21,Lunch-Peak Specialist,2020-02-15T09:49:22+08:00,2020-02-15T10:33:22+08:00,2020-02-15T09:53:22+08:00,True,6.0,802.0,2842.0,116.348128,40.081539,116.361127,40.078376
highest_fee_baseline,highest_fee_baseline_w000155,6000000000000000603,21,Lunch-Peak Specialist,2020-02-15T09:48:29+08:00,2020-02-15T10:27:29+08:00,2020-02-15T10:15:38+08:00,True,6.0,938.0,3410.0,116.357252,40.073895,116.364297,40.085386
highest_fee_baseline,highest_fee_baseline_w000195,6000000000000000478,21,Lunch-Peak Specialist,2020-02-15T09:57:45+08:00,2020-02-15T10:40:45+08:00,2020-02-15T10:40:27+08:00,True,6.0,1227.0,4611.0,116.357252,40.073895,116.337817,40.063306
highest_fee_baseline,highest_fee_baseline_w000271,6000000000000001375,21,Lunch-Peak Specialist,2020-02-15T10:33:25+08:00,2020-02-15T11:27:25+08:00,2020-02-15T11:26:06+08:00,True,6.0,1566.0,6026.0,116.348261,40.071948,116.33763700000002,40.089886
highest_fee_baseline,highest_fee_baseline_w000326,6000000000000001487,21,Lunch-Peak Specialist,2020-02-15T11:21:42+08:00,2020-02-15T12:12:42+08:00,2020-02-15T11:48:40+08:00,True,6.0,1120.0,4165.0,116.336583,40.07912,116.357977,40.081606
highest_fee_baseline,highest_fee_baseline_w000364,6000000000000003163,21,Lunch-Peak Specialist,2020-02-15T11:54:23+08:00,2020-02-15T12:48:23+08:00,2020-02-15T12:12:55+08:00,True,6.0,1375.0,5232.0,116.348128,40.081539,116.323707,40.066256
highest_fee_baseline,highest_fee_baseline_w000433,6000000000000003242,21,Lunch-Peak Specialist,2020-02-15T12:04:19+08:00,2020-02-15T12:52:19+08:00,2020-02-15T12:47:38+08:00,True,6.0,1658.0,6409.0,116.316977,40.080877,116.311507,40.094456
highest_fee_baseline,highest_fee_baseline_w000538,6000000000000004033,21,Lunch-Peak Specialist,2020-02-15T13:17:05+08:00,2020-02-15T14:02:05+08:00,2020-02-15T13:38:28+08:00,True,6.0,1708.0,6618.0,116.319367,40.077666,116.335677,40.090886
highest_fee_baseline,highest_fee_baseline_w000591,6000000000000004520,21,Lunch-Peak Specialist,2020-02-15T13:38:49+08:00,2020-02-15T14:09:49+08:00,2020-02-15T13:53:35+08:00,True,3.0,815.0,2893.0,116.32247,40.078633,116.319907,40.080036
highest_fee_baseline,highest_fee_baseline_w000623,6000000000000004685,21,Lunch-Peak Specialist,2020-02-15T14:04:59+08:00,2020-02-15T14:41:59+08:00,2020-02-15T14:21:00+08:00,True,6.0,1260.0,4751.0,116.336357,40.078986,116.357957,40.073796
highest_fee_baseline,highest_fee_baseline_w000670,6000000000000004683,21,Lunch-Peak Specialist,2020-02-15T14:04:02+08:00,2020-02-15T14:44:02+08:00,2020-02-15T14:51:14+08:00,False,6.0,1274.0,4808.0,116.348789,40.073257,116.327007,40.067526
highest_fee_baseline,highest_fee_baseline_w000716,6000000000000005235,21,Lunch-Peak Specialist,2020-02-15T14:45:37+08:00,2020-02-15T15:23:37+08:00,2020-02-15T15:19:54+08:00,True,6.0,1194.0,4474.0,116.324909,40.073075,116.326347,40.086636
highest_fee_baseline,highest_fee_baseline_w000749,6000000000000005669,21,Lunch-Peak Specialist,2020-02-15T15:03:41+08:00,2020-02-15T15:46:41+08:00,2020-02-15T15:40:21+08:00,True,6.0,1221.0,4588.0,116.336357,40.078986,116.360267,40.082756
highest_fee_baseline,highest_fee_baseline_w000794,6000000000000005368,21,Lunch-Peak Specialist,2020-02-15T15:26:32+08:00,2020-02-15T16:27:32+08:00,2020-02-15T16:03:21+08:00,True,6.0,801.0,2839.0,116.348395,40.080585,116.340727,40.089826
highest_fee_baseline,highest_fee_baseline_w000833,6000000000000005614,21,Lunch-Peak Specialist,2020-02-15T16:00:08+08:00,2020-02-15T18:30:08+08:00,2020-02-15T16:38:43+08:00,True,6.0,1723.0,6678.0,116.354233,40.102595,116.364877,40.095216
highest_fee_baseline,highest_fee_baseline_w000878,6000000000000006069,21,Lunch-Peak Specialist,2020-02-15T16:20:14+08:00,2020-02-15T17:01:14+08:00,2020-02-15T16:56:31+08:00,True,6.0,991.0,3627.0,116.36391,40.083601,116.346297,40.082656
highest_fee_baseline,highest_fee_baseline_w000909,6000000000000006167,21,Lunch-Peak Specialist,2020-02-15T16:48:33+08:00,2020-02-15T17:22:33+08:00,2020-02-15T17:08:22+08:00,True,6.0,502.0,1591.0,116.344569,40.082519,116.356807,40.082656
highest_fee_baseline,highest_fee_baseline_w000931,6000000000000006227,21,Lunch-Peak Specialist,2020-02-15T16:55:17+08:00,2020-02-15T17:31:17+08:00,2020-02-15T17:23:42+08:00,True,6.0,822.0,2924.0,116.344569,40.082519,116.357017,40.082426
highest_fee_baseline,highest_fee_baseline_w000969,6000000000000006598,21,Lunch-Peak Specialist,2020-02-15T17:06:22+08:00,2020-02-15T18:01:22+08:00,2020-02-15T17:56:49+08:00,True,6.0,1609.0,6206.0,116.348469,40.072231,116.363397,40.094526
highest_fee_baseline,highest_fee_baseline_w001024,6000000000000007348,21,Lunch-Peak Specialist,2020-02-15T17:58:14+08:00,2020-02-15T18:46:14+08:00,2020-02-15T18:19:19+08:00,True,6.0,1159.0,4327.0,116.354163,40.10123,116.344417,40.089356
highest_fee_baseline,highest_fee_baseline_w001053,6000000000000007459,21,Lunch-Peak Specialist,2020-02-15T18:02:32+08:00,2020-02-15T18:49:32+08:00,2020-02-15T18:42:16+08:00,True,6.0,1336.0,5068.0,116.348128,40.081539,116.342427,40.065796
highest_fee_baseline,highest_fee_baseline_w001117,6000000000000008005,21,Lunch-Peak Specialist,2020-02-15T18:21:48+08:00,2020-02-15T19:07:48+08:00,2020-02-15T19:12:08+08:00,False,6.0,1328.0,5034.0,116.336347,40.078986,116.357957,40.073796
highest_fee_baseline,highest_fee_baseline_w001157,6000000000000008453,21,Lunch-Peak Specialist,2020-02-15T18:54:56+08:00,2020-02-15T19:44:56+08:00,2020-02-15T19:37:18+08:00,True,6.0,1038.0,3824.0,116.348747,40.074475,116.370877,40.076876
highest_fee_baseline,highest_fee_baseline_w001197,6000000000000008859,21,Lunch-Peak Specialist,2020-02-15T19:45:07+08:00,2020-02-15T20:27:07+08:00,2020-02-15T20:03:55+08:00,True,6.0,1435.0,5477.0,116.348568,40.072136,116.357147,40.085476
highest_fee_baseline,highest_fee_baseline_w000020,6000000000000000377,22,Lunch-Peak Specialist,2020-02-15T08:25:33+08:00,2020-02-15T09:12:33+08:00,2020-02-15T08:47:15+08:00,True,3.0,1635.0,6312.0,116.332098,40.006788,116.339267,40.012586
highest_fee_baseline,highest_fee_baseline_w000156,6000000000000000690,22,Lunch-Peak Specialist,2020-02-15T10:08:18+08:00,2020-02-15T10:45:00+08:00,2020-02-15T10:12:51+08:00,True,3.0,771.0,2713.0,116.343574,40.008209,116.344417,40.005586
highest_fee_baseline,highest_fee_baseline_w000203,6000000000000001208,22,Lunch-Peak Specialist,2020-02-15T10:38:55+08:00,2020-02-15T11:23:55+08:00,2020-02-15T10:39:19+08:00,True,3.0,559.0,1832.0,116.34405,40.008794,116.340197,40.000746
highest_fee_baseline,highest_fee_baseline_w000244,6000000000000001406,22,Lunch-Peak Specialist,2020-02-15T10:50:42+08:00,2020-02-15T11:48:42+08:00,2020-02-15T11:12:37+08:00,True,6.0,1357.0,5157.0,116.332098,40.006788,116.357167,39.997596
highest_fee_baseline,highest_fee_baseline_w000314,6000000000000001594,22,Lunch-Peak Specialist,2020-02-15T11:14:27+08:00,2020-02-15T12:02:27+08:00,2020-02-15T11:49:28+08:00,True,10.0,1768.0,6869.0,116.344025,40.007897,116.309457,39.990216
highest_fee_baseline,highest_fee_baseline_w000375,6000000000000002347,22,Lunch-Peak Specialist,2020-02-15T11:26:19+08:00,2020-02-15T11:56:19+08:00,2020-02-15T12:00:40+08:00,False,3.0,640.0,2166.0,116.324293,39.992498,116.321277,39.992416
highest_fee_baseline,highest_fee_baseline_w000401,6000000000000002641,22,Lunch-Peak Specialist,2020-02-15T11:52:44+08:00,2020-02-15T12:41:44+08:00,2020-02-15T12:33:16+08:00,True,6.0,1396.0,5316.0,116.32582,39.995618,116.349047,39.983346
highest_fee_baseline,highest_fee_baseline_w000462,6000000000000003864,22,Lunch-Peak Specialist,2020-02-15T12:31:35+08:00,2020-02-15T13:26:35+08:00,2020-02-15T12:56:06+08:00,True,6.0,966.0,3523.0,116.34955,39.980442,116.371047,39.984036
highest_fee_baseline,highest_fee_baseline_w000517,6000000000000004073,22,Lunch-Peak Specialist,2020-02-15T12:56:39+08:00,2020-02-15T13:42:39+08:00,2020-02-15T13:25:36+08:00,True,6.0,1536.0,5901.0,116.368931,39.968556,116.343247,39.976376
highest_fee_baseline,highest_fee_baseline_w000563,6000000000000004490,22,Lunch-Peak Specialist,2020-02-15T13:15:35+08:00,2020-02-15T13:51:35+08:00,2020-02-15T13:46:39+08:00,True,6.0,999.0,3663.0,116.35596,39.97676,116.348567,39.984636
highest_fee_baseline,highest_fee_baseline_w000598,6000000000000004636,22,Lunch-Peak Specialist,2020-02-15T13:21:56+08:00,2020-02-15T14:01:56+08:00,2020-02-15T14:09:18+08:00,False,6.0,1158.0,4327.0,116.355541,39.9812,116.371527,39.991666
highest_fee_baseline,highest_fee_baseline_w000660,6000000000000005344,22,Lunch-Peak Specialist,2020-02-15T14:29:32+08:00,2020-02-15T16:15:00+08:00,2020-02-15T14:38:22+08:00,True,6.0,1102.0,4092.0,116.3717,39.979481,116.358687,39.974026
highest_fee_baseline,highest_fee_baseline_w000686,6000000000000005056,22,Lunch-Peak Specialist,2020-02-15T14:35:28+08:00,2020-02-15T17:15:00+08:00,2020-02-15T15:01:08+08:00,True,6.0,1268.0,4786.0,116.356383,39.966448,116.339897,39.964446
highest_fee_baseline,highest_fee_baseline_w000738,6000000000000004826,22,Lunch-Peak Specialist,2020-02-15T14:40:51+08:00,2020-02-15T15:29:51+08:00,2020-02-15T15:33:27+08:00,False,6.0,1407.0,5363.0,116.353724,39.956879,116.345397,39.972906
highest_fee_baseline,highest_fee_baseline_w000780,6000000000000005690,22,Lunch-Peak Specialist,2020-02-15T15:22:25+08:00,2020-02-15T16:08:25+08:00,2020-02-15T16:01:12+08:00,True,6.0,1272.0,4799.0,116.345236,39.98082,116.364817,39.997866
highest_fee_baseline,highest_fee_baseline_w000853,6000000000000005991,22,Lunch-Peak Specialist,2020-02-15T16:08:51+08:00,2020-02-15T16:38:51+08:00,2020-02-15T16:36:46+08:00,True,3.0,406.0,1191.0,116.364137,40.001036,116.367297,40.000416
highest_fee_baseline,highest_fee_baseline_w000883,6000000000000006771,22,Lunch-Peak Specialist,2020-02-15T16:47:41+08:00,2020-02-15T17:28:41+08:00,2020-02-15T16:59:48+08:00,True,6.0,1188.0,4448.0,116.383701,39.999083,116.402437,39.995696
highest_fee_baseline,highest_fee_baseline_w000963,6000000000000006527,22,Lunch-Peak Specialist,2020-02-15T17:18:43+08:00,2020-02-15T17:53:43+08:00,2020-02-15T17:45:43+08:00,True,6.0,943.0,3430.0,116.406234,40.003959,116.406827,39.992686
highest_fee_baseline,highest_fee_baseline_w001005,6000000000000007081,22,Lunch-Peak Specialist,2020-02-15T17:22:20+08:00,2020-02-15T18:06:20+08:00,2020-02-15T18:04:59+08:00,True,6.0,899.0,3247.0,116.401002,39.982468,116.413847,39.981716
highest_fee_baseline,highest_fee_baseline_w001034,6000000000000007339,22,Lunch-Peak Specialist,2020-02-15T17:54:31+08:00,2020-02-15T18:35:31+08:00,2020-02-15T18:25:05+08:00,True,6.0,905.0,3271.0,116.414419,39.984327,116.403467,39.994506
highest_fee_baseline,highest_fee_baseline_w001075,6000000000000007693,22,Lunch-Peak Specialist,2020-02-15T18:06:42+08:00,2020-02-15T18:50:42+08:00,2020-02-15T18:46:17+08:00,True,6.0,977.0,3574.0,116.406793,39.985754,116.404017,39.995146
highest_fee_baseline,highest_fee_baseline_w001096,6000000000000008403,22,Lunch-Peak Specialist,2020-02-15T18:29:26+08:00,2020-02-15T19:08:26+08:00,2020-02-15T18:59:52+08:00,True,3.0,592.0,1966.0,116.406706,39.995221,116.401467,39.994476
highest_fee_baseline,highest_fee_baseline_w001127,6000000000000008093,22,Lunch-Peak Specialist,2020-02-15T18:30:20+08:00,2020-02-15T19:28:20+08:00,2020-02-15T19:19:00+08:00,True,6.0,1140.0,4248.0,116.39614,40.004597,116.405027,39.989436
highest_fee_baseline,highest_fee_baseline_w001152,6000000000000008454,22,Lunch-Peak Specialist,2020-02-15T18:55:11+08:00,2020-02-15T19:34:11+08:00,2020-02-15T19:35:33+08:00,False,6.0,933.0,3390.0,116.400042,39.991122,116.405467,40.007046
highest_fee_baseline,highest_fee_baseline_w001194,6000000000000008143,22,Lunch-Peak Specialist,2020-02-15T19:18:43+08:00,2020-02-15T20:10:43+08:00,2020-02-15T20:03:40+08:00,True,6.0,1420.0,5417.0,116.414293,39.992039,116.426037,39.979016
highest_fee_baseline,highest_fee_baseline_w000022,6000000000000000207,23,Lunch-Peak Specialist,2020-02-15T08:22:36+08:00,2020-02-15T09:15:00+08:00,2020-02-15T08:42:00+08:00,True,6.0,1320.0,5001.0,116.400042,39.991122,116.398627,40.006966
highest_fee_baseline,highest_fee_baseline_w000054,6000000000000000649,23,Lunch-Peak Specialist,2020-02-15T08:44:13+08:00,2020-02-15T11:45:00+08:00,2020-02-15T09:10:16+08:00,True,3.0,1216.0,4570.0,116.386252,39.99971,116.396037,39.998436
highest_fee_baseline,highest_fee_baseline_w000086,6000000000000000398,23,Lunch-Peak Specialist,2020-02-15T09:06:27+08:00,2020-02-15T10:28:27+08:00,2020-02-15T09:39:22+08:00,True,6.0,1162.0,4343.0,116.399862,39.997718,116.424887,40.014186
highest_fee_baseline,highest_fee_baseline_w000129,6000000000000000636,23,Lunch-Peak Specialist,2020-02-15T09:35:58+08:00,2020-02-15T10:34:58+08:00,2020-02-15T10:07:27+08:00,True,6.0,1647.0,6361.0,116.405292,40.005857,116.408967,39.979086
highest_fee_baseline,highest_fee_baseline_w000171,6000000000000000728,23,Lunch-Peak Specialist,2020-02-15T09:40:15+08:00,2020-02-15T11:00:00+08:00,2020-02-15T10:31:39+08:00,True,6.0,1299.0,4912.0,116.399187,39.982024,116.400347,39.966216
highest_fee_baseline,highest_fee_baseline_w000224,6000000000000000692,23,Lunch-Peak Specialist,2020-02-15T10:11:14+08:00,2020-02-15T11:16:14+08:00,2020-02-15T11:03:23+08:00,True,6.0,1403.0,5344.0,116.40796,39.964617,116.398507,39.947176
highest_fee_baseline,highest_fee_baseline_w000288,6000000000000001282,23,Lunch-Peak Specialist,2020-02-15T10:41:43+08:00,2020-02-15T11:24:43+08:00,2020-02-15T11:31:32+08:00,False,6.0,1292.0,4883.0,116.41133,39.947487,116.422797,39.963726
highest_fee_baseline,highest_fee_baseline_w000345,6000000000000001977,23,Lunch-Peak Specialist,2020-02-15T11:27:38+08:00,2020-02-15T12:17:38+08:00,2020-02-15T11:56:54+08:00,True,6.0,1014.0,3728.0,116.408074,39.961742,116.405237,39.980706
highest_fee_baseline,highest_fee_baseline_w000397,6000000000000002611,23,Lunch-Peak Specialist,2020-02-15T11:35:52+08:00,2020-02-15T12:10:52+08:00,2020-02-15T12:24:38+08:00,False,6.0,1478.0,5658.0,116.408717,39.995436,116.421507,39.985616
highest_fee_baseline,highest_fee_baseline_w000446,6000000000000002854,23,Lunch-Peak Specialist,2020-02-15T12:01:33+08:00,2020-02-15T12:54:33+08:00,2020-02-15T12:55:51+08:00,False,10.0,1551.0,5962.0,116.418206,39.993062,116.373237,39.999256
highest_fee_baseline,highest_fee_baseline_w000508,6000000000000003899,23,Lunch-Peak Specialist,2020-02-15T13:08:52+08:00,2020-02-15T14:01:52+08:00,2020-02-15T13:30:31+08:00,True,10.0,1831.0,7129.0,116.386098,39.999121,116.351787,40.014926
highest_fee_baseline,highest_fee_baseline_w000582,6000000000000004460,23,Lunch-Peak Specialist,2020-02-15T13:49:32+08:00,2020-02-15T14:38:32+08:00,2020-02-15T14:08:13+08:00,True,6.0,1693.0,6554.0,116.361954,40.012778,116.358287,39.995936
highest_fee_baseline,highest_fee_baseline_w000644,6000000000000004528,23,Lunch-Peak Specialist,2020-02-15T13:46:36+08:00,2020-02-15T14:29:36+08:00,2020-02-15T14:32:37+08:00,False,6.0,1357.0,5155.0,116.355541,39.9812,116.354507,39.996486
highest_fee_baseline,highest_fee_baseline_w000685,6000000000000005072,23,Lunch-Peak Specialist,2020-02-15T14:46:25+08:00,2020-02-15T15:25:25+08:00,2020-02-15T15:06:15+08:00,True,6.0,1575.0,6065.0,116.359147,40.002863,116.371947,39.999216
highest_fee_baseline,highest_fee_baseline_w000733,6000000000000005679,23,Lunch-Peak Specialist,2020-02-15T15:08:29+08:00,2020-02-15T15:49:29+08:00,2020-02-15T15:29:43+08:00,True,6.0,1183.0,4431.0,116.383701,39.999083,116.404007,39.999336
highest_fee_baseline,highest_fee_baseline_w000769,6000000000000005506,23,Lunch-Peak Specialist,2020-02-15T15:04:38+08:00,2020-02-15T15:45:38+08:00,2020-02-15T15:49:37+08:00,False,6.0,1177.0,4403.0,116.386273,39.998317,116.405617,39.994496
highest_fee_baseline,highest_fee_baseline_w000798,6000000000000006031,23,Lunch-Peak Specialist,2020-02-15T15:26:03+08:00,2020-02-15T18:26:03+08:00,2020-02-15T16:03:39+08:00,True,3.0,819.0,2914.0,116.391109,39.996727,116.387237,39.998206
highest_fee_baseline,highest_fee_baseline_w000820,6000000000000006182,23,Lunch-Peak Specialist,2020-02-15T16:11:22+08:00,2020-02-15T16:50:22+08:00,2020-02-15T16:19:12+08:00,True,6.0,552.0,1798.0,116.386758,39.998025,116.401707,39.996406
highest_fee_baseline,highest_fee_baseline_w000846,6000000000000005786,23,Lunch-Peak Specialist,2020-02-15T16:28:56+08:00,2020-02-15T17:18:56+08:00,2020-02-15T16:39:31+08:00,True,6.0,1171.0,4379.0,116.406793,39.985754,116.401447,39.994416
highest_fee_baseline,highest_fee_baseline_w000888,6000000000000006068,23,Lunch-Peak Specialist,2020-02-15T16:20:13+08:00,2020-02-15T17:14:13+08:00,2020-02-15T16:59:20+08:00,True,6.0,1160.0,4333.0,116.423197,39.988806,116.421337,39.999286
highest_fee_baseline,highest_fee_baseline_w000913,6000000000000005975,23,Lunch-Peak Specialist,2020-02-15T16:45:44+08:00,2020-02-15T17:39:44+08:00,2020-02-15T17:21:44+08:00,True,10.0,1304.0,4934.0,116.418347,39.99297,116.410947,40.020396
highest_fee_baseline,highest_fee_baseline_w000971,6000000000000006903,23,Lunch-Peak Specialist,2020-02-15T17:09:39+08:00,2020-02-15T17:57:39+08:00,2020-02-15T17:58:05+08:00,False,6.0,1685.0,6521.0,116.419561,40.033408,116.439117,40.028316
highest_fee_baseline,highest_fee_baseline_w001047,6000000000000007149,23,Lunch-Peak Specialist,2020-02-15T18:16:23+08:00,2020-02-15T18:53:23+08:00,2020-02-15T18:25:53+08:00,True,6.0,953.0,3471.0,116.424395,40.037699,116.409877,40.036156
highest_fee_baseline,highest_fee_baseline_w001071,6000000000000007474,23,Lunch-Peak Specialist,2020-02-15T18:06:40+08:00,2020-02-15T18:52:40+08:00,2020-02-15T18:47:40+08:00,True,6.0,1060.0,3916.0,116.40909,40.032462,116.404807,40.042376
highest_fee_baseline,highest_fee_baseline_w001107,6000000000000007871,23,Lunch-Peak Specialist,2020-02-15T18:42:35+08:00,2020-02-15T19:34:35+08:00,2020-02-15T19:14:02+08:00,True,6.0,1442.0,5509.0,116.40909,40.032462,116.411157,40.046556
highest_fee_baseline,highest_fee_baseline_w001151,6000000000000008466,23,Lunch-Peak Specialist,2020-02-15T19:07:06+08:00,2020-02-15T19:56:06+08:00,2020-02-15T19:41:53+08:00,True,6.0,1313.0,4974.0,116.412196,40.042637,116.421427,40.052166
highest_fee_baseline,highest_fee_baseline_w001205,6000000000000008935,23,Lunch-Peak Specialist,2020-02-15T19:52:14+08:00,2020-02-15T20:30:14+08:00,2020-02-15T20:11:18+08:00,True,6.0,1278.0,4826.0,116.412402,40.043157,116.395527,40.045336
highest_fee_baseline,highest_fee_baseline_w000043,6000000000000000572,24,Lunch-Peak Specialist,2020-02-15T08:44:23+08:00,2020-02-15T13:45:00+08:00,2020-02-15T09:00:39+08:00,True,6.0,1239.0,4661.0,116.306018,39.97894,116.313437,39.967206
highest_fee_baseline,highest_fee_baseline_w000077,6000000000000000586,24,Lunch-Peak Specialist,2020-02-15T09:02:42+08:00,2020-02-15T12:02:42+08:00,2020-02-15T09:27:10+08:00,True,6.0,1030.0,3792.0,116.323448,39.971733,116.308777,39.980966
highest_fee_baseline,highest_fee_baseline_w000104,6000000000000000591,24,Lunch-Peak Specialist,2020-02-15T09:06:08+08:00,2020-02-15T12:06:08+08:00,2020-02-15T09:37:48+08:00,True,3.0,468.0,1447.0,116.306018,39.97894,116.307597,39.986296
highest_fee_baseline,highest_fee_baseline_w000120,6000000000000000420,24,Lunch-Peak Specialist,2020-02-15T09:22:05+08:00,2020-02-15T12:22:05+08:00,2020-02-15T09:57:36+08:00,True,6.0,1056.0,3901.0,116.306018,39.97894,116.326437,39.988706
highest_fee_baseline,highest_fee_baseline_w000150,6000000000000000541,24,Lunch-Peak Specialist,2020-02-15T09:55:40+08:00,2020-02-15T10:25:40+08:00,2020-02-15T10:11:16+08:00,True,3.0,676.0,2316.0,116.329423,39.991171,116.323707,39.987676
highest_fee_baseline,highest_fee_baseline_w000201,6000000000000000980,24,Lunch-Peak Specialist,2020-02-15T10:02:19+08:00,2020-02-15T13:02:19+08:00,2020-02-15T10:42:33+08:00,True,6.0,1353.0,5135.0,116.306018,39.97894,116.312337,39.998386
highest_fee_baseline,highest_fee_baseline_w000253,6000000000000001058,24,Lunch-Peak Specialist,2020-02-15T10:40:48+08:00,2020-02-15T11:19:48+08:00,2020-02-15T11:11:03+08:00,True,6.0,1263.0,4761.0,116.324115,39.987352,116.334317,39.999256
highest_fee_baseline,highest_fee_baseline_w000307,6000000000000001842,24,Lunch-Peak Specialist,2020-02-15T11:04:32+08:00,2020-02-15T11:47:32+08:00,2020-02-15T11:46:32+08:00,True,6.0,1592.0,6135.0,116.329423,39.991171,116.339397,40.012686
highest_fee_baseline,highest_fee_baseline_w000369,6000000000000002805,24,Lunch-Peak Specialist,2020-02-15T11:44:05+08:00,2020-02-15T12:14:05+08:00,2020-02-15T12:12:48+08:00,True,6.0,1368.0,5198.0,116.343057,40.003686,116.337777,40.012756
highest_fee_baseline,highest_fee_baseline_w000437,6000000000000003455,24,Lunch-Peak Specialist,2020-02-15T12:26:15+08:00,2020-02-15T13:10:15+08:00,2020-02-15T12:44:57+08:00,True,6.0,1497.0,5740.0,116.336124,40.02959,116.346967,40.015356
highest_fee_baseline,highest_fee_baseline_w000495,6000000000000003404,24,Lunch-Peak Specialist,2020-02-15T12:49:14+08:00,2020-02-15T13:38:14+08:00,2020-02-15T13:19:39+08:00,True,6.0,1779.0,6915.0,116.332098,40.006788,116.362837,40.000156
highest_fee_baseline,highest_fee_baseline_w000555,6000000000000004566,24,Lunch-Peak Specialist,2020-02-15T13:17:49+08:00,2020-02-15T14:00:49+08:00,2020-02-15T13:41:29+08:00,True,6.0,1289.0,4870.0,116.342057,40.000316,116.364487,39.998126
highest_fee_baseline,highest_fee_baseline_w000607,6000000000000004422,24,Lunch-Peak Specialist,2020-02-15T13:25:00+08:00,2020-02-15T14:20:00+08:00,2020-02-15T14:24:30+08:00,False,10.0,2070.0,8122.0,116.383987,39.998556,116.344607,40.013586
highest_fee_baseline,highest_fee_baseline_w000669,6000000000000005039,24,Lunch-Peak Specialist,2020-02-15T14:25:44+08:00,2020-02-15T15:06:44+08:00,2020-02-15T14:43:37+08:00,True,6.0,817.0,2905.0,116.343574,40.008209,116.344057,39.998816
highest_fee_baseline,highest_fee_baseline_w000706,6000000000000005118,24,Lunch-Peak Specialist,2020-02-15T14:41:51+08:00,2020-02-15T15:18:51+08:00,2020-02-15T15:18:31+08:00,True,6.0,1711.0,6626.0,116.329287,39.991726,116.321727,40.011086
highest_fee_baseline,highest_fee_baseline_w000753,6000000000000005559,24,Lunch-Peak Specialist,2020-02-15T15:03:38+08:00,2020-02-15T15:45:38+08:00,2020-02-15T15:37:31+08:00,True,3.0,1051.0,3879.0,116.338389,40.006062,116.339687,40.000116
highest_fee_baseline,highest_fee_baseline_w000804,6000000000000005600,24,Lunch-Peak Specialist,2020-02-15T15:50:01+08:00,2020-02-15T16:45:00+08:00,2020-02-15T16:15:22+08:00,True,6.0,1522.0,5842.0,116.359147,40.002863,116.369777,39.992756
highest_fee_baseline,highest_fee_baseline_w000849,6000000000000006089,24,Lunch-Peak Specialist,2020-02-15T16:29:42+08:00,2020-02-15T17:30:00+08:00,2020-02-15T16:40:51+08:00,True,6.0,1251.0,4715.0,116.386252,39.99971,116.382897,40.009316
highest_fee_baseline,highest_fee_baseline_w000908,6000000000000006767,24,Lunch-Peak Specialist,2020-02-15T16:46:15+08:00,2020-02-15T17:58:15+08:00,2020-02-15T17:06:42+08:00,True,6.0,1002.0,3674.0,116.399862,39.997718,116.411587,39.998466
highest_fee_baseline,highest_fee_baseline_w000928,6000000000000006440,24,Lunch-Peak Specialist,2020-02-15T17:04:39+08:00,2020-02-15T17:43:39+08:00,2020-02-15T17:24:56+08:00,True,6.0,896.0,3235.0,116.412054,39.992106,116.400457,39.993516
highest_fee_baseline,highest_fee_baseline_w000987,6000000000000006879,24,Lunch-Peak Specialist,2020-02-15T17:23:24+08:00,2020-02-15T18:11:24+08:00,2020-02-15T18:02:44+08:00,True,6.0,1364.0,5185.0,116.406793,39.985754,116.402397,40.002716
highest_fee_baseline,highest_fee_baseline_w001064,6000000000000007037,24,Lunch-Peak Specialist,2020-02-15T17:58:56+08:00,2020-02-15T18:40:56+08:00,2020-02-15T18:41:56+08:00,False,6.0,1316.0,4983.0,116.383701,39.999083,116.364877,39.996726
highest_fee_baseline,highest_fee_baseline_w000082,6000000000000000465,25,Lunch-Peak Specialist,2020-02-15T09:10:47+08:00,2020-02-15T12:09:47+08:00,2020-02-15T09:36:21+08:00,True,6.0,1581.0,6088.0,116.452478,39.884308,116.478217,39.898046
highest_fee_baseline,highest_fee_baseline_w000127,6000000000000000590,25,Lunch-Peak Specialist,2020-02-15T09:35:38+08:00,2020-02-15T10:05:39+08:00,2020-02-15T09:59:10+08:00,True,3.0,1150.0,4292.0,116.491245,39.891022,116.49200700000002,39.898536
highest_fee_baseline,highest_fee_baseline_w000202,6000000000000001266,25,Lunch-Peak Specialist,2020-02-15T10:24:50+08:00,2020-02-15T11:28:50+08:00,2020-02-15T10:40:59+08:00,True,6.0,1259.0,4745.0,116.491703,39.915501,116.509577,39.914526
highest_fee_baseline,highest_fee_baseline_w000238,6000000000000001380,25,Lunch-Peak Specialist,2020-02-15T10:35:13+08:00,2020-02-15T11:20:13+08:00,2020-02-15T11:13:21+08:00,True,6.0,1401.0,5337.0,116.50435,39.91497,116.538847,39.914446
highest_fee_baseline,highest_fee_baseline_w000297,6000000000000001480,25,Lunch-Peak Specialist,2020-02-15T11:17:37+08:00,2020-02-15T12:09:37+08:00,2020-02-15T11:40:00+08:00,True,6.0,1200.0,4498.0,116.541672,39.915172,116.538857,39.897686
highest_fee_baseline,highest_fee_baseline_w000352,6000000000000001876,25,Lunch-Peak Specialist,2020-02-15T11:14:03+08:00,2020-02-15T12:08:03+08:00,2020-02-15T12:14:33+08:00,False,6.0,2073.0,8136.0,116.541147,39.910632,116.538787,39.898086
highest_fee_baseline,highest_fee_baseline_w000438,6000000000000003054,25,Lunch-Peak Specialist,2020-02-15T12:25:36+08:00,2020-02-15T13:15:36+08:00,2020-02-15T12:45:58+08:00,True,6.0,1558.0,5993.0,116.541672,39.915172,116.554607,39.918286
highest_fee_baseline,highest_fee_baseline_w000498,6000000000000003653,25,Lunch-Peak Specialist,2020-02-15T13:01:05+08:00,2020-02-15T13:48:05+08:00,2020-02-15T13:13:25+08:00,True,6.0,805.0,2853.0,116.553977,39.918782,116.537167,39.915846
highest_fee_baseline,highest_fee_baseline_w000551,6000000000000004026,25,Lunch-Peak Specialist,2020-02-15T13:14:20+08:00,2020-02-15T13:56:20+08:00,2020-02-15T13:43:58+08:00,True,6.0,1438.0,5492.0,116.524147,39.916774,116.548227,39.922596
highest_fee_baseline,highest_fee_baseline_w000606,6000000000000004283,25,Lunch-Peak Specialist,2020-02-15T13:20:09+08:00,2020-02-15T14:01:09+08:00,2020-02-15T14:06:49+08:00,False,3.0,1009.0,3706.0,116.541147,39.910632,116.542917,39.912486
highest_fee_baseline,highest_fee_baseline_w000642,6000000000000005087,25,Lunch-Peak Specialist,2020-02-15T14:10:32+08:00,2020-02-15T14:54:32+08:00,2020-02-15T14:29:54+08:00,True,6.0,1194.0,4475.0,116.524561,39.916204,116.545907,39.915656
highest_fee_baseline,highest_fee_baseline_w000743,6000000000000005352,25,Lunch-Peak Specialist,2020-02-15T15:10:11+08:00,2020-02-15T15:55:11+08:00,2020-02-15T15:32:24+08:00,True,6.0,1344.0,5098.0,116.524561,39.916204,116.544697,39.922536
highest_fee_baseline,highest_fee_baseline_w000784,6000000000000005715,25,Lunch-Peak Specialist,2020-02-15T15:48:01+08:00,2020-02-15T16:42:01+08:00,2020-02-15T16:01:22+08:00,True,6.0,1282.0,4843.0,116.5584,39.915093,116.540967,39.904756
highest_fee_baseline,highest_fee_baseline_w000822,6000000000000005893,25,Lunch-Peak Specialist,2020-02-15T16:18:45+08:00,2020-02-15T16:48:45+08:00,2020-02-15T16:27:22+08:00,True,3.0,1042.0,3838.0,116.541297,39.908466,116.538467,39.904376
highest_fee_baseline,highest_fee_baseline_w000886,6000000000000006337,25,Lunch-Peak Specialist,2020-02-15T16:40:40+08:00,2020-02-15T17:27:40+08:00,2020-02-15T17:04:45+08:00,True,6.0,1485.0,5691.0,116.543591,39.91971,116.529497,39.916376
highest_fee_baseline,highest_fee_baseline_w000939,6000000000000006316,25,Lunch-Peak Specialist,2020-02-15T17:03:39+08:00,2020-02-15T18:07:39+08:00,2020-02-15T17:34:52+08:00,True,6.0,1492.0,5715.0,116.50852700000002,39.923456,116.490867,39.909506
highest_fee_baseline,highest_fee_baseline_w001029,6000000000000006819,25,Lunch-Peak Specialist,2020-02-15T17:32:37+08:00,2020-02-15T18:34:37+08:00,2020-02-15T18:28:32+08:00,True,6.0,1712.0,6632.0,116.471286,39.914835,116.491337,39.926946
highest_fee_baseline,highest_fee_baseline_w001069,6000000000000007132,25,Lunch-Peak Specialist,2020-02-15T18:04:40+08:00,2020-02-15T18:54:40+08:00,2020-02-15T18:56:04+08:00,False,6.0,1564.0,6017.0,116.491645,39.924321,116.511697,39.922246
highest_fee_baseline,highest_fee_baseline_w001125,6000000000000007769,25,Lunch-Peak Specialist,2020-02-15T18:38:19+08:00,2020-02-15T19:27:19+08:00,2020-02-15T19:26:21+08:00,True,6.0,1581.0,6086.0,116.506938,39.927883,116.526607,39.920296
highest_fee_baseline,highest_fee_baseline_w001180,6000000000000008713,25,Lunch-Peak Specialist,2020-02-15T19:31:47+08:00,2020-02-15T20:20:47+08:00,2020-02-15T19:54:58+08:00,True,6.0,1498.0,5744.0,116.507557,39.915986,116.526307,39.919206
highest_fee_baseline,highest_fee_baseline_w001217,6000000000000008541,25,Lunch-Peak Specialist,2020-02-15T19:40:28+08:00,2020-02-15T20:30:28+08:00,2020-02-15T20:26:19+08:00,True,6.0,1579.0,6079.0,116.514056,39.911761,116.504947,39.919096
highest_fee_baseline,highest_fee_baseline_w000026,6000000000000000558,26,Lunch-Peak Specialist,2020-02-15T08:35:45+08:00,2020-02-15T09:08:46+08:00,2020-02-15T08:45:26+08:00,True,6.0,926.0,3358.0,116.493135,39.914461,116.496707,39.923686
highest_fee_baseline,highest_fee_baseline_w000052,6000000000000000290,26,Lunch-Peak Specialist,2020-02-15T08:34:29+08:00,2020-02-15T09:04:30+08:00,2020-02-15T09:07:16+08:00,False,3.0,1036.0,3817.0,116.493135,39.914461,116.492017,39.909496
highest_fee_baseline,highest_fee_baseline_w000080,6000000000000000453,26,Lunch-Peak Specialist,2020-02-15T09:17:21+08:00,2020-02-15T10:22:21+08:00,2020-02-15T09:43:37+08:00,True,6.0,2017.0,7906.0,116.491742,39.924739,116.464527,39.909736
highest_fee_baseline,highest_fee_baseline_w000131,6000000000000000743,26,Lunch-Peak Specialist,2020-02-15T09:55:56+08:00,2020-02-15T10:25:56+08:00,2020-02-15T10:02:40+08:00,True,3.0,760.0,2667.0,116.46676,39.911872,116.468607,39.905586
highest_fee_baseline,highest_fee_baseline_w000198,6000000000000000762,26,Lunch-Peak Specialist,2020-02-15T10:21:00+08:00,2020-02-15T10:51:01+08:00,2020-02-15T10:46:32+08:00,True,6.0,1592.0,6131.0,116.472207,39.919326,116.469347,39.928336
highest_fee_baseline,highest_fee_baseline_w000241,6000000000000001366,26,Lunch-Peak Specialist,2020-02-15T10:31:09+08:00,2020-02-15T11:15:09+08:00,2020-02-15T11:05:36+08:00,True,6.0,936.0,3401.0,116.472437,39.922206,116.464877,39.930696
highest_fee_baseline,highest_fee_baseline_w000295,6000000000000001144,26,Lunch-Peak Specialist,2020-02-15T10:53:58+08:00,2020-02-15T11:41:58+08:00,2020-02-15T11:29:58+08:00,True,6.0,1198.0,4490.0,116.443289,39.93116,116.428317,39.931266
highest_fee_baseline,highest_fee_baseline_w000317,6000000000000001462,26,Lunch-Peak Specialist,2020-02-15T11:05:58+08:00,2020-02-15T11:38:58+08:00,2020-02-15T11:38:15+08:00,True,6.0,495.0,1563.0,116.426847,39.931434,116.425937,39.920656
highest_fee_baseline,highest_fee_baseline_w000342,6000000000000001666,26,Lunch-Peak Specialist,2020-02-15T11:16:14+08:00,2020-02-15T11:57:14+08:00,2020-02-15T11:57:02+08:00,True,6.0,1022.0,3760.0,116.419637,39.911836,116.417477,39.923876
highest_fee_baseline,highest_fee_baseline_w000408,6000000000000002911,26,Lunch-Peak Specialist,2020-02-15T11:45:10+08:00,2020-02-15T12:27:10+08:00,2020-02-15T12:28:00+08:00,False,6.0,1080.0,4000.0,116.407277,39.924764,116.419527,39.939656
highest_fee_baseline,highest_fee_baseline_w000448,6000000000000003196,26,Lunch-Peak Specialist,2020-02-15T12:03:30+08:00,2020-02-15T12:41:30+08:00,2020-02-15T12:46:27+08:00,False,6.0,987.0,3611.0,116.407631,39.939413,116.411347,39.949236
highest_fee_baseline,highest_fee_baseline_w000481,6000000000000003833,26,Lunch-Peak Specialist,2020-02-15T12:26:33+08:00,2020-02-15T13:16:33+08:00,2020-02-15T13:08:39+08:00,True,6.0,1119.0,4159.0,116.406187,39.950046,116.397627,39.961416
highest_fee_baseline,highest_fee_baseline_w000523,6000000000000004428,26,Lunch-Peak Specialist,2020-02-15T13:00:42+08:00,2020-02-15T16:00:42+08:00,2020-02-15T13:29:15+08:00,True,6.0,1155.0,4316.0,116.391958,39.966242,116.371897,39.958596
highest_fee_baseline,highest_fee_baseline_w000559,6000000000000003947,26,Lunch-Peak Specialist,2020-02-15T13:28:43+08:00,2020-02-15T14:05:43+08:00,2020-02-15T13:45:53+08:00,True,6.0,953.0,3470.0,116.378425,39.962322,116.369957,39.953266
highest_fee_baseline,highest_fee_baseline_w000604,6000000000000004662,26,Lunch-Peak Specialist,2020-02-15T13:38:33+08:00,2020-02-15T14:29:33+08:00,2020-02-15T14:13:44+08:00,True,6.0,1424.0,5431.0,116.361742,39.945116,116.353377,39.927816
highest_fee_baseline,highest_fee_baseline_w000649,6000000000000004848,26,Lunch-Peak Specialist,2020-02-15T14:19:51+08:00,2020-02-15T14:59:51+08:00,2020-02-15T14:33:50+08:00,True,6.0,830.0,2960.0,116.358212,39.930374,116.372447,39.931436
highest_fee_baseline,highest_fee_baseline_w000689,6000000000000004815,26,Lunch-Peak Specialist,2020-02-15T14:28:23+08:00,2020-02-15T15:15:00+08:00,2020-02-15T14:56:21+08:00,True,6.0,981.0,3590.0,116.36377,39.9238,116.370457,39.937346
highest_fee_baseline,highest_fee_baseline_w000717,6000000000000005259,26,Lunch-Peak Specialist,2020-02-15T15:03:36+08:00,2020-02-15T15:58:36+08:00,2020-02-15T15:13:37+08:00,True,6.0,817.0,2904.0,116.362749,39.937453,116.377637,39.945936
highest_fee_baseline,highest_fee_baseline_w000751,6000000000000005328,26,Lunch-Peak Specialist,2020-02-15T15:29:06+08:00,2020-02-15T16:18:06+08:00,2020-02-15T15:38:21+08:00,True,6.0,1101.0,4086.0,116.362614,39.943477,116.352207,39.953716
highest_fee_baseline,highest_fee_baseline_w000777,6000000000000005633,26,Lunch-Peak Specialist,2020-02-15T15:21:41+08:00,2020-02-15T15:57:41+08:00,2020-02-15T15:57:51+08:00,False,6.0,1071.0,3963.0,116.346824,39.952122,116.342627,39.961006
highest_fee_baseline,highest_fee_baseline_w000816,6000000000000005395,26,Lunch-Peak Specialist,2020-02-15T15:50:42+08:00,2020-02-15T16:44:42+08:00,2020-02-15T16:18:08+08:00,True,6.0,1088.0,4033.0,116.346237,39.952276,116.366547,39.957336
highest_fee_baseline,highest_fee_baseline_w000838,6000000000000005775,26,Lunch-Peak Specialist,2020-02-15T16:22:32+08:00,2020-02-15T16:58:32+08:00,2020-02-15T16:39:49+08:00,True,6.0,1189.0,4455.0,116.360949,39.962035,116.349807,39.973836
highest_fee_baseline,highest_fee_baseline_w000873,6000000000000005940,26,Lunch-Peak Specialist,2020-02-15T16:26:59+08:00,2020-02-15T17:07:59+08:00,2020-02-15T17:00:00+08:00,True,6.0,1200.0,4501.0,116.351115,39.980531,116.341497,39.999446
highest_fee_baseline,highest_fee_baseline_w000917,6000000000000006158,26,Lunch-Peak Specialist,2020-02-15T16:41:30+08:00,2020-02-15T17:41:31+08:00,2020-02-15T17:22:02+08:00,True,6.0,1322.0,5010.0,116.329356,39.991454,116.332367,40.005986
highest_fee_baseline,highest_fee_baseline_w000964,6000000000000006606,26,Lunch-Peak Specialist,2020-02-15T17:09:43+08:00,2020-02-15T17:57:43+08:00,2020-02-15T17:51:47+08:00,True,6.0,1307.0,4947.0,116.34191,40.00041,116.359757,40.013066
highest_fee_baseline,highest_fee_baseline_w001026,6000000000000007652,26,Lunch-Peak Specialist,2020-02-15T17:50:11+08:00,2020-02-15T18:33:11+08:00,2020-02-15T18:16:52+08:00,True,3.0,1012.0,3719.0,116.34405,40.008794,116.338427,40.007056
highest_fee_baseline,highest_fee_baseline_w001067,6000000000000007134,26,Lunch-Peak Specialist,2020-02-15T18:09:45+08:00,2020-02-15T19:09:46+08:00,2020-02-15T18:43:05+08:00,True,6.0,1385.0,5270.0,116.329356,39.991454,116.357397,39.992636
highest_fee_baseline,highest_fee_baseline_w001112,6000000000000008170,26,Lunch-Peak Specialist,2020-02-15T18:26:55+08:00,2020-02-15T19:12:55+08:00,2020-02-15T19:20:10+08:00,False,6.0,1810.0,7043.0,116.354236,39.980466,116.368337,39.961996
highest_fee_baseline,highest_fee_baseline_w001192,6000000000000009090,26,Lunch-Peak Specialist,2020-02-15T19:44:44+08:00,2020-02-15T20:38:44+08:00,2020-02-15T20:03:01+08:00,True,6.0,1381.0,5252.0,116.353724,39.956879,116.335627,39.973046
highest_fee_baseline,highest_fee_baseline_w000018,6000000000000000242,27,Lunch-Peak Specialist,2020-02-15T08:29:20+08:00,2020-02-15T10:15:00+08:00,2020-02-15T08:46:15+08:00,True,6.0,1575.0,6060.0,116.408074,39.961742,116.432497,39.968486
highest_fee_baseline,highest_fee_baseline_w000058,6000000000000000563,27,Lunch-Peak Specialist,2020-02-15T08:30:01+08:00,2020-02-15T10:45:00+08:00,2020-02-15T09:14:54+08:00,True,6.0,1494.0,5726.0,116.450694,39.9779,116.454227,39.988116
highest_fee_baseline,highest_fee_baseline_w000092,6000000000000000411,27,Lunch-Peak Specialist,2020-02-15T09:14:31+08:00,2020-02-15T12:14:31+08:00,2020-02-15T09:44:59+08:00,True,6.0,1499.0,5746.0,116.450694,39.9779,116.449667,40.001166
highest_fee_baseline,highest_fee_baseline_w000137,6000000000000000651,27,Lunch-Peak Specialist,2020-02-15T09:59:44+08:00,2020-02-15T10:56:44+08:00,2020-02-15T10:20:48+08:00,True,6.0,1848.0,7199.0,116.455367,39.998946,116.450567,40.019286
highest_fee_baseline,highest_fee_baseline_w000289,6000000000000002022,27,Lunch-Peak Specialist,2020-02-15T11:14:39+08:00,2020-02-15T14:14:39+08:00,2020-02-15T11:38:25+08:00,True,6.0,1705.0,6604.0,116.459667,40.010011,116.477177,39.996136
highest_fee_baseline,highest_fee_baseline_w000338,6000000000000001659,27,Lunch-Peak Specialist,2020-02-15T11:14:47+08:00,2020-02-15T12:11:47+08:00,2020-02-15T11:59:20+08:00,True,6.0,1160.0,4333.0,116.470225,39.99603,116.486897,39.990546
highest_fee_baseline,highest_fee_baseline_w000394,6000000000000002299,27,Lunch-Peak Specialist,2020-02-15T11:39:12+08:00,2020-02-15T12:25:12+08:00,2020-02-15T12:20:13+08:00,True,6.0,1213.0,4554.0,116.47185100000002,39.985261,116.491037,39.990536
highest_fee_baseline,highest_fee_baseline_w000454,6000000000000002651,27,Lunch-Peak Specialist,2020-02-15T12:04:12+08:00,2020-02-15T12:46:12+08:00,2020-02-15T12:50:56+08:00,False,6.0,1256.0,4733.0,116.472585,39.989308,116.489757,39.992116
highest_fee_baseline,highest_fee_baseline_w000513,6000000000000003390,27,Lunch-Peak Specialist,2020-02-15T12:41:38+08:00,2020-02-15T13:27:38+08:00,2020-02-15T13:24:14+08:00,True,6.0,1454.0,5560.0,116.472585,39.989308,116.446467,39.989376
highest_fee_baseline,highest_fee_baseline_w000562,6000000000000004588,27,Lunch-Peak Specialist,2020-02-15T13:38:25+08:00,2020-02-15T14:08:25+08:00,2020-02-15T13:46:07+08:00,True,3.0,967.0,3529.0,116.458558,39.992094,116.463447,39.995166
highest_fee_baseline,highest_fee_baseline_w000597,6000000000000004129,27,Lunch-Peak Specialist,2020-02-15T13:28:54+08:00,2020-02-15T14:07:54+08:00,2020-02-15T14:10:55+08:00,False,6.0,1255.0,4727.0,116.470027,39.995996,116.447047,39.992026
highest_fee_baseline,highest_fee_baseline_w000648,6000000000000004682,27,Lunch-Peak Specialist,2020-02-15T14:00:47+08:00,2020-02-15T15:11:47+08:00,2020-02-15T14:43:19+08:00,True,10.0,1399.0,5329.0,116.451134,39.995166,116.489777,39.991636
highest_fee_baseline,highest_fee_baseline_w000711,6000000000000004856,27,Lunch-Peak Specialist,2020-02-15T14:25:10+08:00,2020-02-15T15:04:10+08:00,2020-02-15T15:11:57+08:00,False,6.0,1317.0,4989.0,116.468042,39.989419,116.458867,39.995586
highest_fee_baseline,highest_fee_baseline_w000748,6000000000000005180,27,Lunch-Peak Specialist,2020-02-15T15:01:20+08:00,2020-02-15T15:41:20+08:00,2020-02-15T15:31:25+08:00,True,3.0,685.0,2354.0,116.461613,39.991332,116.453457,39.990876
highest_fee_baseline,highest_fee_baseline_w000774,6000000000000005597,27,Lunch-Peak Specialist,2020-02-15T15:47:59+08:00,2020-02-15T16:28:00+08:00,2020-02-15T15:50:47+08:00,True,6.0,647.0,2195.0,116.452467,39.992068,116.452827,39.979756
highest_fee_baseline,highest_fee_baseline_w000810,6000000000000006116,27,Lunch-Peak Specialist,2020-02-15T15:33:14+08:00,2020-02-15T18:32:14+08:00,2020-02-15T16:14:18+08:00,True,6.0,858.0,3077.0,116.450694,39.9779,116.469707,39.984276
highest_fee_baseline,highest_fee_baseline_w000840,6000000000000006062,27,Lunch-Peak Specialist,2020-02-15T16:18:28+08:00,2020-02-15T16:59:28+08:00,2020-02-15T16:34:38+08:00,True,6.0,878.0,3158.0,116.473513,39.990056,116.466717,40.007476
highest_fee_baseline,highest_fee_baseline_w000880,6000000000000006088,27,Lunch-Peak Specialist,2020-02-15T16:29:45+08:00,2020-02-15T17:15:45+08:00,2020-02-15T17:02:39+08:00,True,6.0,1359.0,5159.0,116.471469,39.99554,116.474097,39.975346
highest_fee_baseline,highest_fee_baseline_w000944,6000000000000007222,27,Lunch-Peak Specialist,2020-02-15T17:28:00+08:00,2020-02-15T18:00:00+08:00,2020-02-15T17:34:46+08:00,True,6.0,886.0,3190.0,116.480647,39.970666,116.480387,39.983436
highest_fee_baseline,highest_fee_baseline_w000979,6000000000000006666,27,Lunch-Peak Specialist,2020-02-15T17:24:34+08:00,2020-02-15T17:59:34+08:00,2020-02-15T17:56:14+08:00,True,6.0,974.0,3558.0,116.476867,39.98392,116.470367,39.971146
highest_fee_baseline,highest_fee_baseline_w001020,6000000000000007011,27,Lunch-Peak Specialist,2020-02-15T17:32:15+08:00,2020-02-15T18:07:15+08:00,2020-02-15T18:21:06+08:00,False,6.0,1266.0,4775.0,116.480647,39.970666,116.479147,39.983976
highest_fee_baseline,highest_fee_baseline_w001076,6000000000000007814,27,Lunch-Peak Specialist,2020-02-15T18:02:13+08:00,2020-02-15T18:44:13+08:00,2020-02-15T18:49:03+08:00,False,6.0,1143.0,4262.0,116.468042,39.989419,116.461237,40.001226
highest_fee_baseline,highest_fee_baseline_w001126,6000000000000008425,27,Lunch-Peak Specialist,2020-02-15T18:37:16+08:00,2020-02-15T19:10:16+08:00,2020-02-15T19:20:04+08:00,False,6.0,1204.0,4518.0,116.468197,39.995916,116.468957,39.982956
highest_fee_baseline,highest_fee_baseline_w001171,6000000000000008144,27,Lunch-Peak Specialist,2020-02-15T19:19:35+08:00,2020-02-15T19:57:35+08:00,2020-02-15T19:45:01+08:00,True,3.0,901.0,3254.0,116.461311,39.990718,116.456697,39.995496
highest_fee_baseline,highest_fee_baseline_w001199,6000000000000008938,27,Lunch-Peak Specialist,2020-02-15T19:58:21+08:00,2020-02-15T20:38:21+08:00,2020-02-15T20:10:10+08:00,True,6.0,1210.0,4541.0,116.462413,39.990947,116.447747,39.981106
highest_fee_baseline,highest_fee_baseline_w000033,6000000000000000243,28,Lunch-Peak Specialist,2020-02-15T08:30:48+08:00,2020-02-15T09:29:48+08:00,2020-02-15T09:05:39+08:00,True,10.0,2139.0,8412.0,116.351115,39.980531,116.376337,39.999936
highest_fee_baseline,highest_fee_baseline_w000084,6000000000000000315,28,Lunch-Peak Specialist,2020-02-15T09:10:43+08:00,2020-02-15T10:19:43+08:00,2020-02-15T09:31:44+08:00,True,6.0,1304.0,4933.0,116.398901,39.996912,116.417307,40.000806
highest_fee_baseline,highest_fee_baseline_w000122,6000000000000000455,28,Lunch-Peak Specialist,2020-02-15T09:19:23+08:00,2020-02-15T09:58:23+08:00,2020-02-15T09:55:29+08:00,True,6.0,929.0,3371.0,116.418206,39.993062,116.406087,39.985446
highest_fee_baseline,highest_fee_baseline_w000149,6000000000000001094,28,Lunch-Peak Specialist,2020-02-15T10:05:40+08:00,2020-02-15T10:54:40+08:00,2020-02-15T10:13:16+08:00,True,6.0,796.0,2817.0,116.406793,39.985754,116.432007,39.980876
highest_fee_baseline,highest_fee_baseline_w000199,6000000000000001198,28,Lunch-Peak Specialist,2020-02-15T10:03:11+08:00,2020-02-15T13:02:11+08:00,2020-02-15T10:40:48+08:00,True,3.0,1248.0,4700.0,116.450694,39.9779,116.448007,39.980456
highest_fee_baseline,highest_fee_baseline_w000248,6000000000000000795,28,Lunch-Peak Specialist,2020-02-15T10:38:42+08:00,2020-02-15T11:25:42+08:00,2020-02-15T11:15:12+08:00,True,6.0,1512.0,5800.0,116.459541,39.984417,116.487357,39.990916
highest_fee_baseline,highest_fee_baseline_w000308,6000000000000001486,28,Lunch-Peak Specialist,2020-02-15T11:21:42+08:00,2020-02-15T11:57:42+08:00,2020-02-15T11:35:57+08:00,True,6.0,957.0,3488.0,116.478326,39.996603,116.488207,39.990356
highest_fee_baseline,highest_fee_baseline_w000349,6000000000000001688,28,Lunch-Peak Specialist,2020-02-15T11:25:38+08:00,2020-02-15T12:14:38+08:00,2020-02-15T11:56:11+08:00,True,6.0,971.0,3545.0,116.47156,39.989923,116.479297,39.998126
highest_fee_baseline,highest_fee_baseline_w000393,6000000000000002788,28,Lunch-Peak Specialist,2020-02-15T11:38:17+08:00,2020-02-15T12:21:17+08:00,2020-02-15T12:19:49+08:00,True,6.0,1189.0,4454.0,116.468042,39.989419,116.452247,39.994826
highest_fee_baseline,highest_fee_baseline_w000432,6000000000000002826,28,Lunch-Peak Specialist,2020-02-15T11:51:10+08:00,2020-02-15T12:38:10+08:00,2020-02-15T12:40:46+08:00,False,6.0,1246.0,4693.0,116.472134,39.995587,116.491597,39.992246
highest_fee_baseline,highest_fee_baseline_w000496,6000000000000003642,28,Lunch-Peak Specialist,2020-02-15T12:54:03+08:00,2020-02-15T13:36:03+08:00,2020-02-15T13:13:26+08:00,True,6.0,1406.0,5358.0,116.473362,39.988068,116.455497,39.995416
highest_fee_baseline,highest_fee_baseline_w000546,6000000000000003505,28,Lunch-Peak Specialist,2020-02-15T12:52:06+08:00,2020-02-15T13:36:06+08:00,2020-02-15T13:48:15+08:00,False,6.0,1695.0,6563.0,116.444004,39.99566,116.453327,40.021046
highest_fee_baseline,highest_fee_baseline_w000605,6000000000000004557,28,Lunch-Peak Specialist,2020-02-15T13:45:43+08:00,2020-02-15T16:45:43+08:00,2020-02-15T14:10:45+08:00,True,6.0,1245.0,4687.0,116.459667,40.010011,116.467837,40.001956
highest_fee_baseline,highest_fee_baseline_w000674,6000000000000005107,28,Lunch-Peak Specialist,2020-02-15T14:27:18+08:00,2020-02-15T15:10:18+08:00,2020-02-15T14:49:23+08:00,True,6.0,1163.0,4346.0,116.461613,39.991332,116.459107,39.978286
highest_fee_baseline,highest_fee_baseline_w000704,6000000000000005401,28,Lunch-Peak Specialist,2020-02-15T14:53:07+08:00,2020-02-15T15:23:07+08:00,2020-02-15T15:20:44+08:00,True,6.0,1844.0,7181.0,116.473284,39.97545,116.475827,39.961426
highest_fee_baseline,highest_fee_baseline_w000770,6000000000000005572,28,Lunch-Peak Specialist,2020-02-15T15:18:07+08:00,2020-02-15T15:48:07+08:00,2020-02-15T15:43:26+08:00,True,3.0,806.0,2858.0,116.469012,39.976123,116.468927,39.975616
highest_fee_baseline,highest_fee_baseline_w000796,6000000000000005332,28,Lunch-Peak Specialist,2020-02-15T15:30:36+08:00,2020-02-15T16:00:36+08:00,2020-02-15T16:08:25+08:00,False,6.0,1105.0,4103.0,116.480197,39.980318,116.495337,39.977996
highest_fee_baseline,highest_fee_baseline_w000825,6000000000000006213,28,Lunch-Peak Specialist,2020-02-15T16:11:36+08:00,2020-02-15T19:11:36+08:00,2020-02-15T16:28:12+08:00,True,6.0,1092.0,4051.0,116.493072,39.970867,116.493667,39.958326
highest_fee_baseline,highest_fee_baseline_w000860,6000000000000005951,28,Lunch-Peak Specialist,2020-02-15T16:32:23+08:00,2020-02-15T17:20:23+08:00,2020-02-15T16:48:24+08:00,True,6.0,1104.0,4099.0,116.485302,39.962237,116.461977,39.977796
highest_fee_baseline,highest_fee_baseline_w000902,6000000000000006287,28,Lunch-Peak Specialist,2020-02-15T16:42:28+08:00,2020-02-15T17:37:28+08:00,2020-02-15T17:06:20+08:00,True,6.0,980.0,3583.0,116.472074,39.98896,116.471207,39.978796
highest_fee_baseline,highest_fee_baseline_w000923,6000000000000006715,28,Lunch-Peak Specialist,2020-02-15T17:00:45+08:00,2020-02-15T17:41:45+08:00,2020-02-15T17:23:57+08:00,True,6.0,837.0,2990.0,116.470656,39.977783,116.459917,39.996746
highest_fee_baseline,highest_fee_baseline_w000960,6000000000000006734,28,Lunch-Peak Specialist,2020-02-15T17:20:09+08:00,2020-02-15T18:08:09+08:00,2020-02-15T17:52:12+08:00,True,6.0,1332.0,5050.0,116.458315,39.992534,116.441977,39.994136
highest_fee_baseline,highest_fee_baseline_w001014,6000000000000006971,28,Lunch-Peak Specialist,2020-02-15T17:49:11+08:00,2020-02-15T18:28:11+08:00,2020-02-15T18:21:33+08:00,True,6.0,1293.0,4889.0,116.445209,39.995614,116.463147,39.995366
highest_fee_baseline,highest_fee_baseline_w001073,6000000000000007824,28,Lunch-Peak Specialist,2020-02-15T18:09:29+08:00,2020-02-15T18:52:29+08:00,2020-02-15T18:47:41+08:00,True,6.0,1061.0,3922.0,116.467647,39.989676,116.465117,40.000496
highest_fee_baseline,highest_fee_baseline_w001101,6000000000000008014,28,Lunch-Peak Specialist,2020-02-15T18:29:17+08:00,2020-02-15T19:02:17+08:00,2020-02-15T19:06:51+08:00,False,6.0,1011.0,3714.0,116.468197,39.995916,116.479917,39.985216
highest_fee_baseline,highest_fee_baseline_w001147,6000000000000008309,28,Lunch-Peak Specialist,2020-02-15T19:15:05+08:00,2020-02-15T20:05:05+08:00,2020-02-15T19:37:47+08:00,True,6.0,1667.0,6446.0,116.460367,39.990946,116.445637,39.997466
highest_fee_baseline,highest_fee_baseline_w001185,6000000000000008855,28,Lunch-Peak Specialist,2020-02-15T19:41:22+08:00,2020-02-15T20:28:22+08:00,2020-02-15T20:00:27+08:00,True,6.0,1227.0,4613.0,116.451134,39.995166,116.457797,39.985166
highest_fee_baseline,highest_fee_baseline_w000249,6000000000000001625,29,Lunch-Peak Specialist,2020-02-15T10:57:16+08:00,2020-02-15T13:15:00+08:00,2020-02-15T11:07:57+08:00,True,6.0,1077.0,3988.0,116.31622,39.756655,116.317317,39.774206
highest_fee_baseline,highest_fee_baseline_w000377,6000000000000002496,29,Lunch-Peak Specialist,2020-02-15T11:55:27+08:00,2020-02-15T12:29:27+08:00,2020-02-15T12:07:45+08:00,True,3.0,1065.0,3938.0,116.307587,39.758156,116.303007,39.762106
highest_fee_baseline,highest_fee_baseline_w000419,6000000000000002759,29,Lunch-Peak Specialist,2020-02-15T12:07:06+08:00,2020-02-15T12:37:07+08:00,2020-02-15T12:32:21+08:00,True,6.0,1341.0,5090.0,116.323829,39.762961,116.306587,39.764586
highest_fee_baseline,highest_fee_baseline_w000476,6000000000000003481,29,Lunch-Peak Specialist,2020-02-15T12:44:02+08:00,2020-02-15T13:24:02+08:00,2020-02-15T13:08:09+08:00,True,6.0,1689.0,6539.0,116.32532,39.772036,116.332937,39.783306
highest_fee_baseline,highest_fee_baseline_w000624,6000000000000005016,29,Lunch-Peak Specialist,2020-02-15T14:02:03+08:00,2020-02-15T14:37:03+08:00,2020-02-15T14:15:01+08:00,True,3.0,901.0,3256.0,116.32532,39.772036,116.322507,39.771356
highest_fee_baseline,highest_fee_baseline_w000646,6000000000000005089,29,Lunch-Peak Specialist,2020-02-15T14:10:39+08:00,2020-02-15T14:48:39+08:00,2020-02-15T14:33:47+08:00,True,6.0,827.0,2946.0,116.320134,39.77414,116.320227,39.785966
highest_fee_baseline,highest_fee_baseline_w000802,6000000000000006037,29,Lunch-Peak Specialist,2020-02-15T15:58:51+08:00,2020-02-15T16:35:51+08:00,2020-02-15T16:04:19+08:00,True,3.0,859.0,3077.0,116.317186,39.771352,116.315267,39.770656
highest_fee_baseline,highest_fee_baseline_w000827,6000000000000005892,29,Lunch-Peak Specialist,2020-02-15T16:18:02+08:00,2020-02-15T17:00:02+08:00,2020-02-15T16:29:20+08:00,True,6.0,1160.0,4335.0,116.323771,39.765143,116.326797,39.747786
highest_fee_baseline,highest_fee_baseline_w000868,6000000000000006199,29,Lunch-Peak Specialist,2020-02-15T16:32:26+08:00,2020-02-15T18:00:00+08:00,2020-02-15T16:50:37+08:00,True,6.0,1237.0,4653.0,116.333443,39.730735,116.344767,39.735136
highest_fee_baseline,highest_fee_baseline_w000922,6000000000000006423,29,Lunch-Peak Specialist,2020-02-15T17:01:08+08:00,2020-02-15T17:37:08+08:00,2020-02-15T17:19:42+08:00,True,3.0,1182.0,4425.0,116.322816,39.739383,116.333017,39.735236
highest_fee_baseline,highest_fee_baseline_w000941,6000000000000006611,29,Lunch-Peak Specialist,2020-02-15T17:12:54+08:00,2020-02-15T18:16:54+08:00,2020-02-15T17:45:37+08:00,True,6.0,1537.0,5905.0,116.333941,39.731917,116.361847,39.733466
highest_fee_baseline,highest_fee_baseline_w000103,6000000000000000522,30,Lunch-Peak Specialist,2020-02-15T09:30:15+08:00,2020-02-15T10:14:15+08:00,2020-02-15T09:43:07+08:00,True,3.0,787.0,2782.0,116.533252,40.034361,116.525947,40.035596
highest_fee_baseline,highest_fee_baseline_w000173,6000000000000001439,30,Lunch-Peak Specialist,2020-02-15T10:14:11+08:00,2020-02-15T13:14:11+08:00,2020-02-15T10:30:39+08:00,True,6.0,1239.0,4661.0,116.537505,40.037141,116.528237,40.054996
highest_fee_baseline,highest_fee_baseline_w000519,6000000000000004319,30,Lunch-Peak Specialist,2020-02-15T13:07:21+08:00,2020-02-15T13:55:21+08:00,2020-02-15T13:32:44+08:00,True,10.0,1964.0,7685.0,116.532129,40.037326,116.493347,40.038246
highest_fee_baseline,highest_fee_baseline_w000592,6000000000000004605,30,Lunch-Peak Specialist,2020-02-15T13:47:41+08:00,2020-02-15T14:30:41+08:00,2020-02-15T14:01:15+08:00,True,6.0,1275.0,4812.0,116.500547,40.022526,116.505407,40.040066
highest_fee_baseline,highest_fee_baseline_w000633,6000000000000004537,30,Lunch-Peak Specialist,2020-02-15T13:58:01+08:00,2020-02-15T14:42:01+08:00,2020-02-15T14:26:33+08:00,True,6.0,993.0,3636.0,116.49753,40.036744,116.508557,40.047696
highest_fee_baseline,highest_fee_baseline_w000970,6000000000000006690,30,Lunch-Peak Specialist,2020-02-15T17:37:55+08:00,2020-02-15T18:35:55+08:00,2020-02-15T17:46:04+08:00,True,3.0,964.0,3519.0,116.502205,40.035706,116.506397,40.033166
highest_fee_baseline,highest_fee_baseline_w001007,6000000000000007251,30,Lunch-Peak Specialist,2020-02-15T17:49:39+08:00,2020-02-15T18:32:39+08:00,2020-02-15T18:12:40+08:00,True,6.0,1360.0,5169.0,116.499465,40.022691,116.477807,40.030556
highest_fee_baseline,highest_fee_baseline_w001060,6000000000000007265,30,Lunch-Peak Specialist,2020-02-15T17:56:23+08:00,2020-02-15T18:55:23+08:00,2020-02-15T18:48:33+08:00,True,10.0,1713.0,6638.0,116.47268,40.040834,116.499927,40.022596
highest_fee_baseline,highest_fee_baseline_w001110,6000000000000008186,30,Lunch-Peak Specialist,2020-02-15T18:39:05+08:00,2020-02-15T19:38:05+08:00,2020-02-15T19:13:58+08:00,True,10.0,1438.0,5490.0,116.487053,40.02949,116.526327,40.036456
highest_fee_baseline,highest_fee_baseline_w001154,6000000000000008206,30,Lunch-Peak Specialist,2020-02-15T18:54:39+08:00,2020-02-15T19:56:39+08:00,2020-02-15T19:43:50+08:00,True,6.0,1430.0,5459.0,116.532906,40.034102,116.518957,40.009376
highest_fee_baseline,highest_fee_baseline_w000007,6000000000000000203,31,Super Stacker,2020-02-15T08:07:57+08:00,2020-02-15T09:45:00+08:00,2020-02-15T08:16:22+08:00,True,3.0,982.0,3592.0,116.334776,40.043281,116.336297,40.044776
highest_fee_baseline,highest_fee_baseline_w000038,6000000000000000390,31,Super Stacker,2020-02-15T08:44:13+08:00,2020-02-15T10:45:00+08:00,2020-02-15T08:50:53+08:00,True,3.0,653.0,2219.0,116.327938,40.041177,116.332237,40.037746
highest_fee_baseline,highest_fee_baseline_w000062,6000000000000000620,31,Super Stacker,2020-02-15T09:08:54+08:00,2020-02-15T09:48:54+08:00,2020-02-15T09:14:46+08:00,True,6.0,886.0,3191.0,116.331118,40.041751,116.338357,40.034476
highest_fee_baseline,highest_fee_baseline_w000091,6000000000000000316,31,Super Stacker,2020-02-15T09:12:52+08:00,2020-02-15T10:34:52+08:00,2020-02-15T09:38:45+08:00,True,6.0,1125.0,4189.0,116.327938,40.041177,116.31332700000002,40.057096
highest_fee_baseline,highest_fee_baseline_w000130,6000000000000000192,31,Super Stacker,2020-02-15T09:19:12+08:00,2020-02-15T12:30:00+08:00,2020-02-15T10:09:19+08:00,True,6.0,1759.0,6830.0,116.328127,40.071036,116.351537,40.078516
highest_fee_baseline,highest_fee_baseline_w000168,6000000000000000676,31,Super Stacker,2020-02-15T09:51:16+08:00,2020-02-15T10:41:16+08:00,2020-02-15T10:31:27+08:00,True,6.0,1287.0,4864.0,116.348128,40.081539,116.342277,40.064136
highest_fee_baseline,highest_fee_baseline_w000246,6000000000000000924,31,Super Stacker,2020-02-15T10:39:18+08:00,2020-02-15T11:35:18+08:00,2020-02-15T11:27:17+08:00,True,10.0,2237.0,8824.0,116.348646,40.072113,116.306417,40.081786
highest_fee_baseline,highest_fee_baseline_w000340,6000000000000002704,31,Super Stacker,2020-02-15T11:40:16+08:00,2020-02-15T12:39:16+08:00,2020-02-15T12:00:25+08:00,True,6.0,1225.0,4607.0,116.314101,40.076264,116.32702700000002,40.076566
highest_fee_baseline,highest_fee_baseline_w000402,6000000000000002815,31,Super Stacker,2020-02-15T11:47:45+08:00,2020-02-15T12:52:45+08:00,2020-02-15T12:30:02+08:00,True,6.0,1202.0,4510.0,116.326197,40.071816,116.351247,40.079726
highest_fee_baseline,highest_fee_baseline_w000463,6000000000000002769,31,Super Stacker,2020-02-15T12:12:02+08:00,2020-02-15T13:00:02+08:00,2020-02-15T12:52:27+08:00,True,3.0,747.0,2613.0,116.344643,40.079313,116.340047,40.071596
highest_fee_baseline,highest_fee_baseline_w000510,6000000000000003309,31,Super Stacker,2020-02-15T12:42:15+08:00,2020-02-15T13:17:15+08:00,2020-02-15T13:14:15+08:00,True,3.0,855.0,3065.0,116.325863,40.078247,116.319977,40.077756
highest_fee_baseline,highest_fee_baseline_w000554,6000000000000004672,31,Super Stacker,2020-02-15T13:23:23+08:00,2020-02-15T16:23:23+08:00,2020-02-15T13:48:44+08:00,True,6.0,1724.0,6685.0,116.303605,40.077566,116.322657,40.068336
highest_fee_baseline,highest_fee_baseline_w000603,6000000000000004206,31,Super Stacker,2020-02-15T13:35:16+08:00,2020-02-15T14:20:16+08:00,2020-02-15T14:09:51+08:00,True,6.0,1191.0,4460.0,116.314101,40.076264,116.331057,40.072726
highest_fee_baseline,highest_fee_baseline_w000634,6000000000000004549,31,Super Stacker,2020-02-15T14:10:11+08:00,2020-02-15T14:50:11+08:00,2020-02-15T14:27:07+08:00,True,6.0,1027.0,3778.0,116.336347,40.078986,116.357957,40.073796
highest_fee_baseline,highest_fee_baseline_w000684,6000000000000004762,31,Super Stacker,2020-02-15T14:45:43+08:00,2020-02-15T15:28:43+08:00,2020-02-15T15:02:52+08:00,True,10.0,1372.0,5214.0,116.348747,40.074475,116.312537,40.075436
highest_fee_baseline,highest_fee_baseline_w000728,6000000000000005422,31,Super Stacker,2020-02-15T15:07:16+08:00,2020-02-15T16:13:16+08:00,2020-02-15T15:27:49+08:00,True,6.0,1069.0,3953.0,116.30906,40.075243,116.332917,40.071696
highest_fee_baseline,highest_fee_baseline_w000763,6000000000000005412,31,Super Stacker,2020-02-15T15:05:20+08:00,2020-02-15T15:48:20+08:00,2020-02-15T15:42:10+08:00,True,6.0,730.0,2544.0,116.336357,40.078986,116.347917,40.076226
highest_fee_baseline,highest_fee_baseline_w000790,6000000000000005372,31,Super Stacker,2020-02-15T15:28:20+08:00,2020-02-15T16:16:20+08:00,2020-02-15T16:08:17+08:00,True,6.0,1097.0,4074.0,116.348469,40.072231,116.344917,40.062646
highest_fee_baseline,highest_fee_baseline_w000832,6000000000000005653,31,Super Stacker,2020-02-15T15:44:45+08:00,2020-02-15T16:33:45+08:00,2020-02-15T16:39:03+08:00,False,6.0,1743.0,6760.0,116.328213,40.070959,116.338327,40.087356
highest_fee_baseline,highest_fee_baseline_w000875,6000000000000005791,31,Super Stacker,2020-02-15T16:31:06+08:00,2020-02-15T17:09:06+08:00,2020-02-15T16:58:06+08:00,True,6.0,1086.0,4025.0,116.343617,40.080135,116.365767,40.084606
highest_fee_baseline,highest_fee_baseline_w000949,6000000000000006469,31,Super Stacker,2020-02-15T17:17:05+08:00,2020-02-15T18:06:05+08:00,2020-02-15T17:38:04+08:00,True,6.0,1084.0,4015.0,116.352296,40.080504,116.345447,40.071096
highest_fee_baseline,highest_fee_baseline_w000986,6000000000000007225,31,Super Stacker,2020-02-15T17:28:55+08:00,2020-02-15T18:04:55+08:00,2020-02-15T17:56:09+08:00,True,6.0,969.0,3536.0,116.344643,40.079313,116.338357,40.070656
highest_fee_baseline,highest_fee_baseline_w001023,6000000000000007125,31,Super Stacker,2020-02-15T18:01:14+08:00,2020-02-15T18:51:14+08:00,2020-02-15T18:18:00+08:00,True,6.0,1080.0,4001.0,116.326197,40.071816,116.337407,40.066806
highest_fee_baseline,highest_fee_baseline_w001066,6000000000000007336,31,Super Stacker,2020-02-15T17:53:14+08:00,2020-02-15T18:40:14+08:00,2020-02-15T18:47:13+08:00,False,6.0,1633.0,6307.0,116.322297,40.077786,116.322277,40.067936
highest_fee_baseline,highest_fee_baseline_w001108,6000000000000008358,31,Super Stacker,2020-02-15T18:44:05+08:00,2020-02-15T19:33:05+08:00,2020-02-15T19:09:14+08:00,True,6.0,1154.0,4305.0,116.323341,40.078574,116.313027,40.071556
highest_fee_baseline,highest_fee_baseline_w001138,6000000000000007878,31,Super Stacker,2020-02-15T18:47:49+08:00,2020-02-15T19:56:49+08:00,2020-02-15T19:46:14+08:00,True,6.0,2174.0,8559.0,116.319367,40.077666,116.297017,40.068906
highest_fee_baseline,highest_fee_baseline_w000267,6000000000000001731,32,Super Stacker,2020-02-15T11:04:47+08:00,2020-02-15T11:55:47+08:00,2020-02-15T11:22:32+08:00,True,6.0,1352.0,5135.0,116.553236,39.801485,116.576447,39.794186
highest_fee_baseline,highest_fee_baseline_w000323,6000000000000001689,32,Super Stacker,2020-02-15T11:25:51+08:00,2020-02-15T12:25:51+08:00,2020-02-15T11:52:56+08:00,True,6.0,1376.0,5234.0,116.569143,39.801742,116.572407,39.816406
highest_fee_baseline,highest_fee_baseline_w000399,6000000000000002494,32,Super Stacker,2020-02-15T11:55:31+08:00,2020-02-15T12:52:31+08:00,2020-02-15T12:25:12+08:00,True,6.0,1512.0,5799.0,116.572733,39.799382,116.580007,39.815336
highest_fee_baseline,highest_fee_baseline_w000445,6000000000000003277,32,Super Stacker,2020-02-15T12:20:14+08:00,2020-02-15T13:27:14+08:00,2020-02-15T13:02:59+08:00,True,10.0,1979.0,7743.0,116.569921,39.81617,116.558597,39.782036
highest_fee_baseline,highest_fee_baseline_w000525,6000000000000003733,32,Super Stacker,2020-02-15T13:04:35+08:00,2020-02-15T13:56:35+08:00,2020-02-15T13:31:50+08:00,True,6.0,1310.0,4959.0,116.549327,39.780866,116.532577,39.802956
highest_fee_baseline,highest_fee_baseline_w000577,6000000000000004342,32,Super Stacker,2020-02-15T13:19:59+08:00,2020-02-15T13:52:59+08:00,2020-02-15T13:48:18+08:00,True,3.0,498.0,1577.0,116.535287,39.808586,116.537667,39.810136
highest_fee_baseline,highest_fee_baseline_w000009,6000000000000000293,33,Super Stacker,2020-02-15T08:11:16+08:00,2020-02-15T10:45:00+08:00,2020-02-15T08:16:38+08:00,True,3.0,398.0,1160.0,116.646255,39.888966,116.641297,39.888796
highest_fee_baseline,highest_fee_baseline_w000016,6000000000000000503,33,Super Stacker,2020-02-15T08:27:41+08:00,2020-02-15T09:26:55+08:00,2020-02-15T08:34:56+08:00,True,3.0,896.0,3234.0,116.636117,39.883756,116.639807,39.876166
highest_fee_baseline,highest_fee_baseline_w000071,6000000000000000452,33,Super Stacker,2020-02-15T09:15:35+08:00,2020-02-15T10:00:35+08:00,2020-02-15T09:19:21+08:00,True,6.0,561.0,1837.0,116.637959,39.87628,116.651707,39.880456
highest_fee_baseline,highest_fee_baseline_w000108,6000000000000000587,33,Super Stacker,2020-02-15T09:32:56+08:00,2020-02-15T10:16:56+08:00,2020-02-15T09:48:23+08:00,True,6.0,1103.0,4098.0,116.637937,39.87622,116.655207,39.868586
highest_fee_baseline,highest_fee_baseline_w000157,6000000000000000687,33,Super Stacker,2020-02-15T10:06:10+08:00,2020-02-15T11:01:10+08:00,2020-02-15T10:25:00+08:00,True,6.0,1500.0,5749.0,116.655609,39.875004,116.639877,39.892426
highest_fee_baseline,highest_fee_baseline_w000207,6000000000000001174,33,Super Stacker,2020-02-15T10:09:52+08:00,2020-02-15T11:07:52+08:00,2020-02-15T10:50:00+08:00,True,6.0,1200.0,4502.0,116.648778,39.888066,116.627027,39.900186
highest_fee_baseline,highest_fee_baseline_w000263,6000000000000001728,33,Super Stacker,2020-02-15T11:03:13+08:00,2020-02-15T11:48:13+08:00,2020-02-15T11:17:20+08:00,True,6.0,1040.0,3834.0,116.632643,39.904136,116.650017,39.914806
highest_fee_baseline,highest_fee_baseline_w000315,6000000000000002138,33,Super Stacker,2020-02-15T11:12:43+08:00,2020-02-15T11:52:43+08:00,2020-02-15T11:46:35+08:00,True,6.0,1595.0,6147.0,116.633228,39.904942,116.647817,39.909116
highest_fee_baseline,highest_fee_baseline_w000366,6000000000000002112,33,Super Stacker,2020-02-15T11:34:16+08:00,2020-02-15T12:18:16+08:00,2020-02-15T12:03:14+08:00,True,6.0,794.0,2805.0,116.637317,39.904756,116.623817,39.903786
highest_fee_baseline,highest_fee_baseline_w000403,6000000000000002414,33,Super Stacker,2020-02-15T11:53:22+08:00,2020-02-15T12:29:22+08:00,2020-02-15T12:25:50+08:00,True,6.0,950.0,3459.0,116.63057,39.903751,116.619987,39.899276
highest_fee_baseline,highest_fee_baseline_w000447,6000000000000002671,33,Super Stacker,2020-02-15T12:25:19+08:00,2020-02-15T13:06:19+08:00,2020-02-15T12:51:12+08:00,True,6.0,1272.0,4800.0,116.62822,39.904502,116.649227,39.913986
highest_fee_baseline,highest_fee_baseline_w000516,6000000000000004413,33,Super Stacker,2020-02-15T13:09:57+08:00,2020-02-15T13:57:57+08:00,2020-02-15T13:25:18+08:00,True,6.0,1518.0,5826.0,116.634311,39.904,116.614657,39.904946
highest_fee_baseline,highest_fee_baseline_w000569,6000000000000004265,33,Super Stacker,2020-02-15T13:14:36+08:00,2020-02-15T14:00:36+08:00,2020-02-15T13:51:30+08:00,True,6.0,1290.0,4874.0,116.630789,39.904632,116.641697,39.918886
highest_fee_baseline,highest_fee_baseline_w000627,6000000000000004737,33,Super Stacker,2020-02-15T14:01:14+08:00,2020-02-15T14:50:14+08:00,2020-02-15T14:27:31+08:00,True,6.0,1651.0,6379.0,116.632517,39.904219,116.633577,39.913416
highest_fee_baseline,highest_fee_baseline_w000678,6000000000000005053,33,Super Stacker,2020-02-15T14:31:13+08:00,2020-02-15T15:32:13+08:00,2020-02-15T15:09:43+08:00,True,10.0,2383.0,9433.0,116.647927,39.901836,116.627487,39.924746
highest_fee_baseline,highest_fee_baseline_w000879,6000000000000006910,33,Super Stacker,2020-02-15T16:43:18+08:00,2020-02-15T19:43:18+08:00,2020-02-15T17:14:06+08:00,True,6.0,2046.0,8025.0,116.642803,39.920638,116.610737,39.916076
highest_fee_baseline,highest_fee_baseline_w000957,6000000000000006471,33,Super Stacker,2020-02-15T17:17:28+08:00,2020-02-15T18:14:28+08:00,2020-02-15T17:58:21+08:00,True,6.0,2301.0,9087.0,116.62894,39.905454,116.627127,39.891796
highest_fee_baseline,highest_fee_baseline_w001013,6000000000000007181,33,Super Stacker,2020-02-15T17:34:45+08:00,2020-02-15T18:50:46+08:00,2020-02-15T18:19:06+08:00,True,6.0,1146.0,4275.0,116.62577,39.889567,116.623627,39.879276
highest_fee_baseline,highest_fee_baseline_w001058,6000000000000007985,33,Super Stacker,2020-02-15T18:11:20+08:00,2020-02-15T19:19:30+08:00,2020-02-15T18:51:51+08:00,True,6.0,1911.0,7460.0,116.634057,39.885586,116.656337,39.876656
highest_fee_baseline,highest_fee_baseline_w001124,6000000000000008213,33,Super Stacker,2020-02-15T18:59:01+08:00,2020-02-15T19:48:01+08:00,2020-02-15T19:16:13+08:00,True,6.0,973.0,3553.0,116.656695,39.882698,116.652177,39.870416
highest_fee_baseline,highest_fee_baseline_w001163,6000000000000007963,33,Super Stacker,2020-02-15T19:13:49+08:00,2020-02-15T19:49:49+08:00,2020-02-15T19:41:05+08:00,True,6.0,1265.0,4770.0,116.637937,39.87622,116.626227,39.880996
highest_fee_baseline,highest_fee_baseline_w001203,6000000000000008548,33,Super Stacker,2020-02-15T19:52:56+08:00,2020-02-15T20:42:56+08:00,2020-02-15T20:16:07+08:00,True,6.0,1567.0,6028.0,116.62577,39.889567,116.627027,39.900186
highest_fee_baseline,highest_fee_baseline_w000006,6000000000000000245,34,Super Stacker,2020-02-15T08:07:36+08:00,2020-02-15T11:07:36+08:00,2020-02-15T08:23:32+08:00,True,6.0,1412.0,5384.0,116.303914,40.048656,116.275927,40.040806
highest_fee_baseline,highest_fee_baseline_w000030,6000000000000000210,34,Super Stacker,2020-02-15T08:32:22+08:00,2020-02-15T09:13:22+08:00,2020-02-15T08:44:46+08:00,True,3.0,886.0,3193.0,116.286864,40.032712,116.285697,40.030906
highest_fee_baseline,highest_fee_baseline_w000049,6000000000000000217,34,Super Stacker,2020-02-15T08:55:30+08:00,2020-02-15T09:50:30+08:00,2020-02-15T09:07:30+08:00,True,6.0,1050.0,3873.0,116.286864,40.032712,116.269987,40.029926
highest_fee_baseline,highest_fee_baseline_w000186,6000000000000000701,34,Super Stacker,2020-02-15T10:24:02+08:00,2020-02-15T11:15:00+08:00,2020-02-15T10:35:57+08:00,True,6.0,957.0,3489.0,116.268917,40.028555,116.251467,40.046676
highest_fee_baseline,highest_fee_baseline_w000266,6000000000000001738,34,Super Stacker,2020-02-15T11:01:05+08:00,2020-02-15T11:45:05+08:00,2020-02-15T11:13:09+08:00,True,6.0,789.0,2788.0,116.242437,40.046631,116.230807,40.047926
highest_fee_baseline,highest_fee_baseline_w000322,6000000000000002522,34,Super Stacker,2020-02-15T11:24:13+08:00,2020-02-15T12:29:13+08:00,2020-02-15T11:47:28+08:00,True,6.0,1048.0,3866.0,116.242437,40.046631,116.235707,40.061706
highest_fee_baseline,highest_fee_baseline_w000374,6000000000000002269,34,Super Stacker,2020-02-15T11:22:05+08:00,2020-02-15T12:01:05+08:00,2020-02-15T12:10:30+08:00,False,6.0,1230.0,4625.0,116.239082,40.072874,116.237707,40.084386
highest_fee_baseline,highest_fee_baseline_w000429,6000000000000002739,34,Super Stacker,2020-02-15T12:02:54+08:00,2020-02-15T12:38:54+08:00,2020-02-15T12:38:29+08:00,True,6.0,1109.0,4121.0,116.239082,40.072874,116.235967,40.061036
highest_fee_baseline,highest_fee_baseline_w000470,6000000000000003127,34,Super Stacker,2020-02-15T12:12:23+08:00,2020-02-15T12:49:23+08:00,2020-02-15T13:00:28+08:00,False,6.0,1228.0,4616.0,116.239082,40.072874,116.244987,40.081946
highest_fee_baseline,highest_fee_baseline_w000521,6000000000000003637,34,Super Stacker,2020-02-15T12:48:24+08:00,2020-02-15T13:28:24+08:00,2020-02-15T13:27:25+08:00,True,6.0,1045.0,3852.0,116.251831,40.08469,116.233437,40.076326
highest_fee_baseline,highest_fee_baseline_w000557,6000000000000004086,34,Super Stacker,2020-02-15T13:01:47+08:00,2020-02-15T13:31:47+08:00,2020-02-15T13:45:41+08:00,False,6.0,941.0,3423.0,116.237724,40.073266,116.240787,40.064546
highest_fee_baseline,highest_fee_baseline_w000601,6000000000000004373,34,Super Stacker,2020-02-15T13:35:04+08:00,2020-02-15T14:09:04+08:00,2020-02-15T14:09:05+08:00,False,6.0,1145.0,4271.0,116.239082,40.072874,116.245587,40.085506
highest_fee_baseline,highest_fee_baseline_w000640,6000000000000004708,34,Super Stacker,2020-02-15T13:41:05+08:00,2020-02-15T14:26:05+08:00,2020-02-15T14:38:06+08:00,False,6.0,1686.0,6526.0,116.239082,40.072874,116.245487,40.048806
highest_fee_baseline,highest_fee_baseline_w000683,6000000000000005459,34,Super Stacker,2020-02-15T14:47:52+08:00,2020-02-15T15:39:52+08:00,2020-02-15T14:58:11+08:00,True,6.0,1091.0,4049.0,116.254561,40.049781,116.242337,40.065166
highest_fee_baseline,highest_fee_baseline_w000720,6000000000000004820,34,Super Stacker,2020-02-15T14:37:30+08:00,2020-02-15T15:17:30+08:00,2020-02-15T15:20:58+08:00,False,6.0,1258.0,4742.0,116.239082,40.072874,116.249757,40.085776
highest_fee_baseline,highest_fee_baseline_w000775,6000000000000005658,34,Super Stacker,2020-02-15T15:49:53+08:00,2020-02-15T18:15:00+08:00,2020-02-15T15:56:10+08:00,True,6.0,970.0,3543.0,116.251831,40.08469,116.237727,40.074586
highest_fee_baseline,highest_fee_baseline_w000808,6000000000000005825,34,Super Stacker,2020-02-15T16:03:21+08:00,2020-02-15T16:40:21+08:00,2020-02-15T16:17:11+08:00,True,6.0,1031.0,3798.0,116.239082,40.072874,116.235837,40.061976
highest_fee_baseline,highest_fee_baseline_w000845,6000000000000006253,34,Super Stacker,2020-02-15T16:20:32+08:00,2020-02-15T16:59:32+08:00,2020-02-15T16:41:24+08:00,True,6.0,1284.0,4849.0,116.239082,40.072874,116.262257,40.076796
highest_fee_baseline,highest_fee_baseline_w000898,6000000000000005787,34,Super Stacker,2020-02-15T16:29:28+08:00,2020-02-15T17:08:28+08:00,2020-02-15T17:12:35+08:00,False,6.0,1355.0,5146.0,116.251831,40.08469,116.225407,40.083226
highest_fee_baseline,highest_fee_baseline_w000954,6000000000000006433,34,Super Stacker,2020-02-15T17:03:06+08:00,2020-02-15T17:47:06+08:00,2020-02-15T17:49:16+08:00,False,6.0,1756.0,6816.0,116.239082,40.072874,116.261767,40.062996
highest_fee_baseline,highest_fee_baseline_w001011,6000000000000007408,34,Super Stacker,2020-02-15T17:31:06+08:00,2020-02-15T18:15:06+08:00,2020-02-15T18:10:07+08:00,True,3.0,1207.0,4531.0,116.251526,40.051129,116.253797,40.044156
highest_fee_baseline,highest_fee_baseline_w001189,6000000000000008982,34,Super Stacker,2020-02-15T19:44:11+08:00,2020-02-15T20:22:11+08:00,2020-02-15T19:56:44+08:00,True,6.0,1004.0,3680.0,116.242236,40.048368,116.258577,40.049746
highest_fee_baseline,highest_fee_baseline_w001213,6000000000000008790,34,Super Stacker,2020-02-15T19:43:23+08:00,2020-02-15T20:18:23+08:00,2020-02-15T20:07:08+08:00,True,3.0,428.0,1285.0,116.254561,40.049781,116.254847,40.051556
highest_fee_baseline,highest_fee_baseline_w000003,6000000000000000436,35,Super Stacker,2020-02-15T08:06:24+08:00,2020-02-15T08:55:24+08:00,2020-02-15T08:22:58+08:00,True,6.0,1378.0,5242.0,116.363931,39.919349,116.389867,39.930316
highest_fee_baseline,highest_fee_baseline_w000031,6000000000000000157,35,Super Stacker,2020-02-15T08:33:01+08:00,2020-02-15T11:15:00+08:00,2020-02-15T08:51:43+08:00,True,6.0,1303.0,4929.0,116.392795,39.944068,116.406917,39.935816
highest_fee_baseline,highest_fee_baseline_w000094,6000000000000000627,35,Super Stacker,2020-02-15T09:26:24+08:00,2020-02-15T11:15:00+08:00,2020-02-15T09:36:29+08:00,True,6.0,989.0,3622.0,116.398151,39.945018,116.384687,39.948036
highest_fee_baseline,highest_fee_baseline_w000124,6000000000000000637,35,Super Stacker,2020-02-15T09:35:41+08:00,2020-02-15T10:15:41+08:00,2020-02-15T10:05:36+08:00,True,6.0,1536.0,5899.0,116.385457,39.937566,116.373447,39.945386
highest_fee_baseline,highest_fee_baseline_w000175,6000000000000000815,35,Super Stacker,2020-02-15T09:56:59+08:00,2020-02-15T10:42:59+08:00,2020-02-15T10:39:46+08:00,True,6.0,1786.0,6942.0,116.385457,39.937566,116.414697,39.935546
highest_fee_baseline,highest_fee_baseline_w000222,6000000000000000962,35,Super Stacker,2020-02-15T10:13:16+08:00,2020-02-15T11:04:16+08:00,2020-02-15T10:58:37+08:00,True,6.0,1117.0,4153.0,116.408073,39.933076,116.430677,39.933846
highest_fee_baseline,highest_fee_baseline_w000260,6000000000000001160,35,Super Stacker,2020-02-15T10:55:46+08:00,2020-02-15T11:31:46+08:00,2020-02-15T11:13:48+08:00,True,6.0,828.0,2951.0,116.426847,39.931434,116.442257,39.927856
highest_fee_baseline,highest_fee_baseline_w000312,6000000000000001312,35,Super Stacker,2020-02-15T11:05:00+08:00,2020-02-15T11:38:00+08:00,2020-02-15T11:37:38+08:00,True,6.0,1058.0,3909.0,116.426847,39.931434,116.425937,39.920656
highest_fee_baseline,highest_fee_baseline_w000362,6000000000000001900,35,Super Stacker,2020-02-15T11:29:01+08:00,2020-02-15T12:02:01+08:00,2020-02-15T12:01:20+08:00,True,6.0,680.0,2334.0,116.432278,39.921768,116.419227,39.924526
highest_fee_baseline,highest_fee_baseline_w000424,6000000000000003090,35,Super Stacker,2020-02-15T11:52:16+08:00,2020-02-15T12:24:16+08:00,2020-02-15T12:29:38+08:00,False,3.0,578.0,1907.0,116.430137,39.923786,116.434437,39.921416
highest_fee_baseline,highest_fee_baseline_w000444,6000000000000002936,35,Super Stacker,2020-02-15T12:01:31+08:00,2020-02-15T12:45:31+08:00,2020-02-15T12:48:52+08:00,False,6.0,1132.0,4217.0,116.443308,39.917675,116.467467,39.916076
highest_fee_baseline,highest_fee_baseline_w000494,6000000000000003361,35,Super Stacker,2020-02-15T12:28:11+08:00,2020-02-15T13:11:11+08:00,2020-02-15T13:13:06+08:00,False,6.0,1386.0,5278.0,116.449677,39.916436,116.462837,39.921516
highest_fee_baseline,highest_fee_baseline_w000553,6000000000000003498,35,Super Stacker,2020-02-15T12:51:04+08:00,2020-02-15T13:44:04+08:00,2020-02-15T13:40:25+08:00,True,6.0,1225.0,4606.0,116.449735,39.916904,116.457997,39.926686
highest_fee_baseline,highest_fee_baseline_w000608,6000000000000004042,35,Super Stacker,2020-02-15T13:22:52+08:00,2020-02-15T14:02:52+08:00,2020-02-15T14:08:28+08:00,False,6.0,1108.0,4117.0,116.43953,39.921441,116.450247,39.925666
highest_fee_baseline,highest_fee_baseline_w000632,6000000000000004744,35,Super Stacker,2020-02-15T14:10:22+08:00,2020-02-15T15:10:22+08:00,2020-02-15T14:28:40+08:00,True,6.0,1120.0,4167.0,116.452698,39.920216,116.478007,39.916996
highest_fee_baseline,highest_fee_baseline_w000696,6000000000000005162,35,Super Stacker,2020-02-15T14:39:33+08:00,2020-02-15T15:09:33+08:00,2020-02-15T15:00:04+08:00,True,3.0,1204.0,4516.0,116.464508,39.908307,116.466627,39.910396
highest_fee_baseline,highest_fee_baseline_w000756,6000000000000005522,35,Super Stacker,2020-02-15T15:14:55+08:00,2020-02-15T16:05:55+08:00,2020-02-15T15:44:03+08:00,True,6.0,1443.0,5512.0,116.48582,39.916193,116.502277,39.910776
highest_fee_baseline,highest_fee_baseline_w000799,6000000000000005806,35,Super Stacker,2020-02-15T15:37:39+08:00,2020-02-15T16:15:39+08:00,2020-02-15T16:16:23+08:00,False,6.0,1583.0,6098.0,116.486964,39.914347,116.515407,39.921966
highest_fee_baseline,highest_fee_baseline_w000865,6000000000000005937,35,Super Stacker,2020-02-15T16:25:10+08:00,2020-02-15T18:55:10+08:00,2020-02-15T16:55:07+08:00,True,6.0,1507.0,5780.0,116.495068,39.92706,116.476707,39.916496
highest_fee_baseline,highest_fee_baseline_w000918,6000000000000006407,35,Super Stacker,2020-02-15T16:44:49+08:00,2020-02-15T17:41:49+08:00,2020-02-15T17:17:04+08:00,True,6.0,1024.0,3767.0,116.486896,39.927424,116.470887,39.926386
highest_fee_baseline,highest_fee_baseline_w000977,6000000000000006438,35,Super Stacker,2020-02-15T17:03:58+08:00,2020-02-15T18:17:58+08:00,2020-02-15T17:48:10+08:00,True,6.0,1090.0,4041.0,116.486376,39.914054,116.492227,39.921856
highest_fee_baseline,highest_fee_baseline_w000997,6000000000000007016,35,Super Stacker,2020-02-15T17:34:19+08:00,2020-02-15T18:10:19+08:00,2020-02-15T18:09:39+08:00,True,3.0,1179.0,4411.0,116.491768,39.926461,116.488527,39.927096
highest_fee_baseline,highest_fee_baseline_w001035,6000000000000007335,35,Super Stacker,2020-02-15T17:52:39+08:00,2020-02-15T18:23:39+08:00,2020-02-15T18:25:51+08:00,False,3.0,951.0,3466.0,116.486282,39.929118,116.487627,39.930126
highest_fee_baseline,highest_fee_baseline_w001089,6000000000000008064,35,Super Stacker,2020-02-15T18:16:13+08:00,2020-02-15T19:02:13+08:00,2020-02-15T19:00:11+08:00,True,6.0,1211.0,4544.0,116.474561,39.924617,116.463497,39.934556
highest_fee_baseline,highest_fee_baseline_w001140,6000000000000008197,35,Super Stacker,2020-02-15T18:47:37+08:00,2020-02-15T19:36:37+08:00,2020-02-15T19:27:43+08:00,True,6.0,1063.0,3927.0,116.461885,39.943634,116.477727,39.959886
highest_fee_baseline,highest_fee_baseline_w001167,6000000000000008775,35,Super Stacker,2020-02-15T19:33:33+08:00,2020-02-15T20:29:33+08:00,2020-02-15T19:55:36+08:00,True,6.0,1536.0,5897.0,116.480944,39.958944,116.503247,39.943416
highest_fee_baseline,highest_fee_baseline_w000032,6000000000000000348,36,Super Stacker,2020-02-15T08:33:39+08:00,2020-02-15T10:15:00+08:00,2020-02-15T08:50:38+08:00,True,6.0,1238.0,4656.0,116.368498,40.077757,116.351167,40.077466
highest_fee_baseline,highest_fee_baseline_w000135,6000000000000000809,36,Super Stacker,2020-02-15T09:50:10+08:00,2020-02-15T10:37:10+08:00,2020-02-15T10:07:02+08:00,True,6.0,1022.0,3758.0,116.348128,40.081539,116.330527,40.072666
highest_fee_baseline,highest_fee_baseline_w000179,6000000000000000737,36,Super Stacker,2020-02-15T09:48:21+08:00,2020-02-15T10:34:21+08:00,2020-02-15T10:33:46+08:00,True,6.0,1426.0,5443.0,116.345988,40.08017,116.349837,40.068396
highest_fee_baseline,highest_fee_baseline_w000220,6000000000000001051,36,Super Stacker,2020-02-15T10:30:08+08:00,2020-02-15T11:20:08+08:00,2020-02-15T11:10:02+08:00,True,10.0,1802.0,7012.0,116.34936700000002,40.071692,116.31417700000002,40.084486
highest_fee_baseline,highest_fee_baseline_w000304,6000000000000002184,36,Super Stacker,2020-02-15T11:24:04+08:00,2020-02-15T12:30:00+08:00,2020-02-15T11:44:11+08:00,True,10.0,1451.0,5547.0,116.314101,40.076264,116.351937,40.074046
highest_fee_baseline,highest_fee_baseline_w000363,6000000000000002434,36,Super Stacker,2020-02-15T11:31:30+08:00,2020-02-15T12:17:30+08:00,2020-02-15T12:04:39+08:00,True,6.0,879.0,3162.0,116.34499,40.079343,116.363197,40.077666
highest_fee_baseline,highest_fee_baseline_w000416,6000000000000002499,36,Super Stacker,2020-02-15T11:56:15+08:00,2020-02-15T12:49:15+08:00,2020-02-15T12:28:48+08:00,True,6.0,1128.0,4203.0,116.344643,40.079313,116.334517,40.070766
highest_fee_baseline,highest_fee_baseline_w000456,6000000000000002568,36,Super Stacker,2020-02-15T12:03:33+08:00,2020-02-15T13:04:33+08:00,2020-02-15T12:59:54+08:00,True,10.0,1794.0,6972.0,116.325862,40.055954,116.344247,40.031476
highest_fee_baseline,highest_fee_baseline_w000502,6000000000000003381,36,Super Stacker,2020-02-15T12:36:44+08:00,2020-02-15T13:19:44+08:00,2020-02-15T13:14:34+08:00,True,6.0,874.0,3144.0,116.337449,40.032518,116.339687,40.045886
highest_fee_baseline,highest_fee_baseline_w000547,6000000000000004354,36,Super Stacker,2020-02-15T13:25:02+08:00,2020-02-15T14:10:02+08:00,2020-02-15T13:45:36+08:00,True,6.0,1536.0,5901.0,116.327952,40.046289,116.323007,40.065686
highest_fee_baseline,highest_fee_baseline_w000626,6000000000000004601,36,Super Stacker,2020-02-15T13:46:37+08:00,2020-02-15T14:21:37+08:00,2020-02-15T14:25:23+08:00,False,6.0,1523.0,5847.0,116.320696,40.050245,116.325917,40.033466
highest_fee_baseline,highest_fee_baseline_w000668,6000000000000004480,36,Super Stacker,2020-02-15T14:10:37+08:00,2020-02-15T14:59:37+08:00,2020-02-15T14:50:25+08:00,True,6.0,1225.0,4603.0,116.326547,40.028846,116.342737,40.013916
highest_fee_baseline,highest_fee_baseline_w000714,6000000000000005400,36,Super Stacker,2020-02-15T14:48:00+08:00,2020-02-15T15:19:00+08:00,2020-02-15T15:09:56+08:00,True,3.0,596.0,1986.0,116.343005,40.011263,116.337817,40.016376
highest_fee_baseline,highest_fee_baseline_w000744,6000000000000005421,36,Super Stacker,2020-02-15T15:12:14+08:00,2020-02-15T15:49:14+08:00,2020-02-15T15:31:58+08:00,True,6.0,1318.0,4991.0,116.342057,40.000316,116.341747,40.010386
highest_fee_baseline,highest_fee_baseline_w000819,6000000000000005884,36,Super Stacker,2020-02-15T16:07:47+08:00,2020-02-15T18:37:47+08:00,2020-02-15T16:20:12+08:00,True,3.0,1212.0,4549.0,116.34586600000002,39.992699,116.353407,39.988356
highest_fee_baseline,highest_fee_baseline_w000861,6000000000000006005,36,Super Stacker,2020-02-15T16:20:11+08:00,2020-02-15T17:05:11+08:00,2020-02-15T16:58:12+08:00,True,6.0,1692.0,6553.0,116.354236,39.980466,116.335107,39.995876
highest_fee_baseline,highest_fee_baseline_w000912,6000000000000006389,36,Super Stacker,2020-02-15T16:30:09+08:00,2020-02-15T17:11:09+08:00,2020-02-15T17:21:56+08:00,False,6.0,1316.0,4983.0,116.329116,39.991329,116.341507,40.012546
highest_fee_baseline,highest_fee_baseline_w000961,6000000000000007010,36,Super Stacker,2020-02-15T17:31:53+08:00,2020-02-15T18:11:53+08:00,2020-02-15T17:43:39+08:00,True,6.0,819.0,2913.0,116.344397,40.007822,116.362067,40.008456
highest_fee_baseline,highest_fee_baseline_w000998,6000000000000006891,36,Super Stacker,2020-02-15T17:27:49+08:00,2020-02-15T18:12:49+08:00,2020-02-15T18:12:10+08:00,True,10.0,1330.0,5042.0,116.365528,40.003828,116.404577,40.007356
highest_fee_baseline,highest_fee_baseline_w001052,6000000000000007465,36,Super Stacker,2020-02-15T18:03:52+08:00,2020-02-15T18:58:52+08:00,2020-02-15T18:48:26+08:00,True,6.0,1706.0,6609.0,116.403081,39.999965,116.375177,39.986376
highest_fee_baseline,highest_fee_baseline_w001104,6000000000000008447,36,Super Stacker,2020-02-15T18:49:00+08:00,2020-02-15T19:53:00+08:00,2020-02-15T19:18:18+08:00,True,10.0,1698.0,6577.0,116.381434,39.98194,116.421437,39.978086
highest_fee_baseline,highest_fee_baseline_w001155,6000000000000008524,36,Super Stacker,2020-02-15T19:04:11+08:00,2020-02-15T19:56:11+08:00,2020-02-15T19:37:06+08:00,True,6.0,1026.0,3776.0,116.413313,39.979773,116.424107,39.965466
highest_fee_baseline,highest_fee_baseline_w001186,6000000000000007970,36,Super Stacker,2020-02-15T19:18:58+08:00,2020-02-15T20:20:58+08:00,2020-02-15T19:57:49+08:00,True,6.0,1069.0,3953.0,116.430643,39.961367,116.424257,39.980506
highest_fee_baseline,highest_fee_baseline_w001221,6000000000000008658,36,Super Stacker,2020-02-15T19:57:47+08:00,2020-02-15T20:27:47+08:00,2020-02-15T20:13:58+08:00,True,3.0,838.0,2992.0,116.44227,39.970839,116.440087,39.972676
highest_fee_baseline,highest_fee_baseline_w000010,6000000000000000238,37,Super Stacker,2020-02-15T08:02:53+08:00,2020-02-15T10:15:00+08:00,2020-02-15T08:28:44+08:00,True,6.0,1124.0,4183.0,116.408074,39.961742,116.422727,39.976566
highest_fee_baseline,highest_fee_baseline_w000046,6000000000000000506,37,Super Stacker,2020-02-15T08:44:26+08:00,2020-02-15T09:18:26+08:00,2020-02-15T08:58:31+08:00,True,3.0,1111.0,4127.0,116.434102,39.96412,116.429887,39.957316
highest_fee_baseline,highest_fee_baseline_w000070,6000000000000000303,37,Super Stacker,2020-02-15T08:51:25+08:00,2020-02-15T10:15:00+08:00,2020-02-15T09:32:26+08:00,True,10.0,1946.0,7609.0,116.407537,39.960876,116.441177,39.950416
highest_fee_baseline,highest_fee_baseline_w000123,6000000000000000412,37,Super Stacker,2020-02-15T09:44:54+08:00,2020-02-15T10:56:54+08:00,2020-02-15T10:01:10+08:00,True,6.0,1270.0,4791.0,116.436209,39.942536,116.430127,39.926306
highest_fee_baseline,highest_fee_baseline_w000177,6000000000000001175,37,Super Stacker,2020-02-15T10:11:25+08:00,2020-02-15T10:46:25+08:00,2020-02-15T10:27:34+08:00,True,6.0,1054.0,3893.0,116.446389,39.92748,116.444907,39.912026
highest_fee_baseline,highest_fee_baseline_w000213,6000000000000001261,37,Super Stacker,2020-02-15T10:20:31+08:00,2020-02-15T10:50:31+08:00,2020-02-15T10:45:19+08:00,True,3.0,919.0,3329.0,116.461445,39.913318,116.464107,39.908956
highest_fee_baseline,highest_fee_baseline_w000236,6000000000000000840,37,Super Stacker,2020-02-15T10:28:58+08:00,2020-02-15T11:15:00+08:00,2020-02-15T11:00:01+08:00,True,6.0,601.0,2001.0,116.463146,39.909585,116.460307,39.897036
highest_fee_baseline,highest_fee_baseline_w000286,6000000000000001528,37,Super Stacker,2020-02-15T10:45:37+08:00,2020-02-15T11:35:37+08:00,2020-02-15T11:35:01+08:00,True,6.0,1501.0,5753.0,116.468605,39.892822,116.491847,39.878786
highest_fee_baseline,highest_fee_baseline_w000475,6000000000000003699,37,Super Stacker,2020-02-15T12:40:15+08:00,2020-02-15T13:17:15+08:00,2020-02-15T12:59:37+08:00,True,3.0,1177.0,4406.0,116.48150400000002,39.891929,116.478687,39.884236
highest_fee_baseline,highest_fee_baseline_w000509,6000000000000003471,37,Super Stacker,2020-02-15T12:36:44+08:00,2020-02-15T13:38:44+08:00,2020-02-15T13:27:28+08:00,True,6.0,1648.0,6367.0,116.470691,39.893292,116.442487,39.884146
highest_fee_baseline,highest_fee_baseline_w000560,6000000000000003521,37,Super Stacker,2020-02-15T13:00:33+08:00,2020-02-15T13:35:33+08:00,2020-02-15T13:37:27+08:00,False,3.0,447.0,1361.0,116.452081,39.883094,116.455047,39.881386
highest_fee_baseline,highest_fee_baseline_w000576,6000000000000004010,37,Super Stacker,2020-02-15T13:10:09+08:00,2020-02-15T13:56:09+08:00,2020-02-15T13:53:54+08:00,True,6.0,834.0,2973.0,116.457597,39.879304,116.445047,39.877826
highest_fee_baseline,highest_fee_baseline_w000653,6000000000000004789,37,Super Stacker,2020-02-15T14:01:23+08:00,2020-02-15T14:48:23+08:00,2020-02-15T14:47:34+08:00,True,10.0,1654.0,6391.0,116.436401,39.880615,116.477447,39.868426
highest_fee_baseline,highest_fee_baseline_w000701,6000000000000005220,37,Super Stacker,2020-02-15T14:31:17+08:00,2020-02-15T15:14:17+08:00,2020-02-15T15:01:18+08:00,True,3.0,678.0,2324.0,116.478363,39.876507,116.477027,39.868666
highest_fee_baseline,highest_fee_baseline_w000731,6000000000000005354,37,Super Stacker,2020-02-15T15:11:51+08:00,2020-02-15T16:08:51+08:00,2020-02-15T15:33:00+08:00,True,6.0,1380.0,5251.0,116.476929,39.87676,116.454607,39.888086
highest_fee_baseline,highest_fee_baseline_w000801,6000000000000005337,37,Super Stacker,2020-02-15T15:32:07+08:00,2020-02-15T16:28:07+08:00,2020-02-15T16:21:14+08:00,True,10.0,1874.0,7311.0,116.441168,39.881283,116.469267,39.863476
highest_fee_baseline,highest_fee_baseline_w000867,6000000000000006478,37,Super Stacker,2020-02-15T16:35:43+08:00,2020-02-15T17:47:43+08:00,2020-02-15T16:50:54+08:00,True,6.0,1254.0,4724.0,116.45885,39.879072,116.461717,39.888316
highest_fee_baseline,highest_fee_baseline_w000914,6000000000000006281,37,Super Stacker,2020-02-15T16:40:24+08:00,2020-02-15T17:15:24+08:00,2020-02-15T17:15:25+08:00,False,6.0,925.0,3353.0,116.468524,39.893045,116.449177,39.895396
highest_fee_baseline,highest_fee_baseline_w000958,6000000000000006451,37,Super Stacker,2020-02-15T17:09:02+08:00,2020-02-15T17:56:02+08:00,2020-02-15T17:43:00+08:00,True,6.0,780.0,2753.0,116.450747,39.894526,116.447267,39.883216
highest_fee_baseline,highest_fee_baseline_w001004,6000000000000006804,37,Super Stacker,2020-02-15T17:24:18+08:00,2020-02-15T18:27:18+08:00,2020-02-15T18:14:40+08:00,True,6.0,1480.0,5667.0,116.460707,39.883136,116.451987,39.858956
highest_fee_baseline,highest_fee_baseline_w001061,6000000000000007217,37,Super Stacker,2020-02-15T17:58:37+08:00,2020-02-15T18:59:37+08:00,2020-02-15T18:39:56+08:00,True,6.0,1196.0,4483.0,116.436984,39.856458,116.451527,39.850306
highest_fee_baseline,highest_fee_baseline_w001090,6000000000000008352,37,Super Stacker,2020-02-15T18:43:04+08:00,2020-02-15T19:35:04+08:00,2020-02-15T19:03:30+08:00,True,6.0,1410.0,5374.0,116.439057,39.840946,116.421007,39.844486
highest_fee_baseline,highest_fee_baseline_w001133,6000000000000007799,37,Super Stacker,2020-02-15T18:57:38+08:00,2020-02-15T19:39:38+08:00,2020-02-15T19:25:49+08:00,True,6.0,949.0,3457.0,116.420153,39.845391,116.437227,39.837826
highest_fee_baseline,highest_fee_baseline_w001168,6000000000000007960,37,Super Stacker,2020-02-15T19:12:03+08:00,2020-02-15T19:46:03+08:00,2020-02-15T19:54:10+08:00,False,3.0,1450.0,5542.0,116.439057,39.840946,116.438207,39.842146
highest_fee_baseline,highest_fee_baseline_w001220,6000000000000008589,37,Super Stacker,2020-02-15T19:37:57+08:00,2020-02-15T20:28:57+08:00,2020-02-15T20:20:28+08:00,True,3.0,1228.0,4620.0,116.417238,39.844604,116.422057,39.840516
highest_fee_baseline,highest_fee_baseline_w000004,6000000000000000557,38,Super Stacker,2020-02-15T08:04:41+08:00,2020-02-15T10:45:00+08:00,2020-02-15T08:14:42+08:00,True,3.0,882.0,3178.0,116.464045,39.89318,116.463927,39.885486
highest_fee_baseline,highest_fee_baseline_w000015,6000000000000000502,38,Super Stacker,2020-02-15T08:21:43+08:00,2020-02-15T09:01:43+08:00,2020-02-15T08:35:14+08:00,True,6.0,914.0,3310.0,116.45922600000002,39.890149,116.461037,39.873846
highest_fee_baseline,highest_fee_baseline_w000042,6000000000000000224,38,Super Stacker,2020-02-15T08:44:34+08:00,2020-02-15T11:44:34+08:00,2020-02-15T08:57:29+08:00,True,6.0,1049.0,3868.0,116.452478,39.884308,116.452617,39.874746
highest_fee_baseline,highest_fee_baseline_w000064,6000000000000000633,38,Super Stacker,2020-02-15T09:04:00+08:00,2020-02-15T12:04:00+08:00,2020-02-15T09:15:59+08:00,True,3.0,959.0,3498.0,116.452478,39.884308,116.446417,39.876986
highest_fee_baseline,highest_fee_baseline_w000089,6000000000000000530,38,Super Stacker,2020-02-15T09:15:03+08:00,2020-02-15T12:15:03+08:00,2020-02-15T09:40:24+08:00,True,6.0,1224.0,4599.0,116.452478,39.884308,116.468137,39.897316
highest_fee_baseline,highest_fee_baseline_w000144,6000000000000000538,38,Super Stacker,2020-02-15T09:55:33+08:00,2020-02-15T10:25:33+08:00,2020-02-15T10:07:39+08:00,True,6.0,1059.0,3911.0,116.452933,39.893163,116.466657,39.888636
highest_fee_baseline,highest_fee_baseline_w000169,6000000000000000824,38,Super Stacker,2020-02-15T10:04:12+08:00,2020-02-15T10:43:12+08:00,2020-02-15T10:33:07+08:00,True,6.0,1387.0,5280.0,116.45922600000002,39.890149,116.437217,39.878096
highest_fee_baseline,highest_fee_baseline_w000223,6000000000000000986,38,Super Stacker,2020-02-15T10:34:57+08:00,2020-02-15T11:40:57+08:00,2020-02-15T11:02:45+08:00,True,6.0,1365.0,5185.0,116.444694,39.879636,116.437697,39.895686
highest_fee_baseline,highest_fee_baseline_w000309,6000000000000001959,38,Super Stacker,2020-02-15T11:17:22+08:00,2020-02-15T11:47:22+08:00,2020-02-15T11:34:15+08:00,True,3.0,855.0,3060.0,116.45064800000002,39.896061,116.446337,39.897106
highest_fee_baseline,highest_fee_baseline_w000339,6000000000000001496,38,Super Stacker,2020-02-15T11:23:24+08:00,2020-02-15T11:53:24+08:00,2020-02-15T11:53:29+08:00,False,6.0,809.0,2868.0,116.450157,39.892116,116.445877,39.881076
highest_fee_baseline,highest_fee_baseline_w000390,6000000000000002375,38,Super Stacker,2020-02-15T11:39:11+08:00,2020-02-15T12:22:11+08:00,2020-02-15T12:17:13+08:00,True,6.0,1033.0,3805.0,116.456461,39.88223,116.431497,39.882586
highest_fee_baseline,highest_fee_baseline_w000428,6000000000000002417,38,Super Stacker,2020-02-15T11:56:22+08:00,2020-02-15T12:35:22+08:00,2020-02-15T12:38:03+08:00,False,6.0,1083.0,4013.0,116.44568,39.8839,116.465867,39.881446
highest_fee_baseline,highest_fee_baseline_w000467,6000000000000003231,38,Super Stacker,2020-02-15T12:16:58+08:00,2020-02-15T12:55:58+08:00,2020-02-15T12:59:13+08:00,False,6.0,1153.0,4303.0,116.459747,39.890366,116.438977,39.891376
highest_fee_baseline,highest_fee_baseline_w000529,6000000000000004067,38,Super Stacker,2020-02-15T12:52:08+08:00,2020-02-15T13:22:09+08:00,2020-02-15T13:25:26+08:00,False,6.0,926.0,3358.0,116.450157,39.892116,116.465117,39.889156
highest_fee_baseline,highest_fee_baseline_w000564,6000000000000004101,38,Super Stacker,2020-02-15T13:02:53+08:00,2020-02-15T13:43:53+08:00,2020-02-15T13:45:22+08:00,False,3.0,922.0,3344.0,116.451973,39.889367,116.455027,39.889336
highest_fee_baseline,highest_fee_baseline_w000593,6000000000000004048,38,Super Stacker,2020-02-15T13:24:34+08:00,2020-02-15T14:07:34+08:00,2020-02-15T14:01:59+08:00,True,6.0,719.0,2494.0,116.455387,39.890386,116.471717,39.898806
highest_fee_baseline,highest_fee_baseline_w000637,6000000000000004773,38,Super Stacker,2020-02-15T13:42:50+08:00,2020-02-15T14:31:50+08:00,2020-02-15T14:31:26+08:00,True,6.0,1286.0,4855.0,116.469127,39.909206,116.467417,39.925076
highest_fee_baseline,highest_fee_baseline_w000693,6000000000000004923,38,Super Stacker,2020-02-15T14:25:25+08:00,2020-02-15T15:50:25+08:00,2020-02-15T15:06:53+08:00,True,10.0,1613.0,6222.0,116.452698,39.920216,116.488037,39.927646
highest_fee_baseline,highest_fee_baseline_w000739,6000000000000005313,38,Super Stacker,2020-02-15T15:11:51+08:00,2020-02-15T15:48:51+08:00,2020-02-15T15:37:03+08:00,True,6.0,1623.0,6263.0,116.505391,39.927877,116.522177,39.923126
highest_fee_baseline,highest_fee_baseline_w000782,6000000000000005547,38,Super Stacker,2020-02-15T15:44:33+08:00,2020-02-15T16:34:33+08:00,2020-02-15T16:00:41+08:00,True,3.0,1241.0,4671.0,116.508379,39.923987,116.513117,39.919416
highest_fee_baseline,highest_fee_baseline_w000837,6000000000000006078,38,Super Stacker,2020-02-15T16:26:34+08:00,2020-02-15T17:23:34+08:00,2020-02-15T16:52:23+08:00,True,6.0,1943.0,7597.0,116.507775,39.923937,116.507577,39.944856
highest_fee_baseline,highest_fee_baseline_w000940,6000000000000007017,38,Super Stacker,2020-02-15T17:07:21+08:00,2020-02-15T20:06:21+08:00,2020-02-15T17:37:13+08:00,True,6.0,1633.0,6304.0,116.491472,39.932166,116.513767,39.922006
highest_fee_baseline,highest_fee_baseline_w000981,6000000000000006665,38,Super Stacker,2020-02-15T17:24:31+08:00,2020-02-15T18:25:31+08:00,2020-02-15T18:06:11+08:00,True,10.0,1571.0,6044.0,116.507333,39.920738,116.542587,39.920266
highest_fee_baseline,highest_fee_baseline_w001039,6000000000000007668,38,Super Stacker,2020-02-15T17:56:12+08:00,2020-02-15T19:08:12+08:00,2020-02-15T18:30:28+08:00,True,6.0,1228.0,4616.0,116.545654,39.915477,116.557627,39.905376
highest_fee_baseline,highest_fee_baseline_w001088,6000000000000007931,38,Super Stacker,2020-02-15T18:41:15+08:00,2020-02-15T19:30:15+08:00,2020-02-15T19:08:49+08:00,True,6.0,1729.0,6704.0,116.5584,39.915093,116.578427,39.931036
highest_fee_baseline,highest_fee_baseline_w001141,6000000000000008629,38,Super Stacker,2020-02-15T19:19:13+08:00,2020-02-15T19:50:13+08:00,2020-02-15T19:19:49+08:00,True,3.0,589.0,1952.0,116.589947,39.927625,116.591477,39.930646
highest_fee_baseline,highest_fee_baseline_w001169,6000000000000009047,38,Super Stacker,2020-02-15T19:37:35+08:00,2020-02-15T20:43:35+08:00,2020-02-15T19:47:06+08:00,True,6.0,1026.0,3775.0,116.591893,39.925213,116.567427,39.925906
highest_fee_baseline,highest_fee_baseline_w001202,6000000000000008941,38,Super Stacker,2020-02-15T19:53:13+08:00,2020-02-15T21:01:13+08:00,2020-02-15T20:11:59+08:00,True,6.0,1319.0,4998.0,116.578018,39.927644,116.556147,39.913436
highest_fee_baseline,highest_fee_baseline_w000047,6000000000000000387,39,Super Stacker,2020-02-15T08:40:53+08:00,2020-02-15T09:33:53+08:00,2020-02-15T09:15:50+08:00,True,6.0,2150.0,8458.0,116.332098,40.006788,116.327577,40.025756
highest_fee_baseline,highest_fee_baseline_w000114,6000000000000000219,39,Super Stacker,2020-02-15T09:05:14+08:00,2020-02-15T09:52:14+08:00,2020-02-15T09:48:57+08:00,True,3.0,1137.0,4238.0,116.327956,40.041184,116.335847,40.042826
highest_fee_baseline,highest_fee_baseline_w000139,6000000000000000468,39,Super Stacker,2020-02-15T09:49:35+08:00,2020-02-15T11:11:35+08:00,2020-02-15T10:12:07+08:00,True,6.0,1327.0,5027.0,116.327938,40.041177,116.334657,40.053376
highest_fee_baseline,highest_fee_baseline_w000196,6000000000000000536,39,Super Stacker,2020-02-15T09:50:53+08:00,2020-02-15T11:12:53+08:00,2020-02-15T10:47:45+08:00,True,6.0,1665.0,6438.0,116.327938,40.041177,116.318567,40.057896
highest_fee_baseline,highest_fee_baseline_w000254,6000000000000000842,39,Super Stacker,2020-02-15T10:30:34+08:00,2020-02-15T11:26:34+08:00,2020-02-15T11:17:34+08:00,True,6.0,1654.0,6393.0,116.303899,40.067199,116.302127,40.048646
highest_fee_baseline,highest_fee_baseline_w000306,6000000000000002227,39,Super Stacker,2020-02-15T11:06:49+08:00,2020-02-15T11:46:49+08:00,2020-02-15T11:41:07+08:00,True,6.0,1267.0,4780.0,116.293209,40.053724,116.302467,40.046936
highest_fee_baseline,highest_fee_baseline_w000370,6000000000000002200,39,Super Stacker,2020-02-15T11:31:30+08:00,2020-02-15T12:25:30+08:00,2020-02-15T12:12:20+08:00,True,6.0,1340.0,5083.0,116.291484,40.052133,116.301717,40.063566
highest_fee_baseline,highest_fee_baseline_w000421,6000000000000002424,39,Super Stacker,2020-02-15T12:06:03+08:00,2020-02-15T12:53:03+08:00,2020-02-15T12:40:50+08:00,True,6.0,1250.0,4709.0,116.30728,40.066116,116.300417,40.050676
highest_fee_baseline,highest_fee_baseline_w000492,6000000000000002690,39,Super Stacker,2020-02-15T12:33:51+08:00,2020-02-15T13:16:51+08:00,2020-02-15T13:07:56+08:00,True,6.0,1076.0,3987.0,116.291958,40.042893,116.299497,40.050156
highest_fee_baseline,highest_fee_baseline_w000522,6000000000000003416,39,Super Stacker,2020-02-15T12:51:33+08:00,2020-02-15T13:34:33+08:00,2020-02-15T13:26:05+08:00,True,6.0,965.0,3519.0,116.293209,40.053724,116.304207,40.048366
highest_fee_baseline,highest_fee_baseline_w000566,6000000000000003933,39,Super Stacker,2020-02-15T13:12:55+08:00,2020-02-15T13:45:55+08:00,2020-02-15T13:48:26+08:00,False,6.0,1106.0,4110.0,116.294008,40.041728,116.291987,40.053636
highest_fee_baseline,highest_fee_baseline_w000594,6000000000000004502,39,Super Stacker,2020-02-15T13:28:45+08:00,2020-02-15T14:07:45+08:00,2020-02-15T14:09:09+08:00,False,6.0,1149.0,4288.0,116.291484,40.052133,116.303907,40.062306
highest_fee_baseline,highest_fee_baseline_w000643,6000000000000004771,39,Super Stacker,2020-02-15T13:42:17+08:00,2020-02-15T14:23:17+08:00,2020-02-15T14:38:30+08:00,False,6.0,1710.0,6625.0,116.290371,40.052052,116.304237,40.062566
highest_fee_baseline,highest_fee_baseline_w000697,6000000000000005512,39,Super Stacker,2020-02-15T14:39:26+08:00,2020-02-15T17:39:26+08:00,2020-02-15T15:06:43+08:00,True,6.0,1603.0,6176.0,116.303914,40.048656,116.297587,40.056256
highest_fee_baseline,highest_fee_baseline_w000740,6000000000000005428,39,Super Stacker,2020-02-15T15:18:33+08:00,2020-02-15T16:15:33+08:00,2020-02-15T15:41:26+08:00,True,10.0,1886.0,7362.0,116.293857,40.041673,116.266627,40.065406
highest_fee_baseline,highest_fee_baseline_w000218,6000000000000000794,40,Super Stacker,2020-02-15T10:38:38+08:00,2020-02-15T11:19:38+08:00,2020-02-15T10:54:49+08:00,True,6.0,1489.0,5707.0,116.245371,39.888885,116.239457,39.874656
highest_fee_baseline,highest_fee_baseline_w000274,6000000000000001196,40,Super Stacker,2020-02-15T10:30:21+08:00,2020-02-15T11:30:21+08:00,2020-02-15T11:27:30+08:00,True,6.0,1650.0,6373.0,116.245371,39.888885,116.219057,39.875076
highest_fee_baseline,highest_fee_baseline_w000335,6000000000000002524,40,Super Stacker,2020-02-15T11:32:23+08:00,2020-02-15T12:29:23+08:00,2020-02-15T11:53:27+08:00,True,6.0,1407.0,5359.0,116.24185500000002,39.874994,116.245637,39.890256
highest_fee_baseline,highest_fee_baseline_w000389,6000000000000002542,40,Super Stacker,2020-02-15T11:46:20+08:00,2020-02-15T12:22:20+08:00,2020-02-15T12:21:38+08:00,True,6.0,1298.0,4910.0,116.253722,39.888777,116.243867,39.877706
highest_fee_baseline,highest_fee_baseline_w000452,6000000000000003031,40,Super Stacker,2020-02-15T12:07:31+08:00,2020-02-15T12:51:31+08:00,2020-02-15T12:51:11+08:00,True,6.0,1271.0,4793.0,116.244971,39.888776,116.223687,39.905526
highest_fee_baseline,highest_fee_baseline_w000504,6000000000000003667,40,Super Stacker,2020-02-15T12:35:09+08:00,2020-02-15T15:35:09+08:00,2020-02-15T13:10:46+08:00,True,3.0,646.0,2193.0,116.216416,39.904877,116.214137,39.897916
highest_fee_baseline,highest_fee_baseline_w000545,6000000000000004402,40,Super Stacker,2020-02-15T13:25:47+08:00,2020-02-15T16:25:47+08:00,2020-02-15T13:39:58+08:00,True,6.0,1198.0,4493.0,116.216416,39.904877,116.232187,39.892176
highest_fee_baseline,highest_fee_baseline_w000586,6000000000000004051,40,Super Stacker,2020-02-15T13:26:15+08:00,2020-02-15T14:02:15+08:00,2020-02-15T14:01:24+08:00,True,6.0,1284.0,4847.0,116.246047,39.888859,116.239657,39.873486
highest_fee_baseline,highest_fee_baseline_w000628,6000000000000004696,40,Super Stacker,2020-02-15T14:17:28+08:00,2020-02-15T15:14:28+08:00,2020-02-15T14:25:26+08:00,True,6.0,926.0,3356.0,116.24185500000002,39.874994,116.249567,39.887466
highest_fee_baseline,highest_fee_baseline_w000677,6000000000000004853,40,Super Stacker,2020-02-15T14:24:31+08:00,2020-02-15T15:20:31+08:00,2020-02-15T14:55:36+08:00,True,6.0,1536.0,5902.0,116.24185500000002,39.874994,116.248937,39.887596
highest_fee_baseline,highest_fee_baseline_w000812,6000000000000006473,40,Super Stacker,2020-02-15T16:03:41+08:00,2020-02-15T19:03:41+08:00,2020-02-15T16:24:29+08:00,True,6.0,1469.0,5622.0,116.241422,39.889506,116.259847,39.903866
highest_fee_baseline,highest_fee_baseline_w000858,6000000000000005763,40,Super Stacker,2020-02-15T16:13:05+08:00,2020-02-15T16:59:05+08:00,2020-02-15T16:49:48+08:00,True,6.0,1188.0,4450.0,116.254673,39.89927,116.229017,39.889016
highest_fee_baseline,highest_fee_baseline_w000900,6000000000000005966,40,Super Stacker,2020-02-15T16:42:35+08:00,2020-02-15T17:16:35+08:00,2020-02-15T17:04:24+08:00,True,6.0,864.0,3103.0,116.24532,39.888758,116.257177,39.893856
highest_fee_baseline,highest_fee_baseline_w000934,6000000000000006028,40,Super Stacker,2020-02-15T16:42:34+08:00,2020-02-15T17:25:34+08:00,2020-02-15T17:25:04+08:00,True,6.0,904.0,3265.0,116.24532,39.888758,116.254847,39.894676
highest_fee_baseline,highest_fee_baseline_w000972,6000000000000006461,40,Super Stacker,2020-02-15T17:14:31+08:00,2020-02-15T18:15:31+08:00,2020-02-15T17:58:11+08:00,True,6.0,1691.0,6548.0,116.255405,39.87963,116.251117,39.863036
highest_fee_baseline,highest_fee_baseline_w001080,6000000000000008424,40,Super Stacker,2020-02-15T18:37:00+08:00,2020-02-15T19:17:00+08:00,2020-02-15T18:56:36+08:00,True,6.0,1596.0,6149.0,116.255246,39.879629,116.236877,39.864296
highest_fee_baseline,highest_fee_baseline_w001175,6000000000000008591,40,Super Stacker,2020-02-15T19:39:25+08:00,2020-02-15T20:13:25+08:00,2020-02-15T19:51:40+08:00,True,6.0,1300.0,4920.0,116.24185500000002,39.874994,116.252747,39.891976
highest_fee_baseline,highest_fee_baseline_w001211,6000000000000008550,40,Super Stacker,2020-02-15T19:54:55+08:00,2020-02-15T20:39:55+08:00,2020-02-15T20:14:38+08:00,True,6.0,878.0,3158.0,116.254311,39.893033,116.265367,39.887046
highest_fee_baseline,highest_fee_baseline_w000055,6000000000000000393,41,Super Stacker,2020-02-15T08:59:02+08:00,2020-02-15T10:01:02+08:00,2020-02-15T09:14:53+08:00,True,6.0,1493.0,5721.0,116.302092,40.03364,116.281387,40.024656
highest_fee_baseline,highest_fee_baseline_w000102,6000000000000000262,41,Super Stacker,2020-02-15T09:23:30+08:00,2020-02-15T10:19:30+08:00,2020-02-15T09:45:29+08:00,True,6.0,1529.0,5872.0,116.301115,40.028892,116.272567,40.017456
highest_fee_baseline,highest_fee_baseline_w000228,6000000000000000999,41,Super Stacker,2020-02-15T10:47:07+08:00,2020-02-15T11:34:07+08:00,2020-02-15T11:02:46+08:00,True,6.0,1366.0,5191.0,116.260887,40.013524,116.280477,40.018506
highest_fee_baseline,highest_fee_baseline_w000292,6000000000000002056,41,Super Stacker,2020-02-15T11:19:24+08:00,2020-02-15T12:08:24+08:00,2020-02-15T11:36:11+08:00,True,6.0,1571.0,6047.0,116.260887,40.013524,116.288697,40.023006
highest_fee_baseline,highest_fee_baseline_w000353,6000000000000001958,41,Super Stacker,2020-02-15T11:16:55+08:00,2020-02-15T12:10:55+08:00,2020-02-15T12:19:22+08:00,False,10.0,2362.0,9342.0,116.298804,40.035314,116.260097,40.035726
highest_fee_baseline,highest_fee_baseline_w000425,6000000000000003355,41,Super Stacker,2020-02-15T12:19:31+08:00,2020-02-15T12:55:31+08:00,2020-02-15T12:46:52+08:00,True,6.0,1612.0,6216.0,116.265934,40.028383,116.254087,40.045696
highest_fee_baseline,highest_fee_baseline_w000482,6000000000000003554,41,Super Stacker,2020-02-15T12:24:50+08:00,2020-02-15T13:14:50+08:00,2020-02-15T13:08:34+08:00,True,6.0,1114.0,4144.0,116.254561,40.049781,116.268147,40.066266
highest_fee_baseline,highest_fee_baseline_w000852,6000000000000005946,41,Super Stacker,2020-02-15T16:31:29+08:00,2020-02-15T17:09:29+08:00,2020-02-15T16:42:27.312500+08:00,True,6.0,747.31,2612.0,116.268126,40.066303,116.259967,40.073106
highest_fee_baseline,highest_fee_baseline_w000920,6000000000000006698,41,Super Stacker,2020-02-15T16:55:08+08:00,2020-02-15T17:31:08+08:00,2020-02-15T17:18:21+08:00,True,6.0,1101.0,4088.0,116.239082,40.072874,116.258597,40.075376
highest_fee_baseline,highest_fee_baseline_w000948,6000000000000006990,41,Super Stacker,2020-02-15T17:11:38+08:00,2020-02-15T17:56:38+08:00,2020-02-15T17:47:45+08:00,True,6.0,1665.0,6436.0,116.251831,40.08469,116.235837,40.061976
highest_fee_baseline,highest_fee_baseline_w001006,6000000000000007581,41,Super Stacker,2020-02-15T17:48:18+08:00,2020-02-15T18:26:18+08:00,2020-02-15T18:10:11+08:00,True,6.0,1211.0,4546.0,116.237724,40.073266,116.226047,40.083136
highest_fee_baseline,highest_fee_baseline_w001063,6000000000000007500,41,Super Stacker,2020-02-15T17:56:33+08:00,2020-02-15T18:34:33+08:00,2020-02-15T18:42:24+08:00,False,6.0,1344.0,5101.0,116.237724,40.073266,116.224707,40.081546
highest_fee_baseline,highest_fee_baseline_w001099,6000000000000007798,41,Super Stacker,2020-02-15T18:57:30+08:00,2020-02-15T19:52:30+08:00,2020-02-15T19:04:31+08:00,True,6.0,871.0,3127.0,116.226866,40.084679,116.250147,40.086516
highest_fee_baseline,highest_fee_baseline_w001134,6000000000000007897,41,Super Stacker,2020-02-15T19:01:12+08:00,2020-02-15T19:38:12+08:00,2020-02-15T19:35:41+08:00,True,6.0,1541.0,5919.0,116.251831,40.08469,116.229007,40.094086
highest_fee_baseline,highest_fee_baseline_w000029,6000000000000000616,42,Super Stacker,2020-02-15T08:31:10+08:00,2020-02-15T11:31:10+08:00,2020-02-15T08:47:57+08:00,True,6.0,1077.0,3987.0,116.323448,39.971733,116.323797,39.988076
highest_fee_baseline,highest_fee_baseline_w000057,6000000000000000261,42,Super Stacker,2020-02-15T08:50:29+08:00,2020-02-15T10:45:00+08:00,2020-02-15T09:10:20+08:00,True,6.0,1220.0,4584.0,116.306018,39.97894,116.318127,39.990116
highest_fee_baseline,highest_fee_baseline_w000100,6000000000000000735,42,Super Stacker,2020-02-15T09:16:57+08:00,2020-02-15T12:16:57+08:00,2020-02-15T09:52:01+08:00,True,10.0,1921.0,7506.0,116.306018,39.97894,116.322767,40.010126
highest_fee_baseline,highest_fee_baseline_w000183,6000000000000000893,42,Super Stacker,2020-02-15T10:15:20+08:00,2020-02-15T11:15:00+08:00,2020-02-15T10:39:50+08:00,True,6.0,1790.0,6961.0,116.343574,40.008209,116.357567,40.010666
highest_fee_baseline,highest_fee_baseline_w000233,6000000000000001440,42,Super Stacker,2020-02-15T10:44:13+08:00,2020-02-15T13:14:13+08:00,2020-02-15T11:04:33+08:00,True,6.0,1473.0,5640.0,116.365086,39.995571,116.391127,40.003596
highest_fee_baseline,highest_fee_baseline_w000281,6000000000000001296,42,Super Stacker,2020-02-15T10:55:22+08:00,2020-02-15T11:36:22+08:00,2020-02-15T11:23:16+08:00,True,6.0,796.0,2816.0,116.386098,39.999121,116.375287,39.994736
highest_fee_baseline,highest_fee_baseline_w000330,6000000000000001858,42,Super Stacker,2020-02-15T11:10:53+08:00,2020-02-15T11:40:54+08:00,2020-02-15T11:50:49+08:00,False,6.0,1249.0,4701.0,116.360017,39.990636,116.373317,39.989966
highest_fee_baseline,highest_fee_baseline_w000392,6000000000000002996,42,Super Stacker,2020-02-15T11:47:00+08:00,2020-02-15T12:29:00+08:00,2020-02-15T12:25:35+08:00,True,6.0,1535.0,5897.0,116.383919,39.998791,116.362927,39.998206
highest_fee_baseline,highest_fee_baseline_w000455,6000000000000002646,42,Super Stacker,2020-02-15T12:02:08+08:00,2020-02-15T12:46:08+08:00,2020-02-15T12:56:05+08:00,False,6.0,1565.0,6019.0,116.383557,39.999316,116.358397,40.005156
highest_fee_baseline,highest_fee_baseline_w000512,6000000000000003850,42,Super Stacker,2020-02-15T12:37:12+08:00,2020-02-15T13:24:12+08:00,2020-02-15T13:23:38+08:00,True,6.0,1418.0,5408.0,116.342057,40.000316,116.355477,40.016366
highest_fee_baseline,highest_fee_baseline_w000573,6000000000000004501,42,Super Stacker,2020-02-15T13:28:21+08:00,2020-02-15T14:06:21+08:00,2020-02-15T13:59:27+08:00,True,6.0,1767.0,6862.0,116.355151,40.031513,116.341617,40.049236
highest_fee_baseline,highest_fee_baseline_w000614,6000000000000004379,42,Super Stacker,2020-02-15T13:43:50+08:00,2020-02-15T14:24:50+08:00,2020-02-15T14:17:36+08:00,True,6.0,1056.0,3901.0,116.347929,40.044617,116.348897,40.030006
highest_fee_baseline,highest_fee_baseline_w000654,6000000000000004546,42,Super Stacker,2020-02-15T14:06:15+08:00,2020-02-15T14:46:15+08:00,2020-02-15T14:40:43+08:00,True,6.0,1243.0,4679.0,116.340558,40.034998,116.311807,40.040916
highest_fee_baseline,highest_fee_baseline_w000702,6000000000000005213,42,Super Stacker,2020-02-15T14:24:21+08:00,2020-02-15T15:01:21+08:00,2020-02-15T15:07:15+08:00,False,6.0,1035.0,3816.0,116.309362,40.031629,116.333017,40.030846
highest_fee_baseline,highest_fee_baseline_w000737,6000000000000005174,42,Super Stacker,2020-02-15T14:53:22+08:00,2020-02-15T15:26:22+08:00,2020-02-15T15:25:06+08:00,True,6.0,906.0,3276.0,116.3398,40.042487,116.336687,40.051876
highest_fee_baseline,highest_fee_baseline_w000766,6000000000000005274,42,Super Stacker,2020-02-15T15:24:29+08:00,2020-02-15T16:03:29+08:00,2020-02-15T15:50:03+08:00,True,6.0,1203.0,4514.0,116.3398,40.042487,116.358957,40.037476
highest_fee_baseline,highest_fee_baseline_w000807,6000000000000005484,42,Super Stacker,2020-02-15T15:43:36+08:00,2020-02-15T16:54:36+08:00,2020-02-15T16:17:42+08:00,True,6.0,1062.0,3925.0,116.360193,40.036036,116.343537,40.035586
highest_fee_baseline,highest_fee_baseline_w000836,6000000000000005764,42,Super Stacker,2020-02-15T16:13:23+08:00,2020-02-15T16:57:23+08:00,2020-02-15T16:42:58+08:00,True,6.0,1378.0,5243.0,116.344266,40.040946,116.317797,40.045706
highest_fee_baseline,highest_fee_baseline_w000905,6000000000000006267,42,Super Stacker,2020-02-15T16:31:56+08:00,2020-02-15T17:17:56+08:00,2020-02-15T17:22:47+08:00,False,10.0,1967.0,7695.0,116.309362,40.031629,116.267127,40.030656
highest_fee_baseline,highest_fee_baseline_w000968,6000000000000006434,42,Super Stacker,2020-02-15T17:03:20+08:00,2020-02-15T17:50:20+08:00,2020-02-15T17:59:01+08:00,False,6.0,1741.0,6754.0,116.261576,40.019582,116.272987,40.000986
highest_fee_baseline,highest_fee_baseline_w001019,6000000000000006946,42,Super Stacker,2020-02-15T17:30:22+08:00,2020-02-15T18:14:22+08:00,2020-02-15T18:50:34+08:00,False,3.0,3034.0,12139.0,116.280517,39.996866,116.279677,39.992676
highest_fee_baseline,highest_fee_baseline_w001208,6000000000000008651,42,Super Stacker,2020-02-15T19:54:16+08:00,2020-02-15T20:27:16+08:00,2020-02-15T20:13:33+08:00,True,3.0,1413.0,5388.0,116.296115,39.986164,116.302787,39.984736
highest_fee_baseline,highest_fee_baseline_w000008,6000000000000000386,43,Super Stacker,2020-02-15T08:09:24+08:00,2020-02-15T11:09:24+08:00,2020-02-15T08:31:46+08:00,True,6.0,1906.0,7442.0,116.435008,39.965337,116.435947,39.943836
highest_fee_baseline,highest_fee_baseline_w000039,6000000000000000553,43,Super Stacker,2020-02-15T08:15:37+08:00,2020-02-15T09:05:37+08:00,2020-02-15T08:59:21+08:00,True,6.0,1161.0,4337.0,116.434679,39.952347,116.428727,39.938696
highest_fee_baseline,highest_fee_baseline_w000067,6000000000000000246,43,Super Stacker,2020-02-15T08:38:26+08:00,2020-02-15T09:24:26+08:00,2020-02-15T09:15:14+08:00,True,3.0,914.0,3310.0,116.435,39.95137,116.438977,39.954046
highest_fee_baseline,highest_fee_baseline_w000093,6000000000000000565,43,Super Stacker,2020-02-15T09:02:45+08:00,2020-02-15T09:53:45+08:00,2020-02-15T09:41:58+08:00,True,6.0,1318.0,4993.0,116.439968,39.965399,116.428737,39.946466
highest_fee_baseline,highest_fee_baseline_w000142,6000000000000000535,43,Super Stacker,2020-02-15T09:50:15+08:00,2020-02-15T11:03:15+08:00,2020-02-15T10:14:18+08:00,True,6.0,1458.0,5575.0,116.436209,39.942536,116.430127,39.926306
highest_fee_baseline,highest_fee_baseline_w000208,6000000000000000757,43,Super Stacker,2020-02-15T10:19:43+08:00,2020-02-15T11:05:43+08:00,2020-02-15T10:52:22+08:00,True,6.0,1342.0,5093.0,116.421641,39.921455,116.405557,39.935626
highest_fee_baseline,highest_fee_baseline_w000259,6000000000000001371,43,Super Stacker,2020-02-15T10:32:23+08:00,2020-02-15T11:18:23+08:00,2020-02-15T11:22:10+08:00,False,6.0,1330.0,5042.0,116.40703200000002,39.938633,116.42856700000002,39.948036
highest_fee_baseline,highest_fee_baseline_w000329,6000000000000001647,43,Super Stacker,2020-02-15T11:10:44+08:00,2020-02-15T11:49:44+08:00,2020-02-15T11:56:21+08:00,False,6.0,1581.0,6086.0,116.417337,39.939709,116.427797,39.924996
highest_fee_baseline,highest_fee_baseline_w000396,6000000000000002222,43,Super Stacker,2020-02-15T11:36:35+08:00,2020-02-15T12:16:35+08:00,2020-02-15T12:22:54+08:00,False,6.0,1374.0,5225.0,116.422522,39.939235,116.398237,39.943156
highest_fee_baseline,highest_fee_baseline_w000443,6000000000000002859,43,Super Stacker,2020-02-15T12:05:11+08:00,2020-02-15T12:44:11+08:00,2020-02-15T12:49:28+08:00,False,6.0,1168.0,4370.0,116.406637,39.942133,116.402367,39.957766
highest_fee_baseline,highest_fee_baseline_w000505,6000000000000003924,43,Super Stacker,2020-02-15T12:47:57+08:00,2020-02-15T13:33:57+08:00,2020-02-15T13:15:28+08:00,True,6.0,928.0,3367.0,116.401464,39.964524,116.394707,39.955716
highest_fee_baseline,highest_fee_baseline_w000571,6000000000000004126,43,Super Stacker,2020-02-15T13:27:57+08:00,2020-02-15T14:14:57+08:00,2020-02-15T13:56:04+08:00,True,6.0,1564.0,6015.0,116.378997,39.962288,116.389587,39.945826
highest_fee_baseline,highest_fee_baseline_w000679,6000000000000004998,43,Super Stacker,2020-02-15T14:35:02+08:00,2020-02-15T15:17:02+08:00,2020-02-15T14:58:41+08:00,True,6.0,1721.0,6669.0,116.407267,39.936115,116.382117,39.924776
highest_fee_baseline,highest_fee_baseline_w000726,6000000000000005193,43,Super Stacker,2020-02-15T15:07:21+08:00,2020-02-15T15:58:21+08:00,2020-02-15T15:20:25+08:00,True,6.0,1225.0,4604.0,116.370202,39.911403,116.351187,39.911816
highest_fee_baseline,highest_fee_baseline_w000765,6000000000000005257,43,Super Stacker,2020-02-15T15:02:46+08:00,2020-02-15T15:50:46+08:00,2020-02-15T15:47:35+08:00,True,6.0,1055.0,3898.0,116.363328,39.912051,116.365747,39.894246
highest_fee_baseline,highest_fee_baseline_w000793,6000000000000005732,43,Super Stacker,2020-02-15T15:26:19+08:00,2020-02-15T16:03:19+08:00,2020-02-15T16:06:54+08:00,False,6.0,1014.0,3726.0,116.368573,39.901199,116.375287,39.890066
highest_fee_baseline,highest_fee_baseline_w000821,6000000000000005598,43,Super Stacker,2020-02-15T15:48:18+08:00,2020-02-15T16:35:18+08:00,2020-02-15T16:26:59+08:00,True,6.0,1019.0,3746.0,116.375177,39.887696,116.370637,39.896006
highest_fee_baseline,highest_fee_baseline_w000856,6000000000000005726,43,Super Stacker,2020-02-15T16:11:22+08:00,2020-02-15T16:58:22+08:00,2020-02-15T16:46:16+08:00,True,6.0,976.0,3570.0,116.364226,39.895926,116.357517,39.880176
highest_fee_baseline,highest_fee_baseline_w000896,6000000000000005950,43,Super Stacker,2020-02-15T16:32:13+08:00,2020-02-15T17:14:13+08:00,2020-02-15T17:10:53+08:00,True,6.0,1253.0,4719.0,116.348251,39.888003,116.357237,39.899886
highest_fee_baseline,highest_fee_baseline_w000959,6000000000000006935,43,Super Stacker,2020-02-15T17:11:20+08:00,2020-02-15T18:06:20+08:00,2020-02-15T17:45:26+08:00,True,6.0,926.0,3358.0,116.353878,39.903315,116.345797,39.920046
highest_fee_baseline,highest_fee_baseline_w000993,6000000000000006884,43,Super Stacker,2020-02-15T17:25:17+08:00,2020-02-15T18:11:17+08:00,2020-02-15T18:03:32+08:00,True,6.0,812.0,2881.0,116.349294,39.918768,116.334267,39.918656
highest_fee_baseline,highest_fee_baseline_w001044,6000000000000007593,43,Super Stacker,2020-02-15T17:54:21+08:00,2020-02-15T18:30:21+08:00,2020-02-15T18:27:46+08:00,True,6.0,1066.0,3941.0,116.347776,39.922938,116.331027,39.927536
highest_fee_baseline,highest_fee_baseline_w001093,6000000000000007521,43,Super Stacker,2020-02-15T18:13:12+08:00,2020-02-15T19:04:12+08:00,2020-02-15T19:00:37+08:00,True,6.0,1237.0,4654.0,116.342727,39.940105,116.338087,39.925556
highest_fee_baseline,highest_fee_baseline_w001139,6000000000000007772,43,Super Stacker,2020-02-15T18:41:21+08:00,2020-02-15T19:17:21+08:00,2020-02-15T19:29:21+08:00,False,6.0,1161.0,4340.0,116.347776,39.922938,116.330257,39.930696
highest_fee_baseline,highest_fee_baseline_w001172,6000000000000008564,43,Super Stacker,2020-02-15T19:09:44+08:00,2020-02-15T19:50:44+08:00,2020-02-15T19:53:01+08:00,False,6.0,1381.0,5252.0,116.320017,39.938226,116.331287,39.925246
highest_fee_baseline,highest_fee_baseline_w001219,6000000000000008597,43,Super Stacker,2020-02-15T19:42:51+08:00,2020-02-15T20:15:51+08:00,2020-02-15T20:18:41+08:00,False,6.0,1121.0,4170.0,116.34864,39.922954,116.335207,39.928966
highest_fee_baseline,highest_fee_baseline_w000074,6000000000000000575,44,Super Stacker,2020-02-15T09:17:19+08:00,2020-02-15T10:10:19+08:00,2020-02-15T09:36:11+08:00,True,6.0,1571.0,6044.0,116.35823200000002,39.834056,116.363037,39.813226
highest_fee_baseline,highest_fee_baseline_w000785,6000000000000005389,44,Super Stacker,2020-02-15T15:46:06+08:00,2020-02-15T16:34:06+08:00,2020-02-15T16:05:14+08:00,True,6.0,1514.0,5808.0,116.357464,39.800955,116.349327,39.808236
highest_fee_baseline,highest_fee_baseline_w000826,6000000000000006044,44,Super Stacker,2020-02-15T16:01:38+08:00,2020-02-15T17:05:38+08:00,2020-02-15T16:35:09+08:00,True,6.0,1509.0,5786.0,116.358352,39.812868,116.331527,39.810486
highest_fee_baseline,highest_fee_baseline_w001010,6000000000000007214,44,Super Stacker,2020-02-15T17:58:05+08:00,2020-02-15T19:00:06+08:00,2020-02-15T18:22:56+08:00,True,6.0,1976.0,7734.0,116.322892,39.798531,116.340737,39.789276
highest_fee_baseline,highest_fee_baseline_w001085,6000000000000007784,44,Super Stacker,2020-02-15T18:49:05+08:00,2020-02-15T19:49:05+08:00,2020-02-15T19:10:10+08:00,True,10.0,1810.0,7041.0,116.33190700000002,39.791936,116.324467,39.818476
highest_fee_baseline,highest_fee_baseline_w000001,6000000000000000177,45,Super Stacker,2020-02-15T08:01:41+08:00,2020-02-15T10:15:00+08:00,2020-02-15T08:19:57+08:00,True,6.0,1197.0,4485.0,116.408074,39.961742,116.377907,39.964606
highest_fee_baseline,highest_fee_baseline_w000027,6000000000000000439,45,Super Stacker,2020-02-15T08:39:38+08:00,2020-02-15T10:45:00+08:00,2020-02-15T08:36:04+08:00,True,3.0,364.0,1015.0,116.377946,39.960927,116.379477,39.961296
highest_fee_baseline,highest_fee_baseline_w000040,6000000000000000222,45,Super Stacker,2020-02-15T08:41:12+08:00,2020-02-15T11:15:00+08:00,2020-02-15T09:08:54+08:00,True,10.0,1734.0,6724.0,116.391958,39.966242,116.429327,39.959616
highest_fee_baseline,highest_fee_baseline_w000073,6000000000000000600,45,Super Stacker,2020-02-15T09:18:27+08:00,2020-02-15T12:17:27+08:00,2020-02-15T09:33:59+08:00,True,6.0,1439.0,5494.0,116.435008,39.965337,116.424377,39.981606
highest_fee_baseline,highest_fee_baseline_w000145,6000000000000000193,45,Super Stacker,2020-02-15T09:20:55+08:00,2020-02-15T10:00:55+08:00,2020-02-15T10:10:27+08:00,False,6.0,1227.0,4611.0,116.418206,39.993062,116.407097,39.981126
highest_fee_baseline,highest_fee_baseline_w000194,6000000000000000977,45,Super Stacker,2020-02-15T10:27:51+08:00,2020-02-15T10:58:51+08:00,2020-02-15T10:38:44+08:00,True,6.0,1124.0,4184.0,116.411727,39.992476,116.402997,40.001206
highest_fee_baseline,highest_fee_baseline_w000226,6000000000000000705,45,Super Stacker,2020-02-15T10:35:07+08:00,2020-02-15T11:27:07+08:00,2020-02-15T10:58:55+08:00,True,6.0,1135.0,4232.0,116.400121,39.993694,116.405837,40.007436
highest_fee_baseline,highest_fee_baseline_w000257,6000000000000001569,45,Super Stacker,2020-02-15T11:06:26+08:00,2020-02-15T11:57:26+08:00,2020-02-15T11:17:30+08:00,True,6.0,1050.0,3877.0,116.406029,40.005946,116.418617,39.982806
highest_fee_baseline,highest_fee_baseline_w000301,6000000000000001557,45,Super Stacker,2020-02-15T11:01:19+08:00,2020-02-15T11:42:19+08:00,2020-02-15T11:44:35+08:00,False,6.0,1475.0,5644.0,116.422237,39.989346,116.404927,39.976456
highest_fee_baseline,highest_fee_baseline_w000368,6000000000000002187,45,Super Stacker,2020-02-15T11:24:40+08:00,2020-02-15T12:07:40+08:00,2020-02-15T12:18:27+08:00,False,6.0,1707.0,6612.0,116.406793,39.985754,116.398247,39.993056
highest_fee_baseline,highest_fee_baseline_w000426,6000000000000002577,45,Super Stacker,2020-02-15T12:08:40+08:00,2020-02-15T12:43:40+08:00,2020-02-15T12:44:50+08:00,False,3.0,1490.0,5708.0,116.406793,39.985754,116.407947,39.985626
highest_fee_baseline,highest_fee_baseline_w000483,6000000000000003146,45,Super Stacker,2020-02-15T12:27:49+08:00,2020-02-15T12:57:49+08:00,2020-02-15T12:59:39+08:00,False,3.0,579.0,1915.0,116.413329,39.988372,116.413567,39.982126
highest_fee_baseline,highest_fee_baseline_w000499,6000000000000003065,45,Super Stacker,2020-02-15T12:41:29+08:00,2020-02-15T13:23:29+08:00,2020-02-15T13:11:38+08:00,True,6.0,698.0,2411.0,116.413313,39.979773,116.413607,39.988966
highest_fee_baseline,highest_fee_baseline_w000539,6000000000000003663,45,Super Stacker,2020-02-15T13:03:24+08:00,2020-02-15T13:33:24+08:00,2020-02-15T13:39:03+08:00,False,6.0,1143.0,4261.0,116.414643,39.986435,116.429437,39.985956
highest_fee_baseline,highest_fee_baseline_w000584,6000000000000004186,45,Super Stacker,2020-02-15T13:13:50+08:00,2020-02-15T13:47:50+08:00,2020-02-15T13:59:26+08:00,False,3.0,1166.0,4358.0,116.418347,39.99297,116.420047,39.989536
highest_fee_baseline,highest_fee_baseline_w000636,6000000000000004918,45,Super Stacker,2020-02-15T14:19:04+08:00,2020-02-15T14:55:04+08:00,2020-02-15T14:29:41+08:00,True,6.0,1181.0,4418.0,116.412847,39.998046,116.421387,39.984266
highest_fee_baseline,highest_fee_baseline_w000680,6000000000000004964,45,Super Stacker,2020-02-15T14:10:16+08:00,2020-02-15T14:48:16+08:00,2020-02-15T14:59:35+08:00,False,6.0,1775.0,6899.0,116.400042,39.991122,116.420627,39.985986
highest_fee_baseline,highest_fee_baseline_w000718,6000000000000005297,45,Super Stacker,2020-02-15T14:53:17+08:00,2020-02-15T15:27:17+08:00,2020-02-15T15:13:45+08:00,True,3.0,825.0,2937.0,116.411606,39.98756,116.412487,39.981146
highest_fee_baseline,highest_fee_baseline_w000747,6000000000000005312,45,Super Stacker,2020-02-15T15:11:40+08:00,2020-02-15T15:55:40+08:00,2020-02-15T15:34:16+08:00,True,6.0,856.0,3066.0,116.407213,39.980035,116.423727,39.977576
highest_fee_baseline,highest_fee_baseline_w000781,6000000000000005652,45,Super Stacker,2020-02-15T15:42:47+08:00,2020-02-15T16:20:47+08:00,2020-02-15T15:52:34+08:00,True,3.0,754.0,2645.0,116.42561200000002,39.968176,116.427727,39.964506
highest_fee_baseline,highest_fee_baseline_w000814,6000000000000005650,45,Super Stacker,2020-02-15T15:41:35+08:00,2020-02-15T16:22:35+08:00,2020-02-15T16:16:12+08:00,True,6.0,972.0,3549.0,116.42295,39.957621,116.402247,39.957726
highest_fee_baseline,highest_fee_baseline_w000842,6000000000000005491,45,Super Stacker,2020-02-15T15:53:48+08:00,2020-02-15T16:52:48+08:00,2020-02-15T16:42:14+08:00,True,6.0,1334.0,5059.0,116.406187,39.950046,116.399907,39.970996
highest_fee_baseline,highest_fee_baseline_w000899,6000000000000006170,45,Super Stacker,2020-02-15T16:49:23+08:00,2020-02-15T17:36:23+08:00,2020-02-15T17:10:14+08:00,True,6.0,1214.0,4557.0,116.407537,39.960876,116.401347,39.971726
highest_fee_baseline,highest_fee_baseline_w000952,6000000000000006306,45,Super Stacker,2020-02-15T16:59:26+08:00,2020-02-15T17:45:26+08:00,2020-02-15T17:40:23+08:00,True,6.0,1223.0,4596.0,116.40694,39.982801,116.393407,39.970346
highest_fee_baseline,highest_fee_baseline_w001001,6000000000000006660,45,Super Stacker,2020-02-15T17:20:51+08:00,2020-02-15T18:06:51+08:00,2020-02-15T18:05:15+08:00,True,6.0,915.0,3315.0,116.400436,39.965779,116.412787,39.966296
highest_fee_baseline,highest_fee_baseline_w001043,6000000000000007453,45,Super Stacker,2020-02-15T18:00:59+08:00,2020-02-15T18:46:59+08:00,2020-02-15T18:32:09+08:00,True,6.0,1329.0,5039.0,116.40052,39.966067,116.412217,39.953376
highest_fee_baseline,highest_fee_baseline_w001094,6000000000000007142,45,Super Stacker,2020-02-15T18:11:33+08:00,2020-02-15T18:47:33+08:00,2020-02-15T19:03:13+08:00,False,6.0,1393.0,5304.0,116.399947,39.940132,116.415217,39.933796
highest_fee_baseline,highest_fee_baseline_w001142,6000000000000008360,45,Super Stacker,2020-02-15T18:46:36+08:00,2020-02-15T19:21:36+08:00,2020-02-15T19:26:41+08:00,False,6.0,1001.0,3671.0,116.401902,39.932111,116.383677,39.931516
highest_fee_baseline,highest_fee_baseline_w001181,6000000000000008578,45,Super Stacker,2020-02-15T19:27:15+08:00,2020-02-15T20:02:15+08:00,2020-02-15T19:53:47+08:00,True,6.0,1427.0,5445.0,116.362749,39.937453,116.363367,39.914646
highest_fee_baseline,highest_fee_baseline_w001214,6000000000000008852,45,Super Stacker,2020-02-15T19:40:08+08:00,2020-02-15T20:15:08+08:00,2020-02-15T20:16:01+08:00,False,6.0,961.0,3507.0,116.353633,39.915485,116.364967,39.902546
highest_fee_baseline,highest_fee_baseline_w000119,6000000000000000733,46,Dinner-Peak Core,2020-02-15T09:44:49+08:00,2020-02-15T10:32:49+08:00,2020-02-15T09:59:28+08:00,True,6.0,1168.0,4368.0,116.486367,39.906436,116.493997,39.895416
highest_fee_baseline,highest_fee_baseline_w000154,6000000000000000729,46,Dinner-Peak Core,2020-02-15T09:42:14+08:00,2020-02-15T10:12:14+08:00,2020-02-15T10:09:34+08:00,True,3.0,574.0,1890.0,116.491245,39.891022,116.489267,39.893526
highest_fee_baseline,highest_fee_baseline_w000176,6000000000000000370,46,Dinner-Peak Core,2020-02-15T09:48:44+08:00,2020-02-15T11:15:00+08:00,2020-02-15T10:26:40+08:00,True,3.0,1000.0,3668.0,116.474775,39.88781,116.464817,39.886696
highest_fee_baseline,highest_fee_baseline_w000206,6000000000000000896,46,Dinner-Peak Core,2020-02-15T10:16:33+08:00,2020-02-15T10:58:33+08:00,2020-02-15T10:47:27+08:00,True,6.0,1047.0,3863.0,116.468527,39.893047,116.455047,39.893506
highest_fee_baseline,highest_fee_baseline_w000258,6000000000000000982,46,Dinner-Peak Core,2020-02-15T10:32:51+08:00,2020-02-15T11:02:51+08:00,2020-02-15T11:12:06+08:00,False,3.0,726.0,2524.0,116.452933,39.893163,116.452247,39.885326
highest_fee_baseline,highest_fee_baseline_w000310,6000000000000001928,46,Dinner-Peak Core,2020-02-15T11:02:18+08:00,2020-02-15T11:46:18+08:00,2020-02-15T11:42:20+08:00,True,6.0,1340.0,5083.0,116.454818,39.874982,116.472617,39.869066
highest_fee_baseline,highest_fee_baseline_w000420,6000000000000002857,46,Dinner-Peak Core,2020-02-15T12:05:05+08:00,2020-02-15T12:58:05+08:00,2020-02-15T12:32:41+08:00,True,6.0,1361.0,5168.0,116.452396,39.873208,116.442767,39.884056
highest_fee_baseline,highest_fee_baseline_w000489,6000000000000003463,46,Dinner-Peak Core,2020-02-15T12:31:35+08:00,2020-02-15T13:02:35+08:00,2020-02-15T13:05:26+08:00,False,3.0,926.0,3358.0,116.440076,39.875063,116.440507,39.868896
highest_fee_baseline,highest_fee_baseline_w000536,6000000000000003564,46,Dinner-Peak Core,2020-02-15T12:45:02+08:00,2020-02-15T13:52:02+08:00,2020-02-15T13:34:48+08:00,True,6.0,1488.0,5697.0,116.459463,39.879055,116.433577,39.883236
highest_fee_baseline,highest_fee_baseline_w000583,6000000000000004628,46,Dinner-Peak Core,2020-02-15T13:19:17+08:00,2020-02-15T13:59:17+08:00,2020-02-15T14:03:59+08:00,False,6.0,1439.0,5494.0,116.422416,39.88555,116.445777,39.898296
highest_fee_baseline,highest_fee_baseline_w000631,6000000000000004722,46,Dinner-Peak Core,2020-02-15T13:52:24+08:00,2020-02-15T14:35:24+08:00,2020-02-15T14:24:31+08:00,True,6.0,871.0,3128.0,116.450679,39.894508,116.444127,39.884896
highest_fee_baseline,highest_fee_baseline_w000665,6000000000000004795,46,Dinner-Peak Core,2020-02-15T14:02:57+08:00,2020-02-15T14:49:57+08:00,2020-02-15T14:48:19+08:00,True,6.0,1099.0,4081.0,116.44576800000002,39.884215,116.475277,39.895546
highest_fee_baseline,highest_fee_baseline_w000705,6000000000000004943,46,Dinner-Peak Core,2020-02-15T14:41:35+08:00,2020-02-15T15:19:35+08:00,2020-02-15T15:06:26+08:00,True,6.0,986.0,3609.0,116.467034,39.885093,116.476007,39.893086
highest_fee_baseline,highest_fee_baseline_w000730,6000000000000004767,46,Dinner-Peak Core,2020-02-15T14:53:17+08:00,2020-02-15T15:53:18+08:00,2020-02-15T15:27:43+08:00,True,6.0,1063.0,3928.0,116.482366,39.899495,116.471897,39.886936
highest_fee_baseline,highest_fee_baseline_w000772,6000000000000005621,46,Dinner-Peak Core,2020-02-15T15:02:39+08:00,2020-02-15T15:52:39+08:00,2020-02-15T15:53:01+08:00,False,6.0,1381.0,5251.0,116.460902,39.873657,116.440707,39.876266
highest_fee_baseline,highest_fee_baseline_w000815,6000000000000005748,46,Dinner-Peak Core,2020-02-15T15:57:43+08:00,2020-02-15T16:33:43+08:00,2020-02-15T16:22:11+08:00,True,6.0,1331.0,5046.0,116.44576800000002,39.884215,116.457167,39.893896
highest_fee_baseline,highest_fee_baseline_w000854,6000000000000006179,46,Dinner-Peak Core,2020-02-15T16:10:25+08:00,2020-02-15T16:40:25+08:00,2020-02-15T16:38:48+08:00,True,3.0,528.0,1700.0,116.452933,39.893163,116.454367,39.896246
highest_fee_baseline,highest_fee_baseline_w000870,6000000000000005993,46,Dinner-Peak Core,2020-02-15T16:10:01+08:00,2020-02-15T16:40:01+08:00,2020-02-15T16:47:55+08:00,False,3.0,475.0,1483.0,116.45064800000002,39.896061,116.457717,39.897596
highest_fee_baseline,highest_fee_baseline_w000893,6000000000000006073,46,Dinner-Peak Core,2020-02-15T16:24:09+08:00,2020-02-15T17:04:09+08:00,2020-02-15T17:05:56+08:00,False,6.0,956.0,3481.0,116.459747,39.890366,116.446477,39.883186
highest_fee_baseline,highest_fee_baseline_w000926,6000000000000006557,46,Dinner-Peak Core,2020-02-15T16:47:28+08:00,2020-02-15T17:42:28+08:00,2020-02-15T17:22:03+08:00,True,6.0,723.0,2510.0,116.45011,39.880896,116.443407,39.893506
highest_fee_baseline,highest_fee_baseline_w000980,6000000000000006467,46,Dinner-Peak Core,2020-02-15T17:16:25+08:00,2020-02-15T17:55:25+08:00,2020-02-15T17:49:22+08:00,True,3.0,562.0,1843.0,116.438879,39.891925,116.439277,39.885946
highest_fee_baseline,highest_fee_baseline_w000994,6000000000000007245,46,Dinner-Peak Core,2020-02-15T17:44:51+08:00,2020-02-15T18:27:51+08:00,2020-02-15T18:04:41+08:00,True,6.0,881.0,3169.0,116.44116,39.882763,116.428557,39.873876
highest_fee_baseline,highest_fee_baseline_w001042,6000000000000006964,46,Dinner-Peak Core,2020-02-15T17:40:46+08:00,2020-02-15T18:31:46+08:00,2020-02-15T18:33:22+08:00,False,6.0,1402.0,5343.0,116.425405,39.865176,116.421027,39.844976
highest_fee_baseline,highest_fee_baseline_w001091,6000000000000007298,46,Dinner-Peak Core,2020-02-15T18:24:59+08:00,2020-02-15T19:12:59+08:00,2020-02-15T19:08:03+08:00,True,10.0,1683.0,6515.0,116.408176,39.855873,116.444757,39.867266
highest_fee_baseline,highest_fee_baseline_w001146,6000000000000008518,46,Dinner-Peak Core,2020-02-15T18:57:03+08:00,2020-02-15T19:57:03+08:00,2020-02-15T19:31:47+08:00,True,6.0,1307.0,4943.0,116.425387,39.864556,116.414297,39.849516
highest_fee_baseline,highest_fee_baseline_w001196,6000000000000008542,46,Dinner-Peak Core,2020-02-15T19:40:39+08:00,2020-02-15T20:56:39+08:00,2020-02-15T20:07:59+08:00,True,6.0,1679.0,6495.0,116.425157,39.864796,116.443047,39.880176
highest_fee_baseline,highest_fee_baseline_w000021,6000000000000000612,47,Dinner-Peak Core,2020-02-15T08:23:01+08:00,2020-02-15T19:45:00+08:00,2020-02-15T08:45:58+08:00,True,6.0,1558.0,5994.0,116.132985,39.730869,116.162457,39.721366
highest_fee_baseline,highest_fee_baseline_w000096,6000000000000000457,47,Dinner-Peak Core,2020-02-15T09:29:57+08:00,2020-02-15T10:46:57+08:00,2020-02-15T09:32:51+08:00,True,3.0,771.0,2713.0,116.14645,39.721946,116.149457,39.721046
highest_fee_baseline,highest_fee_baseline_w000128,6000000000000000415,47,Dinner-Peak Core,2020-02-15T09:17:25+08:00,2020-02-15T10:30:00+08:00,2020-02-15T09:55:29+08:00,True,3.0,929.0,3369.0,116.132985,39.730869,116.134887,39.732826
highest_fee_baseline,highest_fee_baseline_w000158,6000000000000000463,47,Dinner-Peak Core,2020-02-15T09:38:39+08:00,2020-02-15T10:34:39+08:00,2020-02-15T10:21:59+08:00,True,6.0,1319.0,4996.0,116.126422,39.732806,116.138907,39.719296
highest_fee_baseline,highest_fee_baseline_w000215,6000000000000000699,47,Dinner-Peak Core,2020-02-15T10:22:45+08:00,2020-02-15T11:17:45+08:00,2020-02-15T10:57:24+08:00,True,6.0,1644.0,6352.0,116.125583,39.729588,116.149607,39.731936
highest_fee_baseline,highest_fee_baseline_w000273,6000000000000001571,47,Dinner-Peak Core,2020-02-15T11:02:10+08:00,2020-02-15T11:59:10+08:00,2020-02-15T11:24:03+08:00,True,6.0,1443.0,5514.0,116.131704,39.727737,116.130907,39.748866
highest_fee_baseline,highest_fee_baseline_w000333,6000000000000001324,47,Dinner-Peak Core,2020-02-15T11:17:19+08:00,2020-02-15T12:06:19+08:00,2020-02-15T11:55:24+08:00,True,6.0,1524.0,5847.0,116.130865,39.734143,116.140897,39.721096
highest_fee_baseline,highest_fee_baseline_w000391,6000000000000003252,47,Dinner-Peak Core,2020-02-15T12:07:43+08:00,2020-02-15T13:06:43+08:00,2020-02-15T12:27:42+08:00,True,6.0,1662.0,6423.0,116.131589,39.727853,116.163317,39.723566
highest_fee_baseline,highest_fee_baseline_w000440,6000000000000003328,47,Dinner-Peak Core,2020-02-15T12:14:16+08:00,2020-02-15T12:57:16+08:00,2020-02-15T12:40:08+08:00,True,3.0,608.0,2033.0,116.159883,39.721425,116.148487,39.720506
highest_fee_baseline,highest_fee_baseline_w000488,6000000000000003632,47,Dinner-Peak Core,2020-02-15T12:47:09+08:00,2020-02-15T13:19:09+08:00,2020-02-15T13:02:52+08:00,True,6.0,772.0,2717.0,116.159934,39.721748,116.171787,39.719416
highest_fee_baseline,highest_fee_baseline_w000530,6000000000000004272,47,Dinner-Peak Core,2020-02-15T13:17:22+08:00,2020-02-15T13:54:22+08:00,2020-02-15T13:28:18+08:00,True,6.0,1098.0,4075.0,116.159934,39.721748,116.181987,39.720206
highest_fee_baseline,highest_fee_baseline_w000675,6000000000000005155,47,Dinner-Peak Core,2020-02-15T14:36:28+08:00,2020-02-15T15:25:28+08:00,2020-02-15T14:53:30+08:00,True,6.0,1410.0,5375.0,116.171999,39.73033,116.164537,39.747186
highest_fee_baseline,highest_fee_baseline_w000723,6000000000000004939,47,Dinner-Peak Core,2020-02-15T14:39:00+08:00,2020-02-15T15:44:00+08:00,2020-02-15T15:30:48+08:00,True,6.0,1848.0,7197.0,116.151137,39.755126,116.171167,39.765426
highest_fee_baseline,highest_fee_baseline_w000023,6000000000000000288,48,Dinner-Peak Core,2020-02-15T08:27:34+08:00,2020-02-15T10:45:00+08:00,2020-02-15T08:40:39+08:00,True,6.0,1239.0,4663.0,116.323719,39.875486,116.325777,39.892926
highest_fee_baseline,highest_fee_baseline_w000066,6000000000000000309,48,Dinner-Peak Core,2020-02-15T09:02:48+08:00,2020-02-15T10:00:48+08:00,2020-02-15T09:16:29+08:00,True,6.0,989.0,3620.0,116.326969,39.905982,116.339037,39.908756
highest_fee_baseline,highest_fee_baseline_w000095,6000000000000000613,48,Dinner-Peak Core,2020-02-15T08:53:13+08:00,2020-02-15T09:37:13+08:00,2020-02-15T09:40:28+08:00,False,6.0,1228.0,4620.0,116.353757,39.904099,116.336537,39.898966
highest_fee_baseline,highest_fee_baseline_w000146,6000000000000000950,48,Dinner-Peak Core,2020-02-15T09:59:28+08:00,2020-02-15T10:54:28+08:00,2020-02-15T10:13:07+08:00,True,3.0,1387.0,5280.0,116.335681,39.886558,116.333767,39.890366
highest_fee_baseline,highest_fee_baseline_w000197,6000000000000000493,48,Dinner-Peak Core,2020-02-15T10:10:02+08:00,2020-02-15T10:48:02+08:00,2020-02-15T10:40:45+08:00,True,6.0,1245.0,4687.0,116.349196,39.896474,116.353407,39.883616
highest_fee_baseline,highest_fee_baseline_w000247,6000000000000001352,48,Dinner-Peak Core,2020-02-15T10:20:15+08:00,2020-02-15T11:13:15+08:00,2020-02-15T11:11:22+08:00,True,6.0,1282.0,4843.0,116.343601,39.877731,116.347677,39.863956
highest_fee_baseline,highest_fee_baseline_w000298,6000000000000001946,48,Dinner-Peak Core,2020-02-15T11:10:27+08:00,2020-02-15T12:02:27+08:00,2020-02-15T11:33:49+08:00,True,6.0,829.0,2954.0,116.345262,39.859614,116.333357,39.869766
highest_fee_baseline,highest_fee_baseline_w000356,6000000000000001506,48,Dinner-Peak Core,2020-02-15T11:26:47+08:00,2020-02-15T12:20:47+08:00,2020-02-15T12:07:34+08:00,True,10.0,1654.0,6388.0,116.354727,39.870891,116.349857,39.899796
highest_fee_baseline,highest_fee_baseline_w000407,6000000000000002625,48,Dinner-Peak Core,2020-02-15T11:40:27+08:00,2020-02-15T12:24:27+08:00,2020-02-15T12:23:05+08:00,True,6.0,785.0,2773.0,116.342826,39.894091,116.354697,39.898066
highest_fee_baseline,highest_fee_baseline_w000450,6000000000000002742,48,Dinner-Peak Core,2020-02-15T12:03:15+08:00,2020-02-15T12:51:15+08:00,2020-02-15T12:44:18+08:00,True,6.0,858.0,3078.0,116.348517,39.907678,116.341877,39.898226
highest_fee_baseline,highest_fee_baseline_w000484,6000000000000003861,48,Dinner-Peak Core,2020-02-15T12:40:47+08:00,2020-02-15T13:10:48+08:00,2020-02-15T13:07:18+08:00,True,6.0,1038.0,3824.0,116.337807,39.904236,116.321397,39.903866
highest_fee_baseline,highest_fee_baseline_w000526,6000000000000004415,48,Dinner-Peak Core,2020-02-15T13:15:56+08:00,2020-02-15T13:55:56+08:00,2020-02-15T13:35:15+08:00,True,6.0,1515.0,5812.0,116.326151,39.897137,116.342317,39.895166
highest_fee_baseline,highest_fee_baseline_w000585,6000000000000004278,48,Dinner-Peak Core,2020-02-15T13:22:03+08:00,2020-02-15T14:01:03+08:00,2020-02-15T14:06:18+08:00,False,6.0,1578.0,6074.0,116.331217,39.888086,116.337027,39.898776
highest_fee_baseline,highest_fee_baseline_w000635,6000000000000004840,48,Dinner-Peak Core,2020-02-15T13:59:38+08:00,2020-02-15T14:52:38+08:00,2020-02-15T14:35:22+08:00,True,6.0,1522.0,5839.0,116.326077,39.896926,116.325487,39.921726
highest_fee_baseline,highest_fee_baseline_w000694,6000000000000004865,48,Dinner-Peak Core,2020-02-15T14:31:49+08:00,2020-02-15T15:17:49+08:00,2020-02-15T15:03:59+08:00,True,6.0,1439.0,5495.0,116.337442,39.913143,116.314427,39.903986
highest_fee_baseline,highest_fee_baseline_w000745,6000000000000005170,48,Dinner-Peak Core,2020-02-15T14:48:42+08:00,2020-02-15T15:49:42+08:00,2020-02-15T15:44:44+08:00,True,10.0,2084.0,8183.0,116.316729,39.887595,116.297067,39.862786
highest_fee_baseline,highest_fee_baseline_w000789,6000000000000005576,48,Dinner-Peak Core,2020-02-15T15:21:47+08:00,2020-02-15T16:16:47+08:00,2020-02-15T16:10:15+08:00,True,10.0,1215.0,4564.0,116.295037,39.865266,116.267867,39.884146
highest_fee_baseline,highest_fee_baseline_w000866,6000000000000006480,48,Dinner-Peak Core,2020-02-15T16:39:00+08:00,2020-02-15T17:19:00+08:00,2020-02-15T16:55:15+08:00,True,6.0,1515.0,5814.0,116.247174,39.888774,116.268547,39.898506
highest_fee_baseline,highest_fee_baseline_w000938,6000000000000007066,48,Dinner-Peak Core,2020-02-15T17:14:48+08:00,2020-02-15T18:39:00+08:00,2020-02-15T17:41:43+08:00,True,6.0,1903.0,7429.0,116.259382,39.882491,116.236927,39.864016
highest_fee_baseline,highest_fee_baseline_w001082,6000000000000007783,48,Dinner-Peak Core,2020-02-15T18:48:15+08:00,2020-02-15T19:38:15+08:00,2020-02-15T18:57:50+08:00,True,6.0,1070.0,3957.0,116.237783,39.864326,116.262797,39.865246
highest_fee_baseline,highest_fee_baseline_w001130,6000000000000008445,48,Dinner-Peak Core,2020-02-15T18:48:07+08:00,2020-02-15T19:20:07+08:00,2020-02-15T19:18:08+08:00,True,3.0,1088.0,4035.0,116.282846,39.865513,116.279717,39.861046
highest_fee_baseline,highest_fee_baseline_w000051,6000000000000000615,49,Dinner-Peak Core,2020-02-15T08:54:00+08:00,2020-02-15T10:15:00+08:00,2020-02-15T09:21:44+08:00,True,6.0,1904.0,7432.0,116.295725,39.980575,116.313377,39.992356
highest_fee_baseline,highest_fee_baseline_w000126,6000000000000000674,49,Dinner-Peak Core,2020-02-15T09:42:36+08:00,2020-02-15T10:30:00+08:00,2020-02-15T09:55:57+08:00,True,6.0,957.0,3487.0,116.329037,39.991301,116.317877,39.995636
highest_fee_baseline,highest_fee_baseline_w000225,6000000000000001064,49,Dinner-Peak Core,2020-02-15T10:46:44+08:00,2020-02-15T11:30:00+08:00,2020-02-15T10:55:56+08:00,True,6.0,956.0,3484.0,116.32582,39.995618,116.332057,40.012206
highest_fee_baseline,highest_fee_baseline_w000268,6000000000000001601,49,Dinner-Peak Core,2020-02-15T11:05:28+08:00,2020-02-15T12:11:28+08:00,2020-02-15T11:32:38+08:00,True,10.0,1958.0,7659.0,116.344248,40.008293,116.311367,39.998026
highest_fee_baseline,highest_fee_baseline_w000344,6000000000000001806,49,Dinner-Peak Core,2020-02-15T11:31:10+08:00,2020-02-15T12:07:10+08:00,2020-02-15T11:56:10+08:00,True,6.0,970.0,3540.0,116.32582,39.995618,116.337857,39.998806
highest_fee_baseline,highest_fee_baseline_w000385,6000000000000002898,49,Dinner-Peak Core,2020-02-15T11:38:06+08:00,2020-02-15T12:19:06+08:00,2020-02-15T12:15:25+08:00,True,6.0,925.0,3354.0,116.342057,40.000316,116.344067,40.012726
highest_fee_baseline,highest_fee_baseline_w000451,6000000000000003774,49,Dinner-Peak Core,2020-02-15T12:38:08+08:00,2020-02-15T13:28:08+08:00,2020-02-15T12:59:03+08:00,True,6.0,1743.0,6765.0,116.332098,40.006788,116.362747,40.005826
highest_fee_baseline,highest_fee_baseline_w000524,6000000000000003822,49,Dinner-Peak Core,2020-02-15T13:16:59+08:00,2020-02-15T14:12:59+08:00,2020-02-15T13:29:28+08:00,True,6.0,1168.0,4363.0,116.371476,40.00766,116.364607,40.015016
highest_fee_baseline,highest_fee_baseline_w000574,6000000000000004492,49,Dinner-Peak Core,2020-02-15T13:15:45+08:00,2020-02-15T13:46:45+08:00,2020-02-15T13:53:58+08:00,False,6.0,1438.0,5491.0,116.357457,40.031476,116.344407,40.039346
highest_fee_baseline,highest_fee_baseline_w000612,6000000000000004209,49,Dinner-Peak Core,2020-02-15T13:38:07+08:00,2020-02-15T14:10:07+08:00,2020-02-15T14:11:12+08:00,False,6.0,672.0,2302.0,116.3398,40.042487,116.337067,40.032596
highest_fee_baseline,highest_fee_baseline_w000658,6000000000000003974,49,Dinner-Peak Core,2020-02-15T13:58:48+08:00,2020-02-15T14:53:48+08:00,2020-02-15T14:41:27+08:00,True,10.0,1287.0,4863.0,116.324457,40.029466,116.299267,40.048796
highest_fee_baseline,highest_fee_baseline_w000713,6000000000000005236,49,Dinner-Peak Core,2020-02-15T14:46:00+08:00,2020-02-15T15:19:00+08:00,2020-02-15T15:07:38+08:00,True,3.0,1058.0,3908.0,116.306857,40.065475,116.300137,40.064586
highest_fee_baseline,highest_fee_baseline_w000752,6000000000000005361,49,Dinner-Peak Core,2020-02-15T15:15:29+08:00,2020-02-15T16:13:29+08:00,2020-02-15T15:42:46+08:00,True,6.0,1366.0,5191.0,116.30906,40.075243,116.324547,40.081286
highest_fee_baseline,highest_fee_baseline_w000792,6000000000000005979,49,Dinner-Peak Core,2020-02-15T15:55:18+08:00,2020-02-15T16:31:18+08:00,2020-02-15T16:06:46+08:00,True,6.0,1006.0,3690.0,116.326609,40.07442,116.339207,40.085696
highest_fee_baseline,highest_fee_baseline_w000830,6000000000000005727,49,Dinner-Peak Core,2020-02-15T16:15:44+08:00,2020-02-15T16:55:44+08:00,2020-02-15T16:29:58+08:00,True,6.0,1198.0,4491.0,116.323341,40.078574,116.326977,40.090396
highest_fee_baseline,highest_fee_baseline_w000857,6000000000000006091,49,Dinner-Peak Core,2020-02-15T16:31:16+08:00,2020-02-15T17:10:16+08:00,2020-02-15T16:44:59+08:00,True,6.0,899.0,3248.0,116.33404,40.087635,116.349777,40.088356
highest_fee_baseline,highest_fee_baseline_w000892,6000000000000006208,49,Dinner-Peak Core,2020-02-15T16:37:49+08:00,2020-02-15T17:21:49+08:00,2020-02-15T17:02:19+08:00,True,6.0,739.0,2581.0,116.348128,40.081539,116.354947,40.073616
highest_fee_baseline,highest_fee_baseline_w000932,6000000000000006408,49,Dinner-Peak Core,2020-02-15T16:45:34+08:00,2020-02-15T17:28:34+08:00,2020-02-15T17:29:11+08:00,False,6.0,1151.0,4293.0,116.34499,40.079343,116.328007,40.072006
highest_fee_baseline,highest_fee_baseline_w000976,6000000000000006851,49,Dinner-Peak Core,2020-02-15T17:05:55+08:00,2020-02-15T17:42:55+08:00,2020-02-15T17:47:12+08:00,False,6.0,1032.0,3799.0,116.348568,40.072136,116.357867,40.077726
highest_fee_baseline,highest_fee_baseline_w001002,6000000000000007208,49,Dinner-Peak Core,2020-02-15T17:54:59+08:00,2020-02-15T18:49:59+08:00,2020-02-15T18:17:20+08:00,True,6.0,1640.0,6332.0,116.348438,40.080964,116.359117,40.057766
highest_fee_baseline,highest_fee_baseline_w001065,6000000000000007710,49,Dinner-Peak Core,2020-02-15T18:15:18+08:00,2020-02-15T19:08:18+08:00,2020-02-15T18:49:39+08:00,True,6.0,1779.0,6914.0,116.347616,40.044933,116.322917,40.036606
highest_fee_baseline,highest_fee_baseline_w001115,6000000000000008331,49,Dinner-Peak Core,2020-02-15T18:28:19+08:00,2020-02-15T19:10:19+08:00,2020-02-15T19:05:56+08:00,True,6.0,956.0,3483.0,116.320696,40.050245,116.334427,40.057886
highest_fee_baseline,highest_fee_baseline_w001149,6000000000000007951,49,Dinner-Peak Core,2020-02-15T19:02:18+08:00,2020-02-15T19:43:18+08:00,2020-02-15T19:30:16+08:00,True,6.0,1216.0,4569.0,116.347929,40.044617,116.346647,40.035436
highest_fee_baseline,highest_fee_baseline_w000034,6000000000000000443,50,Dinner-Peak Core,2020-02-15T08:41:45+08:00,2020-02-15T09:40:45+08:00,2020-02-15T08:52:31+08:00,True,3.0,751.0,2629.0,116.475354,39.921519,116.471247,39.929616
highest_fee_baseline,highest_fee_baseline_w000116,6000000000000000584,50,Dinner-Peak Core,2020-02-15T09:31:21+08:00,2020-02-15T10:46:21+08:00,2020-02-15T09:53:18+08:00,True,3.0,1398.0,5326.0,116.486914,39.917948,116.492547,39.911006
highest_fee_baseline,highest_fee_baseline_w000153,6000000000000000638,50,Dinner-Peak Core,2020-02-15T09:39:04+08:00,2020-02-15T10:30:04+08:00,2020-02-15T10:15:49+08:00,True,3.0,949.0,3453.0,116.494054,39.915226,116.486727,39.910376
highest_fee_baseline,highest_fee_baseline_w000190,6000000000000000769,50,Dinner-Peak Core,2020-02-15T10:24:05+08:00,2020-02-15T11:09:05+08:00,2020-02-15T10:40:43+08:00,True,6.0,1243.0,4677.0,116.47898,39.918639,116.495157,39.924526
highest_fee_baseline,highest_fee_baseline_w000245,6000000000000000978,50,Dinner-Peak Core,2020-02-15T10:30:50+08:00,2020-02-15T11:20:50+08:00,2020-02-15T11:08:02+08:00,True,6.0,1082.0,4009.0,116.494054,39.915226,116.510967,39.914976
highest_fee_baseline,highest_fee_baseline_w000283,6000000000000001442,50,Dinner-Peak Core,2020-02-15T10:46:13+08:00,2020-02-15T11:30:00+08:00,2020-02-15T11:32:29+08:00,False,6.0,1349.0,5124.0,116.50734,39.920737,116.499227,39.911916
highest_fee_baseline,highest_fee_baseline_w000350,6000000000000002155,50,Dinner-Peak Core,2020-02-15T11:18:12+08:00,2020-02-15T12:08:12+08:00,2020-02-15T12:03:25+08:00,True,6.0,1405.0,5353.0,116.508183,39.922702,116.501667,39.941036
highest_fee_baseline,highest_fee_baseline_w000404,6000000000000002734,50,Dinner-Peak Core,2020-02-15T12:00:43+08:00,2020-02-15T12:59:43+08:00,2020-02-15T12:31:28+08:00,True,6.0,1288.0,4865.0,116.506103,39.935878,116.494397,39.922766
highest_fee_baseline,highest_fee_baseline_w000466,6000000000000003340,50,Dinner-Peak Core,2020-02-15T12:16:28+08:00,2020-02-15T13:01:28+08:00,2020-02-15T13:01:27+08:00,True,6.0,1287.0,4862.0,116.506634,39.920577,116.527997,39.918206
highest_fee_baseline,highest_fee_baseline_w000534,6000000000000003488,50,Dinner-Peak Core,2020-02-15T12:46:11+08:00,2020-02-15T13:38:11+08:00,2020-02-15T13:31:41+08:00,True,6.0,1301.0,4921.0,116.50852700000002,39.923456,116.502627,39.915446
highest_fee_baseline,highest_fee_baseline_w000579,6000000000000004360,50,Dinner-Peak Core,2020-02-15T13:27:12+08:00,2020-02-15T14:03:12+08:00,2020-02-15T14:08:41+08:00,False,6.0,1721.0,6674.0,116.50734,39.920737,116.508677,39.944086
highest_fee_baseline,highest_fee_baseline_w000630,6000000000000004874,50,Dinner-Peak Core,2020-02-15T14:07:04+08:00,2020-02-15T17:07:04+08:00,2020-02-15T14:22:38+08:00,True,6.0,758.0,2656.0,116.512228,39.939599,116.521877,39.945256
highest_fee_baseline,highest_fee_baseline_w000676,6000000000000004906,50,Dinner-Peak Core,2020-02-15T14:05:41+08:00,2020-02-15T15:01:41+08:00,2020-02-15T15:10:37+08:00,False,6.0,2437.0,9655.0,116.538237,39.950426,116.548697,39.929676
highest_fee_baseline,highest_fee_baseline_w000754,6000000000000005378,50,Dinner-Peak Core,2020-02-15T15:27:28+08:00,2020-02-15T16:20:28+08:00,2020-02-15T15:42:19+08:00,True,6.0,1339.0,5076.0,116.551948,39.915561,116.543087,39.902546
highest_fee_baseline,highest_fee_baseline_w000907,6000000000000006841,50,Dinner-Peak Core,2020-02-15T16:58:16+08:00,2020-02-15T17:49:16+08:00,2020-02-15T17:28:25+08:00,True,6.0,2305.0,9104.0,116.5584,39.915093,116.526517,39.920216
highest_fee_baseline,highest_fee_baseline_w000975,6000000000000007015,50,Dinner-Peak Core,2020-02-15T17:33:57+08:00,2020-02-15T18:20:57+08:00,2020-02-15T17:58:00+08:00,True,10.0,1680.0,6502.0,116.506787,39.915936,116.545897,39.914626
highest_fee_baseline,highest_fee_baseline_w001012,6000000000000007196,50,Dinner-Peak Core,2020-02-15T17:44:16+08:00,2020-02-15T18:56:16+08:00,2020-02-15T18:16:49+08:00,True,6.0,1009.0,3705.0,116.545654,39.915477,116.538787,39.898086
highest_fee_baseline,highest_fee_baseline_w001059,6000000000000007293,50,Dinner-Peak Core,2020-02-15T18:23:08+08:00,2020-02-15T19:21:08+08:00,2020-02-15T18:48:28+08:00,True,6.0,1708.0,6616.0,116.541297,39.908466,116.550107,39.918946
highest_fee_baseline,highest_fee_baseline_w001098,6000000000000008520,50,Dinner-Peak Core,2020-02-15T18:58:09+08:00,2020-02-15T19:51:09+08:00,2020-02-15T19:02:30+08:00,True,6.0,750.0,2627.0,116.551064,39.916399,116.551067,39.903386
highest_fee_baseline,highest_fee_baseline_w001145,6000000000000008571,50,Dinner-Peak Core,2020-02-15T19:17:49+08:00,2020-02-15T20:05:49+08:00,2020-02-15T19:33:08+08:00,True,6.0,1388.0,5283.0,116.5584,39.915093,116.577657,39.912546
highest_fee_baseline,highest_fee_baseline_w001195,6000000000000008704,50,Dinner-Peak Core,2020-02-15T19:20:21+08:00,2020-02-15T20:30:21+08:00,2020-02-15T20:10:34+08:00,True,10.0,1834.0,7144.0,116.557814,39.919338,116.594917,39.912076
highest_fee_baseline,highest_fee_baseline_w000002,6000000000000000154,51,Dinner-Peak Core,2020-02-15T08:09:23+08:00,2020-02-15T08:42:23+08:00,2020-02-15T08:10:49+08:00,True,3.0,649.0,2205.0,116.362749,39.937453,116.355197,39.937626
highest_fee_baseline,highest_fee_baseline_w000019,6000000000000000555,51,Dinner-Peak Core,2020-02-15T08:22:52+08:00,2020-02-15T09:04:52+08:00,2020-02-15T08:46:12+08:00,True,6.0,1572.0,6050.0,116.341986,39.940502,116.334567,39.932966
highest_fee_baseline,highest_fee_baseline_w000059,6000000000000000299,51,Dinner-Peak Core,2020-02-15T08:47:28+08:00,2020-02-15T09:43:28+08:00,2020-02-15T09:23:01+08:00,True,6.0,1981.0,7754.0,116.353655,39.941735,116.368287,39.962236
highest_fee_baseline,highest_fee_baseline_w000107,6000000000000000458,51,Dinner-Peak Core,2020-02-15T09:30:51+08:00,2020-02-15T10:02:51+08:00,2020-02-15T09:41:26+08:00,True,3.0,686.0,2362.0,116.358508,39.965226,116.361367,39.961426
highest_fee_baseline,highest_fee_baseline_w000140,6000000000000000417,51,Dinner-Peak Core,2020-02-15T09:47:25+08:00,2020-02-15T11:00:00+08:00,2020-02-15T10:09:08+08:00,True,6.0,1148.0,4282.0,116.369076,39.958963,116.382187,39.972196
highest_fee_baseline,highest_fee_baseline_w000184,6000000000000000434,51,Dinner-Peak Core,2020-02-15T10:00:37+08:00,2020-02-15T11:00:00+08:00,2020-02-15T10:38:09+08:00,True,6.0,1689.0,6534.0,116.400863,39.96448,116.395207,39.940606
highest_fee_baseline,highest_fee_baseline_w000227,6000000000000001111,51,Dinner-Peak Core,2020-02-15T10:17:41+08:00,2020-02-15T11:12:41+08:00,2020-02-15T11:03:59+08:00,True,10.0,1439.0,5495.0,116.407015,39.941267,116.437167,39.925366
highest_fee_baseline,highest_fee_baseline_w000282,6000000000000000940,51,Dinner-Peak Core,2020-02-15T10:49:36+08:00,2020-02-15T11:32:36+08:00,2020-02-15T11:30:09+08:00,True,6.0,1209.0,4536.0,116.440727,39.931057,116.417077,39.935826
highest_fee_baseline,highest_fee_baseline_w000336,6000000000000001489,51,Dinner-Peak Core,2020-02-15T11:22:01+08:00,2020-02-15T11:59:01+08:00,2020-02-15T11:50:42+08:00,True,3.0,642.0,2175.0,116.415716,39.934252,116.412737,39.939176
highest_fee_baseline,highest_fee_baseline_w000386,6000000000000002442,51,Dinner-Peak Core,2020-02-15T11:36:34+08:00,2020-02-15T12:14:34+08:00,2020-02-15T12:14:20+08:00,True,6.0,860.0,3085.0,116.407631,39.939413,116.415077,39.950976
highest_fee_baseline,highest_fee_baseline_w000423,6000000000000002398,51,Dinner-Peak Core,2020-02-15T11:51:04+08:00,2020-02-15T12:42:04+08:00,2020-02-15T12:40:47+08:00,True,6.0,1247.0,4699.0,116.409738,39.956469,116.386997,39.966016
highest_fee_baseline,highest_fee_baseline_w000486,6000000000000003363,51,Dinner-Peak Core,2020-02-15T12:28:52+08:00,2020-02-15T13:21:52+08:00,2020-02-15T13:08:22+08:00,True,6.0,1102.0,4093.0,116.377997,39.962196,116.381687,39.972316
highest_fee_baseline,highest_fee_baseline_w000540,6000000000000004053,51,Dinner-Peak Core,2020-02-15T13:26:17+08:00,2020-02-15T14:11:17+08:00,2020-02-15T13:38:02+08:00,True,6.0,1082.0,4006.0,116.385188,39.971647,116.408587,39.972606
highest_fee_baseline,highest_fee_baseline_w000581,6000000000000004269,51,Dinner-Peak Core,2020-02-15T13:16:34+08:00,2020-02-15T13:52:34+08:00,2020-02-15T13:56:34+08:00,False,6.0,994.0,3644.0,116.407213,39.980035,116.409287,39.993166
highest_fee_baseline,highest_fee_baseline_w000618,6000000000000004547,51,Dinner-Peak Core,2020-02-15T14:08:08+08:00,2020-02-15T14:43:08+08:00,2020-02-15T14:17:13+08:00,True,6.0,1033.0,3804.0,116.399259,39.99704,116.413317,39.988866
highest_fee_baseline,highest_fee_baseline_w000659,6000000000000004550,51,Dinner-Peak Core,2020-02-15T14:10:59+08:00,2020-02-15T14:44:59+08:00,2020-02-15T14:36:29+08:00,True,6.0,989.0,3619.0,116.400042,39.991122,116.412927,39.993686
highest_fee_baseline,highest_fee_baseline_w000691,6000000000000005035,51,Dinner-Peak Core,2020-02-15T14:21:49+08:00,2020-02-15T14:55:49+08:00,2020-02-15T14:57:09+08:00,False,6.0,1029.0,3787.0,116.407697,40.003493,116.420797,39.997726
highest_fee_baseline,highest_fee_baseline_w000715,6000000000000004769,51,Dinner-Peak Core,2020-02-15T14:53:57+08:00,2020-02-15T15:23:57+08:00,2020-02-15T15:12:06+08:00,True,3.0,726.0,2522.0,116.418206,39.993062,116.420987,39.999416
highest_fee_baseline,highest_fee_baseline_w000758,6000000000000005356,51,Dinner-Peak Core,2020-02-15T15:14:28+08:00,2020-02-15T16:06:28+08:00,2020-02-15T15:48:52+08:00,True,6.0,1732.0,6717.0,116.406793,39.985754,116.429277,39.973556
highest_fee_baseline,highest_fee_baseline_w000803,6000000000000005648,51,Dinner-Peak Core,2020-02-15T15:32:33+08:00,2020-02-15T16:14:33+08:00,2020-02-15T16:16:10+08:00,False,6.0,1570.0,6045.0,116.441314,39.961718,116.416127,39.966146
highest_fee_baseline,highest_fee_baseline_w000844,6000000000000005751,51,Dinner-Peak Core,2020-02-15T16:01:09+08:00,2020-02-15T16:43:09+08:00,2020-02-15T16:38:12+08:00,True,6.0,1092.0,4049.0,116.428297,39.96149,116.419517,39.955036
highest_fee_baseline,highest_fee_baseline_w000869,6000000000000005847,51,Dinner-Peak Core,2020-02-15T16:27:15+08:00,2020-02-15T16:57:16+08:00,2020-02-15T16:51:59+08:00,True,6.0,719.0,2494.0,116.422517,39.956316,116.422437,39.966686
highest_fee_baseline,highest_fee_baseline_w000910,6000000000000006706,51,Dinner-Peak Core,2020-02-15T16:58:48+08:00,2020-02-15T17:55:48+08:00,2020-02-15T17:16:57+08:00,True,6.0,1017.0,3735.0,116.42563,39.966434,116.440597,39.950066
highest_fee_baseline,highest_fee_baseline_w000942,6000000000000006628,51,Dinner-Peak Core,2020-02-15T16:54:38+08:00,2020-02-15T17:42:38+08:00,2020-02-15T17:31:27+08:00,True,6.0,687.0,2364.0,116.444664,39.951461,116.458567,39.943666
highest_fee_baseline,highest_fee_baseline_w000990,6000000000000007012,51,Dinner-Peak Core,2020-02-15T17:32:18+08:00,2020-02-15T18:11:18+08:00,2020-02-15T17:59:56+08:00,True,6.0,1196.0,4484.0,116.445074,39.949573,116.432817,39.953426
highest_fee_baseline,highest_fee_baseline_w001028,6000000000000006969,51,Dinner-Peak Core,2020-02-15T17:45:24+08:00,2020-02-15T18:21:24+08:00,2020-02-15T18:20:10+08:00,True,6.0,1210.0,4540.0,116.425482,39.940679,116.411797,39.946016
highest_fee_baseline,highest_fee_baseline_w001072,6000000000000007694,51,Dinner-Peak Core,2020-02-15T18:08:18+08:00,2020-02-15T18:53:18+08:00,2020-02-15T18:47:06+08:00,True,6.0,1026.0,3775.0,116.406637,39.942133,116.390187,39.950056
highest_fee_baseline,highest_fee_baseline_w001114,6000000000000007777,51,Dinner-Peak Core,2020-02-15T18:45:23+08:00,2020-02-15T19:28:23+08:00,2020-02-15T19:13:48+08:00,True,6.0,1428.0,5452.0,116.385457,39.937566,116.370877,39.929446
highest_fee_baseline,highest_fee_baseline_w001159,6000000000000008562,51,Dinner-Peak Core,2020-02-15T19:06:03+08:00,2020-02-15T19:42:03+08:00,2020-02-15T19:38:10+08:00,True,6.0,1090.0,4043.0,116.36377,39.9238,116.368437,39.908046
highest_fee_baseline,highest_fee_baseline_w001187,6000000000000008136,51,Dinner-Peak Core,2020-02-15T19:16:16+08:00,2020-02-15T19:57:16+08:00,2020-02-15T20:01:38+08:00,False,6.0,1298.0,4909.0,116.368573,39.901199,116.349407,39.916366
highest_fee_baseline,highest_fee_baseline_w000264,6000000000000001471,52,Dinner-Peak Core,2020-02-15T11:09:04+08:00,2020-02-15T11:47:04+08:00,2020-02-15T11:07:49+08:00,True,3.0,469.0,1453.0,116.544248,40.009268,116.541927,40.008906
highest_fee_baseline,highest_fee_baseline_w000278,6000000000000001778,52,Dinner-Peak Core,2020-02-15T11:18:50+08:00,2020-02-15T12:08:50+08:00,2020-02-15T11:20:24+08:00,True,6.0,624.0,2101.0,116.544248,40.009268,116.531467,40.008516
highest_fee_baseline,highest_fee_baseline_w000324,6000000000000002185,52,Dinner-Peak Core,2020-02-15T11:24:16+08:00,2020-02-15T12:05:16+08:00,2020-02-15T11:41:38+08:00,True,3.0,698.0,2410.0,116.544248,40.009268,116.544047,40.008856
highest_fee_baseline,highest_fee_baseline_w001109,6000000000000007801,52,Dinner-Peak Core,2020-02-15T18:57:36+08:00,2020-02-15T19:41:36+08:00,2020-02-15T19:02:54+08:00,True,3.0,774.0,2724.0,116.558981,40.009662,116.561487,40.006826
highest_fee_baseline,highest_fee_baseline_w001135,6000000000000008302,52,Dinner-Peak Core,2020-02-15T19:10:32+08:00,2020-02-15T19:50:32+08:00,2020-02-15T19:19:05+08:00,True,3.0,545.0,1768.0,116.558981,40.009662,116.560737,40.010756
highest_fee_baseline,highest_fee_baseline_w001162,6000000000000008600,52,Dinner-Peak Core,2020-02-15T19:18:20+08:00,2020-02-15T22:18:20+08:00,2020-02-15T19:34:42+08:00,True,3.0,882.0,3175.0,116.567815,40.00138,116.564567,40.001316
highest_fee_baseline,highest_fee_baseline_w001188,6000000000000008848,52,Dinner-Peak Core,2020-02-15T19:32:54+08:00,2020-02-15T20:11:54+08:00,2020-02-15T19:52:25+08:00,True,3.0,745.0,2602.0,116.558981,40.009662,116.564987,40.005176
highest_fee_baseline,highest_fee_baseline_w000276,6000000000000002035,53,Dinner-Peak Core,2020-02-15T11:09:01+08:00,2020-02-15T11:43:01+08:00,2020-02-15T11:16:56+08:00,True,6.0,1016.0,3733.0,116.321348,39.752737,116.307537,39.751546
highest_fee_baseline,highest_fee_baseline_w000311,6000000000000002039,53,Dinner-Peak Core,2020-02-15T11:10:18+08:00,2020-02-15T11:53:18+08:00,2020-02-15T11:45:36+08:00,True,6.0,1536.0,5900.0,116.32138,39.753189,116.299917,39.754406
highest_fee_baseline,highest_fee_baseline_w000376,6000000000000002992,53,Dinner-Peak Core,2020-02-15T11:45:19+08:00,2020-02-15T12:30:19+08:00,2020-02-15T12:17:35+08:00,True,6.0,1655.0,6395.0,116.321348,39.752737,116.304117,39.755566
highest_fee_baseline,highest_fee_baseline_w000435,6000000000000003244,53,Dinner-Peak Core,2020-02-15T12:05:02+08:00,2020-02-15T12:40:02+08:00,2020-02-15T12:37:02+08:00,True,3.0,1022.0,3760.0,116.322187,39.763597,116.324047,39.755606
highest_fee_baseline,highest_fee_baseline_w000480,6000000000000003445,53,Dinner-Peak Core,2020-02-15T12:24:16+08:00,2020-02-15T13:02:16+08:00,2020-02-15T12:59:38+08:00,True,3.0,578.0,1912.0,116.328329,39.757115,116.318097,39.758126
highest_fee_baseline,highest_fee_baseline_w000543,6000000000000004194,53,Dinner-Peak Core,2020-02-15T13:24:01+08:00,2020-02-15T13:54:01+08:00,2020-02-15T13:32:27+08:00,True,3.0,747.0,2614.0,116.323829,39.762961,116.324467,39.756596
highest_fee_baseline,highest_fee_baseline_w000580,6000000000000004152,53,Dinner-Peak Core,2020-02-15T13:43:55+08:00,2020-02-15T14:31:55+08:00,2020-02-15T13:55:58+08:00,True,6.0,958.0,3491.0,116.328459,39.749963,116.329007,39.740796
highest_fee_baseline,highest_fee_baseline_w000619,6000000000000003960,53,Dinner-Peak Core,2020-02-15T13:40:21+08:00,2020-02-15T14:16:21+08:00,2020-02-15T14:09:40+08:00,True,3.0,580.0,1919.0,116.328459,39.749963,116.328647,39.747936
highest_fee_baseline,highest_fee_baseline_w000662,6000000000000005032,53,Dinner-Peak Core,2020-02-15T14:21:23+08:00,2020-02-15T15:19:23+08:00,2020-02-15T14:47:17+08:00,True,6.0,1637.0,6321.0,116.324338,39.763623,116.333087,39.784366
highest_fee_baseline,highest_fee_baseline_w000707,6000000000000005291,53,Dinner-Peak Core,2020-02-15T14:45:02+08:00,2020-02-15T15:16:02+08:00,2020-02-15T15:04:55+08:00,True,3.0,895.0,3226.0,116.325218,39.77238,116.318907,39.774016
highest_fee_baseline,highest_fee_baseline_w000797,6000000000000005905,53,Dinner-Peak Core,2020-02-15T15:50:31+08:00,2020-02-15T16:45:31+08:00,2020-02-15T16:09:29+08:00,True,6.0,1169.0,4370.0,116.323854,39.763797,116.306777,39.770656
highest_fee_baseline,highest_fee_baseline_w000843,6000000000000005840,53,Dinner-Peak Core,2020-02-15T16:15:58+08:00,2020-02-15T16:46:58+08:00,2020-02-15T16:51:50+08:00,False,3.0,1910.0,7458.0,116.317643,39.775667,116.306177,39.775006
highest_fee_baseline,highest_fee_baseline_w000921,6000000000000006723,53,Dinner-Peak Core,2020-02-15T17:06:25+08:00,2020-02-15T18:01:25+08:00,2020-02-15T17:30:00+08:00,True,6.0,1800.0,6999.0,116.321064,39.762011,116.326047,39.746876
highest_fee_baseline,highest_fee_baseline_w000974,6000000000000006878,53,Dinner-Peak Core,2020-02-15T17:16:47+08:00,2020-02-15T18:21:47+08:00,2020-02-15T17:51:31+08:00,True,6.0,1291.0,4877.0,116.321064,39.762011,116.325017,39.743306
highest_fee_baseline,highest_fee_baseline_w001046,6000000000000007734,53,Dinner-Peak Core,2020-02-15T18:11:03+08:00,2020-02-15T20:41:03+08:00,2020-02-15T18:42:42+08:00,True,6.0,1962.0,7675.0,116.318381,39.730098,116.303717,39.710136
highest_fee_baseline,highest_fee_baseline_w000012,6000000000000000338,54,Dinner-Peak Core,2020-02-15T08:14:06+08:00,2020-02-15T09:15:06+08:00,2020-02-15T08:35:38+08:00,True,10.0,1538.0,5908.0,116.148157,39.722357,116.181997,39.713326
highest_fee_baseline,highest_fee_baseline_w000041,6000000000000000440,54,Dinner-Peak Core,2020-02-15T08:40:23+08:00,2020-02-15T10:30:00+08:00,2020-02-15T09:09:01+08:00,True,10.0,1741.0,6752.0,116.170908,39.72138,116.136637,39.728656
highest_fee_baseline,highest_fee_baseline_w000075,6000000000000000257,54,Dinner-Peak Core,2020-02-15T09:08:41+08:00,2020-02-15T09:57:41+08:00,2020-02-15T09:27:19+08:00,True,6.0,1039.0,3829.0,116.128983,39.733849,116.136267,39.749446
highest_fee_baseline,highest_fee_baseline_w000115,6000000000000000635,54,Dinner-Peak Core,2020-02-15T09:34:36+08:00,2020-02-15T10:27:36+08:00,2020-02-15T09:54:22+08:00,True,6.0,1462.0,5591.0,116.128983,39.733849,116.141097,39.716556
highest_fee_baseline,highest_fee_baseline_w000185,6000000000000001105,54,Dinner-Peak Core,2020-02-15T10:15:01+08:00,2020-02-15T11:08:01+08:00,2020-02-15T10:36:34+08:00,True,6.0,1594.0,6141.0,116.125583,39.729588,116.108537,39.725766
highest_fee_baseline,highest_fee_baseline_w000230,6000000000000001047,54,Dinner-Peak Core,2020-02-15T10:27:01+08:00,2020-02-15T11:24:02+08:00,2020-02-15T11:08:57+08:00,True,6.0,1737.0,6741.0,116.125583,39.729588,116.152587,39.733056
highest_fee_baseline,highest_fee_baseline_w000296,6000000000000001477,54,Dinner-Peak Core,2020-02-15T11:16:11+08:00,2020-02-15T12:20:11+08:00,2020-02-15T11:41:32+08:00,True,10.0,1892.0,7382.0,116.130908,39.734077,116.163467,39.723736
highest_fee_baseline,highest_fee_baseline_w000357,6000000000000002620,54,Dinner-Peak Core,2020-02-15T11:37:19+08:00,2020-02-15T12:10:19+08:00,2020-02-15T11:55:03+08:00,True,3.0,303.0,762.0,116.163543,39.723752,116.161967,39.724336
highest_fee_baseline,highest_fee_baseline_w000383,6000000000000002764,54,Dinner-Peak Core,2020-02-15T12:09:45+08:00,2020-02-15T12:46:45+08:00,2020-02-15T12:14:36+08:00,True,6.0,876.0,3151.0,116.159934,39.721748,116.149637,39.733136
highest_fee_baseline,highest_fee_baseline_w000431,6000000000000003223,54,Dinner-Peak Core,2020-02-15T12:14:01+08:00,2020-02-15T13:07:01+08:00,2020-02-15T12:50:12+08:00,True,10.0,1812.0,7051.0,116.131632,39.727783,116.171637,39.717636
highest_fee_baseline,highest_fee_baseline_w000550,6000000000000004631,54,Dinner-Peak Core,2020-02-15T13:20:38+08:00,2020-02-15T13:50:38+08:00,2020-02-15T13:30:17+08:00,True,3.0,617.0,2070.0,116.159934,39.721748,116.158137,39.721426
highest_fee_baseline,highest_fee_baseline_w000596,6000000000000004786,54,Dinner-Peak Core,2020-02-15T13:57:08+08:00,2020-02-15T14:34:08+08:00,2020-02-15T13:57:25+08:00,True,3.0,445.0,1355.0,116.163684,39.723408,116.163947,39.723646
highest_fee_baseline,highest_fee_baseline_w000625,6000000000000004735,54,Dinner-Peak Core,2020-02-15T14:01:03+08:00,2020-02-15T15:23:03+08:00,2020-02-15T14:18:16+08:00,True,3.0,1096.0,4065.0,116.14645,39.721946,116.153307,39.729026
highest_fee_baseline,highest_fee_baseline_w000655,6000000000000005106,54,Dinner-Peak Core,2020-02-15T14:25:36+08:00,2020-02-15T15:11:36+08:00,2020-02-15T14:44:27+08:00,True,6.0,1467.0,5614.0,116.159934,39.721748,116.172857,39.734716
highest_fee_baseline,highest_fee_baseline_w000710,6000000000000004926,54,Dinner-Peak Core,2020-02-15T14:27:22+08:00,2020-02-15T15:05:22+08:00,2020-02-15T15:11:23+08:00,False,3.0,1283.0,4846.0,116.160042,39.721346,116.171167,39.723816
highest_fee_baseline,highest_fee_baseline_w000925,6000000000000007161,54,Dinner-Peak Core,2020-02-15T17:14:03+08:00,2020-02-15T19:30:00+08:00,2020-02-15T17:22:09+08:00,True,6.0,729.0,2536.0,116.170913,39.721049,116.182437,39.713496
highest_fee_baseline,highest_fee_baseline_w001081,6000000000000007844,54,Dinner-Peak Core,2020-02-15T18:30:27+08:00,2020-02-15T19:25:27+08:00,2020-02-15T18:56:17+08:00,True,6.0,1577.0,6071.0,116.163684,39.723408,116.182437,39.713496
highest_fee_baseline,highest_fee_baseline_w001132,6000000000000008017,54,Dinner-Peak Core,2020-02-15T18:31:58+08:00,2020-02-15T19:28:58+08:00,2020-02-15T19:26:17+08:00,True,6.0,1577.0,6071.0,116.163684,39.723408,116.182437,39.713496
highest_fee_baseline,highest_fee_baseline_w001182,6000000000000008382,54,Dinner-Peak Core,2020-02-15T19:14:49+08:00,2020-02-15T19:52:49+08:00,2020-02-15T19:55:11+08:00,False,6.0,1511.0,5795.0,116.163684,39.723408,116.162537,39.735896
highest_fee_baseline,highest_fee_baseline_w000332,6000000000000001914,55,Dinner-Peak Core,2020-02-15T11:35:41+08:00,2020-02-15T12:22:41+08:00,2020-02-15T11:48:27+08:00,True,3.0,1107.0,4112.0,116.48574800000002,39.784203,116.491617,39.791576
highest_fee_baseline,highest_fee_baseline_w000367,6000000000000002010,55,Dinner-Peak Core,2020-02-15T11:40:33+08:00,2020-02-15T12:24:33+08:00,2020-02-15T12:08:47+08:00,True,6.0,1127.0,4198.0,116.48506700000002,39.783646,116.490947,39.791436
highest_fee_baseline,highest_fee_baseline_w000409,6000000000000002871,55,Dinner-Peak Core,2020-02-15T12:07:42+08:00,2020-02-15T13:14:42+08:00,2020-02-15T12:30:30+08:00,True,6.0,1230.0,4622.0,116.501853,39.790929,116.531337,39.800586
highest_fee_baseline,highest_fee_baseline_w000518,6000000000000004009,55,Dinner-Peak Core,2020-02-15T13:08:32+08:00,2020-02-15T13:51:32+08:00,2020-02-15T13:23:21+08:00,True,6.0,1401.0,5338.0,116.553667,39.796376,116.570277,39.797196
highest_fee_baseline,highest_fee_baseline_w000570,6000000000000004089,55,Dinner-Peak Core,2020-02-15T13:06:04+08:00,2020-02-15T13:53:04+08:00,2020-02-15T13:51:39+08:00,True,6.0,1299.0,4910.0,116.553667,39.796376,116.572167,39.798446
highest_fee_baseline,highest_fee_baseline_w000984,6000000000000007103,55,Dinner-Peak Core,2020-02-15T17:41:31+08:00,2020-02-15T18:46:32+08:00,2020-02-15T17:58:36+08:00,True,6.0,1116.0,4150.0,116.564779,39.801614,116.580997,39.785076
highest_fee_baseline,highest_fee_baseline_w001032,6000000000000007248,55,Dinner-Peak Core,2020-02-15T17:47:32+08:00,2020-02-15T18:49:32+08:00,2020-02-15T18:25:07+08:00,True,6.0,1507.0,5780.0,116.558177,39.781216,116.552797,39.798536
highest_fee_baseline,highest_fee_baseline_w001068,6000000000000007551,55,Dinner-Peak Core,2020-02-15T18:22:49+08:00,2020-02-15T19:24:49+08:00,2020-02-15T18:47:17+08:00,True,6.0,1037.0,3821.0,116.5551,39.797237,116.549367,39.779736
highest_fee_baseline,highest_fee_baseline_w001121,6000000000000008323,55,Dinner-Peak Core,2020-02-15T18:25:01+08:00,2020-02-15T19:23:01+08:00,2020-02-15T19:17:17+08:00,True,6.0,1637.0,6323.0,116.554564,39.796116,116.562407,39.781696
highest_fee_baseline,highest_fee_baseline_w001165,6000000000000008537,55,Dinner-Peak Core,2020-02-15T19:27:39+08:00,2020-02-15T20:19:39+08:00,2020-02-15T19:40:09+08:00,True,3.0,1209.0,4541.0,116.553667,39.796376,116.552717,39.789566
highest_fee_baseline,highest_fee_baseline_w001200,6000000000000008646,55,Dinner-Peak Core,2020-02-15T19:42:09+08:00,2020-02-15T20:41:09+08:00,2020-02-15T20:06:17+08:00,True,6.0,977.0,3571.0,116.553667,39.796376,116.569427,39.796686
highest_fee_baseline,highest_fee_baseline_w000152,6000000000000000875,56,Dinner-Peak Core,2020-02-15T10:05:19+08:00,2020-02-15T11:01:19+08:00,2020-02-15T10:24:42+08:00,True,10.0,1482.0,5676.0,115.967939,40.459067,115.948907,40.429596
highest_fee_baseline,highest_fee_baseline_w000036,6000000000000000298,57,Dinner-Peak Core,2020-02-15T08:46:20+08:00,2020-02-15T09:33:20+08:00,2020-02-15T08:52:18+08:00,True,6.0,738.0,2571.0,116.415582,39.903099,116.400797,39.899546
highest_fee_baseline,highest_fee_baseline_w000065,6000000000000000446,57,Dinner-Peak Core,2020-02-15T08:59:56+08:00,2020-02-15T09:47:56+08:00,2020-02-15T09:15:46+08:00,True,6.0,946.0,3445.0,116.415582,39.903099,116.407277,39.910646
highest_fee_baseline,highest_fee_baseline_w000090,6000000000000000263,57,Dinner-Peak Core,2020-02-15T09:23:52+08:00,2020-02-15T10:18:52+08:00,2020-02-15T09:35:45+08:00,True,6.0,945.0,3436.0,116.419637,39.911836,116.420717,39.924046
highest_fee_baseline,highest_fee_baseline_w000118,6000000000000000598,57,Dinner-Peak Core,2020-02-15T09:43:34+08:00,2020-02-15T10:45:00+08:00,2020-02-15T09:57:32+08:00,True,6.0,1052.0,3882.0,116.416098,39.919745,116.432967,39.924936
highest_fee_baseline,highest_fee_baseline_w000160,6000000000000000958,57,Dinner-Peak Core,2020-02-15T10:06:52+08:00,2020-02-15T10:39:52+08:00,2020-02-15T10:17:39+08:00,True,6.0,1059.0,3913.0,116.446389,39.92748,116.441277,39.937796
highest_fee_baseline,highest_fee_baseline_w000191,6000000000000001350,57,Dinner-Peak Core,2020-02-15T10:19:37+08:00,2020-02-15T10:58:37+08:00,2020-02-15T10:39:50+08:00,True,6.0,1190.0,4457.0,116.446389,39.92748,116.445017,39.908926
highest_fee_baseline,highest_fee_baseline_w000270,6000000000000001713,57,Dinner-Peak Core,2020-02-15T10:52:39+08:00,2020-02-15T12:45:00+08:00,2020-02-15T11:21:49+08:00,True,6.0,1309.0,4956.0,116.439142,39.918524,116.410737,39.918866
highest_fee_baseline,highest_fee_baseline_w000334,6000000000000001464,57,Dinner-Peak Core,2020-02-15T11:06:26+08:00,2020-02-15T11:45:26+08:00,2020-02-15T11:49:43+08:00,False,6.0,1183.0,4430.0,116.415582,39.903099,116.406287,39.908676
highest_fee_baseline,highest_fee_baseline_w000365,6000000000000002346,57,Dinner-Peak Core,2020-02-15T11:26:16+08:00,2020-02-15T12:06:16+08:00,2020-02-15T12:05:53+08:00,True,6.0,953.0,3473.0,116.415582,39.903099,116.411017,39.912476
highest_fee_baseline,highest_fee_baseline_w000406,6000000000000002467,57,Dinner-Peak Core,2020-02-15T11:43:46+08:00,2020-02-15T12:34:46+08:00,2020-02-15T12:26:39+08:00,True,6.0,999.0,3666.0,116.401996,39.913359,116.402637,39.931866
highest_fee_baseline,highest_fee_baseline_w000441,6000000000000003186,57,Dinner-Peak Core,2020-02-15T12:01:37+08:00,2020-02-15T12:42:37+08:00,2020-02-15T12:47:50+08:00,False,6.0,1070.0,3962.0,116.398318,39.932907,116.419697,39.939316
highest_fee_baseline,highest_fee_baseline_w000491,6000000000000002596,57,Dinner-Peak Core,2020-02-15T12:20:17+08:00,2020-02-15T13:01:17+08:00,2020-02-15T13:03:30+08:00,False,6.0,810.0,2874.0,116.407387,39.940638,116.396547,39.935566
highest_fee_baseline,highest_fee_baseline_w000531,6000000000000003742,57,Dinner-Peak Core,2020-02-15T13:00:16+08:00,2020-02-15T13:37:16+08:00,2020-02-15T13:28:15+08:00,True,6.0,1095.0,4060.0,116.398151,39.945018,116.417397,39.951256
highest_fee_baseline,highest_fee_baseline_w000567,6000000000000004102,57,Dinner-Peak Core,2020-02-15T13:10:04+08:00,2020-02-15T13:51:04+08:00,2020-02-15T13:47:36+08:00,True,6.0,1056.0,3902.0,116.430049,39.955605,116.421227,39.941196
highest_fee_baseline,highest_fee_baseline_w000602,6000000000000004522,57,Dinner-Peak Core,2020-02-15T13:41:46+08:00,2020-02-15T14:20:46+08:00,2020-02-15T14:09:58+08:00,True,6.0,1198.0,4489.0,116.417779,39.932541,116.393507,39.939006
highest_fee_baseline,highest_fee_baseline_w000663,6000000000000004811,57,Dinner-Peak Core,2020-02-15T14:26:21+08:00,2020-02-15T15:05:21+08:00,2020-02-15T14:37:45+08:00,True,6.0,1065.0,3939.0,116.411268,39.947688,116.408257,39.937336
highest_fee_baseline,highest_fee_baseline_w000690,6000000000000004484,57,Dinner-Peak Core,2020-02-15T14:20:24+08:00,2020-02-15T14:50:24+08:00,2020-02-15T15:06:23+08:00,False,3.0,1583.0,6095.0,116.406307,39.947616,116.403107,39.949546
highest_fee_baseline,highest_fee_baseline_w000735,6000000000000005520,57,Dinner-Peak Core,2020-02-15T15:13:40+08:00,2020-02-15T15:51:40+08:00,2020-02-15T15:34:32+08:00,True,6.0,1472.0,5634.0,116.396897,39.938745,116.388657,39.929326
highest_fee_baseline,highest_fee_baseline_w000778,6000000000000005322,57,Dinner-Peak Core,2020-02-15T15:27:07+08:00,2020-02-15T16:09:07+08:00,2020-02-15T16:00:32+08:00,True,6.0,1232.0,4633.0,116.393694,39.93232,116.410297,39.918836
highest_fee_baseline,highest_fee_baseline_w000823,6000000000000005554,57,Dinner-Peak Core,2020-02-15T15:51:25+08:00,2020-02-15T16:25:25+08:00,2020-02-15T16:22:36+08:00,True,6.0,756.0,2652.0,116.407397,39.922876,116.417607,39.917946
highest_fee_baseline,highest_fee_baseline_w000859,6000000000000006176,57,Dinner-Peak Core,2020-02-15T16:08:32+08:00,2020-02-15T16:52:32+08:00,2020-02-15T16:44:32+08:00,True,6.0,872.0,3133.0,116.408087,39.918797,116.404957,39.904716
highest_fee_baseline,highest_fee_baseline_w000897,6000000000000006197,57,Dinner-Peak Core,2020-02-15T16:27:42+08:00,2020-02-15T17:18:42+08:00,2020-02-15T17:16:43+08:00,True,6.0,1603.0,6180.0,116.414763,39.896925,116.393917,39.914066
highest_fee_baseline,highest_fee_baseline_w000951,6000000000000006632,57,Dinner-Peak Core,2020-02-15T16:55:23+08:00,2020-02-15T17:29:23+08:00,2020-02-15T17:43:29+08:00,False,6.0,1409.0,5374.0,116.407951,39.917592,116.397927,39.929116
highest_fee_baseline,highest_fee_baseline_w001008,6000000000000007399,57,Dinner-Peak Core,2020-02-15T17:32:57+08:00,2020-02-15T18:10:57+08:00,2020-02-15T18:09:39+08:00,True,6.0,1179.0,4416.0,116.408009,39.919439,116.421047,39.911346
highest_fee_baseline,highest_fee_baseline_w001036,6000000000000007563,57,Dinner-Peak Core,2020-02-15T17:44:51+08:00,2020-02-15T18:31:51+08:00,2020-02-15T18:23:31+08:00,True,6.0,811.0,2881.0,116.420423,39.908534,116.410077,39.922346
highest_fee_baseline,highest_fee_baseline_w001077,6000000000000007688,57,Dinner-Peak Core,2020-02-15T18:05:21+08:00,2020-02-15T18:45:21+08:00,2020-02-15T18:49:32+08:00,False,6.0,1172.0,4383.0,116.401902,39.932111,116.393187,39.950836
highest_fee_baseline,highest_fee_baseline_w001118,6000000000000008431,57,Dinner-Peak Core,2020-02-15T18:40:30+08:00,2020-02-15T19:19:30+08:00,2020-02-15T19:10:17+08:00,True,6.0,1217.0,4571.0,116.404707,39.939625,116.391197,39.934806
highest_fee_baseline,highest_fee_baseline_w001153,6000000000000008474,57,Dinner-Peak Core,2020-02-15T19:12:22+08:00,2020-02-15T20:02:22+08:00,2020-02-15T19:37:47+08:00,True,6.0,1067.0,3946.0,116.392843,39.940046,116.404037,39.956116
highest_fee_baseline,highest_fee_baseline_w001191,6000000000000008148,57,Dinner-Peak Core,2020-02-15T19:10:28+08:00,2020-02-15T20:05:28+08:00,2020-02-15T20:07:42+08:00,False,6.0,1662.0,6426.0,116.398151,39.945018,116.404697,39.963366
highest_fee_baseline,highest_fee_baseline_w000078,6000000000000000254,58,Dinner-Peak Core,2020-02-15T09:03:32+08:00,2020-02-15T09:33:32+08:00,2020-02-15T09:21:22+08:00,True,3.0,682.0,2341.0,116.480582,39.969483,116.480647,39.970746
highest_fee_baseline,highest_fee_baseline_w000172,6000000000000001101,58,Dinner-Peak Core,2020-02-15T10:10:35+08:00,2020-02-15T12:30:00+08:00,2020-02-15T10:26:31+08:00,True,3.0,991.0,3627.0,116.470967,39.965846,116.476437,39.959156
highest_fee_baseline,highest_fee_baseline_w000204,6000000000000000902,58,Dinner-Peak Core,2020-02-15T10:23:13+08:00,2020-02-15T11:06:13+08:00,2020-02-15T10:44:28+08:00,True,6.0,868.0,3115.0,116.48118,39.959474,116.481647,39.968816
highest_fee_baseline,highest_fee_baseline_w000237,6000000000000001402,58,Dinner-Peak Core,2020-02-15T10:47:31+08:00,2020-02-15T11:30:00+08:00,2020-02-15T11:08:29+08:00,True,6.0,1109.0,4120.0,116.480889,39.970553,116.485387,39.954806
highest_fee_baseline,highest_fee_baseline_w000280,6000000000000001633,58,Dinner-Peak Core,2020-02-15T11:04:55+08:00,2020-02-15T11:54:55+08:00,2020-02-15T11:31:30+08:00,True,6.0,1290.0,4875.0,116.48118,39.959474,116.489917,39.974196
highest_fee_baseline,highest_fee_baseline_w000341,6000000000000002140,58,Dinner-Peak Core,2020-02-15T11:13:36+08:00,2020-02-15T11:49:36+08:00,2020-02-15T11:56:01+08:00,False,6.0,961.0,3504.0,116.479488,39.968664,116.489847,39.974436
highest_fee_baseline,highest_fee_baseline_w000395,6000000000000001803,58,Dinner-Peak Core,2020-02-15T11:30:23+08:00,2020-02-15T12:16:23+08:00,2020-02-15T12:16:37+08:00,False,6.0,997.0,3657.0,116.485302,39.962237,116.485177,39.953136
highest_fee_baseline,highest_fee_baseline_w000436,6000000000000003024,58,Dinner-Peak Core,2020-02-15T12:00:24+08:00,2020-02-15T12:30:24+08:00,2020-02-15T12:46:42+08:00,False,6.0,1602.0,6177.0,116.480582,39.969483,116.48900700000002,39.954346
highest_fee_baseline,highest_fee_baseline_w000487,6000000000000003061,58,Dinner-Peak Core,2020-02-15T12:34:55+08:00,2020-02-15T13:17:55+08:00,2020-02-15T13:04:00+08:00,True,3.0,840.0,2999.0,116.493055,39.962236,116.491087,39.970086
highest_fee_baseline,highest_fee_baseline_w000544,6000000000000003415,58,Dinner-Peak Core,2020-02-15T12:51:29+08:00,2020-02-15T13:39:29+08:00,2020-02-15T13:42:21+08:00,False,6.0,1341.0,5086.0,116.487721,39.976742,116.478607,39.960156
highest_fee_baseline,highest_fee_baseline_w000599,6000000000000004649,58,Dinner-Peak Core,2020-02-15T13:25:14+08:00,2020-02-15T14:04:14+08:00,2020-02-15T14:13:23+08:00,False,6.0,1403.0,5346.0,116.486986,39.960914,116.502247,39.945006
highest_fee_baseline,highest_fee_baseline_w000656,6000000000000005227,58,Dinner-Peak Core,2020-02-15T14:13:11+08:00,2020-02-15T17:13:11+08:00,2020-02-15T14:41:34+08:00,True,6.0,1294.0,4894.0,116.512228,39.939599,116.492617,39.939576
highest_fee_baseline,highest_fee_baseline_w000700,6000000000000004758,58,Dinner-Peak Core,2020-02-15T14:35:47+08:00,2020-02-15T15:47:47+08:00,2020-02-15T15:04:50+08:00,True,6.0,890.0,3208.0,116.495335,39.932599,116.488407,39.924326
highest_fee_baseline,highest_fee_baseline_w000734,6000000000000005339,58,Dinner-Peak Core,2020-02-15T14:53:27+08:00,2020-02-15T15:49:27+08:00,2020-02-15T15:25:33+08:00,True,6.0,933.0,3385.0,116.481502,39.915072,116.493777,39.911226
highest_fee_baseline,highest_fee_baseline_w000760,6000000000000005564,58,Dinner-Peak Core,2020-02-15T15:15:41+08:00,2020-02-15T15:57:41+08:00,2020-02-15T15:41:39+08:00,True,6.0,699.0,2413.0,116.49568,39.914159,116.489407,39.922866
highest_fee_baseline,highest_fee_baseline_w000791,6000000000000005637,58,Dinner-Peak Core,2020-02-15T15:24:03+08:00,2020-02-15T16:36:03+08:00,2020-02-15T16:15:19+08:00,True,6.0,1519.0,5829.0,116.486914,39.917948,116.502397,39.908666
highest_fee_baseline,highest_fee_baseline_w000885,6000000000000006548,58,Dinner-Peak Core,2020-02-15T16:45:01+08:00,2020-02-15T17:24:01+08:00,2020-02-15T17:06:11+08:00,True,3.0,1571.0,6046.0,116.491087,39.921482,116.486517,39.922036
highest_fee_baseline,highest_fee_baseline_w000929,6000000000000006504,58,Dinner-Peak Core,2020-02-15T16:56:49+08:00,2020-02-15T18:05:49+08:00,2020-02-15T17:34:16+08:00,True,6.0,1456.0,5569.0,116.486376,39.914054,116.515177,39.921486
highest_fee_baseline,highest_fee_baseline_w001000,6000000000000007171,58,Dinner-Peak Core,2020-02-15T17:27:50+08:00,2020-02-15T18:27:50+08:00,2020-02-15T18:32:01+08:00,False,10.0,2521.0,10005.0,116.506634,39.920577,116.550707,39.904076
highest_fee_baseline,highest_fee_baseline_w001111,6000000000000008211,58,Dinner-Peak Core,2020-02-15T18:56:41+08:00,2020-02-15T20:18:41+08:00,2020-02-15T19:18:45+08:00,True,6.0,1725.0,6684.0,116.545654,39.915477,116.540157,39.897176
highest_fee_baseline,highest_fee_baseline_w000005,6000000000000000212,59,Dinner-Peak Core,2020-02-15T08:07:54+08:00,2020-02-15T10:45:00+08:00,2020-02-15T08:21:49+08:00,True,6.0,1309.0,4952.0,116.434859,39.938419,116.427477,39.928296
highest_fee_baseline,highest_fee_baseline_w000101,6000000000000000670,59,Dinner-Peak Core,2020-02-15T09:27:35+08:00,2020-02-15T10:02:35+08:00,2020-02-15T09:40:15+08:00,True,6.0,1215.0,4561.0,116.446389,39.92748,116.429167,39.926216
highest_fee_baseline,highest_fee_baseline_w000162,6000000000000000549,59,Dinner-Peak Core,2020-02-15T10:06:25+08:00,2020-02-15T10:52:25+08:00,2020-02-15T10:19:37+08:00,True,6.0,1177.0,4402.0,116.416098,39.919745,116.432207,39.924816
highest_fee_baseline,highest_fee_baseline_w000188,6000000000000001263,59,Dinner-Peak Core,2020-02-15T10:21:00+08:00,2020-02-15T11:03:00+08:00,2020-02-15T10:35:42+08:00,True,6.0,942.0,3424.0,116.42895,39.9178,116.427777,39.927176
highest_fee_baseline,highest_fee_baseline_w000229,6000000000000000750,59,Dinner-Peak Core,2020-02-15T10:11:13+08:00,2020-02-15T11:01:13+08:00,2020-02-15T10:58:29+08:00,True,6.0,1109.0,4120.0,116.416098,39.919745,116.432977,39.917536
highest_fee_baseline,highest_fee_baseline_w000262,6000000000000001150,59,Dinner-Peak Core,2020-02-15T10:54:45+08:00,2020-02-15T11:26:45+08:00,2020-02-15T11:11:39+08:00,True,6.0,699.0,2414.0,116.426638,39.915116,116.431977,39.923446
highest_fee_baseline,highest_fee_baseline_w000305,6000000000000001565,59,Dinner-Peak Core,2020-02-15T11:03:53+08:00,2020-02-15T11:33:53+08:00,2020-02-15T11:36:09+08:00,False,6.0,969.0,3538.0,116.421817,39.926136,116.403017,39.924706
highest_fee_baseline,highest_fee_baseline_w000346,6000000000000001790,59,Dinner-Peak Core,2020-02-15T11:25:18+08:00,2020-02-15T12:05:18+08:00,2020-02-15T11:53:43+08:00,True,3.0,823.0,2929.0,116.40213,39.912873,116.410257,39.909106
highest_fee_baseline,highest_fee_baseline_w000381,6000000000000002617,59,Dinner-Peak Core,2020-02-15T11:34:35+08:00,2020-02-15T12:13:35+08:00,2020-02-15T12:11:26+08:00,True,6.0,686.0,2360.0,116.408217,39.910528,116.391277,39.906826
highest_fee_baseline,highest_fee_baseline_w000439,6000000000000002657,59,Dinner-Peak Core,2020-02-15T12:06:22+08:00,2020-02-15T12:49:22+08:00,2020-02-15T12:44:00+08:00,True,6.0,1440.0,5500.0,116.408087,39.918797,116.429947,39.917466
highest_fee_baseline,highest_fee_baseline_w000490,6000000000000002603,59,Dinner-Peak Core,2020-02-15T12:21:48+08:00,2020-02-15T13:01:48+08:00,2020-02-15T13:07:08+08:00,False,6.0,1028.0,3784.0,116.433617,39.908637,116.456707,39.906066
highest_fee_baseline,highest_fee_baseline_w000549,6000000000000003520,59,Dinner-Peak Core,2020-02-15T13:00:18+08:00,2020-02-15T13:39:18+08:00,2020-02-15T13:33:03+08:00,True,3.0,783.0,2762.0,116.448123,39.898774,116.448627,39.899286
highest_fee_baseline,highest_fee_baseline_w000617,6000000000000004444,59,Dinner-Peak Core,2020-02-15T13:40:37+08:00,2020-02-15T14:15:37+08:00,2020-02-15T14:15:33+08:00,True,6.0,933.0,3390.0,116.453197,39.905886,116.440697,39.907796
highest_fee_baseline,highest_fee_baseline_w000652,6000000000000004472,59,Dinner-Peak Core,2020-02-15T14:08:01+08:00,2020-02-15T14:49:01+08:00,2020-02-15T14:30:56+08:00,True,3.0,656.0,2235.0,116.448545,39.911598,116.451147,39.919166
highest_fee_baseline,highest_fee_baseline_w000687,6000000000000005105,59,Dinner-Peak Core,2020-02-15T14:25:17+08:00,2020-02-15T15:14:17+08:00,2020-02-15T15:02:41+08:00,True,6.0,1361.0,5171.0,116.446566,39.91035,116.459507,39.923406
highest_fee_baseline,highest_fee_baseline_w000742,6000000000000005408,59,Dinner-Peak Core,2020-02-15T14:58:05+08:00,2020-02-15T15:43:05+08:00,2020-02-15T15:29:25+08:00,True,6.0,1165.0,4353.0,116.441156,39.915621,116.452307,39.922616
highest_fee_baseline,highest_fee_baseline_w000764,6000000000000005703,59,Dinner-Peak Core,2020-02-15T15:38:28+08:00,2020-02-15T16:14:28+08:00,2020-02-15T15:48:29+08:00,True,6.0,1109.0,4121.0,116.440718,39.923396,116.464637,39.915126
highest_fee_baseline,highest_fee_baseline_w000805,6000000000000005593,59,Dinner-Peak Core,2020-02-15T15:47:49+08:00,2020-02-15T16:36:49+08:00,2020-02-15T16:16:36+08:00,True,10.0,1596.0,6151.0,116.461385,39.899187,116.496527,39.893596
highest_fee_baseline,highest_fee_baseline_w000884,6000000000000006490,59,Dinner-Peak Core,2020-02-15T16:49:38+08:00,2020-02-15T17:28:38+08:00,2020-02-15T16:58:06+08:00,True,6.0,1086.0,4024.0,116.477875,39.892471,116.494537,39.897326
highest_fee_baseline,highest_fee_baseline_w000919,6000000000000006826,59,Dinner-Peak Core,2020-02-15T16:50:31+08:00,2020-02-15T17:28:31+08:00,2020-02-15T17:17:11+08:00,True,6.0,1031.0,3798.0,116.477875,39.892471,116.494327,39.893066
highest_fee_baseline,highest_fee_baseline_w000955,6000000000000006735,59,Dinner-Peak Core,2020-02-15T17:20:41+08:00,2020-02-15T18:30:41+08:00,2020-02-15T17:53:59+08:00,True,10.0,2039.0,7996.0,116.475666,39.898339,116.427727,39.887706
highest_fee_baseline,highest_fee_baseline_w001016,6000000000000007810,59,Dinner-Peak Core,2020-02-15T18:01:30+08:00,2020-02-15T18:46:30+08:00,2020-02-15T18:15:00+08:00,True,6.0,900.0,3250.0,116.427787,39.892413,116.415387,39.899006
highest_fee_baseline,highest_fee_baseline_w001056,6000000000000007502,59,Dinner-Peak Core,2020-02-15T17:57:49+08:00,2020-02-15T18:57:49+08:00,2020-02-15T18:34:05+08:00,True,6.0,845.0,3021.0,116.425212,39.893217,116.415287,39.899316
highest_fee_baseline,highest_fee_baseline_w001086,6000000000000007936,59,Dinner-Peak Core,2020-02-15T18:44:19+08:00,2020-02-15T19:25:19+08:00,2020-02-15T19:00:00+08:00,True,6.0,1200.0,4502.0,116.422787,39.893256,116.412317,39.910786
highest_fee_baseline,highest_fee_baseline_w001128,6000000000000008047,59,Dinner-Peak Core,2020-02-15T18:51:25+08:00,2020-02-15T19:27:25+08:00,2020-02-15T19:16:07+08:00,True,6.0,967.0,3529.0,116.418073,39.899341,116.410517,39.909876
highest_fee_baseline,highest_fee_baseline_w001164,6000000000000008558,59,Dinner-Peak Core,2020-02-15T19:01:37+08:00,2020-02-15T19:45:37+08:00,2020-02-15T19:39:55+08:00,True,6.0,1195.0,4478.0,116.408861,39.923743,116.418107,39.932236
highest_fee_baseline,highest_fee_baseline_w001183,6000000000000008592,59,Dinner-Peak Core,2020-02-15T19:40:18+08:00,2020-02-15T20:24:27+08:00,2020-02-15T19:56:22+08:00,True,6.0,982.0,3591.0,116.41777700000002,39.932546,116.403157,39.917866
highest_fee_baseline,highest_fee_baseline_w001216,6000000000000008927,59,Dinner-Peak Core,2020-02-15T19:46:47+08:00,2020-02-15T20:19:53+08:00,2020-02-15T20:13:28+08:00,True,6.0,808.0,2867.0,116.393507,39.923356,116.405857,39.921106
highest_fee_baseline,highest_fee_baseline_w000011,6000000000000000442,60,Dinner-Peak Core,2020-02-15T08:11:04+08:00,2020-02-15T10:45:00+08:00,2020-02-15T08:19:02+08:00,True,3.0,542.0,1758.0,116.306018,39.97894,116.311937,39.979456
highest_fee_baseline,highest_fee_baseline_w000013,6000000000000000562,60,Dinner-Peak Core,2020-02-15T08:26:09+08:00,2020-02-15T11:15:00+08:00,2020-02-15T08:36:53+08:00,True,6.0,1013.0,3724.0,116.306018,39.97894,116.324447,39.989186
highest_fee_baseline,highest_fee_baseline_w000069,6000000000000000632,60,Dinner-Peak Core,2020-02-15T09:04:01+08:00,2020-02-15T12:04:01+08:00,2020-02-15T09:21:53+08:00,True,6.0,1313.0,4971.0,116.306018,39.97894,116.318957,39.989556
highest_fee_baseline,highest_fee_baseline_w000113,6000000000000000605,60,Dinner-Peak Core,2020-02-15T09:20:45+08:00,2020-02-15T12:20:45+08:00,2020-02-15T09:56:23+08:00,True,6.0,1583.0,6095.0,116.306018,39.97894,116.322197,39.991346
highest_fee_baseline,highest_fee_baseline_w000165,6000000000000001100,60,Dinner-Peak Core,2020-02-15T09:40:35+08:00,2020-02-15T12:40:35+08:00,2020-02-15T10:23:00+08:00,True,6.0,1380.0,5251.0,116.306018,39.97894,116.320607,39.990526
highest_fee_baseline,highest_fee_baseline_w000216,6000000000000001286,60,Dinner-Peak Core,2020-02-15T10:13:52+08:00,2020-02-15T13:13:52+08:00,2020-02-15T10:50:03+08:00,True,6.0,1203.0,4513.0,116.306018,39.97894,116.326217,39.981216
highest_fee_baseline,highest_fee_baseline_w000265,6000000000000001294,60,Dinner-Peak Core,2020-02-15T10:50:38+08:00,2020-02-15T11:25:38+08:00,2020-02-15T11:13:17+08:00,True,6.0,797.0,2824.0,116.324115,39.987352,116.312327,39.983906
highest_fee_baseline,highest_fee_baseline_w000303,6000000000000001543,60,Dinner-Peak Core,2020-02-15T10:51:56+08:00,2020-02-15T11:35:56+08:00,2020-02-15T11:34:49+08:00,True,6.0,889.0,3203.0,116.308557,39.97628,116.299287,39.965506
highest_fee_baseline,highest_fee_baseline_w000355,6000000000000001879,60,Dinner-Peak Core,2020-02-15T11:19:30+08:00,2020-02-15T12:00:30+08:00,2020-02-15T12:04:22+08:00,False,6.0,1462.0,5591.0,116.315007,39.975907,116.298867,39.981896
highest_fee_baseline,highest_fee_baseline_w000410,6000000000000002802,60,Dinner-Peak Core,2020-02-15T11:43:28+08:00,2020-02-15T12:18:28+08:00,2020-02-15T12:33:35+08:00,False,6.0,1415.0,5399.0,116.309263,39.979225,116.291897,39.978226
highest_fee_baseline,highest_fee_baseline_w000472,6000000000000002883,60,Dinner-Peak Core,2020-02-15T12:13:35+08:00,2020-02-15T13:03:35+08:00,2020-02-15T13:09:36+08:00,False,10.0,1776.0,6899.0,116.293822,39.964875,116.283867,39.994846
highest_fee_baseline,highest_fee_baseline_w000535,6000000000000003584,60,Dinner-Peak Core,2020-02-15T12:59:58+08:00,2020-02-15T13:45:58+08:00,2020-02-15T14:12:30+08:00,False,6.0,3750.0,15123.0,116.295438,39.980619,116.273647,39.991676
highest_fee_baseline,highest_fee_baseline_w000824,6000000000000006128,60,Dinner-Peak Core,2020-02-15T16:15:36+08:00,2020-02-15T17:01:36+08:00,2020-02-15T17:01:32+08:00,True,3.0,3092.0,12380.0,116.27954,39.997443,116.279907,39.994936
highest_fee_baseline,highest_fee_baseline_w000924,6000000000000005963,60,Dinner-Peak Core,2020-02-15T16:40:25+08:00,2020-02-15T17:30:25+08:00,2020-02-15T17:33:08+08:00,False,3.0,1388.0,5286.0,116.280774,39.995997,116.275437,40.000556
highest_fee_baseline,highest_fee_baseline_w000982,6000000000000007586,60,Dinner-Peak Core,2020-02-15T17:49:07+08:00,2020-02-15T19:01:07+08:00,2020-02-15T18:45:41+08:00,True,10.0,3941.0,15922.0,116.280517,39.996866,116.314447,39.985266
highest_fee_baseline,highest_fee_baseline_w001120,6000000000000008235,60,Dinner-Peak Core,2020-02-15T18:22:31+08:00,2020-02-15T19:03:31+08:00,2020-02-15T19:20:59+08:00,False,6.0,1859.0,7249.0,116.295917,39.978399,116.283127,39.971986
highest_fee_baseline,highest_fee_baseline_w001178,6000000000000008117,60,Dinner-Peak Core,2020-02-15T19:05:17+08:00,2020-02-15T19:56:17+08:00,2020-02-15T20:07:37+08:00,False,10.0,2257.0,8901.0,116.29583,39.97923,116.323847,40.000426
