model,wave_id,order_id,assigned_rider_id,persona_name,create_time,promise_deliver_time,finish_time,is_on_time,fee,actual_duration_s,actual_distance_m,pickup_lon,pickup_lat,delivery_lon,delivery_lat
profit_baseline,profit_baseline_w000023,6000000000000000215,1,Full-time Workhorse,2020-02-15T08:22:02+08:00,2020-02-15T10:45:00+08:00,2020-02-15T08:42:09+08:00,True,6.0,1329.0,5038.0,116.642803,39.920638,116.627457,39.919826
profit_baseline,profit_baseline_w000048,6000000000000000579,1,Full-time Workhorse,2020-02-15T08:55:43+08:00,2020-02-15T11:15:00+08:00,2020-02-15T09:20:27+08:00,True,6.0,1827.0,7113.0,116.642803,39.920638,116.627157,39.920666
profit_baseline,profit_baseline_w000095,6000000000000000406,1,Full-time Workhorse,2020-02-15T09:00:43+08:00,2020-02-15T11:59:43+08:00,2020-02-15T10:14:50+08:00,True,6.0,2690.0,10209.0,116.642803,39.920638,116.626577,39.926276
profit_baseline,profit_baseline_w000095,6000000000000000461,1,Full-time Workhorse,2020-02-15T09:36:29+08:00,2020-02-15T12:06:29+08:00,2020-02-15T10:14:50+08:00,True,3.0,2690.0,10209.0,116.625171,39.926247,116.634367,39.929096
profit_baseline,profit_baseline_w000166,6000000000000001368,1,Full-time Workhorse,2020-02-15T10:31:45+08:00,2020-02-15T11:32:45+08:00,2020-02-15T11:18:38+08:00,True,6.0,2918.0,11158.0,116.629789,39.925544,116.603977,39.927376
profit_baseline,profit_baseline_w000166,6000000000000000983,1,Full-time Workhorse,2020-02-15T10:32:54+08:00,2020-02-15T11:54:54+08:00,2020-02-15T11:18:38+08:00,True,6.0,2918.0,11158.0,116.630037,39.924566,116.623747,39.942026
profit_baseline,profit_baseline_w000686,6000000000000006859,1,Full-time Workhorse,2020-02-15T17:12:32+08:00,2020-02-15T18:00:32+08:00,2020-02-15T17:38:35+08:00,True,6.0,1715.0,6643.0,116.637717,39.927835,116.647777,39.921156
profit_baseline,profit_baseline_w000710,6000000000000006873,1,Full-time Workhorse,2020-02-15T17:19:13+08:00,2020-02-15T18:04:13+08:00,2020-02-15T17:50:28.312500+08:00,True,3.0,628.31,1619.0,116.642763,39.920949,116.642757,39.920936
profit_baseline,profit_baseline_w000710,6000000000000006877,1,Full-time Workhorse,2020-02-15T17:21:18+08:00,2020-02-15T18:17:18+08:00,2020-02-15T17:50:28.312500+08:00,True,3.0,628.31,1619.0,116.642763,39.920949,116.647427,39.917176
profit_baseline,profit_baseline_w000748,6000000000000007303,1,Full-time Workhorse,2020-02-15T17:30:28+08:00,2020-02-15T18:32:28+08:00,2020-02-15T18:41:01+08:00,False,6.0,2461.0,9753.0,116.632517,39.904219,116.626397,39.883526
profit_baseline,profit_baseline_w000796,6000000000000008161,1,Full-time Workhorse,2020-02-15T18:24:23+08:00,2020-02-15T19:17:23+08:00,2020-02-15T19:27:34+08:00,False,6.0,2254.0,8391.0,116.633912,39.886086,116.641247,39.875656
profit_baseline,profit_baseline_w000796,6000000000000007840,1,Full-time Workhorse,2020-02-15T18:28:22+08:00,2020-02-15T19:21:22+08:00,2020-02-15T19:27:34+08:00,False,6.0,2254.0,8391.0,116.633912,39.886086,116.639597,39.877306
profit_baseline,profit_baseline_w000841,6000000000000007963,1,Full-time Workhorse,2020-02-15T19:13:49+08:00,2020-02-15T19:49:49+08:00,2020-02-15T20:23:29+08:00,False,6.0,3209.0,12369.0,116.637937,39.87622,116.626227,39.880996
profit_baseline,profit_baseline_w000841,6000000000000009037,1,Full-time Workhorse,2020-02-15T19:34:09+08:00,2020-02-15T20:17:09+08:00,2020-02-15T20:23:29+08:00,False,6.0,3209.0,12369.0,116.656229,39.879886,116.662607,39.869926
profit_baseline,profit_baseline_w000013,6000000000000000216,2,Full-time Workhorse,2020-02-15T08:25:38+08:00,2020-02-15T10:45:00+08:00,2020-02-15T08:34:19+08:00,True,6.0,859.0,3077.0,116.640281,40.125318,116.623777,40.129876
profit_baseline,profit_baseline_w000086,6000000000000000745,2,Full-time Workhorse,2020-02-15T09:27:47+08:00,2020-02-15T12:26:47+08:00,2020-02-15T09:42:38+08:00,True,6.0,1358.0,5155.0,116.640281,40.125318,116.624137,40.131706
profit_baseline,profit_baseline_w000137,6000000000000000953,2,Full-time Workhorse,2020-02-15T10:04:08+08:00,2020-02-15T10:34:08+08:00,2020-02-15T10:36:31+08:00,False,6.0,2191.0,8130.0,116.640705,40.125447,116.661007,40.125886
profit_baseline,profit_baseline_w000137,6000000000000000550,2,Full-time Workhorse,2020-02-15T10:08:08+08:00,2020-02-15T10:38:08+08:00,2020-02-15T10:36:31+08:00,True,6.0,2191.0,8130.0,116.640705,40.125447,116.648357,40.133716
profit_baseline,profit_baseline_w000182,6000000000000001373,2,Full-time Workhorse,2020-02-15T10:32:54+08:00,2020-02-15T12:00:00+08:00,2020-02-15T10:57:13+08:00,True,6.0,1033.0,3805.0,116.642834,40.126848,116.62864700000002,40.130856
profit_baseline,profit_baseline_w000219,6000000000000001081,2,Full-time Workhorse,2020-02-15T10:51:30+08:00,2020-02-15T11:37:30+08:00,2020-02-15T11:50:32+08:00,False,6.0,3032.0,11633.0,116.647363,40.12438,116.633167,40.132866
profit_baseline,profit_baseline_w000219,6000000000000001910,2,Full-time Workhorse,2020-02-15T11:04:00+08:00,2020-02-15T14:04:00+08:00,2020-02-15T11:50:32+08:00,True,6.0,3032.0,11633.0,116.640281,40.125318,116.654337,40.103676
profit_baseline,profit_baseline_w000283,6000000000000003207,2,Full-time Workhorse,2020-02-15T12:09:49+08:00,2020-02-15T13:03:49+08:00,2020-02-15T12:32:36+08:00,True,6.0,1956.0,7653.0,116.655264,40.106647,116.621377,40.105876
profit_baseline,profit_baseline_w000343,6000000000000003599,2,Full-time Workhorse,2020-02-15T12:29:05+08:00,2020-02-15T14:59:05+08:00,2020-02-15T13:11:34+08:00,True,6.0,1894.0,7393.0,116.639234,40.111142,116.621737,40.104156
profit_baseline,profit_baseline_w000722,6000000000000007108,2,Full-time Workhorse,2020-02-15T17:43:43+08:00,2020-02-15T18:36:43+08:00,2020-02-15T18:06:38+08:00,True,6.0,1598.0,6161.0,116.637597,40.116886,116.621987,40.106866
profit_baseline,profit_baseline_w000749,6000000000000007254,2,Full-time Workhorse,2020-02-15T17:50:47+08:00,2020-02-15T18:42:48+08:00,2020-02-15T18:16:57+08:00,True,3.0,417.0,1236.0,116.621664,40.106851,116.621377,40.105836
profit_baseline,profit_baseline_w000051,6000000000000000252,3,Full-time Workhorse,2020-02-15T08:59:30+08:00,2020-02-15T09:53:30+08:00,2020-02-15T09:19:52+08:00,True,6.0,1792.0,6967.0,116.453639,39.920846,116.444577,39.898106
profit_baseline,profit_baseline_w000078,6000000000000000258,3,Full-time Workhorse,2020-02-15T09:10:32+08:00,2020-02-15T09:40:32+08:00,2020-02-15T09:34:56+08:00,True,3.0,896.0,2732.0,116.45064800000002,39.896061,116.454867,39.897226
profit_baseline,profit_baseline_w000078,6000000000000000451,3,Full-time Workhorse,2020-02-15T09:12:10+08:00,2020-02-15T09:42:11+08:00,2020-02-15T09:34:56+08:00,True,3.0,896.0,2732.0,116.45064800000002,39.896061,116.450077,39.899146
profit_baseline,profit_baseline_w000109,6000000000000000465,3,Full-time Workhorse,2020-02-15T09:10:47+08:00,2020-02-15T12:09:47+08:00,2020-02-15T10:07:40+08:00,True,6.0,1660.0,6418.0,116.452478,39.884308,116.478217,39.898046
profit_baseline,profit_baseline_w000150,6000000000000000729,3,Full-time Workhorse,2020-02-15T09:42:14+08:00,2020-02-15T10:12:14+08:00,2020-02-15T10:56:12+08:00,False,3.0,2772.0,10551.0,116.491245,39.891022,116.489267,39.893526
profit_baseline,profit_baseline_w000150,6000000000000000427,3,Full-time Workhorse,2020-02-15T09:53:32+08:00,2020-02-15T10:40:32+08:00,2020-02-15T10:56:12+08:00,False,6.0,2772.0,10551.0,116.468374,39.883906,116.483237,39.897976
profit_baseline,profit_baseline_w000212,6000000000000001022,3,Full-time Workhorse,2020-02-15T10:59:43+08:00,2020-02-15T11:44:43+08:00,2020-02-15T11:07:15+08:00,True,3.0,435.0,1316.0,116.476182,39.899793,116.474507,39.898886
profit_baseline,profit_baseline_w000229,6000000000000001226,3,Full-time Workhorse,2020-02-15T10:51:46+08:00,2020-02-15T11:22:46+08:00,2020-02-15T12:01:04+08:00,False,3.0,3064.0,11769.0,116.45922600000002,39.890149,116.457307,39.892996
profit_baseline,profit_baseline_w000229,6000000000000001528,3,Full-time Workhorse,2020-02-15T10:45:37+08:00,2020-02-15T11:35:37+08:00,2020-02-15T12:01:04+08:00,False,6.0,3064.0,11769.0,116.468605,39.892822,116.491847,39.878786
profit_baseline,profit_baseline_w000344,6000000000000003699,3,Full-time Workhorse,2020-02-15T12:40:15+08:00,2020-02-15T13:17:15+08:00,2020-02-15T12:59:37+08:00,True,3.0,1177.0,4406.0,116.48150400000002,39.891929,116.478687,39.884236
profit_baseline,profit_baseline_w000370,6000000000000003830,3,Full-time Workhorse,2020-02-15T12:31:03+08:00,2020-02-15T13:24:03+08:00,2020-02-15T13:43:02+08:00,False,6.0,2582.0,9762.0,116.470614,39.894367,116.489167,39.899246
profit_baseline,profit_baseline_w000370,6000000000000003384,3,Full-time Workhorse,2020-02-15T12:32:38+08:00,2020-02-15T13:25:38+08:00,2020-02-15T13:43:02+08:00,False,6.0,2582.0,9762.0,116.469315,39.892902,116.450107,39.893036
profit_baseline,profit_baseline_w000436,6000000000000004350,3,Full-time Workhorse,2020-02-15T13:22:46+08:00,2020-02-15T14:08:46+08:00,2020-02-15T14:05:59+08:00,True,3.0,959.0,2993.0,116.450481,39.894417,116.45005700000002,39.893276
profit_baseline,profit_baseline_w000436,6000000000000004210,3,Full-time Workhorse,2020-02-15T13:37:58+08:00,2020-02-15T14:08:58+08:00,2020-02-15T14:05:59+08:00,True,3.0,959.0,2993.0,116.455139,39.890607,116.449287,39.891796
profit_baseline,profit_baseline_w000474,6000000000000005023,3,Full-time Workhorse,2020-02-15T14:08:59+08:00,2020-02-15T14:38:59+08:00,2020-02-15T14:49:58+08:00,False,3.0,1798.0,6493.0,116.450157,39.892116,116.446887,39.896936
profit_baseline,profit_baseline_w000474,6000000000000005080,3,Full-time Workhorse,2020-02-15T14:07:29+08:00,2020-02-15T14:47:29+08:00,2020-02-15T14:49:58+08:00,False,6.0,1798.0,6493.0,116.458922,39.88738,116.468677,39.892476
profit_baseline,profit_baseline_w000517,6000000000000005028,3,Full-time Workhorse,2020-02-15T14:20:24+08:00,2020-02-15T15:08:24+08:00,2020-02-15T15:42:42+08:00,False,6.0,3162.0,12176.0,116.459747,39.890366,116.490547,39.895096
profit_baseline,profit_baseline_w000517,6000000000000005159,3,Full-time Workhorse,2020-02-15T14:38:24+08:00,2020-02-15T15:08:25+08:00,2020-02-15T15:42:42+08:00,False,3.0,3162.0,12176.0,116.45099,39.894333,116.447167,39.895036
profit_baseline,profit_baseline_w000586,6000000000000005589,3,Full-time Workhorse,2020-02-15T15:42:41+08:00,2020-02-15T16:12:41+08:00,2020-02-15T16:13:23+08:00,False,3.0,1403.0,4845.0,116.45064800000002,39.896061,116.460017,39.898796
profit_baseline,profit_baseline_w000586,6000000000000005666,3,Full-time Workhorse,2020-02-15T15:52:46+08:00,2020-02-15T16:22:46+08:00,2020-02-15T16:13:23+08:00,True,3.0,1403.0,4845.0,116.450157,39.892116,116.453247,39.886736
profit_baseline,profit_baseline_w000615,6000000000000005993,3,Full-time Workhorse,2020-02-15T16:10:01+08:00,2020-02-15T16:40:01+08:00,2020-02-15T16:39:34+08:00,True,3.0,1174.0,3891.0,116.45064800000002,39.896061,116.457717,39.897596
profit_baseline,profit_baseline_w000615,6000000000000006179,3,Full-time Workhorse,2020-02-15T16:10:25+08:00,2020-02-15T16:40:25+08:00,2020-02-15T16:39:34+08:00,True,3.0,1174.0,3891.0,116.452933,39.893163,116.454367,39.896246
profit_baseline,profit_baseline_w000634,6000000000000006130,3,Full-time Workhorse,2020-02-15T16:23:51+08:00,2020-02-15T16:53:51+08:00,2020-02-15T16:56:33+08:00,False,3.0,993.0,3140.0,116.452933,39.893163,116.455067,39.895396
profit_baseline,profit_baseline_w000634,6000000000000005779,3,Full-time Workhorse,2020-02-15T16:24:18+08:00,2020-02-15T16:54:19+08:00,2020-02-15T16:56:33+08:00,False,3.0,993.0,3140.0,116.45099,39.894333,116.449287,39.894396
profit_baseline,profit_baseline_w000665,6000000000000006511,3,Full-time Workhorse,2020-02-15T17:06:43+08:00,2020-02-15T17:36:43+08:00,2020-02-15T18:04:48+08:00,False,3.0,3888.0,15198.0,116.453382,39.905913,116.455257,39.905766
profit_baseline,profit_baseline_w000665,6000000000000006334,3,Full-time Workhorse,2020-02-15T16:32:52+08:00,2020-02-15T17:37:52+08:00,2020-02-15T18:04:48+08:00,False,10.0,3888.0,15198.0,116.470136,39.892992,116.440387,39.878176
profit_baseline,profit_baseline_w000753,6000000000000007498,3,Full-time Workhorse,2020-02-15T17:56:19+08:00,2020-02-15T18:28:19+08:00,2020-02-15T18:48:54+08:00,False,3.0,2334.0,8725.0,116.439819,39.880548,116.437627,39.880406
profit_baseline,profit_baseline_w000753,6000000000000007505,3,Full-time Workhorse,2020-02-15T17:58:41+08:00,2020-02-15T18:33:41+08:00,2020-02-15T18:48:54+08:00,False,3.0,2334.0,8725.0,116.457597,39.879304,116.457317,39.878036
profit_baseline,profit_baseline_w000798,6000000000000008335,3,Full-time Workhorse,2020-02-15T18:30:09+08:00,2020-02-15T19:12:09+08:00,2020-02-15T19:34:53+08:00,False,6.0,2693.0,10223.0,116.450791,39.89412,116.43823700000002,39.891006
profit_baseline,profit_baseline_w000798,6000000000000007759,3,Full-time Workhorse,2020-02-15T18:28:19+08:00,2020-02-15T19:14:19+08:00,2020-02-15T19:34:53+08:00,False,3.0,2693.0,10223.0,116.457597,39.879304,116.450367,39.878986
profit_baseline,profit_baseline_w000858,6000000000000008698,3,Full-time Workhorse,2020-02-15T19:15:23+08:00,2020-02-15T20:11:23+08:00,2020-02-15T20:00:45+08:00,True,6.0,1245.0,4685.0,116.462138,39.89167,116.442827,39.898926
profit_baseline,profit_baseline_w000036,6000000000000000504,4,Full-time Workhorse,2020-02-15T08:41:49+08:00,2020-02-15T09:15:49+08:00,2020-02-15T08:59:31+08:00,True,6.0,1171.0,4382.0,116.493135,39.914461,116.50664700000002,39.920116
profit_baseline,profit_baseline_w000069,6000000000000000453,4,Full-time Workhorse,2020-02-15T09:17:21+08:00,2020-02-15T10:22:21+08:00,2020-02-15T09:43:35+08:00,True,6.0,2015.0,7895.0,116.491742,39.924739,116.464527,39.909736
profit_baseline,profit_baseline_w000114,6000000000000000678,4,Full-time Workhorse,2020-02-15T09:54:26+08:00,2020-02-15T10:24:27+08:00,2020-02-15T10:15:51+08:00,True,3.0,1551.0,5464.0,116.471426,39.910719,116.469717,39.908576
profit_baseline,profit_baseline_w000114,6000000000000000743,4,Full-time Workhorse,2020-02-15T09:55:56+08:00,2020-02-15T10:25:56+08:00,2020-02-15T10:15:51+08:00,True,3.0,1551.0,5464.0,116.46676,39.911872,116.468607,39.905586
profit_baseline,profit_baseline_w000156,6000000000000000697,4,Full-time Workhorse,2020-02-15T10:18:47+08:00,2020-02-15T10:48:47+08:00,2020-02-15T10:41:10+08:00,True,3.0,1270.0,4292.0,116.46676,39.911872,116.463687,39.909906
profit_baseline,profit_baseline_w000156,6000000000000001264,4,Full-time Workhorse,2020-02-15T10:22:15+08:00,2020-02-15T10:52:15+08:00,2020-02-15T10:41:10+08:00,True,3.0,1270.0,4292.0,116.46676,39.911872,116.464387,39.913436
profit_baseline,profit_baseline_w000193,6000000000000001261,4,Full-time Workhorse,2020-02-15T10:20:31+08:00,2020-02-15T10:50:31+08:00,2020-02-15T11:16:15+08:00,False,3.0,1575.0,5560.0,116.461445,39.913318,116.464107,39.908956
profit_baseline,profit_baseline_w000193,6000000000000000840,4,Full-time Workhorse,2020-02-15T10:28:58+08:00,2020-02-15T11:15:00+08:00,2020-02-15T11:16:15+08:00,False,6.0,1575.0,5560.0,116.463146,39.909585,116.460307,39.897036
profit_baseline,profit_baseline_w000237,6000000000000001465,4,Full-time Workhorse,2020-02-15T11:06:46+08:00,2020-02-15T11:36:46+08:00,2020-02-15T11:34:21+08:00,True,3.0,861.0,2585.0,116.455577,39.890346,116.460547,39.887786
profit_baseline,profit_baseline_w000237,6000000000000001838,4,Full-time Workhorse,2020-02-15T11:04:28+08:00,2020-02-15T11:38:28+08:00,2020-02-15T11:34:21+08:00,True,3.0,861.0,2585.0,116.458827,39.890986,116.455897,39.888326
profit_baseline,profit_baseline_w000261,6000000000000001496,4,Full-time Workhorse,2020-02-15T11:23:24+08:00,2020-02-15T11:53:24+08:00,2020-02-15T12:13:14+08:00,False,6.0,1994.0,7304.0,116.450157,39.892116,116.445877,39.881076
profit_baseline,profit_baseline_w000261,6000000000000001323,4,Full-time Workhorse,2020-02-15T11:16:58+08:00,2020-02-15T11:59:58+08:00,2020-02-15T12:13:14+08:00,False,6.0,1994.0,7304.0,116.451929,39.884293,116.438377,39.879626
profit_baseline,profit_baseline_w000330,6000000000000002857,4,Full-time Workhorse,2020-02-15T12:05:05+08:00,2020-02-15T12:58:05+08:00,2020-02-15T12:51:03+08:00,True,6.0,1263.0,4760.0,116.452396,39.873208,116.442767,39.884056
profit_baseline,profit_baseline_w000371,6000000000000003706,4,Full-time Workhorse,2020-02-15T12:47:34+08:00,2020-02-15T13:17:34+08:00,2020-02-15T13:29:54+08:00,False,6.0,1794.0,6474.0,116.452933,39.893163,116.466837,39.888656
profit_baseline,profit_baseline_w000371,6000000000000003880,4,Full-time Workhorse,2020-02-15T12:49:50+08:00,2020-02-15T13:19:50+08:00,2020-02-15T13:29:54+08:00,False,3.0,1794.0,6474.0,116.458552,39.890743,116.456587,39.890706
profit_baseline,profit_baseline_w000410,6000000000000004101,4,Full-time Workhorse,2020-02-15T13:02:53+08:00,2020-02-15T13:43:53+08:00,2020-02-15T13:54:46+08:00,False,3.0,1486.0,5192.0,116.451973,39.889367,116.455027,39.889336
profit_baseline,profit_baseline_w000410,6000000000000004242,4,Full-time Workhorse,2020-02-15T13:05:44+08:00,2020-02-15T13:44:44+08:00,2020-02-15T13:54:46+08:00,False,3.0,1486.0,5192.0,116.450779,39.894471,116.447167,39.895016
profit_baseline,profit_baseline_w000462,6000000000000004722,4,Full-time Workhorse,2020-02-15T13:52:24+08:00,2020-02-15T14:35:24+08:00,2020-02-15T14:32:57+08:00,True,6.0,1377.0,4731.0,116.450679,39.894508,116.444127,39.884896
profit_baseline,profit_baseline_w000462,6000000000000004775,4,Full-time Workhorse,2020-02-15T13:45:49+08:00,2020-02-15T14:38:49+08:00,2020-02-15T14:32:57+08:00,True,6.0,1377.0,4731.0,116.450054,39.89697,116.443047,39.880176
profit_baseline,profit_baseline_w000522,6000000000000005241,4,Full-time Workhorse,2020-02-15T14:56:58+08:00,2020-02-15T15:26:58+08:00,2020-02-15T15:07:49+08:00,True,3.0,1069.0,3955.0,116.45064800000002,39.896061,116.449237,39.897106
profit_baseline,profit_baseline_w000539,6000000000000005517,4,Full-time Workhorse,2020-02-15T15:12:12+08:00,2020-02-15T15:42:13+08:00,2020-02-15T15:29:12+08:00,True,3.0,1152.0,3801.0,116.450157,39.892116,116.454697,39.891036
profit_baseline,profit_baseline_w000539,6000000000000005521,4,Full-time Workhorse,2020-02-15T15:14:29+08:00,2020-02-15T15:44:29+08:00,2020-02-15T15:29:12+08:00,True,6.0,1152.0,3801.0,116.450157,39.892116,116.447287,39.881816
profit_baseline,profit_baseline_w000570,6000000000000005588,4,Full-time Workhorse,2020-02-15T15:37:17+08:00,2020-02-15T16:14:17+08:00,2020-02-15T16:35:43+08:00,False,6.0,3343.0,12926.0,116.444705,39.879808,116.435587,39.889476
profit_baseline,profit_baseline_w000570,6000000000000005585,4,Full-time Workhorse,2020-02-15T15:34:44+08:00,2020-02-15T16:14:44+08:00,2020-02-15T16:35:43+08:00,False,6.0,3343.0,12926.0,116.454818,39.874982,116.465077,39.868756
profit_baseline,profit_baseline_w000639,6000000000000006285,4,Full-time Workhorse,2020-02-15T16:42:06+08:00,2020-02-15T17:38:06+08:00,2020-02-15T17:20:31+08:00,True,6.0,2431.0,9126.0,116.454976,39.875258,116.462337,39.858666
profit_baseline,profit_baseline_w000639,6000000000000006478,4,Full-time Workhorse,2020-02-15T16:35:43+08:00,2020-02-15T17:47:43+08:00,2020-02-15T17:20:31+08:00,True,6.0,2431.0,9126.0,116.45885,39.879072,116.461717,39.888316
profit_baseline,profit_baseline_w000702,6000000000000006589,4,Full-time Workhorse,2020-02-15T17:01:29+08:00,2020-02-15T17:54:29+08:00,2020-02-15T18:04:54+08:00,False,6.0,2094.0,7728.0,116.457611,39.879401,116.454677,39.868046
profit_baseline,profit_baseline_w000702,6000000000000006864,4,Full-time Workhorse,2020-02-15T17:14:47+08:00,2020-02-15T17:56:47+08:00,2020-02-15T18:04:54+08:00,False,3.0,2094.0,7728.0,116.460707,39.883136,116.455357,39.886456
profit_baseline,profit_baseline_w000754,6000000000000007439,4,Full-time Workhorse,2020-02-15T17:54:56+08:00,2020-02-15T18:42:56+08:00,2020-02-15T18:25:39+08:00,True,6.0,939.0,3411.0,116.45083,39.894467,116.438767,39.890826
profit_baseline,profit_baseline_w000777,6000000000000007810,4,Full-time Workhorse,2020-02-15T18:01:30+08:00,2020-02-15T18:46:30+08:00,2020-02-15T18:57:07+08:00,False,6.0,1627.0,5781.0,116.427787,39.892413,116.415387,39.899006
profit_baseline,profit_baseline_w000777,6000000000000007699,4,Full-time Workhorse,2020-02-15T18:11:39+08:00,2020-02-15T18:47:39+08:00,2020-02-15T18:57:07+08:00,False,3.0,1627.0,5781.0,116.427902,39.892621,116.429727,39.894536
profit_baseline,profit_baseline_w000808,6000000000000008047,4,Full-time Workhorse,2020-02-15T18:51:25+08:00,2020-02-15T19:27:25+08:00,2020-02-15T19:37:46+08:00,False,6.0,2266.0,8440.0,116.418073,39.899341,116.410517,39.909876
profit_baseline,profit_baseline_w000808,6000000000000008373,4,Full-time Workhorse,2020-02-15T19:07:26+08:00,2020-02-15T20:04:26+08:00,2020-02-15T19:37:46+08:00,True,6.0,2266.0,8440.0,116.424848,39.893068,116.411707,39.890976
profit_baseline,profit_baseline_w000851,6000000000000009082,4,Full-time Workhorse,2020-02-15T19:24:44+08:00,2020-02-15T19:59:44+08:00,2020-02-15T19:58:39+08:00,True,3.0,1119.0,3659.0,116.406976,39.896606,116.404507,39.895236
profit_baseline,profit_baseline_w000851,6000000000000008715,4,Full-time Workhorse,2020-02-15T19:33:44+08:00,2020-02-15T20:17:44+08:00,2020-02-15T19:58:39+08:00,True,6.0,1119.0,3659.0,116.403805,39.898633,116.414357,39.891986
profit_baseline,profit_baseline_w000876,6000000000000008933,4,Full-time Workhorse,2020-02-15T19:50:24+08:00,2020-02-15T20:34:24+08:00,2020-02-15T20:31:22+08:00,True,6.0,1882.0,6840.0,116.402427,39.899183,116.420917,39.888026
profit_baseline,profit_baseline_w000876,6000000000000009089,4,Full-time Workhorse,2020-02-15T19:49:45+08:00,2020-02-15T20:43:45+08:00,2020-02-15T20:31:22+08:00,True,3.0,1882.0,6840.0,116.403805,39.898633,116.409617,39.896586
profit_baseline,profit_baseline_w000064,6000000000000000514,5,Full-time Workhorse,2020-02-15T09:13:09+08:00,2020-02-15T09:53:10+08:00,2020-02-15T09:20:45+08:00,True,3.0,645.0,1688.0,116.481895,39.913428,116.483007,39.911986
profit_baseline,profit_baseline_w000064,6000000000000000191,5,Full-time Workhorse,2020-02-15T09:18:10+08:00,2020-02-15T10:07:10+08:00,2020-02-15T09:20:45+08:00,True,3.0,645.0,1688.0,116.481895,39.913428,116.483057,39.912456
profit_baseline,profit_baseline_w000093,6000000000000000268,5,Full-time Workhorse,2020-02-15T09:34:35+08:00,2020-02-15T10:21:35+08:00,2020-02-15T10:21:29+08:00,True,6.0,3089.0,11870.0,116.486367,39.906436,116.494757,39.895106
profit_baseline,profit_baseline_w000093,6000000000000000584,5,Full-time Workhorse,2020-02-15T09:31:21+08:00,2020-02-15T10:46:21+08:00,2020-02-15T10:21:29+08:00,True,3.0,3089.0,11870.0,116.486914,39.917948,116.492547,39.911006
profit_baseline,profit_baseline_w000173,6000000000000000769,5,Full-time Workhorse,2020-02-15T10:24:05+08:00,2020-02-15T11:09:05+08:00,2020-02-15T11:11:11+08:00,False,6.0,2471.0,9296.0,116.47898,39.918639,116.495157,39.924526
profit_baseline,profit_baseline_w000173,6000000000000000904,5,Full-time Workhorse,2020-02-15T10:27:50+08:00,2020-02-15T11:17:50+08:00,2020-02-15T11:11:11+08:00,True,6.0,2471.0,9296.0,116.482498,39.91526,116.504627,39.911456
profit_baseline,profit_baseline_w000238,6000000000000001881,5,Full-time Workhorse,2020-02-15T11:20:18+08:00,2020-02-15T12:01:18+08:00,2020-02-15T12:01:56+08:00,False,3.0,2516.0,9478.0,116.503155,39.914895,116.498647,39.912276
profit_baseline,profit_baseline_w000238,6000000000000002155,5,Full-time Workhorse,2020-02-15T11:18:12+08:00,2020-02-15T12:08:12+08:00,2020-02-15T12:01:56+08:00,True,6.0,2516.0,9478.0,116.508183,39.922702,116.501667,39.941036
profit_baseline,profit_baseline_w000305,6000000000000003011,5,Full-time Workhorse,2020-02-15T11:51:36+08:00,2020-02-15T12:56:36+08:00,2020-02-15T13:08:47+08:00,False,6.0,3527.0,13697.0,116.486896,39.927424,116.475137,39.925216
profit_baseline,profit_baseline_w000305,6000000000000002734,5,Full-time Workhorse,2020-02-15T12:00:43+08:00,2020-02-15T12:59:43+08:00,2020-02-15T13:08:47+08:00,False,6.0,3527.0,13697.0,116.506103,39.935878,116.494397,39.922766
profit_baseline,profit_baseline_w000387,6000000000000003716,5,Full-time Workhorse,2020-02-15T12:55:18+08:00,2020-02-15T13:25:18+08:00,2020-02-15T13:21:10+08:00,True,3.0,670.0,2293.0,116.48552,39.914328,116.485047,39.914236
profit_baseline,profit_baseline_w000417,6000000000000003657,5,Full-time Workhorse,2020-02-15T13:02:09+08:00,2020-02-15T13:46:09+08:00,2020-02-15T14:27:20+08:00,False,6.0,3440.0,13335.0,116.484804,39.908822,116.472837,39.928966
profit_baseline,profit_baseline_w000417,6000000000000004318,5,Full-time Workhorse,2020-02-15T13:07:40+08:00,2020-02-15T13:50:40+08:00,2020-02-15T14:27:20+08:00,False,6.0,3440.0,13335.0,116.506634,39.920577,116.505807,39.931206
profit_baseline,profit_baseline_w000497,6000000000000004985,5,Full-time Workhorse,2020-02-15T14:20:50+08:00,2020-02-15T15:05:50+08:00,2020-02-15T15:11:22+08:00,False,6.0,2482.0,9343.0,116.507643,39.925021,116.496027,39.928826
profit_baseline,profit_baseline_w000497,6000000000000004989,5,Full-time Workhorse,2020-02-15T14:25:19+08:00,2020-02-15T15:32:19+08:00,2020-02-15T15:11:22+08:00,True,6.0,2482.0,9343.0,116.508621,39.922948,116.519367,39.919136
profit_baseline,profit_baseline_w000552,6000000000000005299,5,Full-time Workhorse,2020-02-15T14:55:48+08:00,2020-02-15T15:34:48+08:00,2020-02-15T15:52:02+08:00,False,6.0,1922.0,7008.0,116.507643,39.925021,116.518607,39.921206
profit_baseline,profit_baseline_w000552,6000000000000005515,5,Full-time Workhorse,2020-02-15T15:11:44+08:00,2020-02-15T15:56:44+08:00,2020-02-15T15:52:02+08:00,True,6.0,1922.0,7008.0,116.512694,39.92308,116.524807,39.921886
profit_baseline,profit_baseline_w000603,6000000000000005604,5,Full-time Workhorse,2020-02-15T15:54:52+08:00,2020-02-15T16:42:52+08:00,2020-02-15T16:32:06+08:00,True,6.0,1926.0,7523.0,116.508917,39.923757,116.525997,39.920296
profit_baseline,profit_baseline_w000644,6000000000000006078,5,Full-time Workhorse,2020-02-15T16:26:34+08:00,2020-02-15T17:23:34+08:00,2020-02-15T18:03:17+08:00,False,6.0,4997.0,19823.0,116.507775,39.923937,116.507577,39.944856
profit_baseline,profit_baseline_w000644,6000000000000006337,5,Full-time Workhorse,2020-02-15T16:40:40+08:00,2020-02-15T17:27:40+08:00,2020-02-15T18:03:17+08:00,False,6.0,4997.0,19823.0,116.543591,39.91971,116.529497,39.916376
profit_baseline,profit_baseline_w000756,6000000000000007634,5,Full-time Workhorse,2020-02-15T17:41:59+08:00,2020-02-15T18:23:59+08:00,2020-02-15T18:40:20+08:00,False,6.0,1820.0,6581.0,116.52117,39.915468,116.542827,39.920716
profit_baseline,profit_baseline_w000756,6000000000000007658,5,Full-time Workhorse,2020-02-15T17:51:13+08:00,2020-02-15T18:37:13+08:00,2020-02-15T18:40:20+08:00,False,3.0,1820.0,6581.0,116.543591,39.91971,116.544247,39.916476
profit_baseline,profit_baseline_w000794,6000000000000007293,5,Full-time Workhorse,2020-02-15T18:23:08+08:00,2020-02-15T19:21:08+08:00,2020-02-15T19:38:08+08:00,False,6.0,2888.0,11030.0,116.541297,39.908466,116.550107,39.918946
profit_baseline,profit_baseline_w000794,6000000000000007757,5,Full-time Workhorse,2020-02-15T18:28:09+08:00,2020-02-15T19:49:09+08:00,2020-02-15T19:38:08+08:00,True,6.0,2888.0,11030.0,116.545654,39.915477,116.562777,39.920996
profit_baseline,profit_baseline_w000857,6000000000000008975,5,Full-time Workhorse,2020-02-15T19:36:59+08:00,2020-02-15T20:18:59+08:00,2020-02-15T20:13:07+08:00,True,6.0,1987.0,7780.0,116.569764,39.907805,116.538857,39.910336
profit_baseline,profit_baseline_w000167,6000000000000001118,6,Full-time Workhorse,2020-02-15T10:37:53+08:00,2020-02-15T11:15:00+08:00,2020-02-15T11:30:29+08:00,False,3.0,3629.0,14122.0,116.260887,40.013524,116.269777,40.010896
profit_baseline,profit_baseline_w000167,6000000000000000914,6,Full-time Workhorse,2020-02-15T10:34:06+08:00,2020-02-15T12:45:00+08:00,2020-02-15T11:30:29+08:00,True,6.0,3629.0,14122.0,116.258213,40.020021,116.244277,40.041406
profit_baseline,profit_baseline_w000260,6000000000000002473,6,Full-time Workhorse,2020-02-15T11:37:32+08:00,2020-02-15T12:29:32+08:00,2020-02-15T12:11:40+08:00,True,6.0,1900.0,6918.0,116.242437,40.046631,116.235837,40.061976
profit_baseline,profit_baseline_w000260,6000000000000003166,6,Full-time Workhorse,2020-02-15T11:46:39+08:00,2020-02-15T12:34:39+08:00,2020-02-15T12:11:40+08:00,True,3.0,1900.0,6918.0,116.242437,40.046631,116.241147,40.042706
profit_baseline,profit_baseline_w000310,6000000000000003183,6,Full-time Workhorse,2020-02-15T11:51:48+08:00,2020-02-15T12:45:48+08:00,2020-02-15T12:45:48+08:00,True,3.0,1548.0,5448.0,116.242437,40.046631,116.239467,40.038246
profit_baseline,profit_baseline_w000310,6000000000000003459,6,Full-time Workhorse,2020-02-15T12:23:05+08:00,2020-02-15T13:04:05+08:00,2020-02-15T12:45:48+08:00,True,3.0,1548.0,5448.0,116.242437,40.046631,116.232467,40.049856
profit_baseline,profit_baseline_w000353,6000000000000003978,6,Full-time Workhorse,2020-02-15T12:39:34+08:00,2020-02-15T13:26:34+08:00,2020-02-15T13:19:34+08:00,True,6.0,1774.0,6392.0,116.242437,40.046631,116.239897,40.057706
profit_baseline,profit_baseline_w000353,6000000000000004168,6,Full-time Workhorse,2020-02-15T12:58:32+08:00,2020-02-15T13:40:32+08:00,2020-02-15T13:19:34+08:00,True,6.0,1774.0,6392.0,116.242236,40.048368,116.240657,40.036416
profit_baseline,profit_baseline_w000401,6000000000000004316,6,Full-time Workhorse,2020-02-15T12:59:09+08:00,2020-02-15T13:42:09+08:00,2020-02-15T13:45:37+08:00,False,3.0,1537.0,5406.0,116.242437,40.046631,116.239717,40.043626
profit_baseline,profit_baseline_w000401,6000000000000004176,6,Full-time Workhorse,2020-02-15T12:57:20+08:00,2020-02-15T14:01:20+08:00,2020-02-15T13:45:37+08:00,True,3.0,1537.0,5406.0,116.242437,40.046631,116.246027,40.049566
profit_baseline,profit_baseline_w000438,6000000000000004377,6,Full-time Workhorse,2020-02-15T13:29:16+08:00,2020-02-15T14:07:16+08:00,2020-02-15T14:15:02+08:00,False,3.0,1502.0,5256.0,116.254561,40.049781,116.254937,40.050766
profit_baseline,profit_baseline_w000438,6000000000000004580,6,Full-time Workhorse,2020-02-15T13:24:14+08:00,2020-02-15T14:15:00+08:00,2020-02-15T14:15:02+08:00,False,6.0,1502.0,5256.0,116.242236,40.048368,116.263207,40.051846
profit_baseline,profit_baseline_w000479,6000000000000004393,6,Full-time Workhorse,2020-02-15T13:50:28+08:00,2020-02-15T14:30:00+08:00,2020-02-15T15:01:07+08:00,False,6.0,2467.0,9280.0,116.270456,40.046009,116.244817,40.047246
profit_baseline,profit_baseline_w000479,6000000000000004740,6,Full-time Workhorse,2020-02-15T14:07:29+08:00,2020-02-15T17:15:00+08:00,2020-02-15T15:01:07+08:00,True,6.0,2467.0,9280.0,116.254561,40.049781,116.268147,40.066266
profit_baseline,profit_baseline_w000627,6000000000000005946,6,Full-time Workhorse,2020-02-15T16:31:29+08:00,2020-02-15T17:09:29+08:00,2020-02-15T16:42:27.312000+08:00,True,6.0,747.31,2612.0,116.268126,40.066303,116.259967,40.073106
profit_baseline,profit_baseline_w000658,6000000000000006698,6,Full-time Workhorse,2020-02-15T16:55:08+08:00,2020-02-15T17:31:08+08:00,2020-02-15T17:08:21+08:00,True,6.0,1101.0,4088.0,116.239082,40.072874,116.258597,40.075376
profit_baseline,profit_baseline_w000682,6000000000000006433,6,Full-time Workhorse,2020-02-15T17:03:06+08:00,2020-02-15T17:47:06+08:00,2020-02-15T17:58:21+08:00,False,6.0,2901.0,11087.0,116.239082,40.072874,116.261767,40.062996
profit_baseline,profit_baseline_w000682,6000000000000006874,6,Full-time Workhorse,2020-02-15T17:19:44+08:00,2020-02-15T17:56:44+08:00,2020-02-15T17:58:21+08:00,False,6.0,2901.0,11087.0,116.239999,40.073555,116.250727,40.087116
profit_baseline,profit_baseline_w000736,6000000000000006692,6,Full-time Workhorse,2020-02-15T17:39:08+08:00,2020-02-15T18:09:08+08:00,2020-02-15T18:21:59+08:00,False,3.0,1319.0,4498.0,116.251879,40.08484,116.248547,40.084296
profit_baseline,profit_baseline_w000736,6000000000000007641,6,Full-time Workhorse,2020-02-15T17:44:14+08:00,2020-02-15T18:18:14+08:00,2020-02-15T18:21:59+08:00,False,3.0,1319.0,4498.0,116.251831,40.08469,116.245907,40.082486
profit_baseline,profit_baseline_w000772,6000000000000007625,6,Full-time Workhorse,2020-02-15T18:23:09+08:00,2020-02-15T18:53:09+08:00,2020-02-15T18:48:57+08:00,True,3.0,1137.0,3737.0,116.251831,40.08469,116.245957,40.085206
profit_baseline,profit_baseline_w000772,6000000000000008175,6,Full-time Workhorse,2020-02-15T18:31:17+08:00,2020-02-15T19:01:17+08:00,2020-02-15T18:48:57+08:00,True,3.0,1137.0,3737.0,116.251831,40.08469,116.252757,40.089306
profit_baseline,profit_baseline_w000792,6000000000000008160,6,Full-time Workhorse,2020-02-15T18:23:49+08:00,2020-02-15T19:00:49+08:00,2020-02-15T19:32:03+08:00,False,6.0,2523.0,9515.0,116.251831,40.08469,116.245427,40.065866
profit_baseline,profit_baseline_w000792,6000000000000008485,6,Full-time Workhorse,2020-02-15T18:33:00+08:00,2020-02-15T19:03:00+08:00,2020-02-15T19:32:03+08:00,False,3.0,2523.0,9515.0,116.251831,40.08469,116.255347,40.091086
profit_baseline,profit_baseline_w000855,6000000000000008768,6,Full-time Workhorse,2020-02-15T19:16:23+08:00,2020-02-15T19:47:23+08:00,2020-02-15T21:05:02+08:00,False,6.0,5102.0,20254.0,116.251831,40.08469,116.231937,40.082146
profit_baseline,profit_baseline_w000855,6000000000000008480,6,Full-time Workhorse,2020-02-15T19:14:18+08:00,2020-02-15T19:58:18+08:00,2020-02-15T21:05:02+08:00,False,6.0,5102.0,20254.0,116.277309,40.097461,116.290817,40.098346
profit_baseline,profit_baseline_w000033,6000000000000000349,7,Full-time Workhorse,2020-02-15T08:46:27+08:00,2020-02-15T10:15:00+08:00,2020-02-15T09:01:13+08:00,True,6.0,1273.0,4802.0,116.282846,39.865513,116.294467,39.879526
profit_baseline,profit_baseline_w000070,6000000000000000510,7,Full-time Workhorse,2020-02-15T08:57:25+08:00,2020-02-15T16:00:00+08:00,2020-02-15T09:33:33+08:00,True,6.0,1413.0,5391.0,116.295037,39.865266,116.310877,39.878026
profit_baseline,profit_baseline_w000115,6000000000000000818,7,Full-time Workhorse,2020-02-15T09:59:33+08:00,2020-02-15T10:45:00+08:00,2020-02-15T09:59:21+08:00,True,3.0,561.0,1838.0,116.315807,39.876166,116.323407,39.880126
profit_baseline,profit_baseline_w000135,6000000000000000950,7,Full-time Workhorse,2020-02-15T09:59:28+08:00,2020-02-15T10:54:28+08:00,2020-02-15T10:30:12+08:00,True,3.0,1812.0,6550.0,116.335681,39.886558,116.333767,39.890366
profit_baseline,profit_baseline_w000135,6000000000000000878,7,Full-time Workhorse,2020-02-15T10:08:59+08:00,2020-02-15T11:00:59+08:00,2020-02-15T10:30:12+08:00,True,6.0,1812.0,6550.0,116.336722,39.883153,116.334497,39.898336
profit_baseline,profit_baseline_w000186,6000000000000000493,7,Full-time Workhorse,2020-02-15T10:10:02+08:00,2020-02-15T10:48:02+08:00,2020-02-15T11:51:30+08:00,False,6.0,4290.0,16873.0,116.349196,39.896474,116.353407,39.883616
profit_baseline,profit_baseline_w000186,6000000000000000755,7,Full-time Workhorse,2020-02-15T10:16:05+08:00,2020-02-15T11:20:05+08:00,2020-02-15T11:51:30+08:00,False,10.0,4290.0,16873.0,116.336338,39.907077,116.286897,39.909626
profit_baseline,profit_baseline_w000294,6000000000000002486,7,Full-time Workhorse,2020-02-15T11:50:59+08:00,2020-02-15T12:31:59+08:00,2020-02-15T12:15:34+08:00,True,3.0,934.0,3391.0,116.26782,39.908493,116.268547,39.908826
profit_baseline,profit_baseline_w000319,6000000000000002648,7,Full-time Workhorse,2020-02-15T12:02:49+08:00,2020-02-15T12:44:49+08:00,2020-02-15T12:56:44+08:00,False,6.0,2204.0,8184.0,116.254744,39.908725,116.242307,39.915566
profit_baseline,profit_baseline_w000319,6000000000000003246,7,Full-time Workhorse,2020-02-15T12:05:14+08:00,2020-02-15T12:48:14+08:00,2020-02-15T12:56:44+08:00,False,6.0,2204.0,8184.0,116.251662,39.916868,116.255687,39.908376
profit_baseline,profit_baseline_w000366,6000000000000003704,7,Full-time Workhorse,2020-02-15T12:45:59+08:00,2020-02-15T13:17:59+08:00,2020-02-15T13:15:21+08:00,True,3.0,921.0,2838.0,116.250944,39.917018,116.253347,39.917026
profit_baseline,profit_baseline_w000366,6000000000000003873,7,Full-time Workhorse,2020-02-15T12:47:03+08:00,2020-02-15T13:23:03+08:00,2020-02-15T13:15:21+08:00,True,3.0,921.0,2838.0,116.250944,39.917018,116.254727,39.916706
profit_baseline,profit_baseline_w000395,6000000000000003818,7,Full-time Workhorse,2020-02-15T13:15:11+08:00,2020-02-15T13:45:11+08:00,2020-02-15T13:31:47+08:00,True,6.0,707.0,2444.0,116.251137,39.916536,116.253487,39.904066
profit_baseline,profit_baseline_w000420,6000000000000004208,7,Full-time Workhorse,2020-02-15T13:37:51+08:00,2020-02-15T14:18:51+08:00,2020-02-15T14:02:17+08:00,True,6.0,1337.0,4573.0,116.254673,39.89927,116.233207,39.897856
profit_baseline,profit_baseline_w000420,6000000000000004146,7,Full-time Workhorse,2020-02-15T13:37:37+08:00,2020-02-15T14:24:37+08:00,2020-02-15T14:02:17+08:00,True,6.0,1337.0,4573.0,116.254861,39.904022,116.228087,39.897016
profit_baseline,profit_baseline_w000464,6000000000000004703,7,Full-time Workhorse,2020-02-15T14:19:36+08:00,2020-02-15T14:52:36+08:00,2020-02-15T14:41:18+08:00,True,3.0,1878.0,6824.0,116.224682,39.90211,116.229757,39.901476
profit_baseline,profit_baseline_w000464,6000000000000004693,7,Full-time Workhorse,2020-02-15T14:13:06+08:00,2020-02-15T15:04:07+08:00,2020-02-15T14:41:18+08:00,True,10.0,1878.0,6824.0,116.225899,39.901857,116.219127,39.874466
profit_baseline,profit_baseline_w000025,6000000000000000381,8,Full-time Workhorse,2020-02-15T08:35:48+08:00,2020-02-15T09:28:48+08:00,2020-02-15T08:51:40+08:00,True,6.0,1300.0,4917.0,116.279369,39.958476,116.294577,39.938706
profit_baseline,profit_baseline_w000151,6000000000000000829,8,Full-time Workhorse,2020-02-15T10:12:50+08:00,2020-02-15T10:59:50+08:00,2020-02-15T10:50:31+08:00,True,6.0,2431.0,9132.0,116.307277,39.950036,116.304587,39.937446
profit_baseline,profit_baseline_w000151,6000000000000000500,8,Full-time Workhorse,2020-02-15T10:12:03+08:00,2020-02-15T11:00:03+08:00,2020-02-15T10:50:31+08:00,True,6.0,2431.0,9132.0,116.307277,39.950036,116.305167,39.935246
profit_baseline,profit_baseline_w000218,6000000000000001556,8,Full-time Workhorse,2020-02-15T11:01:20+08:00,2020-02-15T11:33:21+08:00,2020-02-15T12:00:02+08:00,False,6.0,3602.0,14009.0,116.327354,39.933619,116.32308700000002,39.922856
profit_baseline,profit_baseline_w000218,6000000000000001580,8,Full-time Workhorse,2020-02-15T11:09:08+08:00,2020-02-15T11:50:20+08:00,2020-02-15T12:00:02+08:00,False,6.0,3602.0,14009.0,116.297227,39.941976,116.303657,39.930016
profit_baseline,profit_baseline_w000297,6000000000000002752,8,Full-time Workhorse,2020-02-15T12:05:31+08:00,2020-02-15T12:54:31+08:00,2020-02-15T12:35:42+08:00,True,6.0,1542.0,5424.0,116.299687,39.932746,116.299387,39.943176
profit_baseline,profit_baseline_w000297,6000000000000003312,8,Full-time Workhorse,2020-02-15T12:08:48+08:00,2020-02-15T12:57:55+08:00,2020-02-15T12:35:42+08:00,True,6.0,1542.0,5424.0,116.299687,39.932746,116.288417,39.940716
profit_baseline,profit_baseline_w000362,6000000000000003731,8,Full-time Workhorse,2020-02-15T13:02:58+08:00,2020-02-15T13:43:58+08:00,2020-02-15T13:34:06+08:00,True,6.0,2046.0,7525.0,116.291082,39.944919,116.294187,39.932276
profit_baseline,profit_baseline_w000362,6000000000000003900,8,Full-time Workhorse,2020-02-15T13:09:26+08:00,2020-02-15T14:22:26+08:00,2020-02-15T13:34:06+08:00,True,6.0,2046.0,7525.0,116.296102,39.94226,116.276287,39.921296
profit_baseline,profit_baseline_w000433,6000000000000004572,8,Full-time Workhorse,2020-02-15T13:19:06+08:00,2020-02-15T13:49:06+08:00,2020-02-15T14:13:30+08:00,False,3.0,2010.0,7370.0,116.293261,39.911646,116.294047,39.910196
profit_baseline,profit_baseline_w000433,6000000000000004507,8,Full-time Workhorse,2020-02-15T13:31:41+08:00,2020-02-15T14:07:41+08:00,2020-02-15T14:13:30+08:00,False,6.0,2010.0,7370.0,116.287489,39.9073,116.291207,39.918466
profit_baseline,profit_baseline_w000484,6000000000000004701,8,Full-time Workhorse,2020-02-15T14:19:18+08:00,2020-02-15T14:49:19+08:00,2020-02-15T15:09:28+08:00,False,6.0,2968.0,11367.0,116.286854,39.907218,116.289757,39.895196
profit_baseline,profit_baseline_w000484,6000000000000004860,8,Full-time Workhorse,2020-02-15T14:27:29+08:00,2020-02-15T14:57:29+08:00,2020-02-15T15:09:28+08:00,False,3.0,2968.0,11367.0,116.293261,39.911646,116.301477,39.910656
profit_baseline,profit_baseline_w000543,6000000000000005190,8,Full-time Workhorse,2020-02-15T15:06:31+08:00,2020-02-15T15:40:31+08:00,2020-02-15T15:31:33+08:00,True,3.0,1293.0,4888.0,116.314483,39.90599,116.308087,39.899916
profit_baseline,profit_baseline_w000668,6000000000000006909,8,Full-time Workhorse,2020-02-15T17:03:54+08:00,2020-02-15T17:50:54+08:00,2020-02-15T17:19:17+08:00,True,3.0,1157.0,4320.0,116.291588,39.888338,116.29268700000002,39.883236
profit_baseline,profit_baseline_w000692,6000000000000006942,8,Full-time Workhorse,2020-02-15T17:27:00+08:00,2020-02-15T18:01:00+08:00,2020-02-15T17:54:11+08:00,True,3.0,2051.0,7546.0,116.307364,39.877127,116.306937,39.875096
profit_baseline,profit_baseline_w000692,6000000000000006880,8,Full-time Workhorse,2020-02-15T17:23:49+08:00,2020-02-15T18:35:49+08:00,2020-02-15T17:54:11+08:00,True,6.0,2051.0,7546.0,116.307397,39.878141,116.327777,39.868056
profit_baseline,profit_baseline_w000747,6000000000000007610,8,Full-time Workhorse,2020-02-15T18:04:45+08:00,2020-02-15T18:46:46+08:00,2020-02-15T18:59:50+08:00,False,6.0,3590.0,13954.0,116.343601,39.877731,116.362977,39.880766
profit_baseline,profit_baseline_w000747,6000000000000007331,8,Full-time Workhorse,2020-02-15T17:50:57+08:00,2020-02-15T18:46:57+08:00,2020-02-15T18:59:50+08:00,False,10.0,3590.0,13954.0,116.336722,39.883153,116.319497,39.854376
profit_baseline,profit_baseline_w000814,6000000000000007786,8,Full-time Workhorse,2020-02-15T18:51:00+08:00,2020-02-15T19:47:00+08:00,2020-02-15T20:20:46+08:00,False,6.0,4846.0,19195.0,116.323787,39.848884,116.333507,39.868966
profit_baseline,profit_baseline_w000814,6000000000000007883,8,Full-time Workhorse,2020-02-15T18:42:23+08:00,2020-02-15T19:47:23+08:00,2020-02-15T20:20:46+08:00,False,6.0,4846.0,19195.0,116.298455,39.849971,116.285487,39.841716
profit_baseline,profit_baseline_w000072,6000000000000000353,9,Full-time Workhorse,2020-02-15T09:10:56+08:00,2020-02-15T09:52:56+08:00,2020-02-15T09:25:14+08:00,True,3.0,914.0,3306.0,116.223847,40.220772,116.23224700000002,40.219296
profit_baseline,profit_baseline_w000094,6000000000000000361,9,Full-time Workhorse,2020-02-15T09:37:33+08:00,2020-02-15T10:12:33+08:00,2020-02-15T10:01:47+08:00,True,6.0,1907.0,6942.0,116.223847,40.220772,116.224377,40.208516
profit_baseline,profit_baseline_w000094,6000000000000000407,9,Full-time Workhorse,2020-02-15T09:30:52+08:00,2020-02-15T10:18:52+08:00,2020-02-15T10:01:47+08:00,True,6.0,1907.0,6942.0,116.223519,40.223315,116.248097,40.216706
profit_baseline,profit_baseline_w000143,6000000000000000365,9,Full-time Workhorse,2020-02-15T09:40:22+08:00,2020-02-15T10:30:00+08:00,2020-02-15T10:51:37+08:00,False,6.0,2497.0,9401.0,116.24718,40.20944,116.271157,40.204866
profit_baseline,profit_baseline_w000143,6000000000000000467,9,Full-time Workhorse,2020-02-15T09:47:35+08:00,2020-02-15T10:49:35+08:00,2020-02-15T10:51:37+08:00,False,6.0,2497.0,9401.0,116.251928,40.219962,116.272827,40.205856
profit_baseline,profit_baseline_w000099,6000000000000000679,10,Full-time Workhorse,2020-02-15T09:31:20+08:00,2020-02-15T12:31:20+08:00,2020-02-15T09:41:15+08:00,True,3.0,675.0,2314.0,116.309383,39.844365,116.308777,39.847316
profit_baseline,profit_baseline_w000113,6000000000000000741,10,Full-time Workhorse,2020-02-15T09:52:02+08:00,2020-02-15T10:36:02+08:00,2020-02-15T10:00:36+08:00,True,3.0,636.0,2147.0,116.311233,39.843761,116.30741700000002,39.851866
profit_baseline,profit_baseline_w000144,6000000000000001089,10,Full-time Workhorse,2020-02-15T10:01:23+08:00,2020-02-15T10:37:23+08:00,2020-02-15T10:41:06+08:00,False,3.0,1866.0,6777.0,116.296568,39.849858,116.298137,39.847346
profit_baseline,profit_baseline_w000144,6000000000000000695,10,Full-time Workhorse,2020-02-15T10:18:01+08:00,2020-02-15T10:58:01+08:00,2020-02-15T10:41:06+08:00,True,3.0,1866.0,6777.0,116.310481,39.846895,116.30638700000002,39.847496
profit_baseline,profit_baseline_w000192,6000000000000001050,10,Full-time Workhorse,2020-02-15T10:29:00+08:00,2020-02-15T11:04:00+08:00,2020-02-15T11:02:04+08:00,True,3.0,724.0,2012.0,116.310219,39.847394,116.308717,39.845346
profit_baseline,profit_baseline_w000192,6000000000000001053,10,Full-time Workhorse,2020-02-15T10:33:30+08:00,2020-02-15T11:18:30+08:00,2020-02-15T11:02:04+08:00,True,3.0,724.0,2012.0,116.310481,39.846895,116.305347,39.845236
profit_baseline,profit_baseline_w000225,6000000000000001066,10,Full-time Workhorse,2020-02-15T10:47:47+08:00,2020-02-15T11:35:47+08:00,2020-02-15T11:38:15+08:00,False,6.0,1695.0,6063.0,116.309405,39.847654,116.316277,39.834276
profit_baseline,profit_baseline_w000225,6000000000000001954,10,Full-time Workhorse,2020-02-15T11:14:45+08:00,2020-02-15T12:00:45+08:00,2020-02-15T11:38:15+08:00,True,3.0,1695.0,6063.0,116.310481,39.846895,116.305877,39.850306
profit_baseline,profit_baseline_w000267,6000000000000002255,10,Full-time Workhorse,2020-02-15T11:16:27+08:00,2020-02-15T12:09:27+08:00,2020-02-15T12:02:09+08:00,True,6.0,1329.0,4538.0,116.312273,39.843898,116.298827,39.846596
profit_baseline,profit_baseline_w000267,6000000000000002355,10,Full-time Workhorse,2020-02-15T11:32:18+08:00,2020-02-15T12:21:18+08:00,2020-02-15T12:02:09+08:00,True,6.0,1329.0,4538.0,116.310259,39.843509,116.297817,39.850326
profit_baseline,profit_baseline_w000298,6000000000000003035,10,Full-time Workhorse,2020-02-15T12:07:56+08:00,2020-02-15T12:38:56+08:00,2020-02-15T12:40:04+08:00,False,3.0,1804.0,6514.0,116.306908,39.84723,116.306357,39.846276
profit_baseline,profit_baseline_w000298,6000000000000002560,10,Full-time Workhorse,2020-02-15T11:52:35+08:00,2020-02-15T12:50:35+08:00,2020-02-15T12:40:04+08:00,True,6.0,1804.0,6514.0,116.30087,39.850601,116.314977,39.844626
profit_baseline,profit_baseline_w000349,6000000000000004047,10,Full-time Workhorse,2020-02-15T12:54:43+08:00,2020-02-15T16:15:00+08:00,2020-02-15T12:58:00+08:00,True,3.0,480.0,1501.0,116.309383,39.844365,116.305347,39.845236
profit_baseline,profit_baseline_w000389,6000000000000004277,10,Full-time Workhorse,2020-02-15T13:16:09+08:00,2020-02-15T14:01:09+08:00,2020-02-15T13:32:31+08:00,True,6.0,1351.0,5130.0,116.298705,39.856634,116.279717,39.861046
profit_baseline,profit_baseline_w000428,6000000000000004357,10,Full-time Workhorse,2020-02-15T13:26:02+08:00,2020-02-15T15:00:00+08:00,2020-02-15T14:05:44+08:00,True,6.0,1544.0,5933.0,116.295037,39.865266,116.260947,39.865196
profit_baseline,profit_baseline_w000471,6000000000000004696,10,Full-time Workhorse,2020-02-15T14:17:28+08:00,2020-02-15T15:14:28+08:00,2020-02-15T14:47:46+08:00,True,6.0,2266.0,8441.0,116.24185500000002,39.874994,116.249567,39.887466
profit_baseline,profit_baseline_w000471,6000000000000004752,10,Full-time Workhorse,2020-02-15T14:18:43+08:00,2020-02-15T15:16:43+08:00,2020-02-15T14:47:46+08:00,True,6.0,2266.0,8441.0,116.24185500000002,39.874994,116.252757,39.890176
profit_baseline,profit_baseline_w000523,6000000000000004853,10,Full-time Workhorse,2020-02-15T14:24:31+08:00,2020-02-15T15:20:31+08:00,2020-02-15T15:15:44+08:00,True,6.0,1544.0,5933.0,116.24185500000002,39.874994,116.248937,39.887596
profit_baseline,profit_baseline_w000601,6000000000000006049,10,Full-time Workhorse,2020-02-15T16:07:05+08:00,2020-02-15T16:58:05+08:00,2020-02-15T16:43:26+08:00,True,6.0,2606.0,9863.0,116.255341,39.904313,116.245787,39.891846
profit_baseline,profit_baseline_w000601,6000000000000006473,10,Full-time Workhorse,2020-02-15T16:03:41+08:00,2020-02-15T19:03:41+08:00,2020-02-15T16:43:26+08:00,True,6.0,2606.0,9863.0,116.241422,39.889506,116.259847,39.903866
profit_baseline,profit_baseline_w000659,6000000000000006480,10,Full-time Workhorse,2020-02-15T16:39:00+08:00,2020-02-15T17:19:00+08:00,2020-02-15T17:16:18+08:00,True,6.0,1578.0,6076.0,116.247174,39.888774,116.268547,39.898506
profit_baseline,profit_baseline_w000698,6000000000000007066,10,Full-time Workhorse,2020-02-15T17:14:48+08:00,2020-02-15T18:39:00+08:00,2020-02-15T17:51:43+08:00,True,6.0,1903.0,7429.0,116.259382,39.882491,116.236927,39.864016
profit_baseline,profit_baseline_w000781,6000000000000007783,10,Full-time Workhorse,2020-02-15T18:48:15+08:00,2020-02-15T19:38:15+08:00,2020-02-15T18:57:50+08:00,True,6.0,1070.0,3957.0,116.237783,39.864326,116.262797,39.865246
profit_baseline,profit_baseline_w000816,6000000000000008424,10,Full-time Workhorse,2020-02-15T18:37:00+08:00,2020-02-15T19:17:00+08:00,2020-02-15T19:27:57+08:00,False,6.0,1677.0,6486.0,116.255246,39.879629,116.236877,39.864296
profit_baseline,profit_baseline_w000846,6000000000000008591,10,Full-time Workhorse,2020-02-15T19:39:25+08:00,2020-02-15T20:13:25+08:00,2020-02-15T19:51:40+08:00,True,6.0,1300.0,4920.0,116.24185500000002,39.874994,116.252747,39.891976
profit_baseline,profit_baseline_w000871,6000000000000009132,10,Full-time Workhorse,2020-02-15T19:58:28+08:00,2020-02-15T20:28:28+08:00,2020-02-15T20:22:34.312500+08:00,True,3.0,1354.31,4646.0,116.254314,39.89282,116.249187,39.886586
profit_baseline,profit_baseline_w000871,6000000000000008550,10,Full-time Workhorse,2020-02-15T19:54:55+08:00,2020-02-15T20:39:55+08:00,2020-02-15T20:22:34.312500+08:00,True,6.0,1354.31,4646.0,116.254311,39.893033,116.265367,39.887046
profit_baseline,profit_baseline_w000160,6000000000000001362,11,Full-time Workhorse,2020-02-15T10:25:46+08:00,2020-02-15T11:06:46+08:00,2020-02-15T11:23:21+08:00,False,6.0,3801.0,14837.0,116.190897,39.941936,116.179217,39.937736
profit_baseline,profit_baseline_w000160,6000000000000001189,11,Full-time Workhorse,2020-02-15T10:24:24+08:00,2020-02-15T11:20:24+08:00,2020-02-15T11:23:21+08:00,False,6.0,3801.0,14837.0,116.161448,39.922389,116.173747,39.911846
profit_baseline,profit_baseline_w000252,6000000000000002150,11,Full-time Workhorse,2020-02-15T11:16:37+08:00,2020-02-15T11:46:38+08:00,2020-02-15T12:24:48+08:00,False,6.0,3288.0,12700.0,116.182377,39.913986,116.192267,39.908726
profit_baseline,profit_baseline_w000252,6000000000000002052,11,Full-time Workhorse,2020-02-15T11:15:49+08:00,2020-02-15T12:09:49+08:00,2020-02-15T12:24:48+08:00,False,10.0,3288.0,12700.0,116.173645,39.904594,116.146627,39.924186
profit_baseline,profit_baseline_w000331,6000000000000002786,11,Full-time Workhorse,2020-02-15T12:22:31+08:00,2020-02-15T13:16:31+08:00,2020-02-15T12:50:48+08:00,True,6.0,1248.0,4701.0,116.162977,39.922126,116.169357,39.909266
profit_baseline,profit_baseline_w000363,6000000000000003916,11,Full-time Workhorse,2020-02-15T12:46:26+08:00,2020-02-15T13:29:26+08:00,2020-02-15T13:49:06+08:00,False,6.0,2946.0,11279.0,116.180305,39.909834,116.195547,39.894836
profit_baseline,profit_baseline_w000363,6000000000000003796,11,Full-time Workhorse,2020-02-15T13:01:53+08:00,2020-02-15T15:31:53+08:00,2020-02-15T13:49:06+08:00,True,3.0,2946.0,11279.0,116.16771,39.914359,116.17359700000002,39.908846
profit_baseline,profit_baseline_w000440,6000000000000004671,11,Full-time Workhorse,2020-02-15T13:52:49+08:00,2020-02-15T14:34:49+08:00,2020-02-15T14:18:06+08:00,True,6.0,1686.0,6024.0,116.175278,39.905727,116.185187,39.928066
profit_baseline,profit_baseline_w000440,6000000000000004235,11,Full-time Workhorse,2020-02-15T13:51:25+08:00,2020-02-15T14:38:25+08:00,2020-02-15T14:18:06+08:00,True,6.0,1686.0,6024.0,116.184164,39.909423,116.188817,39.927046
profit_baseline,profit_baseline_w000488,6000000000000004745,11,Full-time Workhorse,2020-02-15T14:11:50+08:00,2020-02-15T14:45:50+08:00,2020-02-15T14:53:15+08:00,False,6.0,1995.0,7313.0,116.188947,39.914116,116.179787,39.924486
profit_baseline,profit_baseline_w000488,6000000000000004544,11,Full-time Workhorse,2020-02-15T14:04:55+08:00,2020-02-15T14:54:55+08:00,2020-02-15T14:53:15+08:00,True,10.0,1995.0,7313.0,116.19445100000002,39.915991,116.168977,39.935596
profit_baseline,profit_baseline_w000646,6000000000000006212,11,Full-time Workhorse,2020-02-15T16:40:28+08:00,2020-02-15T18:00:00+08:00,2020-02-15T17:13:31+08:00,True,3.0,2011.0,7879.0,116.177717,39.921016,116.179757,39.913726
profit_baseline,profit_baseline_w000688,6000000000000006564,11,Full-time Workhorse,2020-02-15T16:51:06+08:00,2020-02-15T17:41:06+08:00,2020-02-15T17:48:23+08:00,False,6.0,1703.0,6092.0,116.177717,39.921016,116.18241700000002,39.912216
profit_baseline,profit_baseline_w000688,6000000000000006522,11,Full-time Workhorse,2020-02-15T17:17:53+08:00,2020-02-15T17:58:53+08:00,2020-02-15T17:48:23+08:00,True,3.0,1703.0,6092.0,116.181469,39.916769,116.177367,39.911986
profit_baseline,profit_baseline_w000725,6000000000000006817,11,Full-time Workhorse,2020-02-15T17:32:06+08:00,2020-02-15T18:08:06+08:00,2020-02-15T18:11:58+08:00,False,3.0,1318.0,4490.0,116.17585,39.909996,116.172387,39.910856
profit_baseline,profit_baseline_w000725,6000000000000007333,11,Full-time Workhorse,2020-02-15T17:52:31+08:00,2020-02-15T18:28:31+08:00,2020-02-15T18:11:58+08:00,True,3.0,1318.0,4490.0,116.180305,39.909834,116.183797,39.909226
profit_baseline,profit_baseline_w000761,6000000000000007490,11,Full-time Workhorse,2020-02-15T17:54:41+08:00,2020-02-15T18:35:41+08:00,2020-02-15T18:50:06+08:00,False,6.0,1806.0,6528.0,116.191567,39.907128,116.183677,39.914736
profit_baseline,profit_baseline_w000761,6000000000000007540,11,Full-time Workhorse,2020-02-15T18:20:25+08:00,2020-02-15T18:53:25+08:00,2020-02-15T18:50:06+08:00,True,3.0,1806.0,6528.0,116.185667,39.910136,116.181877,39.905826
profit_baseline,profit_baseline_w000804,6000000000000008260,11,Full-time Workhorse,2020-02-15T18:33:51+08:00,2020-02-15T19:14:51+08:00,2020-02-15T19:24:22+08:00,False,3.0,1462.0,5087.0,116.184503,39.907865,116.194227,39.908506
profit_baseline,profit_baseline_w000804,6000000000000007958,11,Full-time Workhorse,2020-02-15T19:09:09+08:00,2020-02-15T19:42:09+08:00,2020-02-15T19:24:22+08:00,True,3.0,1462.0,5087.0,116.181812,39.909837,116.177747,39.904826
profit_baseline,profit_baseline_w000837,6000000000000008695,11,Full-time Workhorse,2020-02-15T19:11:24+08:00,2020-02-15T19:53:24+08:00,2020-02-15T20:14:32+08:00,False,6.0,2672.0,10133.0,116.173645,39.904594,116.166497,39.912636
profit_baseline,profit_baseline_w000837,6000000000000008719,11,Full-time Workhorse,2020-02-15T19:35:41+08:00,2020-02-15T20:19:41+08:00,2020-02-15T20:14:32+08:00,True,6.0,2672.0,10133.0,116.181597,39.905986,116.194877,39.889816
profit_baseline,profit_baseline_w000054,6000000000000000449,12,Full-time Workhorse,2020-02-15T09:09:02+08:00,2020-02-15T09:39:02+08:00,2020-02-15T09:10:42+08:00,True,3.0,642.0,2177.0,116.314724,39.952683,116.306437,39.955736
profit_baseline,profit_baseline_w000080,6000000000000000628,12,Full-time Workhorse,2020-02-15T09:26:26+08:00,2020-02-15T09:56:26+08:00,2020-02-15T10:11:02+08:00,False,3.0,3062.0,11757.0,116.314724,39.952683,116.307357,39.951786
profit_baseline,profit_baseline_w000080,6000000000000000596,12,Full-time Workhorse,2020-02-15T09:09:48+08:00,2020-02-15T12:09:48+08:00,2020-02-15T10:11:02+08:00,True,6.0,3062.0,11757.0,116.288414,39.960714,116.303597,39.961416
profit_baseline,profit_baseline_w000159,6000000000000001024,12,Full-time Workhorse,2020-02-15T09:56:57+08:00,2020-02-15T10:45:00+08:00,2020-02-15T11:18:40+08:00,False,6.0,3520.0,13669.0,116.285284,39.971981,116.287567,39.962896
profit_baseline,profit_baseline_w000159,6000000000000000543,12,Full-time Workhorse,2020-02-15T09:56:29+08:00,2020-02-15T11:00:00+08:00,2020-02-15T11:18:40+08:00,False,6.0,3520.0,13669.0,116.293822,39.964875,116.292567,39.978156
profit_baseline,profit_baseline_w000246,6000000000000001223,12,Full-time Workhorse,2020-02-15T10:51:17+08:00,2020-02-15T11:23:17+08:00,2020-02-15T12:07:58+08:00,False,6.0,2878.0,10992.0,116.287717,39.965656,116.292297,39.974536
profit_baseline,profit_baseline_w000246,6000000000000001543,12,Full-time Workhorse,2020-02-15T10:51:56+08:00,2020-02-15T11:35:56+08:00,2020-02-15T12:07:58+08:00,False,6.0,2878.0,10992.0,116.308557,39.97628,116.299287,39.965506
profit_baseline,profit_baseline_w000307,6000000000000002802,12,Full-time Workhorse,2020-02-15T11:43:28+08:00,2020-02-15T12:18:28+08:00,2020-02-15T12:57:46+08:00,False,6.0,2866.0,10939.0,116.309263,39.979225,116.291897,39.978226
profit_baseline,profit_baseline_w000307,6000000000000002811,12,Full-time Workhorse,2020-02-15T11:46:06+08:00,2020-02-15T12:28:06+08:00,2020-02-15T12:57:46+08:00,False,6.0,2866.0,10939.0,116.284925,39.971728,116.295447,39.964206
profit_baseline,profit_baseline_w000364,6000000000000003292,12,Full-time Workhorse,2020-02-15T12:30:10+08:00,2020-02-15T13:04:10+08:00,2020-02-15T13:57:08+08:00,False,6.0,3428.0,13282.0,116.298287,39.965893,116.292297,39.974356
profit_baseline,profit_baseline_w000364,6000000000000003549,12,Full-time Workhorse,2020-02-15T12:30:13+08:00,2020-02-15T13:15:13+08:00,2020-02-15T13:57:08+08:00,False,6.0,3428.0,13282.0,116.27813700000002,39.960016,116.27710700000002,39.948576
profit_baseline,profit_baseline_w000461,6000000000000004227,12,Full-time Workhorse,2020-02-15T13:49:17+08:00,2020-02-15T14:43:17+08:00,2020-02-15T15:31:43+08:00,False,6.0,5503.0,21929.0,116.293958,39.936545,116.294527,39.924306
profit_baseline,profit_baseline_w000461,6000000000000004616,12,Full-time Workhorse,2020-02-15T13:59:37+08:00,2020-02-15T14:43:37+08:00,2020-02-15T15:31:43+08:00,False,6.0,5503.0,21929.0,116.27239,39.960285,116.281207,39.970186
profit_baseline,profit_baseline_w000566,6000000000000005469,12,Full-time Workhorse,2020-02-15T15:15:39+08:00,2020-02-15T15:48:39+08:00,2020-02-15T15:59:51+08:00,False,6.0,1191.0,3964.0,116.285284,39.971981,116.289557,39.961876
profit_baseline,profit_baseline_w000566,6000000000000005209,12,Full-time Workhorse,2020-02-15T15:19:46+08:00,2020-02-15T16:03:46+08:00,2020-02-15T15:59:51+08:00,True,6.0,1191.0,3964.0,116.285284,39.971981,116.297577,39.958386
profit_baseline,profit_baseline_w000598,6000000000000005976,12,Full-time Workhorse,2020-02-15T15:52:05+08:00,2020-02-15T16:24:05+08:00,2020-02-15T17:06:48+08:00,False,6.0,4008.0,15702.0,116.29842,39.963423,116.297317,39.973896
profit_baseline,profit_baseline_w000598,6000000000000005906,12,Full-time Workhorse,2020-02-15T15:54:10+08:00,2020-02-15T16:45:15+08:00,2020-02-15T17:06:48+08:00,False,6.0,4008.0,15702.0,116.297227,39.941976,116.300807,39.932806
profit_baseline,profit_baseline_w000670,6000000000000006449,12,Full-time Workhorse,2020-02-15T17:07:03+08:00,2020-02-15T17:57:10+08:00,2020-02-15T17:34:31+08:00,True,3.0,1471.0,5131.0,116.299687,39.932746,116.288557,39.934166
profit_baseline,profit_baseline_w000670,6000000000000006789,12,Full-time Workhorse,2020-02-15T17:09:57+08:00,2020-02-15T18:15:57+08:00,2020-02-15T17:34:31+08:00,True,6.0,1471.0,5131.0,116.293272,39.933825,116.276707,39.939226
profit_baseline,profit_baseline_w000719,6000000000000007002,12,Full-time Workhorse,2020-02-15T17:30:00+08:00,2020-02-15T18:31:00+08:00,2020-02-15T18:17:05+08:00,True,6.0,2225.0,8272.0,116.293272,39.933825,116.283267,39.941706
profit_baseline,profit_baseline_w000719,6000000000000007419,12,Full-time Workhorse,2020-02-15T17:44:13+08:00,2020-02-15T18:46:13+08:00,2020-02-15T18:17:05+08:00,True,6.0,2225.0,8272.0,116.291145,39.944752,116.277127,39.940456
profit_baseline,profit_baseline_w000769,6000000000000007687,12,Full-time Workhorse,2020-02-15T18:04:49+08:00,2020-02-15T19:06:49+08:00,2020-02-15T19:09:00+08:00,False,6.0,2940.0,11250.0,116.293272,39.933825,116.299577,39.943736
profit_baseline,profit_baseline_w000769,6000000000000007286,12,Full-time Workhorse,2020-02-15T18:21:48+08:00,2020-02-15T19:18:48+08:00,2020-02-15T19:09:00+08:00,True,6.0,2940.0,11250.0,116.295241,39.935337,116.279677,39.935036
profit_baseline,profit_baseline_w000826,6000000000000008138,12,Full-time Workhorse,2020-02-15T19:16:38+08:00,2020-02-15T20:11:38+08:00,2020-02-15T19:35:09+08:00,True,6.0,1509.0,5785.0,116.296102,39.94226,116.294527,39.924306
profit_baseline,profit_baseline_w000856,6000000000000008475,12,Full-time Workhorse,2020-02-15T19:13:01+08:00,2020-02-15T19:55:01+08:00,2020-02-15T20:33:47+08:00,False,6.0,3227.0,12450.0,116.314743,39.933295,116.328317,39.927896
profit_baseline,profit_baseline_w000856,6000000000000008709,12,Full-time Workhorse,2020-02-15T19:24:27+08:00,2020-02-15T20:31:27+08:00,2020-02-15T20:33:47+08:00,False,6.0,3227.0,12450.0,116.293272,39.933825,116.311817,39.923926
profit_baseline,profit_baseline_w000089,6000000000000000725,13,Full-time Workhorse,2020-02-15T09:26:23+08:00,2020-02-15T10:09:23+08:00,2020-02-15T09:41:59+08:00,True,6.0,1319.0,4999.0,116.377226,39.86138,116.365497,39.853756
profit_baseline,profit_baseline_w000120,6000000000000000629,13,Full-time Workhorse,2020-02-15T09:28:13+08:00,2020-02-15T10:05:13+08:00,2020-02-15T10:39:25+08:00,False,3.0,2965.0,11357.0,116.377322,39.854598,116.371177,39.851026
profit_baseline,profit_baseline_w000120,6000000000000000542,13,Full-time Workhorse,2020-02-15T09:56:24+08:00,2020-02-15T11:01:25+08:00,2020-02-15T10:39:25+08:00,True,6.0,2965.0,11357.0,116.357271,39.853202,116.366477,39.833486
profit_baseline,profit_baseline_w000181,6000000000000000858,13,Full-time Workhorse,2020-02-15T10:40:04+08:00,2020-02-15T11:13:04+08:00,2020-02-15T10:57:11+08:00,True,3.0,1031.0,3293.0,116.35823200000002,39.834056,116.359317,39.831946
profit_baseline,profit_baseline_w000181,6000000000000001213,13,Full-time Workhorse,2020-02-15T10:44:57+08:00,2020-02-15T11:20:57+08:00,2020-02-15T10:57:11+08:00,True,3.0,1031.0,3293.0,116.358301,39.838012,116.359077,39.836636
profit_baseline,profit_baseline_w000204,6000000000000001617,13,Full-time Workhorse,2020-02-15T10:46:51+08:00,2020-02-15T11:27:51+08:00,2020-02-15T11:30:18+08:00,False,6.0,1818.0,6573.0,116.354287,39.835816,116.365387,39.846146
profit_baseline,profit_baseline_w000204,6000000000000001147,13,Full-time Workhorse,2020-02-15T10:54:26+08:00,2020-02-15T11:32:26+08:00,2020-02-15T11:30:18+08:00,True,3.0,1818.0,6573.0,116.354287,39.835816,116.353187,39.843716
profit_baseline,profit_baseline_w000262,6000000000000001945,13,Full-time Workhorse,2020-02-15T11:10:16+08:00,2020-02-15T12:02:16+08:00,2020-02-15T12:03:56+08:00,False,3.0,1436.0,4986.0,116.360752,39.845855,116.366217,39.846536
profit_baseline,profit_baseline_w000262,6000000000000002156,13,Full-time Workhorse,2020-02-15T11:18:35+08:00,2020-02-15T12:02:35+08:00,2020-02-15T12:03:56+08:00,False,6.0,1436.0,4986.0,116.360752,39.845855,116.342237,39.845406
profit_baseline,profit_baseline_w000301,6000000000000002318,13,Full-time Workhorse,2020-02-15T11:42:31+08:00,2020-02-15T12:17:31+08:00,2020-02-15T13:09:03+08:00,False,6.0,3543.0,13763.0,116.354034,39.844624,116.342497,39.841826
profit_baseline,profit_baseline_w000301,6000000000000003070,13,Full-time Workhorse,2020-02-15T11:43:02+08:00,2020-02-15T12:28:02+08:00,2020-02-15T13:09:03+08:00,False,6.0,3543.0,13763.0,116.34855,39.849979,116.371207,39.843576
profit_baseline,profit_baseline_w000384,6000000000000003992,13,Full-time Workhorse,2020-02-15T12:55:29+08:00,2020-02-15T13:29:29+08:00,2020-02-15T13:48:10+08:00,False,3.0,2290.0,8543.0,116.37723,39.85059,116.380157,39.848026
profit_baseline,profit_baseline_w000384,6000000000000003502,13,Full-time Workhorse,2020-02-15T12:51:46+08:00,2020-02-15T13:29:46+08:00,2020-02-15T13:48:10+08:00,False,6.0,2290.0,8543.0,116.360752,39.845855,116.359467,39.833356
profit_baseline,profit_baseline_w000443,6000000000000004603,13,Full-time Workhorse,2020-02-15T13:47:30+08:00,2020-02-15T14:21:30+08:00,2020-02-15T14:27:44+08:00,False,3.0,2264.0,8433.0,116.360883,39.845825,116.360357,39.846736
profit_baseline,profit_baseline_w000443,6000000000000004727,13,Full-time Workhorse,2020-02-15T13:54:53+08:00,2020-02-15T14:47:53+08:00,2020-02-15T14:27:44+08:00,True,6.0,2264.0,8433.0,116.348479,39.845278,116.326387,39.844866
profit_baseline,profit_baseline_w000500,6000000000000004469,13,Full-time Workhorse,2020-02-15T14:03:25+08:00,2020-02-15T14:49:25+08:00,2020-02-15T15:07:30+08:00,False,6.0,2250.0,8376.0,116.340487,39.845249,116.318847,39.842446
profit_baseline,profit_baseline_w000500,6000000000000005083,13,Full-time Workhorse,2020-02-15T14:09:11+08:00,2020-02-15T14:52:11+08:00,2020-02-15T15:07:30+08:00,False,6.0,2250.0,8376.0,116.310219,39.847394,116.324977,39.841236
profit_baseline,profit_baseline_w000547,6000000000000005569,13,Full-time Workhorse,2020-02-15T15:17:43+08:00,2020-02-15T16:04:44+08:00,2020-02-15T15:38:44+08:00,True,6.0,1724.0,6680.0,116.346817,39.844546,116.346227,39.863296
profit_baseline,profit_baseline_w000574,6000000000000005333,13,Full-time Workhorse,2020-02-15T15:30:58+08:00,2020-02-15T16:06:58+08:00,2020-02-15T16:12:52+08:00,False,6.0,1972.0,7212.0,116.355016,39.859797,116.355787,39.870086
profit_baseline,profit_baseline_w000574,6000000000000005453,13,Full-time Workhorse,2020-02-15T15:46:11+08:00,2020-02-15T16:26:11+08:00,2020-02-15T16:12:52+08:00,True,6.0,1972.0,7212.0,116.354635,39.86464,116.350177,39.853076
profit_baseline,profit_baseline_w000614,6000000000000006034,13,Full-time Workhorse,2020-02-15T15:56:52+08:00,2020-02-15T16:43:52+08:00,2020-02-15T17:01:17+08:00,False,6.0,2477.0,9321.0,116.34855,39.849979,116.352087,39.863846
profit_baseline,profit_baseline_w000614,6000000000000005886,13,Full-time Workhorse,2020-02-15T16:10:49+08:00,2020-02-15T16:59:49+08:00,2020-02-15T17:01:17+08:00,False,6.0,2477.0,9321.0,116.35739,39.854022,116.371377,39.857556
profit_baseline,profit_baseline_w000674,6000000000000006218,13,Full-time Workhorse,2020-02-15T16:44:00+08:00,2020-02-15T17:23:00+08:00,2020-02-15T17:54:43+08:00,False,3.0,2683.0,10176.0,116.377226,39.86138,116.366207,39.860436
profit_baseline,profit_baseline_w000674,6000000000000006900,13,Full-time Workhorse,2020-02-15T17:08:20+08:00,2020-02-15T18:07:20+08:00,2020-02-15T17:54:43+08:00,True,10.0,2683.0,10176.0,116.361151,39.852598,116.354357,39.882676
profit_baseline,profit_baseline_w000744,6000000000000007243,13,Full-time Workhorse,2020-02-15T17:42:46+08:00,2020-02-15T18:12:46+08:00,2020-02-15T19:03:44+08:00,False,6.0,3824.0,14931.0,116.349201,39.896337,116.361407,39.902906
profit_baseline,profit_baseline_w000744,6000000000000007311,13,Full-time Workhorse,2020-02-15T17:36:15+08:00,2020-02-15T18:20:15+08:00,2020-02-15T19:03:44+08:00,False,3.0,3824.0,14931.0,116.343601,39.877731,116.342727,39.876096
profit_baseline,profit_baseline_w000825,6000000000000007893,13,Full-time Workhorse,2020-02-15T18:56:47+08:00,2020-02-15T19:29:47+08:00,2020-02-15T19:54:14+08:00,False,6.0,2654.0,10055.0,116.351183,39.887967,116.340987,39.893056
profit_baseline,profit_baseline_w000825,6000000000000008146,13,Full-time Workhorse,2020-02-15T19:19:58+08:00,2020-02-15T20:02:58+08:00,2020-02-15T19:54:14+08:00,True,6.0,2654.0,10055.0,116.336722,39.883153,116.319967,39.875476
profit_baseline,profit_baseline_w000875,6000000000000008970,13,Full-time Workhorse,2020-02-15T19:34:07+08:00,2020-02-15T20:15:07+08:00,2020-02-15T20:53:54+08:00,False,6.0,3234.0,12477.0,116.307355,39.883362,116.298577,39.876356
profit_baseline,profit_baseline_w000875,6000000000000008586,13,Full-time Workhorse,2020-02-15T19:33:22+08:00,2020-02-15T20:33:22+08:00,2020-02-15T20:53:54+08:00,False,10.0,3234.0,12477.0,116.314407,39.882436,116.349517,39.875536
profit_baseline,profit_baseline_w000056,6000000000000000308,14,Full-time Workhorse,2020-02-15T09:02:44+08:00,2020-02-15T09:32:45+08:00,2020-02-15T09:21:49+08:00,True,6.0,1309.0,4455.0,116.480582,39.969483,116.470547,39.964276
profit_baseline,profit_baseline_w000056,6000000000000000254,14,Full-time Workhorse,2020-02-15T09:03:32+08:00,2020-02-15T09:33:32+08:00,2020-02-15T09:21:49+08:00,True,3.0,1309.0,4455.0,116.480582,39.969483,116.480647,39.970746
profit_baseline,profit_baseline_w000146,6000000000000001101,14,Full-time Workhorse,2020-02-15T10:10:35+08:00,2020-02-15T12:30:00+08:00,2020-02-15T10:26:31+08:00,True,3.0,991.0,3627.0,116.470967,39.965846,116.476437,39.959156
profit_baseline,profit_baseline_w000185,6000000000000001283,14,Full-time Workhorse,2020-02-15T10:42:44+08:00,2020-02-15T11:12:45+08:00,2020-02-15T11:46:17+08:00,False,6.0,3977.0,15571.0,116.473284,39.97545,116.474217,39.965206
profit_baseline,profit_baseline_w000185,6000000000000001005,14,Full-time Workhorse,2020-02-15T10:49:57+08:00,2020-02-15T11:29:57+08:00,2020-02-15T11:46:17+08:00,False,3.0,3977.0,15571.0,116.48118,39.959474,116.478687,39.962146
profit_baseline,profit_baseline_w000273,6000000000000002009,14,Full-time Workhorse,2020-02-15T11:39:22+08:00,2020-02-15T12:09:22+08:00,2020-02-15T12:17:02+08:00,False,3.0,1622.0,5756.0,116.479437,39.968717,116.481197,39.964926
profit_baseline,profit_baseline_w000273,6000000000000001803,14,Full-time Workhorse,2020-02-15T11:30:23+08:00,2020-02-15T12:16:23+08:00,2020-02-15T12:17:02+08:00,False,6.0,1622.0,5756.0,116.485302,39.962237,116.485177,39.953136
profit_baseline,profit_baseline_w000332,6000000000000003024,14,Full-time Workhorse,2020-02-15T12:00:24+08:00,2020-02-15T12:30:24+08:00,2020-02-15T13:13:08+08:00,False,6.0,2588.0,9781.0,116.480582,39.969483,116.48900700000002,39.954346
profit_baseline,profit_baseline_w000332,6000000000000003770,14,Full-time Workhorse,2020-02-15T12:35:04+08:00,2020-02-15T13:23:04+08:00,2020-02-15T13:13:08+08:00,True,6.0,2588.0,9781.0,116.49275000000002,39.962291,116.478867,39.969796
profit_baseline,profit_baseline_w000393,6000000000000004085,14,Full-time Workhorse,2020-02-15T13:00:57+08:00,2020-02-15T13:30:57+08:00,2020-02-15T13:44:58+08:00,False,3.0,1498.0,5242.0,116.480582,39.969483,116.471017,39.972376
profit_baseline,profit_baseline_w000393,6000000000000004178,14,Full-time Workhorse,2020-02-15T13:05:47+08:00,2020-02-15T13:41:47+08:00,2020-02-15T13:44:58+08:00,False,3.0,1498.0,5242.0,116.481428,39.968821,116.481787,39.965146
profit_baseline,profit_baseline_w000437,6000000000000004128,14,Full-time Workhorse,2020-02-15T13:28:21+08:00,2020-02-15T13:58:21+08:00,2020-02-15T14:14:46+08:00,False,3.0,1486.0,5189.0,116.480582,39.969483,116.477397,39.964656
profit_baseline,profit_baseline_w000437,6000000000000004504,14,Full-time Workhorse,2020-02-15T13:29:13+08:00,2020-02-15T13:59:13+08:00,2020-02-15T14:14:46+08:00,False,3.0,1486.0,5189.0,116.480582,39.969483,116.483577,39.965046
profit_baseline,profit_baseline_w000472,6000000000000004839,14,Full-time Workhorse,2020-02-15T13:54:01+08:00,2020-02-15T14:30:01+08:00,2020-02-15T14:39:14+08:00,False,6.0,1154.0,4305.0,116.480865,39.967986,116.475057,39.976566
profit_baseline,profit_baseline_w000504,6000000000000004877,14,Full-time Workhorse,2020-02-15T14:40:36+08:00,2020-02-15T15:19:36+08:00,2020-02-15T15:06:20+08:00,True,6.0,1580.0,5587.0,116.473364,39.975143,116.463297,39.986846
profit_baseline,profit_baseline_w000504,6000000000000004934,14,Full-time Workhorse,2020-02-15T14:31:31+08:00,2020-02-15T15:43:31+08:00,2020-02-15T15:06:20+08:00,True,6.0,1580.0,5587.0,116.470022,39.984316,116.455457,39.977056
profit_baseline,profit_baseline_w000550,6000000000000005984,14,Full-time Workhorse,2020-02-15T15:27:07+08:00,2020-02-15T18:27:07+08:00,2020-02-15T15:33:37+08:00,True,3.0,817.0,2903.0,116.450694,39.9779,116.460117,39.983106
profit_baseline,profit_baseline_w000576,6000000000000005597,14,Full-time Workhorse,2020-02-15T15:47:59+08:00,2020-02-15T16:28:00+08:00,2020-02-15T16:17:33+08:00,True,6.0,2253.0,8386.0,116.452467,39.992068,116.452827,39.979756
profit_baseline,profit_baseline_w000576,6000000000000006002,14,Full-time Workhorse,2020-02-15T15:49:35+08:00,2020-02-15T18:49:35+08:00,2020-02-15T16:17:33+08:00,True,6.0,2253.0,8386.0,116.450694,39.9779,116.463837,39.986176
profit_baseline,profit_baseline_w000624,6000000000000005924,14,Full-time Workhorse,2020-02-15T16:12:51+08:00,2020-02-15T17:08:51+08:00,2020-02-15T16:55:57+08:00,True,6.0,2157.0,7986.0,116.458558,39.992094,116.474207,40.000886
profit_baseline,profit_baseline_w000624,6000000000000006506,14,Full-time Workhorse,2020-02-15T16:27:16+08:00,2020-02-15T19:27:16+08:00,2020-02-15T16:55:57+08:00,True,6.0,2157.0,7986.0,116.451988,39.999567,116.465727,39.999106
profit_baseline,profit_baseline_w000663,6000000000000006287,14,Full-time Workhorse,2020-02-15T16:42:28+08:00,2020-02-15T17:37:28+08:00,2020-02-15T17:43:40+08:00,False,6.0,2620.0,9918.0,116.472074,39.98896,116.471207,39.978796
profit_baseline,profit_baseline_w000663,6000000000000006361,14,Full-time Workhorse,2020-02-15T17:08:19+08:00,2020-02-15T17:50:19+08:00,2020-02-15T17:43:40+08:00,True,6.0,2620.0,9918.0,116.461613,39.991332,116.451747,39.999196
profit_baseline,profit_baseline_w000729,6000000000000006953,14,Full-time Workhorse,2020-02-15T17:33:48+08:00,2020-02-15T18:16:48+08:00,2020-02-15T18:22:36+08:00,False,6.0,1956.0,7152.0,116.458739,39.991941,116.468857,39.984616
profit_baseline,profit_baseline_w000729,6000000000000006676,14,Full-time Workhorse,2020-02-15T17:33:24+08:00,2020-02-15T18:28:24+08:00,2020-02-15T18:22:36+08:00,True,6.0,1956.0,7152.0,116.451134,39.995166,116.465177,39.986086
profit_baseline,profit_baseline_w000771,6000000000000007689,14,Full-time Workhorse,2020-02-15T18:05:27+08:00,2020-02-15T18:46:27+08:00,2020-02-15T18:53:26+08:00,False,6.0,1406.0,4855.0,116.468042,39.989419,116.461217,39.997736
profit_baseline,profit_baseline_w000771,6000000000000007384,14,Full-time Workhorse,2020-02-15T18:15:07+08:00,2020-02-15T18:51:07+08:00,2020-02-15T18:53:26+08:00,False,3.0,1406.0,4855.0,116.467985,39.989429,116.468137,39.989456
profit_baseline,profit_baseline_w000803,6000000000000007858,14,Full-time Workhorse,2020-02-15T18:34:18+08:00,2020-02-15T19:17:18+08:00,2020-02-15T19:27:43+08:00,False,3.0,1663.0,5930.0,116.464766,39.988321,116.460657,39.986386
profit_baseline,profit_baseline_w000803,6000000000000008052,14,Full-time Workhorse,2020-02-15T18:53:25+08:00,2020-02-15T19:31:25+08:00,2020-02-15T19:27:43+08:00,True,3.0,1663.0,5930.0,116.47156,39.989923,116.473597,39.987256
profit_baseline,profit_baseline_w000844,6000000000000008144,14,Full-time Workhorse,2020-02-15T19:19:35+08:00,2020-02-15T19:57:35+08:00,2020-02-15T19:46:04+08:00,True,3.0,964.0,3517.0,116.461311,39.990718,116.456697,39.995496
profit_baseline,profit_baseline_w000864,6000000000000008855,14,Full-time Workhorse,2020-02-15T19:41:22+08:00,2020-02-15T20:28:22+08:00,2020-02-15T20:27:54+08:00,True,6.0,2274.0,8477.0,116.451134,39.995166,116.457797,39.985166
profit_baseline,profit_baseline_w000864,6000000000000008792,14,Full-time Workhorse,2020-02-15T19:59:58+08:00,2020-02-15T20:35:58+08:00,2020-02-15T20:27:54+08:00,True,3.0,2274.0,8477.0,116.451626,39.999642,116.450537,39.997436
profit_baseline,profit_baseline_w000075,6000000000000000666,15,Full-time Workhorse,2020-02-15T09:21:17+08:00,2020-02-15T11:30:00+08:00,2020-02-15T09:34:46+08:00,True,6.0,886.0,3190.0,116.630922,39.904028,116.657547,39.909476
profit_baseline,profit_baseline_w000124,6000000000000001353,15,Full-time Workhorse,2020-02-15T09:51:15+08:00,2020-02-15T12:50:15+08:00,2020-02-15T10:12:51+08:00,True,6.0,1371.0,5213.0,116.642803,39.920638,116.632457,39.927636
profit_baseline,profit_baseline_w000155,6000000000000000749,15,Full-time Workhorse,2020-02-15T10:07:42+08:00,2020-02-15T10:49:42+08:00,2020-02-15T10:39:06+08:00,True,3.0,1146.0,3776.0,116.62917600000002,39.922566,116.634347,39.929076
profit_baseline,profit_baseline_w000155,6000000000000000645,15,Full-time Workhorse,2020-02-15T09:50:17+08:00,2020-02-15T12:20:17+08:00,2020-02-15T10:39:06+08:00,True,3.0,1146.0,3776.0,116.625171,39.926247,116.634577,39.928716
profit_baseline,profit_baseline_w000180,6000000000000001287,15,Full-time Workhorse,2020-02-15T10:45:00+08:00,2020-02-15T11:30:00+08:00,2020-02-15T11:05:24+08:00,True,3.0,1524.0,5347.0,116.630037,39.924566,116.632577,39.930146
profit_baseline,profit_baseline_w000180,6000000000000001070,15,Full-time Workhorse,2020-02-15T10:49:05+08:00,2020-02-15T13:19:05+08:00,2020-02-15T11:05:24+08:00,True,3.0,1524.0,5347.0,116.625171,39.926247,116.628287,39.926266
profit_baseline,profit_baseline_w000224,6000000000000001063,15,Full-time Workhorse,2020-02-15T10:46:42+08:00,2020-02-15T11:34:42+08:00,2020-02-15T11:31:58+08:00,True,3.0,1318.0,4493.0,116.630037,39.924566,116.637807,39.927626
profit_baseline,profit_baseline_w000224,6000000000000002032,15,Full-time Workhorse,2020-02-15T11:08:43+08:00,2020-02-15T12:11:43+08:00,2020-02-15T11:31:58+08:00,True,6.0,1318.0,4493.0,116.630037,39.924566,116.627887,39.941836
profit_baseline,profit_baseline_w000647,6000000000000006160,15,Full-time Workhorse,2020-02-15T16:42:09+08:00,2020-02-15T17:24:09+08:00,2020-02-15T17:10:01+08:00,True,3.0,1801.0,7006.0,116.629789,39.925544,116.630747,39.921036
profit_baseline,profit_baseline_w000693,6000000000000006624,15,Full-time Workhorse,2020-02-15T16:53:45+08:00,2020-02-15T17:36:45+08:00,2020-02-15T18:15:35+08:00,False,6.0,3335.0,12894.0,116.631659,39.904098,116.634007,39.912966
profit_baseline,profit_baseline_w000693,6000000000000006994,15,Full-time Workhorse,2020-02-15T17:13:52+08:00,2020-02-15T17:59:52+08:00,2020-02-15T18:15:35+08:00,False,3.0,3335.0,12894.0,116.642763,39.920949,116.640877,39.921546
profit_baseline,profit_baseline_w000766,6000000000000007733,15,Full-time Workhorse,2020-02-15T18:10:29+08:00,2020-02-15T18:58:29+08:00,2020-02-15T18:57:05+08:00,True,6.0,2225.0,8275.0,116.62917600000002,39.922566,116.642237,39.916186
profit_baseline,profit_baseline_w000766,6000000000000007698,15,Full-time Workhorse,2020-02-15T18:11:33+08:00,2020-02-15T19:06:33+08:00,2020-02-15T18:57:05+08:00,True,6.0,2225.0,8275.0,116.62544,39.926219,116.642187,39.918226
profit_baseline,profit_baseline_w000815,6000000000000008259,15,Full-time Workhorse,2020-02-15T18:33:46+08:00,2020-02-15T19:20:46+08:00,2020-02-15T19:37:18+08:00,False,6.0,2238.0,8322.0,116.62894,39.905454,116.641367,39.910306
profit_baseline,profit_baseline_w000815,6000000000000008351,15,Full-time Workhorse,2020-02-15T18:36:49+08:00,2020-02-15T19:32:49+08:00,2020-02-15T19:37:18+08:00,False,6.0,2238.0,8322.0,116.637317,39.904756,116.637297,39.893876
profit_baseline,profit_baseline_w000849,6000000000000008720,15,Full-time Workhorse,2020-02-15T19:37:34+08:00,2020-02-15T20:07:34+08:00,2020-02-15T19:55:24+08:00,True,3.0,924.0,2851.0,116.631621,39.895133,116.640077,39.893196
profit_baseline,profit_baseline_w000849,6000000000000008647,15,Full-time Workhorse,2020-02-15T19:44:09+08:00,2020-02-15T20:20:09+08:00,2020-02-15T19:55:24+08:00,True,3.0,924.0,2851.0,116.639564,39.89209,116.646277,39.888316
profit_baseline,profit_baseline_w000878,6000000000000008640,15,Full-time Workhorse,2020-02-15T19:30:05+08:00,2020-02-15T20:27:05+08:00,2020-02-15T21:07:23+08:00,False,6.0,4043.0,15841.0,116.657422,39.879917,116.639737,39.876086
profit_baseline,profit_baseline_w000878,6000000000000008548,15,Full-time Workhorse,2020-02-15T19:52:56+08:00,2020-02-15T20:42:56+08:00,2020-02-15T21:07:23+08:00,False,6.0,4043.0,15841.0,116.62577,39.889567,116.627027,39.900186
profit_baseline,profit_baseline_w000045,6000000000000000185,16,Lunch-Peak Specialist,2020-02-15T08:52:51+08:00,2020-02-15T10:15:00+08:00,2020-02-15T09:02:04+08:00,True,3.0,724.0,2517.0,116.464308,39.996491,116.474497,39.997726
profit_baseline,profit_baseline_w000067,6000000000000000576,16,Lunch-Peak Specialist,2020-02-15T09:17:33+08:00,2020-02-15T11:30:00+08:00,2020-02-15T09:34:11+08:00,True,6.0,1451.0,5543.0,116.472431,39.989322,116.449137,40.006416
profit_baseline,profit_baseline_w000121,6000000000000000651,16,Lunch-Peak Specialist,2020-02-15T09:59:44+08:00,2020-02-15T10:56:44+08:00,2020-02-15T10:21:43+08:00,True,6.0,1903.0,7430.0,116.455367,39.998946,116.450567,40.019286
profit_baseline,profit_baseline_w000231,6000000000000002022,16,Lunch-Peak Specialist,2020-02-15T11:14:39+08:00,2020-02-15T14:14:39+08:00,2020-02-15T11:38:25+08:00,True,6.0,1705.0,6604.0,116.459667,40.010011,116.477177,39.996136
profit_baseline,profit_baseline_w000259,6000000000000001486,16,Lunch-Peak Specialist,2020-02-15T11:21:42+08:00,2020-02-15T11:57:42+08:00,2020-02-15T12:10:06+08:00,False,6.0,1806.0,6523.0,116.478326,39.996603,116.488207,39.990356
profit_baseline,profit_baseline_w000259,6000000000000001688,16,Lunch-Peak Specialist,2020-02-15T11:25:38+08:00,2020-02-15T12:14:38+08:00,2020-02-15T12:10:06+08:00,True,6.0,1806.0,6523.0,116.47156,39.989923,116.479297,39.998126
profit_baseline,profit_baseline_w000312,6000000000000002826,16,Lunch-Peak Specialist,2020-02-15T11:51:10+08:00,2020-02-15T12:38:10+08:00,2020-02-15T12:44:19+08:00,False,6.0,1459.0,5078.0,116.472134,39.995587,116.491597,39.992246
profit_baseline,profit_baseline_w000312,6000000000000002651,16,Lunch-Peak Specialist,2020-02-15T12:04:12+08:00,2020-02-15T12:46:12+08:00,2020-02-15T12:44:19+08:00,True,6.0,1459.0,5078.0,116.472585,39.989308,116.489757,39.992116
profit_baseline,profit_baseline_w000356,6000000000000002669,16,Lunch-Peak Specialist,2020-02-15T12:25:25+08:00,2020-02-15T13:01:25+08:00,2020-02-15T13:17:50+08:00,False,3.0,1670.0,5963.0,116.479238,39.986305,116.480377,39.984456
profit_baseline,profit_baseline_w000356,6000000000000003782,16,Lunch-Peak Specialist,2020-02-15T12:51:12+08:00,2020-02-15T13:25:12+08:00,2020-02-15T13:17:50+08:00,True,6.0,1670.0,5963.0,116.4759,39.981088,116.471017,39.972376
profit_baseline,profit_baseline_w000400,6000000000000003723,16,Lunch-Peak Specialist,2020-02-15T12:58:38+08:00,2020-02-15T13:28:38+08:00,2020-02-15T14:00:47+08:00,False,3.0,2447.0,9202.0,116.469012,39.976123,116.466047,39.974256
profit_baseline,profit_baseline_w000400,6000000000000003642,16,Lunch-Peak Specialist,2020-02-15T12:54:03+08:00,2020-02-15T13:36:03+08:00,2020-02-15T14:00:47+08:00,False,6.0,2447.0,9202.0,116.473362,39.988068,116.455497,39.995416
profit_baseline,profit_baseline_w000463,6000000000000004448,16,Lunch-Peak Specialist,2020-02-15T13:42:14+08:00,2020-02-15T14:24:14+08:00,2020-02-15T14:48:16+08:00,False,6.0,2296.0,8564.0,116.459057,39.991076,116.473387,39.987646
profit_baseline,profit_baseline_w000463,6000000000000004682,16,Lunch-Peak Specialist,2020-02-15T14:00:47+08:00,2020-02-15T15:11:47+08:00,2020-02-15T14:48:16+08:00,True,10.0,2296.0,8564.0,116.451134,39.995166,116.489777,39.991636
profit_baseline,profit_baseline_w000515,6000000000000004862,16,Lunch-Peak Specialist,2020-02-15T14:29:45+08:00,2020-02-15T15:20:45+08:00,2020-02-15T15:01:07+08:00,True,3.0,667.0,2277.0,116.480605,39.984382,116.477407,39.979816
profit_baseline,profit_baseline_w000542,6000000000000005343,16,Lunch-Peak Specialist,2020-02-15T14:57:51+08:00,2020-02-15T15:27:51+08:00,2020-02-15T16:09:34+08:00,False,6.0,3574.0,13894.0,116.473284,39.97545,116.477637,39.961596
profit_baseline,profit_baseline_w000542,6000000000000005572,16,Lunch-Peak Specialist,2020-02-15T15:18:07+08:00,2020-02-15T15:48:07+08:00,2020-02-15T16:09:34+08:00,False,3.0,3574.0,13894.0,116.469012,39.976123,116.468927,39.975616
profit_baseline,profit_baseline_w000612,6000000000000006062,16,Lunch-Peak Specialist,2020-02-15T16:18:28+08:00,2020-02-15T16:59:28+08:00,2020-02-15T16:28:53+08:00,True,6.0,1133.0,4222.0,116.473513,39.990056,116.466717,40.007476
profit_baseline,profit_baseline_w000631,6000000000000006088,16,Lunch-Peak Specialist,2020-02-15T16:29:45+08:00,2020-02-15T17:15:45+08:00,2020-02-15T17:03:15+08:00,True,6.0,1995.0,7308.0,116.471469,39.99554,116.474097,39.975346
profit_baseline,profit_baseline_w000631,6000000000000006204,16,Lunch-Peak Specialist,2020-02-15T16:34:43+08:00,2020-02-15T17:19:43+08:00,2020-02-15T17:03:15+08:00,True,6.0,1995.0,7308.0,116.471469,39.99554,116.468097,39.977076
profit_baseline,profit_baseline_w000673,6000000000000006404,16,Lunch-Peak Specialist,2020-02-15T16:42:30+08:00,2020-02-15T17:13:30+08:00,2020-02-15T18:25:48+08:00,False,6.0,4548.0,17952.0,116.479437,39.968717,116.477117,39.959706
profit_baseline,profit_baseline_w000673,6000000000000006715,16,Lunch-Peak Specialist,2020-02-15T17:00:45+08:00,2020-02-15T17:41:45+08:00,2020-02-15T18:25:48+08:00,False,6.0,4548.0,17952.0,116.470656,39.977783,116.459917,39.996746
profit_baseline,profit_baseline_w000784,6000000000000008425,16,Lunch-Peak Specialist,2020-02-15T18:37:16+08:00,2020-02-15T19:10:16+08:00,2020-02-15T19:16:44+08:00,False,6.0,2204.0,8185.0,116.468197,39.995916,116.468957,39.982956
profit_baseline,profit_baseline_w000784,6000000000000007148,16,Lunch-Peak Specialist,2020-02-15T18:14:31+08:00,2020-02-15T19:10:31+08:00,2020-02-15T19:16:44+08:00,False,6.0,2204.0,8185.0,116.458116,39.992577,116.448127,39.980036
profit_baseline,profit_baseline_w000834,6000000000000008309,16,Lunch-Peak Specialist,2020-02-15T19:15:05+08:00,2020-02-15T20:05:05+08:00,2020-02-15T20:41:21+08:00,False,6.0,4881.0,19340.0,116.460367,39.990946,116.445637,39.997466
profit_baseline,profit_baseline_w000834,6000000000000008575,16,Lunch-Peak Specialist,2020-02-15T19:25:29+08:00,2020-02-15T20:14:29+08:00,2020-02-15T20:41:21+08:00,False,6.0,4881.0,19340.0,116.468401,39.976312,116.478357,39.969436
profit_baseline,profit_baseline_w000026,6000000000000000439,17,Lunch-Peak Specialist,2020-02-15T08:39:38+08:00,2020-02-15T10:45:00+08:00,2020-02-15T08:42:11+08:00,True,3.0,731.0,2546.0,116.377946,39.960927,116.379477,39.961296
profit_baseline,profit_baseline_w000049,6000000000000000305,17,Lunch-Peak Specialist,2020-02-15T08:58:54+08:00,2020-02-15T09:28:54+08:00,2020-02-15T09:40:20+08:00,False,3.0,3020.0,11580.0,116.390877,39.971028,116.389257,39.970296
profit_baseline,profit_baseline_w000049,6000000000000000222,17,Lunch-Peak Specialist,2020-02-15T08:41:12+08:00,2020-02-15T11:15:00+08:00,2020-02-15T09:40:20+08:00,True,10.0,3020.0,11580.0,116.391958,39.966242,116.429327,39.959616
profit_baseline,profit_baseline_w000125,6000000000000000412,17,Lunch-Peak Specialist,2020-02-15T09:44:54+08:00,2020-02-15T10:56:54+08:00,2020-02-15T10:20:46+08:00,True,6.0,1846.0,6689.0,116.436209,39.942536,116.430127,39.926306
profit_baseline,profit_baseline_w000125,6000000000000000535,17,Lunch-Peak Specialist,2020-02-15T09:50:15+08:00,2020-02-15T11:03:15+08:00,2020-02-15T10:20:46+08:00,True,6.0,1846.0,6689.0,116.436209,39.942536,116.430127,39.926306
profit_baseline,profit_baseline_w000162,6000000000000000498,17,Lunch-Peak Specialist,2020-02-15T10:11:21+08:00,2020-02-15T10:49:21+08:00,2020-02-15T10:44:17+08:00,True,3.0,857.0,2569.0,116.429947,39.924626,116.432227,39.922166
profit_baseline,profit_baseline_w000162,6000000000000000970,17,Lunch-Peak Specialist,2020-02-15T10:19:55+08:00,2020-02-15T10:58:55+08:00,2020-02-15T10:44:17+08:00,True,3.0,857.0,2569.0,116.430391,39.921703,116.428897,39.926156
profit_baseline,profit_baseline_w000200,6000000000000001355,17,Lunch-Peak Specialist,2020-02-15T10:21:03+08:00,2020-02-15T11:03:03+08:00,2020-02-15T11:42:06+08:00,False,6.0,3126.0,12022.0,116.417006,39.915784,116.416857,39.929836
profit_baseline,profit_baseline_w000200,6000000000000000707,17,Lunch-Peak Specialist,2020-02-15T10:35:44+08:00,2020-02-15T11:14:44+08:00,2020-02-15T11:42:06+08:00,False,6.0,3126.0,12022.0,116.449076,39.926952,116.433317,39.928636
profit_baseline,profit_baseline_w000279,6000000000000002349,17,Lunch-Peak Specialist,2020-02-15T11:26:46+08:00,2020-02-15T11:59:46+08:00,2020-02-15T12:52:37+08:00,False,6.0,3757.0,14652.0,116.449397,39.931966,116.461847,39.931676
profit_baseline,profit_baseline_w000279,6000000000000001900,17,Lunch-Peak Specialist,2020-02-15T11:29:01+08:00,2020-02-15T12:02:01+08:00,2020-02-15T12:52:37+08:00,False,6.0,3757.0,14652.0,116.432278,39.921768,116.419227,39.924526
profit_baseline,profit_baseline_w000367,6000000000000003618,17,Lunch-Peak Specialist,2020-02-15T12:39:22+08:00,2020-02-15T13:22:22+08:00,2020-02-15T13:54:54+08:00,False,6.0,3294.0,12727.0,116.436341,39.921202,116.447327,39.928626
profit_baseline,profit_baseline_w000367,6000000000000003067,17,Lunch-Peak Specialist,2020-02-15T12:44:26+08:00,2020-02-15T13:23:26+08:00,2020-02-15T13:54:54+08:00,False,3.0,3294.0,12727.0,116.416242,39.919032,116.413107,39.922866
profit_baseline,profit_baseline_w000454,6000000000000004298,17,Lunch-Peak Specialist,2020-02-15T13:35:03+08:00,2020-02-15T14:08:03+08:00,2020-02-15T14:51:24+08:00,False,6.0,3084.0,11853.0,116.408073,39.933076,116.401127,39.941036
profit_baseline,profit_baseline_w000454,6000000000000004626,17,Lunch-Peak Specialist,2020-02-15T14:05:44+08:00,2020-02-15T14:37:44+08:00,2020-02-15T14:51:24+08:00,False,3.0,3084.0,11853.0,116.421807,39.922046,116.413107,39.922866
profit_baseline,profit_baseline_w000532,6000000000000005234,17,Lunch-Peak Specialist,2020-02-15T14:45:15+08:00,2020-02-15T15:23:15+08:00,2020-02-15T15:28:17+08:00,False,3.0,1697.0,6070.0,116.41228,39.914438,116.405797,39.911746
profit_baseline,profit_baseline_w000532,6000000000000005233,17,Lunch-Peak Specialist,2020-02-15T14:44:45+08:00,2020-02-15T15:24:45+08:00,2020-02-15T15:28:17+08:00,False,6.0,1697.0,6070.0,116.400674,39.911402,116.412287,39.915566
profit_baseline,profit_baseline_w000560,6000000000000005359,17,Lunch-Peak Specialist,2020-02-15T15:17:11+08:00,2020-02-15T15:51:11+08:00,2020-02-15T16:10:32+08:00,False,3.0,2432.0,9135.0,116.407277,39.924764,116.403507,39.922006
profit_baseline,profit_baseline_w000560,6000000000000005629,17,Lunch-Peak Specialist,2020-02-15T15:17:31+08:00,2020-02-15T16:03:31+08:00,2020-02-15T16:10:32+08:00,False,6.0,2432.0,9135.0,116.416098,39.919745,116.425397,39.905426
profit_baseline,profit_baseline_w000622,6000000000000006041,17,Lunch-Peak Specialist,2020-02-15T15:59:08+08:00,2020-02-15T16:34:08+08:00,2020-02-15T16:44:06+08:00,False,3.0,1446.0,5027.0,116.417177,39.91248,116.419307,39.910476
profit_baseline,profit_baseline_w000622,6000000000000005490,17,Lunch-Peak Specialist,2020-02-15T15:58:41+08:00,2020-02-15T16:42:41+08:00,2020-02-15T16:44:06+08:00,False,3.0,1446.0,5027.0,116.417006,39.915784,116.416997,39.916856
profit_baseline,profit_baseline_w000657,6000000000000006006,17,Lunch-Peak Specialist,2020-02-15T16:20:53+08:00,2020-02-15T16:54:53+08:00,2020-02-15T17:17:28+08:00,False,3.0,1648.0,5866.0,116.429947,39.924626,116.431097,39.928346
profit_baseline,profit_baseline_w000657,6000000000000006144,17,Lunch-Peak Specialist,2020-02-15T16:30:40+08:00,2020-02-15T17:06:40+08:00,2020-02-15T17:17:28+08:00,False,6.0,1648.0,5866.0,116.426847,39.931434,116.418417,39.923106
profit_baseline,profit_baseline_w000689,6000000000000006642,17,Lunch-Peak Specialist,2020-02-15T17:12:37+08:00,2020-02-15T17:42:38+08:00,2020-02-15T17:31:35+08:00,True,3.0,695.0,2396.0,116.421817,39.926136,116.417627,39.922016
profit_baseline,profit_baseline_w000716,6000000000000006728,17,Lunch-Peak Specialist,2020-02-15T17:12:55+08:00,2020-02-15T17:53:55+08:00,2020-02-15T17:52:26+08:00,True,3.0,746.0,2610.0,116.428487,39.92006,116.430497,39.918636
profit_baseline,profit_baseline_w000741,6000000000000007650,17,Lunch-Peak Specialist,2020-02-15T17:49:26+08:00,2020-02-15T18:30:26+08:00,2020-02-15T18:39:05+08:00,False,6.0,2345.0,8768.0,116.421641,39.921455,116.407017,39.925376
profit_baseline,profit_baseline_w000741,6000000000000007563,17,Lunch-Peak Specialist,2020-02-15T17:44:51+08:00,2020-02-15T18:31:51+08:00,2020-02-15T18:39:05+08:00,False,6.0,2345.0,8768.0,116.420423,39.908534,116.410077,39.922346
profit_baseline,profit_baseline_w000787,6000000000000008240,17,Lunch-Peak Specialist,2020-02-15T18:26:51+08:00,2020-02-15T19:09:51+08:00,2020-02-15T19:21:27+08:00,False,6.0,2487.0,9360.0,116.417779,39.932541,116.401177,39.927546
profit_baseline,profit_baseline_w000787,6000000000000007751,17,Lunch-Peak Specialist,2020-02-15T18:25:45+08:00,2020-02-15T19:10:45+08:00,2020-02-15T19:21:27+08:00,False,6.0,2487.0,9360.0,116.399261,39.927727,116.412207,39.929456
profit_baseline,profit_baseline_w000840,6000000000000008558,17,Lunch-Peak Specialist,2020-02-15T19:01:37+08:00,2020-02-15T19:45:37+08:00,2020-02-15T19:53:30+08:00,False,6.0,1410.0,4873.0,116.408861,39.923743,116.418107,39.932236
profit_baseline,profit_baseline_w000840,6000000000000008769,17,Lunch-Peak Specialist,2020-02-15T19:16:39+08:00,2020-02-15T19:57:39+08:00,2020-02-15T19:53:30+08:00,True,3.0,1410.0,4873.0,116.421206,39.932948,116.416887,39.932316
profit_baseline,profit_baseline_w000873,6000000000000008592,17,Lunch-Peak Specialist,2020-02-15T19:40:18+08:00,2020-02-15T20:24:27+08:00,2020-02-15T20:35:31+08:00,False,6.0,2131.0,7879.0,116.41777700000002,39.932546,116.403157,39.917866
profit_baseline,profit_baseline_w000873,6000000000000008987,17,Lunch-Peak Specialist,2020-02-15T19:47:00+08:00,2020-02-15T20:45:00+08:00,2020-02-15T20:35:31+08:00,True,6.0,2131.0,7879.0,116.417509,39.941738,116.421827,39.927066
profit_baseline,profit_baseline_w000043,6000000000000000260,18,Lunch-Peak Specialist,2020-02-15T08:48:25+08:00,2020-02-15T10:45:00+08:00,2020-02-15T08:58:04+08:00,True,3.0,1084.0,4017.0,116.316153,39.881403,116.318417,39.881506
profit_baseline,profit_baseline_w000139,6000000000000000698,18,Lunch-Peak Specialist,2020-02-15T10:19:40+08:00,2020-02-15T11:06:40+08:00,2020-02-15T10:44:05+08:00,True,3.0,2045.0,7520.0,116.315807,39.876166,116.323187,39.879306
profit_baseline,profit_baseline_w000139,6000000000000001139,18,Lunch-Peak Specialist,2020-02-15T10:17:45+08:00,2020-02-15T13:17:45+08:00,2020-02-15T10:44:05+08:00,True,6.0,2045.0,7520.0,116.316153,39.881403,116.300577,39.865236
profit_baseline,profit_baseline_w000201,6000000000000000847,18,Lunch-Peak Specialist,2020-02-15T10:33:04+08:00,2020-02-15T11:22:04+08:00,2020-02-15T12:33:39+08:00,False,6.0,6219.0,24917.0,116.306503,39.881175,116.312977,39.869876
profit_baseline,profit_baseline_w000201,6000000000000000836,18,Lunch-Peak Specialist,2020-02-15T10:25:19+08:00,2020-02-15T11:25:19+08:00,2020-02-15T12:33:39+08:00,False,10.0,6219.0,24917.0,116.2966,39.849731,116.301027,39.810996
profit_baseline,profit_baseline_w000345,6000000000000003226,18,Lunch-Peak Specialist,2020-02-15T12:12:03+08:00,2020-02-15T13:05:03+08:00,2020-02-15T13:54:18+08:00,False,6.0,4458.0,17573.0,116.28901,39.823246,116.268407,39.811176
profit_baseline,profit_baseline_w000345,6000000000000003474,18,Lunch-Peak Specialist,2020-02-15T12:40:51+08:00,2020-02-15T13:10:51+08:00,2020-02-15T13:54:18+08:00,False,3.0,4458.0,17573.0,116.289964,39.823955,116.288707,39.823636
profit_baseline,profit_baseline_w000448,6000000000000005019,18,Lunch-Peak Specialist,2020-02-15T14:05:01+08:00,2020-02-15T14:45:01+08:00,2020-02-15T14:14:02+08:00,True,6.0,842.0,2509.0,116.288063,39.824691,116.296987,39.817286
profit_baseline,profit_baseline_w000448,6000000000000004687,18,Lunch-Peak Specialist,2020-02-15T14:06:51+08:00,2020-02-15T14:45:51+08:00,2020-02-15T14:14:02+08:00,True,6.0,842.0,2509.0,116.289007,39.823246,116.299777,39.817366
profit_baseline,profit_baseline_w000486,6000000000000004895,18,Lunch-Peak Specialist,2020-02-15T13:55:25+08:00,2020-02-15T14:51:25+08:00,2020-02-15T14:35:39+08:00,True,6.0,939.0,3416.0,116.28971500000002,39.823257,116.294507,39.811886
profit_baseline,profit_baseline_w000656,6000000000000006497,18,Lunch-Peak Specialist,2020-02-15T16:51:04+08:00,2020-02-15T17:30:00+08:00,2020-02-15T17:32:44+08:00,False,6.0,2564.0,9686.0,116.28901,39.823246,116.273807,39.814936
profit_baseline,profit_baseline_w000656,6000000000000006623,18,Lunch-Peak Specialist,2020-02-15T16:53:30+08:00,2020-02-15T17:32:30+08:00,2020-02-15T17:32:44+08:00,False,6.0,2564.0,9686.0,116.288413,39.823423,116.274687,39.814566
profit_baseline,profit_baseline_w000101,6000000000000000460,19,Lunch-Peak Specialist,2020-02-15T09:36:26+08:00,2020-02-15T10:28:26+08:00,2020-02-15T09:46:29+08:00,True,3.0,989.0,3620.0,116.33506,39.731032,116.339277,39.726226
profit_baseline,profit_baseline_w000147,6000000000000000751,19,Lunch-Peak Specialist,2020-02-15T10:14:58+08:00,2020-02-15T11:30:00+08:00,2020-02-15T10:28:35+08:00,True,6.0,1115.0,4148.0,116.323246,39.722024,116.324387,39.735786
profit_baseline,profit_baseline_w000199,6000000000000000942,19,Lunch-Peak Specialist,2020-02-15T10:50:33+08:00,2020-02-15T11:46:33+08:00,2020-02-15T11:32:41+08:00,True,10.0,2561.0,9668.0,116.323246,39.722024,116.303027,39.744876
profit_baseline,profit_baseline_w000199,6000000000000001834,19,Lunch-Peak Specialist,2020-02-15T10:59:56+08:00,2020-02-15T12:01:56+08:00,2020-02-15T11:32:41+08:00,True,6.0,2561.0,9668.0,116.326435,39.749185,116.304197,39.754076
profit_baseline,profit_baseline_w000269,6000000000000002992,19,Lunch-Peak Specialist,2020-02-15T11:45:19+08:00,2020-02-15T12:30:19+08:00,2020-02-15T11:58:57+08:00,True,6.0,1137.0,4236.0,116.321348,39.752737,116.304117,39.755566
profit_baseline,profit_baseline_w000289,6000000000000002759,19,Lunch-Peak Specialist,2020-02-15T12:07:06+08:00,2020-02-15T12:37:07+08:00,2020-02-15T12:24:12+08:00,True,6.0,1452.0,5551.0,116.323829,39.762961,116.306587,39.764586
profit_baseline,profit_baseline_w000346,6000000000000003481,19,Lunch-Peak Specialist,2020-02-15T12:44:02+08:00,2020-02-15T13:24:02+08:00,2020-02-15T13:08:09+08:00,True,6.0,1689.0,6539.0,116.32532,39.772036,116.332937,39.783306
profit_baseline,profit_baseline_w000457,6000000000000005016,19,Lunch-Peak Specialist,2020-02-15T14:02:03+08:00,2020-02-15T14:37:03+08:00,2020-02-15T14:15:01+08:00,True,3.0,901.0,3256.0,116.32532,39.772036,116.322507,39.771356
profit_baseline,profit_baseline_w000481,6000000000000005032,19,Lunch-Peak Specialist,2020-02-15T14:21:23+08:00,2020-02-15T15:19:23+08:00,2020-02-15T14:44:18+08:00,True,6.0,1458.0,5575.0,116.324338,39.763623,116.333087,39.784366
profit_baseline,profit_baseline_w000604,6000000000000006123,19,Lunch-Peak Specialist,2020-02-15T16:09:53+08:00,2020-02-15T16:43:53+08:00,2020-02-15T16:17:28+08:00,True,3.0,1048.0,3868.0,116.320134,39.77414,116.313127,39.771186
profit_baseline,profit_baseline_w000621,6000000000000005905,19,Lunch-Peak Specialist,2020-02-15T15:50:31+08:00,2020-02-15T16:45:31+08:00,2020-02-15T17:01:34+08:00,False,6.0,2494.0,9393.0,116.323854,39.763797,116.306777,39.770656
profit_baseline,profit_baseline_w000621,6000000000000005892,19,Lunch-Peak Specialist,2020-02-15T16:18:02+08:00,2020-02-15T17:00:02+08:00,2020-02-15T17:01:34+08:00,False,6.0,2494.0,9393.0,116.323771,39.765143,116.326797,39.747786
profit_baseline,profit_baseline_w000684,6000000000000006723,19,Lunch-Peak Specialist,2020-02-15T17:06:25+08:00,2020-02-15T18:01:25+08:00,2020-02-15T17:37:01+08:00,True,6.0,1621.0,5752.0,116.321064,39.762011,116.326047,39.746876
profit_baseline,profit_baseline_w000684,6000000000000006878,19,Lunch-Peak Specialist,2020-02-15T17:16:47+08:00,2020-02-15T18:21:47+08:00,2020-02-15T17:37:01+08:00,True,6.0,1621.0,5752.0,116.321064,39.762011,116.325017,39.743306
profit_baseline,profit_baseline_w000721,6000000000000006611,19,Lunch-Peak Specialist,2020-02-15T17:12:54+08:00,2020-02-15T18:16:54+08:00,2020-02-15T18:33:17+08:00,False,6.0,3197.0,12323.0,116.333941,39.731917,116.361847,39.733466
profit_baseline,profit_baseline_w000721,6000000000000007107,19,Lunch-Peak Specialist,2020-02-15T17:43:35+08:00,2020-02-15T18:46:35+08:00,2020-02-15T18:33:17+08:00,True,6.0,3197.0,12323.0,116.337301,39.730917,116.345347,39.715596
profit_baseline,profit_baseline_w000802,6000000000000007887,19,Lunch-Peak Specialist,2020-02-15T18:54:02+08:00,2020-02-15T19:48:02+08:00,2020-02-15T19:08:05+08:00,True,3.0,1085.0,4021.0,116.33506,39.731032,116.339257,39.726196
profit_baseline,profit_baseline_w000823,6000000000000008039,19,Lunch-Peak Specialist,2020-02-15T18:46:12+08:00,2020-02-15T19:44:13+08:00,2020-02-15T19:34:44+08:00,True,6.0,1484.0,5687.0,116.32914900000002,39.729821,116.344587,39.715606
profit_baseline,profit_baseline_w000859,6000000000000008845,19,Lunch-Peak Specialist,2020-02-15T19:29:37+08:00,2020-02-15T20:14:37+08:00,2020-02-15T19:59:55+08:00,True,3.0,1195.0,4477.0,116.333443,39.730735,116.323027,39.727926
profit_baseline,profit_baseline_w000872,6000000000000008588,19,Lunch-Peak Specialist,2020-02-15T19:35:29+08:00,2020-02-15T20:19:29+08:00,2020-02-15T20:22:08+08:00,False,6.0,1328.0,4531.0,116.321947,39.729762,116.333367,39.737896
profit_baseline,profit_baseline_w000872,6000000000000008786,19,Lunch-Peak Specialist,2020-02-15T19:48:49+08:00,2020-02-15T20:34:49+08:00,2020-02-15T20:22:08+08:00,True,6.0,1328.0,4531.0,116.329329,39.730376,116.344157,39.735506
profit_baseline,profit_baseline_w000018,6000000000000000554,20,Lunch-Peak Specialist,2020-02-15T08:21:43+08:00,2020-02-15T09:11:43+08:00,2020-02-15T08:33:39+08:00,True,6.0,819.0,2912.0,116.286864,40.032712,116.283167,40.043256
profit_baseline,profit_baseline_w000216,6000000000000002227,20,Lunch-Peak Specialist,2020-02-15T11:06:49+08:00,2020-02-15T11:46:49+08:00,2020-02-15T11:41:12+08:00,True,6.0,2472.0,9302.0,116.293209,40.053724,116.302467,40.046936
profit_baseline,profit_baseline_w000216,6000000000000001566,20,Lunch-Peak Specialist,2020-02-15T11:04:10+08:00,2020-02-15T12:26:10+08:00,2020-02-15T11:41:12+08:00,True,6.0,2472.0,9302.0,116.294008,40.041728,116.285037,40.048056
profit_baseline,profit_baseline_w000274,6000000000000002200,20,Lunch-Peak Specialist,2020-02-15T11:31:30+08:00,2020-02-15T12:25:30+08:00,2020-02-15T12:22:41+08:00,True,6.0,1961.0,7168.0,116.291484,40.052133,116.301717,40.063566
profit_baseline,profit_baseline_w000274,6000000000000001703,20,Lunch-Peak Specialist,2020-02-15T11:32:47+08:00,2020-02-15T12:25:47+08:00,2020-02-15T12:22:41+08:00,True,6.0,1961.0,7168.0,116.290371,40.052052,116.301817,40.066096
profit_baseline,profit_baseline_w000324,6000000000000002429,20,Lunch-Peak Specialist,2020-02-15T12:07:18+08:00,2020-02-15T12:50:18+08:00,2020-02-15T12:53:35+08:00,False,3.0,1415.0,4900.0,116.30531,40.065128,116.305977,40.064566
profit_baseline,profit_baseline_w000324,6000000000000002424,20,Lunch-Peak Specialist,2020-02-15T12:06:03+08:00,2020-02-15T12:53:03+08:00,2020-02-15T12:53:35+08:00,False,6.0,1415.0,4900.0,116.30728,40.066116,116.300417,40.050676
profit_baseline,profit_baseline_w000380,6000000000000003402,20,Lunch-Peak Specialist,2020-02-15T12:48:10+08:00,2020-02-15T13:24:10+08:00,2020-02-15T13:30:19+08:00,False,3.0,1219.0,4083.0,116.293209,40.053724,116.300227,40.050536
profit_baseline,profit_baseline_w000380,6000000000000003416,20,Lunch-Peak Specialist,2020-02-15T12:51:33+08:00,2020-02-15T13:34:33+08:00,2020-02-15T13:30:19+08:00,True,6.0,1219.0,4083.0,116.293209,40.053724,116.304207,40.048366
profit_baseline,profit_baseline_w000424,6000000000000004184,20,Lunch-Peak Specialist,2020-02-15T13:12:43+08:00,2020-02-15T13:51:43+08:00,2020-02-15T14:17:58+08:00,False,3.0,2278.0,8487.0,116.303709,40.052374,116.300337,40.050976
profit_baseline,profit_baseline_w000424,6000000000000004017,20,Lunch-Peak Specialist,2020-02-15T13:12:12+08:00,2020-02-15T13:57:12+08:00,2020-02-15T14:17:58+08:00,False,6.0,2278.0,8487.0,116.290371,40.052052,116.297277,40.068826
profit_baseline,profit_baseline_w000506,6000000000000005236,20,Lunch-Peak Specialist,2020-02-15T14:46:00+08:00,2020-02-15T15:19:00+08:00,2020-02-15T15:22:54+08:00,False,3.0,2574.0,9724.0,116.306857,40.065475,116.300137,40.064586
profit_baseline,profit_baseline_w000506,6000000000000005228,20,Lunch-Peak Specialist,2020-02-15T14:43:15+08:00,2020-02-15T15:20:15+08:00,2020-02-15T15:22:54+08:00,False,3.0,2574.0,9724.0,116.307198,40.065888,116.299667,40.062346
profit_baseline,profit_baseline_w000558,6000000000000005265,20,Lunch-Peak Specialist,2020-02-15T15:01:39+08:00,2020-02-15T15:43:39+08:00,2020-02-15T15:52:38+08:00,False,3.0,1358.0,4661.0,116.296088,40.065187,116.304317,40.062526
profit_baseline,profit_baseline_w000558,6000000000000005365,20,Lunch-Peak Specialist,2020-02-15T15:23:57+08:00,2020-02-15T15:57:57+08:00,2020-02-15T15:52:38+08:00,True,3.0,1358.0,4661.0,116.305761,40.064876,116.306757,40.060536
profit_baseline,profit_baseline_w000630,6000000000000006329,20,Lunch-Peak Specialist,2020-02-15T16:30:10+08:00,2020-02-15T17:06:10+08:00,2020-02-15T16:46:51+08:00,True,3.0,1011.0,3711.0,116.293209,40.053724,116.304247,40.054856
profit_baseline,profit_baseline_w000651,6000000000000006840,20,Lunch-Peak Specialist,2020-02-15T16:57:57+08:00,2020-02-15T17:51:57+08:00,2020-02-15T17:24:33+08:00,True,6.0,2073.0,7640.0,116.293209,40.053724,116.301437,40.060426
profit_baseline,profit_baseline_w000651,6000000000000006529,20,Lunch-Peak Specialist,2020-02-15T16:49:51+08:00,2020-02-15T19:48:51+08:00,2020-02-15T17:24:33+08:00,True,6.0,2073.0,7640.0,116.303914,40.048656,116.291287,40.052286
profit_baseline,profit_baseline_w000699,6000000000000006593,20,Lunch-Peak Specialist,2020-02-15T17:05:09+08:00,2020-02-15T17:52:09+08:00,2020-02-15T17:52:57+08:00,False,6.0,1377.0,4741.0,116.291487,40.052136,116.301847,40.061896
profit_baseline,profit_baseline_w000699,6000000000000006445,20,Lunch-Peak Specialist,2020-02-15T17:06:16+08:00,2020-02-15T17:56:16+08:00,2020-02-15T17:52:57+08:00,True,6.0,1377.0,4741.0,116.290008,40.05193,116.299307,40.068106
profit_baseline,profit_baseline_w000743,6000000000000007630,20,Lunch-Peak Specialist,2020-02-15T17:39:33+08:00,2020-02-15T18:28:33+08:00,2020-02-15T18:35:12+08:00,False,6.0,2112.0,7800.0,116.306917,40.065504,116.299247,40.048846
profit_baseline,profit_baseline_w000743,6000000000000007822,20,Lunch-Peak Specialist,2020-02-15T18:06:54+08:00,2020-02-15T18:56:54+08:00,2020-02-15T18:35:12+08:00,True,6.0,2112.0,7800.0,116.291484,40.052133,116.302347,40.064106
profit_baseline,profit_baseline_w000783,6000000000000007869,20,Lunch-Peak Specialist,2020-02-15T18:32:07+08:00,2020-02-15T19:19:07+08:00,2020-02-15T19:04:36+08:00,True,6.0,1476.0,5149.0,116.296088,40.065187,116.292227,40.054316
profit_baseline,profit_baseline_w000783,6000000000000008500,20,Lunch-Peak Specialist,2020-02-15T18:33:44+08:00,2020-02-15T19:21:44+08:00,2020-02-15T19:04:36+08:00,True,6.0,1476.0,5149.0,116.296088,40.065187,116.298497,40.052136
profit_baseline,profit_baseline_w000829,6000000000000008472,20,Lunch-Peak Specialist,2020-02-15T19:09:58+08:00,2020-02-15T19:50:58+08:00,2020-02-15T19:46:20+08:00,True,6.0,2180.0,8083.0,116.303843,40.036411,116.315247,40.029946
profit_baseline,profit_baseline_w000829,6000000000000007959,20,Lunch-Peak Specialist,2020-02-15T19:00:24+08:00,2020-02-15T20:12:24+08:00,2020-02-15T19:46:20+08:00,True,6.0,2180.0,8083.0,116.309364,40.037984,116.321617,40.030846
profit_baseline,profit_baseline_w000870,6000000000000008540,20,Lunch-Peak Specialist,2020-02-15T19:40:25+08:00,2020-02-15T20:27:25+08:00,2020-02-15T20:49:54+08:00,False,10.0,3594.0,13971.0,116.301115,40.028892,116.265547,40.028826
profit_baseline,profit_baseline_w000870,6000000000000008976,20,Lunch-Peak Specialist,2020-02-15T19:37:23+08:00,2020-02-15T20:37:24+08:00,2020-02-15T20:49:54+08:00,False,6.0,3594.0,13971.0,116.301992,40.03381,116.315917,40.027736
profit_baseline,profit_baseline_w000041,6000000000000000559,21,Lunch-Peak Specialist,2020-02-15T08:49:21+08:00,2020-02-15T10:15:00+08:00,2020-02-15T08:56:46+08:00,True,3.0,1006.0,3692.0,116.345988,40.08017,116.351167,40.077466
profit_baseline,profit_baseline_w000106,6000000000000000371,21,Lunch-Peak Specialist,2020-02-15T09:49:22+08:00,2020-02-15T10:33:22+08:00,2020-02-15T10:07:04+08:00,True,6.0,1624.0,5766.0,116.348128,40.081539,116.361127,40.078376
profit_baseline,profit_baseline_w000106,6000000000000000737,21,Lunch-Peak Specialist,2020-02-15T09:48:21+08:00,2020-02-15T10:34:21+08:00,2020-02-15T10:07:04+08:00,True,6.0,1624.0,5766.0,116.345988,40.08017,116.349837,40.068396
profit_baseline,profit_baseline_w000145,6000000000000000868,21,Lunch-Peak Specialist,2020-02-15T09:51:50+08:00,2020-02-15T10:45:00+08:00,2020-02-15T10:50:24+08:00,False,3.0,2424.0,9102.0,116.34936700000002,40.071692,116.346327,40.067436
profit_baseline,profit_baseline_w000145,6000000000000000820,21,Lunch-Peak Specialist,2020-02-15T10:00:26+08:00,2020-02-15T10:45:26+08:00,2020-02-15T10:50:24+08:00,False,6.0,2424.0,9102.0,116.345988,40.08017,116.334747,40.071886
profit_baseline,profit_baseline_w000215,6000000000000000708,21,Lunch-Peak Specialist,2020-02-15T10:35:53+08:00,2020-02-15T11:17:53+08:00,2020-02-15T11:53:31+08:00,False,6.0,3211.0,12378.0,116.341745,40.079774,116.339917,40.064536
profit_baseline,profit_baseline_w000215,6000000000000000924,21,Lunch-Peak Specialist,2020-02-15T10:39:18+08:00,2020-02-15T11:35:18+08:00,2020-02-15T11:53:31+08:00,False,10.0,3211.0,12378.0,116.348646,40.072113,116.306417,40.081786
profit_baseline,profit_baseline_w000287,6000000000000002704,21,Lunch-Peak Specialist,2020-02-15T11:40:16+08:00,2020-02-15T12:39:16+08:00,2020-02-15T12:44:29+08:00,False,6.0,2669.0,10124.0,116.314101,40.076264,116.32702700000002,40.076566
profit_baseline,profit_baseline_w000287,6000000000000002652,21,Lunch-Peak Specialist,2020-02-15T12:04:26+08:00,2020-02-15T12:52:26+08:00,2020-02-15T12:44:29+08:00,True,6.0,2669.0,10124.0,116.316977,40.080877,116.311257,40.093676
profit_baseline,profit_baseline_w000407,6000000000000004672,21,Lunch-Peak Specialist,2020-02-15T13:23:23+08:00,2020-02-15T16:23:23+08:00,2020-02-15T13:50:04+08:00,True,6.0,1804.0,7019.0,116.303605,40.077566,116.322657,40.068336
profit_baseline,profit_baseline_w000458,6000000000000004534,21,Lunch-Peak Specialist,2020-02-15T13:56:00+08:00,2020-02-15T14:35:00+08:00,2020-02-15T14:19:40+08:00,True,6.0,1180.0,4415.0,116.336583,40.07912,116.351417,40.076226
profit_baseline,profit_baseline_w000475,6000000000000004843,21,Lunch-Peak Specialist,2020-02-15T14:02:54+08:00,2020-02-15T14:42:54+08:00,2020-02-15T14:47:59+08:00,False,6.0,1679.0,5994.0,116.344643,40.079313,116.332257,40.068106
profit_baseline,profit_baseline_w000475,6000000000000004683,21,Lunch-Peak Specialist,2020-02-15T14:04:02+08:00,2020-02-15T14:44:02+08:00,2020-02-15T14:47:59+08:00,False,6.0,1679.0,5994.0,116.348789,40.073257,116.327007,40.067526
profit_baseline,profit_baseline_w000520,6000000000000005287,21,Lunch-Peak Specialist,2020-02-15T14:41:24+08:00,2020-02-15T15:21:24+08:00,2020-02-15T15:34:23+08:00,False,6.0,2663.0,10096.0,116.348469,40.072231,116.343027,40.082676
profit_baseline,profit_baseline_w000520,6000000000000005235,21,Lunch-Peak Specialist,2020-02-15T14:45:37+08:00,2020-02-15T15:23:37+08:00,2020-02-15T15:34:23+08:00,False,6.0,2663.0,10096.0,116.324909,40.073075,116.326347,40.086636
profit_baseline,profit_baseline_w000585,6000000000000005368,21,Lunch-Peak Specialist,2020-02-15T15:26:32+08:00,2020-02-15T16:27:32+08:00,2020-02-15T15:59:54+08:00,True,6.0,1194.0,4476.0,116.348395,40.080585,116.340727,40.089826
profit_baseline,profit_baseline_w000602,6000000000000005382,21,Lunch-Peak Specialist,2020-02-15T15:37:11+08:00,2020-02-15T16:14:11+08:00,2020-02-15T17:02:16+08:00,False,3.0,3736.0,14567.0,116.344569,40.082519,116.335387,40.084076
profit_baseline,profit_baseline_w000602,6000000000000005614,21,Lunch-Peak Specialist,2020-02-15T16:00:08+08:00,2020-02-15T18:30:08+08:00,2020-02-15T17:02:16+08:00,True,6.0,3736.0,14567.0,116.354233,40.102595,116.364877,40.095216
profit_baseline,profit_baseline_w000685,6000000000000006469,21,Lunch-Peak Specialist,2020-02-15T17:17:05+08:00,2020-02-15T18:06:05+08:00,2020-02-15T17:32:47+08:00,True,6.0,1367.0,5196.0,116.352296,40.080504,116.345447,40.071096
profit_baseline,profit_baseline_w000717,6000000000000006932,21,Lunch-Peak Specialist,2020-02-15T17:20:23+08:00,2020-02-15T18:03:23+08:00,2020-02-15T18:15:18+08:00,False,6.0,2118.0,7826.0,116.336357,40.078986,116.323467,40.073496
profit_baseline,profit_baseline_w000717,6000000000000007225,21,Lunch-Peak Specialist,2020-02-15T17:28:55+08:00,2020-02-15T18:04:55+08:00,2020-02-15T18:15:18+08:00,False,6.0,2118.0,7826.0,116.344643,40.079313,116.338357,40.070656
profit_baseline,profit_baseline_w000765,6000000000000007125,21,Lunch-Peak Specialist,2020-02-15T18:01:14+08:00,2020-02-15T18:51:14+08:00,2020-02-15T18:59:22+08:00,False,6.0,2362.0,8840.0,116.326197,40.071816,116.337407,40.066806
profit_baseline,profit_baseline_w000765,6000000000000008227,21,Lunch-Peak Specialist,2020-02-15T18:20:15+08:00,2020-02-15T18:54:15+08:00,2020-02-15T18:59:22+08:00,False,3.0,2362.0,8840.0,116.343617,40.080135,116.341027,40.078906
profit_baseline,profit_baseline_w000810,6000000000000008507,21,Lunch-Peak Specialist,2020-02-15T18:50:22+08:00,2020-02-15T19:34:22+08:00,2020-02-15T19:10:54+08:00,True,3.0,654.0,2228.0,116.348128,40.081539,116.340377,40.081046
profit_baseline,profit_baseline_w000830,6000000000000008137,21,Lunch-Peak Specialist,2020-02-15T19:16:24+08:00,2020-02-15T19:50:24+08:00,2020-02-15T19:45:20+08:00,True,3.0,1520.0,5332.0,116.344643,40.079313,116.347687,40.076416
profit_baseline,profit_baseline_w000830,6000000000000008126,21,Lunch-Peak Specialist,2020-02-15T19:07:04+08:00,2020-02-15T19:52:04+08:00,2020-02-15T19:45:20+08:00,True,6.0,1520.0,5332.0,116.348128,40.081539,116.335407,40.087076
profit_baseline,profit_baseline_w000869,6000000000000008912,21,Lunch-Peak Specialist,2020-02-15T19:23:51+08:00,2020-02-15T20:08:51+08:00,2020-02-15T20:12:35+08:00,False,6.0,1355.0,4643.0,116.344643,40.079313,116.329377,40.081406
profit_baseline,profit_baseline_w000869,6000000000000009042,21,Lunch-Peak Specialist,2020-02-15T19:38:45+08:00,2020-02-15T20:14:45+08:00,2020-02-15T20:12:35+08:00,True,6.0,1355.0,4643.0,116.343617,40.080135,116.329977,40.081436
profit_baseline,profit_baseline_w000019,6000000000000000377,22,Lunch-Peak Specialist,2020-02-15T08:25:33+08:00,2020-02-15T09:12:33+08:00,2020-02-15T08:47:15+08:00,True,3.0,1635.0,6312.0,116.332098,40.006788,116.339267,40.012586
profit_baseline,profit_baseline_w000128,6000000000000000690,22,Lunch-Peak Specialist,2020-02-15T10:08:18+08:00,2020-02-15T10:45:00+08:00,2020-02-15T10:12:51+08:00,True,3.0,771.0,2713.0,116.343574,40.008209,116.344417,40.005586
profit_baseline,profit_baseline_w000163,6000000000000001208,22,Lunch-Peak Specialist,2020-02-15T10:38:55+08:00,2020-02-15T11:23:55+08:00,2020-02-15T10:51:48+08:00,True,3.0,1308.0,4451.0,116.34405,40.008794,116.340197,40.000746
profit_baseline,profit_baseline_w000163,6000000000000001526,22,Lunch-Peak Specialist,2020-02-15T10:39:54+08:00,2020-02-15T11:34:54+08:00,2020-02-15T10:51:48+08:00,True,3.0,1308.0,4451.0,116.343005,40.011263,116.344047,40.012716
profit_baseline,profit_baseline_w000205,6000000000000001575,22,Lunch-Peak Specialist,2020-02-15T11:08:13+08:00,2020-02-15T11:48:13+08:00,2020-02-15T11:27:37+08:00,True,6.0,1657.0,5903.0,116.343974,40.007658,116.331517,39.998716
profit_baseline,profit_baseline_w000205,6000000000000001601,22,Lunch-Peak Specialist,2020-02-15T11:05:28+08:00,2020-02-15T12:11:28+08:00,2020-02-15T11:27:37+08:00,True,10.0,1657.0,5903.0,116.344248,40.008293,116.311367,39.998026
profit_baseline,profit_baseline_w000256,6000000000000001695,22,Lunch-Peak Specialist,2020-02-15T11:26:48+08:00,2020-02-15T12:02:48+08:00,2020-02-15T11:45:34+08:00,True,3.0,934.0,3391.0,116.32582,39.995618,116.329947,39.994686
profit_baseline,profit_baseline_w000271,6000000000000001806,22,Lunch-Peak Specialist,2020-02-15T11:31:10+08:00,2020-02-15T12:07:10+08:00,2020-02-15T12:14:11+08:00,False,6.0,1451.0,5044.0,116.32582,39.995618,116.337857,39.998806
profit_baseline,profit_baseline_w000271,6000000000000002303,22,Lunch-Peak Specialist,2020-02-15T11:40:44+08:00,2020-02-15T12:19:44+08:00,2020-02-15T12:14:11+08:00,True,6.0,1451.0,5044.0,116.329066,39.991219,116.328667,40.001486
profit_baseline,profit_baseline_w000317,6000000000000002860,22,Lunch-Peak Specialist,2020-02-15T12:05:24+08:00,2020-02-15T12:54:24+08:00,2020-02-15T12:55:44+08:00,False,6.0,2144.0,7934.0,116.329185,39.990739,116.349047,39.983346
profit_baseline,profit_baseline_w000317,6000000000000002733,22,Lunch-Peak Specialist,2020-02-15T12:00:19+08:00,2020-02-15T12:59:19+08:00,2020-02-15T12:55:44+08:00,True,6.0,2144.0,7934.0,116.329404,39.990528,116.325597,39.981076
profit_baseline,profit_baseline_w000361,6000000000000003408,22,Lunch-Peak Specialist,2020-02-15T12:49:23+08:00,2020-02-15T13:19:23+08:00,2020-02-15T13:15:07+08:00,True,3.0,907.0,2780.0,116.3238,39.982843,116.321267,39.979896
profit_baseline,profit_baseline_w000361,6000000000000003869,22,Lunch-Peak Specialist,2020-02-15T12:44:40+08:00,2020-02-15T13:23:40+08:00,2020-02-15T13:15:07+08:00,True,3.0,907.0,2780.0,116.324257,39.981,116.325307,39.988196
profit_baseline,profit_baseline_w000397,6000000000000004337,22,Lunch-Peak Specialist,2020-02-15T13:16:45+08:00,2020-02-15T13:56:45+08:00,2020-02-15T13:37:47+08:00,True,6.0,1067.0,3444.0,116.329159,39.990946,116.327687,39.980606
profit_baseline,profit_baseline_w000397,6000000000000004110,22,Lunch-Peak Specialist,2020-02-15T13:11:44+08:00,2020-02-15T14:12:44+08:00,2020-02-15T13:37:47+08:00,True,6.0,1067.0,3444.0,116.329159,39.990946,116.324607,39.981976
profit_baseline,profit_baseline_w000427,6000000000000004138,22,Lunch-Peak Specialist,2020-02-15T13:34:48+08:00,2020-02-15T14:08:48+08:00,2020-02-15T14:16:00+08:00,False,6.0,2160.0,8004.0,116.308935,39.979748,116.321717,39.989856
profit_baseline,profit_baseline_w000427,6000000000000004304,22,Lunch-Peak Specialist,2020-02-15T13:40:14+08:00,2020-02-15T14:16:14+08:00,2020-02-15T14:16:00+08:00,True,6.0,2160.0,8004.0,116.329137,39.991266,116.328397,39.978806
profit_baseline,profit_baseline_w000477,6000000000000004956,22,Lunch-Peak Specialist,2020-02-15T14:03:07+08:00,2020-02-15T14:40:07+08:00,2020-02-15T14:51:56+08:00,False,6.0,1916.0,6983.0,116.324257,39.981,116.326347,39.991576
profit_baseline,profit_baseline_w000477,6000000000000005012,22,Lunch-Peak Specialist,2020-02-15T14:00:59+08:00,2020-02-15T14:45:59+08:00,2020-02-15T14:51:56+08:00,False,3.0,1916.0,6983.0,116.323589,39.974057,116.317307,39.974226
profit_baseline,profit_baseline_w000533,6000000000000005064,22,Lunch-Peak Specialist,2020-02-15T14:41:49+08:00,2020-02-15T15:19:49+08:00,2020-02-15T16:07:39+08:00,False,6.0,4059.0,15914.0,116.29582,39.97839,116.295007,39.963486
profit_baseline,profit_baseline_w000533,6000000000000004880,22,Lunch-Peak Specialist,2020-02-15T14:35:43+08:00,2020-02-15T15:26:43+08:00,2020-02-15T16:07:39+08:00,False,6.0,4059.0,15914.0,116.324722,39.967543,116.346877,39.975976
profit_baseline,profit_baseline_w000610,6000000000000006058,22,Lunch-Peak Specialist,2020-02-15T16:16:28+08:00,2020-02-15T16:46:28+08:00,2020-02-15T17:04:55+08:00,False,3.0,3295.0,12727.0,116.357116,39.965936,116.360907,39.969016
profit_baseline,profit_baseline_w000610,6000000000000006180,22,Lunch-Peak Specialist,2020-02-15T15:40:56+08:00,2020-02-15T18:40:56+08:00,2020-02-15T17:04:55+08:00,True,6.0,3295.0,12727.0,116.331891,39.965316,116.337747,39.973316
profit_baseline,profit_baseline_w000675,6000000000000005971,22,Lunch-Peak Specialist,2020-02-15T16:44:26+08:00,2020-02-15T17:19:26+08:00,2020-02-15T17:23:04+08:00,False,3.0,784.0,2769.0,116.33368,39.975839,116.325487,39.982156
profit_baseline,profit_baseline_w000706,6000000000000006358,22,Lunch-Peak Specialist,2020-02-15T17:07:19+08:00,2020-02-15T17:43:19+08:00,2020-02-15T18:13:12+08:00,False,6.0,2592.0,9801.0,116.324293,39.992498,116.330897,40.003656
profit_baseline,profit_baseline_w000706,6000000000000007069,22,Lunch-Peak Specialist,2020-02-15T17:17:21+08:00,2020-02-15T17:57:21+08:00,2020-02-15T18:13:12+08:00,False,6.0,2592.0,9801.0,116.342614,39.993567,116.347227,39.982796
profit_baseline,profit_baseline_w000764,6000000000000007927,22,Lunch-Peak Specialist,2020-02-15T18:23:23+08:00,2020-02-15T18:53:23+08:00,2020-02-15T18:45:58+08:00,True,3.0,1558.0,5492.0,116.35596,39.97676,116.356147,39.978526
profit_baseline,profit_baseline_w000764,6000000000000008068,22,Lunch-Peak Specialist,2020-02-15T18:16:44+08:00,2020-02-15T18:54:44+08:00,2020-02-15T18:45:58+08:00,True,6.0,1558.0,5492.0,116.345842,39.973738,116.355977,39.979156
profit_baseline,profit_baseline_w000795,6000000000000008032,22,Lunch-Peak Specialist,2020-02-15T18:30:41+08:00,2020-02-15T19:20:41+08:00,2020-02-15T19:19:50+08:00,True,6.0,1790.0,6459.0,116.34955,39.980442,116.342757,39.970616
profit_baseline,profit_baseline_w000795,6000000000000008272,22,Lunch-Peak Specialist,2020-02-15T18:31:59+08:00,2020-02-15T19:20:59+08:00,2020-02-15T19:19:50+08:00,True,6.0,1790.0,6459.0,116.34955,39.980442,116.338327,39.972616
profit_baseline,profit_baseline_w000832,6000000000000008113,22,Lunch-Peak Specialist,2020-02-15T19:02:14+08:00,2020-02-15T19:42:14+08:00,2020-02-15T19:58:48+08:00,False,6.0,2328.0,8699.0,116.349338,39.980475,116.365617,39.980176
profit_baseline,profit_baseline_w000832,6000000000000008483,22,Lunch-Peak Specialist,2020-02-15T19:16:00+08:00,2020-02-15T20:01:00+08:00,2020-02-15T19:58:48+08:00,True,6.0,2328.0,8699.0,116.349874,39.980474,116.328327,39.978766
profit_baseline,profit_baseline_w000881,6000000000000008870,22,Lunch-Peak Specialist,2020-02-15T19:33:03+08:00,2020-02-15T22:33:03+08:00,2020-02-15T20:22:51+08:00,True,6.0,1371.0,4712.0,116.306018,39.97894,116.32787700000002,39.980396
profit_baseline,profit_baseline_w000881,6000000000000008873,22,Lunch-Peak Specialist,2020-02-15T19:33:43+08:00,2020-02-15T22:33:43+08:00,2020-02-15T20:22:51+08:00,True,6.0,1371.0,4712.0,116.306018,39.97894,116.328837,39.978846
profit_baseline,profit_baseline_w000021,6000000000000000207,23,Lunch-Peak Specialist,2020-02-15T08:22:36+08:00,2020-02-15T09:15:00+08:00,2020-02-15T08:42:00+08:00,True,6.0,1320.0,5001.0,116.400042,39.991122,116.398627,40.006966
profit_baseline,profit_baseline_w000050,6000000000000000649,23,Lunch-Peak Specialist,2020-02-15T08:44:13+08:00,2020-02-15T11:45:00+08:00,2020-02-15T09:10:16+08:00,True,3.0,1216.0,4570.0,116.386252,39.99971,116.396037,39.998436
profit_baseline,profit_baseline_w000076,6000000000000000571,23,Lunch-Peak Specialist,2020-02-15T09:13:02+08:00,2020-02-15T09:55:03+08:00,2020-02-15T09:40:52+08:00,True,3.0,1252.0,4215.0,116.398901,39.996912,116.402897,40.001126
profit_baseline,profit_baseline_w000076,6000000000000000667,23,Lunch-Peak Specialist,2020-02-15T09:24:20+08:00,2020-02-15T10:40:20+08:00,2020-02-15T09:40:52+08:00,True,6.0,1252.0,4215.0,116.399862,39.997718,116.419137,40.001606
profit_baseline,profit_baseline_w000122,6000000000000000363,23,Lunch-Peak Specialist,2020-02-15T09:39:32+08:00,2020-02-15T10:35:32+08:00,2020-02-15T10:48:55+08:00,False,6.0,3535.0,13728.0,116.416174,39.995581,116.412647,39.978056
profit_baseline,profit_baseline_w000122,6000000000000000533,23,Lunch-Peak Specialist,2020-02-15T09:49:53+08:00,2020-02-15T11:11:53+08:00,2020-02-15T10:48:55+08:00,True,10.0,3535.0,13728.0,116.399862,39.997718,116.363827,39.999776
profit_baseline,profit_baseline_w000196,6000000000000001367,23,Lunch-Peak Specialist,2020-02-15T10:31:15+08:00,2020-02-15T11:01:16+08:00,2020-02-15T11:25:13+08:00,False,3.0,2113.0,7806.0,116.367397,39.997096,116.373667,40.000736
profit_baseline,profit_baseline_w000196,6000000000000001296,23,Lunch-Peak Specialist,2020-02-15T10:55:22+08:00,2020-02-15T11:36:22+08:00,2020-02-15T11:25:13+08:00,True,6.0,2113.0,7806.0,116.386098,39.999121,116.375287,39.994736
profit_baseline,profit_baseline_w000258,6000000000000001858,23,Lunch-Peak Specialist,2020-02-15T11:10:53+08:00,2020-02-15T11:40:54+08:00,2020-02-15T12:35:32+08:00,False,6.0,3932.0,15382.0,116.360017,39.990636,116.373317,39.989966
profit_baseline,profit_baseline_w000258,6000000000000002183,23,Lunch-Peak Specialist,2020-02-15T11:23:46+08:00,2020-02-15T12:05:46+08:00,2020-02-15T12:35:32+08:00,False,6.0,3932.0,15382.0,116.390928,40.003037,116.402347,40.006036
profit_baseline,profit_baseline_w000339,6000000000000002970,23,Lunch-Peak Specialist,2020-02-15T12:14:49+08:00,2020-02-15T12:51:49+08:00,2020-02-15T12:54:23+08:00,False,3.0,863.0,3096.0,116.397125,40.004202,116.405267,40.000656
profit_baseline,profit_baseline_w000372,6000000000000003552,23,Lunch-Peak Specialist,2020-02-15T12:33:21+08:00,2020-02-15T13:15:21+08:00,2020-02-15T13:42:04+08:00,False,6.0,2524.0,9516.0,116.408883,39.98502,116.423277,39.978236
profit_baseline,profit_baseline_w000372,6000000000000003062,23,Lunch-Peak Specialist,2020-02-15T12:35:26+08:00,2020-02-15T13:26:26+08:00,2020-02-15T13:42:04+08:00,False,6.0,2524.0,9516.0,116.406793,39.985754,116.413347,39.996906
profit_baseline,profit_baseline_w000434,6000000000000004145,23,Lunch-Peak Specialist,2020-02-15T13:37:08+08:00,2020-02-15T16:15:00+08:00,2020-02-15T14:09:16+08:00,True,3.0,1156.0,3821.0,116.416174,39.995581,116.422307,39.991556
profit_baseline,profit_baseline_w000434,6000000000000004441,23,Lunch-Peak Specialist,2020-02-15T13:40:08+08:00,2020-02-15T16:15:00+08:00,2020-02-15T14:09:16+08:00,True,3.0,1156.0,3821.0,116.416174,39.995581,116.421377,39.991866
profit_baseline,profit_baseline_w000465,6000000000000004918,23,Lunch-Peak Specialist,2020-02-15T14:19:04+08:00,2020-02-15T14:55:04+08:00,2020-02-15T14:41:13+08:00,True,6.0,1873.0,6801.0,116.412847,39.998046,116.421387,39.984266
profit_baseline,profit_baseline_w000465,6000000000000004606,23,Lunch-Peak Specialist,2020-02-15T13:48:22+08:00,2020-02-15T15:00:22+08:00,2020-02-15T14:41:13+08:00,True,3.0,1873.0,6801.0,116.41635,39.995907,116.416527,40.002896
profit_baseline,profit_baseline_w000514,6000000000000005035,23,Lunch-Peak Specialist,2020-02-15T14:21:49+08:00,2020-02-15T14:55:49+08:00,2020-02-15T15:04:57+08:00,False,6.0,897.0,3240.0,116.407697,40.003493,116.420797,39.997726
profit_baseline,profit_baseline_w000546,6000000000000005356,23,Lunch-Peak Specialist,2020-02-15T15:14:28+08:00,2020-02-15T16:06:28+08:00,2020-02-15T15:39:51+08:00,True,6.0,1791.0,6962.0,116.406793,39.985754,116.429277,39.973556
profit_baseline,profit_baseline_w000580,6000000000000005641,23,Lunch-Peak Specialist,2020-02-15T15:26:38+08:00,2020-02-15T16:10:38+08:00,2020-02-15T16:01:29+08:00,True,6.0,1289.0,4870.0,116.437162,39.959078,116.424307,39.965496
profit_baseline,profit_baseline_w000609,6000000000000006112,23,Lunch-Peak Specialist,2020-02-15T15:55:57+08:00,2020-02-15T16:25:57+08:00,2020-02-15T16:32:08+08:00,False,3.0,1328.0,4532.0,116.422485,39.956815,116.421087,39.954766
profit_baseline,profit_baseline_w000609,6000000000000005874,23,Lunch-Peak Specialist,2020-02-15T15:45:02+08:00,2020-02-15T16:30:04+08:00,2020-02-15T16:32:08+08:00,False,6.0,1328.0,4532.0,116.415017,39.954596,116.424137,39.962986
profit_baseline,profit_baseline_w000635,6000000000000005994,23,Lunch-Peak Specialist,2020-02-15T16:10:08+08:00,2020-02-15T16:51:08+08:00,2020-02-15T16:53:41+08:00,False,6.0,821.0,2921.0,116.428297,39.96149,116.440867,39.965256
profit_baseline,profit_baseline_w000664,6000000000000006628,23,Lunch-Peak Specialist,2020-02-15T16:54:38+08:00,2020-02-15T17:42:38+08:00,2020-02-15T17:53:46+08:00,False,6.0,3226.0,12444.0,116.444664,39.951461,116.458567,39.943666
profit_baseline,profit_baseline_w000664,6000000000000006512,23,Lunch-Peak Specialist,2020-02-15T17:08:01+08:00,2020-02-15T17:43:01+08:00,2020-02-15T17:53:46+08:00,False,3.0,3226.0,12444.0,116.430049,39.955605,116.428847,39.954926
profit_baseline,profit_baseline_w000737,6000000000000007413,23,Lunch-Peak Specialist,2020-02-15T17:42:29+08:00,2020-02-15T18:20:29+08:00,2020-02-15T18:26:37+08:00,False,3.0,1597.0,5656.0,116.435178,39.955209,116.440767,39.959196
profit_baseline,profit_baseline_w000737,6000000000000007633,23,Lunch-Peak Specialist,2020-02-15T17:41:37+08:00,2020-02-15T18:24:37+08:00,2020-02-15T18:26:37+08:00,False,3.0,1597.0,5656.0,116.430185,39.960486,116.426487,39.959636
profit_baseline,profit_baseline_w000773,6000000000000007703,23,Lunch-Peak Specialist,2020-02-15T18:13:25+08:00,2020-02-15T18:47:25+08:00,2020-02-15T19:07:54+08:00,False,3.0,2274.0,8478.0,116.435178,39.955209,116.434667,39.955716
profit_baseline,profit_baseline_w000773,6000000000000007454,23,Lunch-Peak Specialist,2020-02-15T18:01:50+08:00,2020-02-15T18:50:50+08:00,2020-02-15T19:07:54+08:00,False,6.0,2274.0,8478.0,116.428297,39.96149,116.425777,39.977916
profit_baseline,profit_baseline_w000824,6000000000000008516,23,Lunch-Peak Specialist,2020-02-15T18:56:19+08:00,2020-02-15T19:36:19+08:00,2020-02-15T19:46:55+08:00,False,3.0,2215.0,8231.0,116.415235,39.969673,116.415247,39.969886
profit_baseline,profit_baseline_w000824,6000000000000007877,23,Lunch-Peak Specialist,2020-02-15T18:45:29+08:00,2020-02-15T19:39:29+08:00,2020-02-15T19:46:55+08:00,False,6.0,2215.0,8231.0,116.414234,39.980478,116.402377,39.963216
profit_baseline,profit_baseline_w000862,6000000000000008980,23,Lunch-Peak Specialist,2020-02-15T19:42:14+08:00,2020-02-15T20:14:14+08:00,2020-02-15T20:09:38+08:00,True,3.0,1178.0,3910.0,116.40052,39.966067,116.405317,39.972726
profit_baseline,profit_baseline_w000862,6000000000000008596,23,Lunch-Peak Specialist,2020-02-15T19:42:50+08:00,2020-02-15T20:22:50+08:00,2020-02-15T20:09:38+08:00,True,6.0,1178.0,3910.0,116.40052,39.966067,116.411537,39.981906
profit_baseline,profit_baseline_w000040,6000000000000000572,24,Lunch-Peak Specialist,2020-02-15T08:44:23+08:00,2020-02-15T13:45:00+08:00,2020-02-15T09:00:39+08:00,True,6.0,1239.0,4661.0,116.306018,39.97894,116.313437,39.967206
profit_baseline,profit_baseline_w000071,6000000000000000326,24,Lunch-Peak Specialist,2020-02-15T09:00:34+08:00,2020-02-15T12:00:34+08:00,2020-02-15T09:38:51+08:00,True,6.0,1731.0,6214.0,116.331891,39.965316,116.316117,39.963906
profit_baseline,profit_baseline_w000071,6000000000000000641,24,Lunch-Peak Specialist,2020-02-15T09:13:47+08:00,2020-02-15T12:13:47+08:00,2020-02-15T09:38:51+08:00,True,6.0,1731.0,6214.0,116.331891,39.965316,116.321197,39.972706
profit_baseline,profit_baseline_w000104,6000000000000000356,24,Lunch-Peak Specialist,2020-02-15T09:24:58+08:00,2020-02-15T10:08:58+08:00,2020-02-15T09:54:21+08:00,True,3.0,861.0,2584.0,116.323589,39.974057,116.317307,39.974236
profit_baseline,profit_baseline_w000104,6000000000000000527,24,Lunch-Peak Specialist,2020-02-15T09:10:43+08:00,2020-02-15T12:10:43+08:00,2020-02-15T09:54:21+08:00,True,3.0,861.0,2584.0,116.323448,39.971733,116.315357,39.974366
profit_baseline,profit_baseline_w000131,6000000000000000740,24,Lunch-Peak Specialist,2020-02-15T09:53:10+08:00,2020-02-15T10:41:10+08:00,2020-02-15T10:58:35+08:00,False,6.0,3515.0,13647.0,116.308492,39.971103,116.290687,39.962386
profit_baseline,profit_baseline_w000131,6000000000000000677,24,Lunch-Peak Specialist,2020-02-15T09:52:28+08:00,2020-02-15T11:00:00+08:00,2020-02-15T10:58:35+08:00,True,6.0,3515.0,13647.0,116.304095,39.977996,116.324997,39.991326
profit_baseline,profit_baseline_w000202,6000000000000001166,24,Lunch-Peak Specialist,2020-02-15T10:57:07+08:00,2020-02-15T11:29:07+08:00,2020-02-15T11:22:21+08:00,True,3.0,1341.0,4587.0,116.324049,39.991577,116.326207,39.988516
profit_baseline,profit_baseline_w000202,6000000000000001460,24,Lunch-Peak Specialist,2020-02-15T11:05:29+08:00,2020-02-15T11:35:30+08:00,2020-02-15T11:22:21+08:00,True,3.0,1341.0,4587.0,116.329393,39.990968,116.329497,39.993576
profit_baseline,profit_baseline_w000249,6000000000000001842,24,Lunch-Peak Specialist,2020-02-15T11:04:32+08:00,2020-02-15T11:47:32+08:00,2020-02-15T12:21:42+08:00,False,6.0,3102.0,11924.0,116.329423,39.991171,116.339397,40.012686
profit_baseline,profit_baseline_w000249,6000000000000002347,24,Lunch-Peak Specialist,2020-02-15T11:26:19+08:00,2020-02-15T11:56:19+08:00,2020-02-15T12:21:42+08:00,False,3.0,3102.0,11924.0,116.324293,39.992498,116.321277,39.992416
profit_baseline,profit_baseline_w000323,6000000000000003692,24,Lunch-Peak Specialist,2020-02-15T12:26:05+08:00,2020-02-15T13:16:05+08:00,2020-02-15T13:07:16+08:00,True,6.0,2236.0,8319.0,116.324759,39.995433,116.335297,39.999716
profit_baseline,profit_baseline_w000323,6000000000000003139,24,Lunch-Peak Specialist,2020-02-15T12:22:57+08:00,2020-02-15T13:16:57+08:00,2020-02-15T13:07:16+08:00,True,6.0,2236.0,8319.0,116.324293,39.992498,116.324377,39.980356
profit_baseline,profit_baseline_w000383,6000000000000003920,24,Lunch-Peak Specialist,2020-02-15T12:50:05+08:00,2020-02-15T13:27:05+08:00,2020-02-15T13:43:29+08:00,False,3.0,2009.0,7370.0,116.324257,39.981,116.325007,39.987686
profit_baseline,profit_baseline_w000383,6000000000000003781,24,Lunch-Peak Specialist,2020-02-15T12:50:48+08:00,2020-02-15T13:41:53+08:00,2020-02-15T13:43:29+08:00,False,6.0,2009.0,7370.0,116.304887,39.978226,116.311697,39.986776
profit_baseline,profit_baseline_w000442,6000000000000004513,24,Lunch-Peak Specialist,2020-02-15T13:34:18+08:00,2020-02-15T14:19:18+08:00,2020-02-15T14:51:20+08:00,False,6.0,3680.0,14332.0,116.304095,39.977996,116.291077,39.983266
profit_baseline,profit_baseline_w000442,6000000000000004596,24,Lunch-Peak Specialist,2020-02-15T13:42:00+08:00,2020-02-15T14:24:00+08:00,2020-02-15T14:51:20+08:00,False,6.0,3680.0,14332.0,116.329165,39.99118,116.328397,39.978806
profit_baseline,profit_baseline_w000534,6000000000000004868,24,Lunch-Peak Specialist,2020-02-15T14:33:29+08:00,2020-02-15T15:11:29+08:00,2020-02-15T15:21:06+08:00,False,6.0,1266.0,4773.0,116.313321,39.991365,116.332377,39.995706
profit_baseline,profit_baseline_w000564,6000000000000005421,24,Lunch-Peak Specialist,2020-02-15T15:12:14+08:00,2020-02-15T15:49:14+08:00,2020-02-15T16:21:09+08:00,False,6.0,3069.0,11787.0,116.342057,40.000316,116.341747,40.010386
profit_baseline,profit_baseline_w000564,6000000000000005802,24,Lunch-Peak Specialist,2020-02-15T15:34:45+08:00,2020-02-15T16:11:45+08:00,2020-02-15T16:21:09+08:00,False,6.0,3069.0,11787.0,116.345236,39.98082,116.351177,39.994536
profit_baseline,profit_baseline_w000628,6000000000000005991,24,Lunch-Peak Specialist,2020-02-15T16:08:51+08:00,2020-02-15T16:38:51+08:00,2020-02-15T17:20:04+08:00,False,3.0,3004.0,11520.0,116.364137,40.001036,116.367297,40.000416
profit_baseline,profit_baseline_w000628,6000000000000005883,24,Lunch-Peak Specialist,2020-02-15T16:06:42+08:00,2020-02-15T16:58:42+08:00,2020-02-15T17:20:04+08:00,False,3.0,3004.0,11520.0,116.349388,39.988446,116.357347,39.987126
profit_baseline,profit_baseline_w000718,6000000000000007475,24,Lunch-Peak Specialist,2020-02-15T17:36:05+08:00,2020-02-15T18:21:05+08:00,2020-02-15T19:00:39+08:00,False,6.0,4839.0,19162.0,116.360244,39.976449,116.367727,39.965856
profit_baseline,profit_baseline_w000718,6000000000000006465,24,Lunch-Peak Specialist,2020-02-15T17:15:28+08:00,2020-02-15T19:45:28+08:00,2020-02-15T19:00:39+08:00,True,3.0,4839.0,19162.0,116.34586600000002,39.992699,116.344107,39.998016
profit_baseline,profit_baseline_w000827,6000000000000008350,24,Lunch-Peak Specialist,2020-02-15T18:41:35+08:00,2020-02-15T19:28:35+08:00,2020-02-15T19:50:09+08:00,False,6.0,2409.0,9040.0,116.32914,39.991074,116.340257,40.004336
profit_baseline,profit_baseline_w000827,6000000000000007952,24,Lunch-Peak Specialist,2020-02-15T19:03:47+08:00,2020-02-15T19:47:47+08:00,2020-02-15T19:50:09+08:00,False,6.0,2409.0,9040.0,116.342767,40.013869,116.351727,40.000836
profit_baseline,profit_baseline_w000044,6000000000000000224,25,Lunch-Peak Specialist,2020-02-15T08:44:34+08:00,2020-02-15T11:44:34+08:00,2020-02-15T08:59:31+08:00,True,6.0,1171.0,4377.0,116.452478,39.884308,116.452617,39.874746
profit_baseline,profit_baseline_w000058,6000000000000000673,25,Lunch-Peak Specialist,2020-02-15T09:06:40+08:00,2020-02-15T12:06:40+08:00,2020-02-15T09:11:42+08:00,True,3.0,702.0,2425.0,116.452478,39.884308,116.453977,39.889216
profit_baseline,profit_baseline_w000092,6000000000000000592,25,Lunch-Peak Specialist,2020-02-15T09:35:48+08:00,2020-02-15T10:10:48+08:00,2020-02-15T09:53:55+08:00,True,6.0,1435.0,4985.0,116.455452,39.889015,116.461137,39.880036
profit_baseline,profit_baseline_w000092,6000000000000001090,25,Lunch-Peak Specialist,2020-02-15T09:33:12+08:00,2020-02-15T12:33:12+08:00,2020-02-15T09:53:55+08:00,True,3.0,1435.0,4985.0,116.452478,39.884308,116.455247,39.886366
profit_baseline,profit_baseline_w000129,6000000000000000538,25,Lunch-Peak Specialist,2020-02-15T09:55:33+08:00,2020-02-15T10:25:33+08:00,2020-02-15T10:32:08+08:00,False,6.0,1928.0,7030.0,116.452933,39.893163,116.466657,39.888636
profit_baseline,profit_baseline_w000129,6000000000000001098,25,Lunch-Peak Specialist,2020-02-15T10:09:32+08:00,2020-02-15T10:39:32+08:00,2020-02-15T10:32:08+08:00,True,6.0,1928.0,7030.0,116.452933,39.893163,116.437307,39.898866
profit_baseline,profit_baseline_w000188,6000000000000001185,25,Lunch-Peak Specialist,2020-02-15T10:18:03+08:00,2020-02-15T10:48:04+08:00,2020-02-15T11:23:40+08:00,False,3.0,2620.0,9916.0,116.45064800000002,39.896061,116.448577,39.896936
profit_baseline,profit_baseline_w000188,6000000000000001193,25,Lunch-Peak Specialist,2020-02-15T10:26:55+08:00,2020-02-15T10:56:56+08:00,2020-02-15T11:23:40+08:00,False,6.0,2620.0,9916.0,116.43832700000002,39.884056,116.457027,39.886176
profit_baseline,profit_baseline_w000251,6000000000000001923,25,Lunch-Peak Specialist,2020-02-15T11:01:23+08:00,2020-02-15T11:37:23+08:00,2020-02-15T12:04:40+08:00,False,3.0,2080.0,7665.0,116.459747,39.890366,116.462327,39.897746
profit_baseline,profit_baseline_w000251,6000000000000001626,25,Lunch-Peak Specialist,2020-02-15T11:00:49+08:00,2020-02-15T11:46:49+08:00,2020-02-15T12:04:40+08:00,False,3.0,2080.0,7665.0,116.452138,39.888071,116.447297,39.882446
profit_baseline,profit_baseline_w000296,6000000000000002627,25,Lunch-Peak Specialist,2020-02-15T11:42:41+08:00,2020-02-15T12:24:41+08:00,2020-02-15T12:38:29+08:00,False,3.0,1709.0,6123.0,116.451949,39.883999,116.454697,39.885646
profit_baseline,profit_baseline_w000296,6000000000000002716,25,Lunch-Peak Specialist,2020-02-15T11:46:20+08:00,2020-02-15T12:25:20+08:00,2020-02-15T12:38:29+08:00,False,3.0,1709.0,6123.0,116.446276,39.879354,116.441297,39.871506
profit_baseline,profit_baseline_w000338,6000000000000003463,25,Lunch-Peak Specialist,2020-02-15T12:31:35+08:00,2020-02-15T13:02:35+08:00,2020-02-15T13:13:53+08:00,False,3.0,2033.0,7472.0,116.440076,39.875063,116.440507,39.868896
profit_baseline,profit_baseline_w000338,6000000000000003854,25,Lunch-Peak Specialist,2020-02-15T12:39:15+08:00,2020-02-15T13:11:15+08:00,2020-02-15T13:13:53+08:00,False,3.0,2033.0,7472.0,116.449858,39.864975,116.454457,39.864576
profit_baseline,profit_baseline_w000402,6000000000000004010,25,Lunch-Peak Specialist,2020-02-15T13:10:09+08:00,2020-02-15T13:56:09+08:00,2020-02-15T13:39:25+08:00,True,6.0,1165.0,4355.0,116.457597,39.879304,116.445047,39.877826
profit_baseline,profit_baseline_w000426,6000000000000004352,25,Lunch-Peak Specialist,2020-02-15T13:24:31+08:00,2020-02-15T13:54:31+08:00,2020-02-15T14:10:20+08:00,False,6.0,1820.0,6584.0,116.45099,39.894333,116.454417,39.885386
profit_baseline,profit_baseline_w000426,6000000000000004495,25,Lunch-Peak Specialist,2020-02-15T13:19:03+08:00,2020-02-15T14:05:03+08:00,2020-02-15T14:10:20+08:00,False,3.0,1820.0,6584.0,116.45011,39.880896,116.454077,39.885446
profit_baseline,profit_baseline_w000496,6000000000000004897,25,Lunch-Peak Specialist,2020-02-15T14:00:44+08:00,2020-02-15T14:48:44+08:00,2020-02-15T15:17:21+08:00,False,6.0,2841.0,10838.0,116.459457,39.883096,116.483907,39.875516
profit_baseline,profit_baseline_w000496,6000000000000004692,25,Lunch-Peak Specialist,2020-02-15T14:11:58+08:00,2020-02-15T14:49:58+08:00,2020-02-15T15:17:21+08:00,False,6.0,2841.0,10838.0,116.462053,39.892023,116.471717,39.898806
profit_baseline,profit_baseline_w000551,6000000000000004766,25,Lunch-Peak Specialist,2020-02-15T14:53:16+08:00,2020-02-15T15:53:16+08:00,2020-02-15T15:45:51+08:00,True,3.0,1551.0,5464.0,116.482366,39.899495,116.482877,39.892696
profit_baseline,profit_baseline_w000551,6000000000000004767,25,Lunch-Peak Specialist,2020-02-15T14:53:17+08:00,2020-02-15T15:53:18+08:00,2020-02-15T15:45:51+08:00,True,6.0,1551.0,5464.0,116.482366,39.899495,116.471897,39.886936
profit_baseline,profit_baseline_w000589,6000000000000005859,25,Lunch-Peak Specialist,2020-02-15T15:37:19+08:00,2020-02-15T16:30:19+08:00,2020-02-15T16:39:56+08:00,False,6.0,2996.0,11479.0,116.463862,39.893022,116.455157,39.905736
profit_baseline,profit_baseline_w000589,6000000000000006038,25,Lunch-Peak Specialist,2020-02-15T15:58:56+08:00,2020-02-15T16:40:56+08:00,2020-02-15T16:39:56+08:00,True,10.0,2996.0,11479.0,116.45922600000002,39.890149,116.494517,39.897796
profit_baseline,profit_baseline_w000643,6000000000000006490,25,Lunch-Peak Specialist,2020-02-15T16:49:38+08:00,2020-02-15T17:28:38+08:00,2020-02-15T16:59:19+08:00,True,6.0,1159.0,4326.0,116.477875,39.892471,116.494537,39.897326
profit_baseline,profit_baseline_w000667,6000000000000006826,25,Lunch-Peak Specialist,2020-02-15T16:50:31+08:00,2020-02-15T17:28:31+08:00,2020-02-15T17:56:20+08:00,False,6.0,3380.0,13082.0,116.477875,39.892471,116.494327,39.893066
profit_baseline,profit_baseline_w000667,6000000000000006438,25,Lunch-Peak Specialist,2020-02-15T17:03:58+08:00,2020-02-15T18:17:58+08:00,2020-02-15T17:56:20+08:00,True,6.0,3380.0,13082.0,116.486376,39.914054,116.492227,39.921856
profit_baseline,profit_baseline_w000740,6000000000000007335,25,Lunch-Peak Specialist,2020-02-15T17:52:39+08:00,2020-02-15T18:23:39+08:00,2020-02-15T18:43:48+08:00,False,3.0,2628.0,9956.0,116.486282,39.929118,116.487627,39.930126
profit_baseline,profit_baseline_w000740,6000000000000007665,25,Lunch-Peak Specialist,2020-02-15T17:44:23+08:00,2020-02-15T18:28:23+08:00,2020-02-15T18:43:48+08:00,False,3.0,2628.0,9956.0,116.494967,39.915156,116.496437,39.915556
profit_baseline,profit_baseline_w000793,6000000000000008400,25,Lunch-Peak Specialist,2020-02-15T18:28:20+08:00,2020-02-15T19:20:20+08:00,2020-02-15T19:29:59+08:00,False,6.0,2399.0,8993.0,116.507559,39.915985,116.506177,39.925876
profit_baseline,profit_baseline_w000793,6000000000000008217,25,Lunch-Peak Specialist,2020-02-15T18:49:53+08:00,2020-02-15T19:42:53+08:00,2020-02-15T19:29:59+08:00,True,3.0,2399.0,8993.0,116.494967,39.915156,116.487667,39.910666
profit_baseline,profit_baseline_w000838,6000000000000007896,25,Lunch-Peak Specialist,2020-02-15T19:00:53+08:00,2020-02-15T19:51:53+08:00,2020-02-15T20:14:15+08:00,False,3.0,2655.0,10062.0,116.493178,39.915431,116.499417,39.912186
profit_baseline,profit_baseline_w000838,6000000000000008141,25,Lunch-Peak Specialist,2020-02-15T19:17:55+08:00,2020-02-15T19:57:55+08:00,2020-02-15T20:14:15+08:00,False,6.0,2655.0,10062.0,116.486367,39.906436,116.494707,39.893316
profit_baseline,profit_baseline_w000024,6000000000000000290,26,Lunch-Peak Specialist,2020-02-15T08:34:29+08:00,2020-02-15T09:04:30+08:00,2020-02-15T08:54:13+08:00,True,3.0,1453.0,5057.0,116.493135,39.914461,116.492017,39.909496
profit_baseline,profit_baseline_w000024,6000000000000000558,26,Lunch-Peak Specialist,2020-02-15T08:35:45+08:00,2020-02-15T09:08:46+08:00,2020-02-15T08:54:13+08:00,True,6.0,1453.0,5057.0,116.493135,39.914461,116.496707,39.923686
profit_baseline,profit_baseline_w000057,6000000000000000619,26,Lunch-Peak Specialist,2020-02-15T09:07:19+08:00,2020-02-15T09:56:19+08:00,2020-02-15T09:11:18+08:00,True,3.0,678.0,2328.0,116.489247,39.9225,116.489767,39.930146
profit_baseline,profit_baseline_w000079,6000000000000000405,26,Lunch-Peak Specialist,2020-02-15T09:27:30+08:00,2020-02-15T10:19:30+08:00,2020-02-15T10:22:44+08:00,False,6.0,3764.0,14686.0,116.489247,39.9225,116.478327,39.911236
profit_baseline,profit_baseline_w000079,6000000000000000869,26,Lunch-Peak Specialist,2020-02-15T09:22:38+08:00,2020-02-15T12:22:38+08:00,2020-02-15T10:22:44+08:00,True,3.0,3764.0,14686.0,116.501921,39.939329,116.504047,39.943636
profit_baseline,profit_baseline_w000178,6000000000000001861,26,Lunch-Peak Specialist,2020-02-15T10:42:04+08:00,2020-02-15T13:42:04+08:00,2020-02-15T10:54:00+08:00,True,3.0,840.0,3000.0,116.501921,39.939329,116.506247,39.946896
profit_baseline,profit_baseline_w000213,6000000000000001501,26,Lunch-Peak Specialist,2020-02-15T10:54:47+08:00,2020-02-15T13:54:47+08:00,2020-02-15T11:32:17+08:00,True,6.0,1937.0,7070.0,116.512228,39.939599,116.490047,39.937996
profit_baseline,profit_baseline_w000213,6000000000000001511,26,Lunch-Peak Specialist,2020-02-15T10:59:26+08:00,2020-02-15T13:59:26+08:00,2020-02-15T11:32:17+08:00,True,6.0,1937.0,7070.0,116.512228,39.939599,116.498447,39.928816
profit_baseline,profit_baseline_w000266,6000000000000001865,26,Lunch-Peak Specialist,2020-02-15T11:12:28+08:00,2020-02-15T11:49:28+08:00,2020-02-15T12:24:42+08:00,False,3.0,2682.0,10178.0,116.507643,39.925021,116.510797,39.921876
profit_baseline,profit_baseline_w000266,6000000000000002166,26,Lunch-Peak Specialist,2020-02-15T11:21:17+08:00,2020-02-15T11:56:17+08:00,2020-02-15T12:24:42+08:00,False,3.0,2682.0,10178.0,116.491684,39.923499,116.497847,39.921776
profit_baseline,profit_baseline_w000327,6000000000000003340,26,Lunch-Peak Specialist,2020-02-15T12:16:28+08:00,2020-02-15T13:01:28+08:00,2020-02-15T13:09:03+08:00,False,6.0,2343.0,8762.0,116.506634,39.920577,116.527997,39.918206
profit_baseline,profit_baseline_w000327,6000000000000003543,26,Lunch-Peak Specialist,2020-02-15T12:28:34+08:00,2020-02-15T13:09:34+08:00,2020-02-15T13:09:03+08:00,True,3.0,2343.0,8762.0,116.507557,39.915986,116.505967,39.918296
profit_baseline,profit_baseline_w000377,6000000000000003488,26,Lunch-Peak Specialist,2020-02-15T12:46:11+08:00,2020-02-15T13:38:11+08:00,2020-02-15T13:46:57+08:00,False,6.0,2217.0,8238.0,116.50852700000002,39.923456,116.502627,39.915446
profit_baseline,profit_baseline_w000377,6000000000000003669,26,Lunch-Peak Specialist,2020-02-15T13:04:46+08:00,2020-02-15T13:47:46+08:00,2020-02-15T13:46:57+08:00,True,6.0,2217.0,8238.0,116.508123,39.923236,116.504207,39.908996
profit_baseline,profit_baseline_w000446,6000000000000004055,26,Lunch-Peak Specialist,2020-02-15T13:28:28+08:00,2020-02-15T14:08:28+08:00,2020-02-15T15:12:12+08:00,False,6.0,4932.0,19548.0,116.521328,39.916693,116.516817,39.904326
profit_baseline,profit_baseline_w000446,6000000000000004634,26,Lunch-Peak Specialist,2020-02-15T13:21:17+08:00,2020-02-15T14:16:17+08:00,2020-02-15T15:12:12+08:00,False,6.0,4932.0,19548.0,116.508448,39.922957,116.493147,39.937946
profit_baseline,profit_baseline_w000548,6000000000000005430,26,Lunch-Peak Specialist,2020-02-15T15:19:21+08:00,2020-02-15T15:59:21+08:00,2020-02-15T15:40:38+08:00,True,3.0,1238.0,4161.0,116.491114,39.938756,116.496857,39.933466
profit_baseline,profit_baseline_w000548,6000000000000005699,26,Lunch-Peak Specialist,2020-02-15T15:04:55+08:00,2020-02-15T18:04:55+08:00,2020-02-15T15:40:38+08:00,True,3.0,1238.0,4161.0,116.491263,39.938614,116.502867,39.938996
profit_baseline,profit_baseline_w000588,6000000000000005582,26,Lunch-Peak Specialist,2020-02-15T15:32:03+08:00,2020-02-15T17:30:00+08:00,2020-02-15T16:11:50+08:00,True,6.0,1310.0,4458.0,116.49112,39.937725,116.496197,39.928156
profit_baseline,profit_baseline_w000588,6000000000000005759,26,Lunch-Peak Specialist,2020-02-15T15:38:55+08:00,2020-02-15T18:38:55+08:00,2020-02-15T16:11:50+08:00,True,3.0,1310.0,4458.0,116.491263,39.938614,116.494567,39.939136
profit_baseline,profit_baseline_w000625,6000000000000005937,26,Lunch-Peak Specialist,2020-02-15T16:25:10+08:00,2020-02-15T18:55:10+08:00,2020-02-15T16:38:54+08:00,True,6.0,1134.0,4226.0,116.495068,39.92706,116.476707,39.916496
profit_baseline,profit_baseline_w000637,6000000000000006280,26,Lunch-Peak Specialist,2020-02-15T16:40:04+08:00,2020-02-15T17:29:04+08:00,2020-02-15T17:11:07+08:00,True,3.0,1867.0,6781.0,116.482174,39.915143,116.472657,39.915856
profit_baseline,profit_baseline_w000637,6000000000000006407,26,Lunch-Peak Specialist,2020-02-15T16:44:49+08:00,2020-02-15T17:41:49+08:00,2020-02-15T17:11:07+08:00,True,6.0,1867.0,6781.0,116.486896,39.927424,116.470887,39.926386
profit_baseline,profit_baseline_w000696,6000000000000006671,26,Lunch-Peak Specialist,2020-02-15T17:26:41+08:00,2020-02-15T19:45:00+08:00,2020-02-15T17:46:40+08:00,True,6.0,1600.0,6166.0,116.462022,39.911659,116.471347,39.929376
profit_baseline,profit_baseline_w000742,6000000000000007249,26,Lunch-Peak Specialist,2020-02-15T17:48:12+08:00,2020-02-15T18:32:12+08:00,2020-02-15T18:12:26+08:00,True,3.0,746.0,2606.0,116.466927,39.921126,116.471797,39.926636
profit_baseline,profit_baseline_w000768,6000000000000007604,26,Lunch-Peak Specialist,2020-02-15T18:02:19+08:00,2020-02-15T18:43:19+08:00,2020-02-15T18:51:57+08:00,False,3.0,1917.0,6992.0,116.469329,39.914318,116.467267,39.915706
profit_baseline,profit_baseline_w000768,6000000000000007355,26,Lunch-Peak Specialist,2020-02-15T18:00:36+08:00,2020-02-15T18:53:36+08:00,2020-02-15T18:51:57+08:00,True,6.0,1917.0,6992.0,116.46701600000002,39.911586,116.482697,39.917456
profit_baseline,profit_baseline_w000811,6000000000000008026,26,Lunch-Peak Specialist,2020-02-15T18:36:33+08:00,2020-02-15T19:34:33+08:00,2020-02-15T19:51:54+08:00,False,6.0,3114.0,11974.0,116.46701600000002,39.911586,116.467437,39.923326
profit_baseline,profit_baseline_w000811,6000000000000008221,26,Lunch-Peak Specialist,2020-02-15T19:07:21+08:00,2020-02-15T19:53:21+08:00,2020-02-15T19:51:54+08:00,True,3.0,3114.0,11974.0,116.489807,39.915506,116.484867,39.911756
profit_baseline,profit_baseline_w000879,6000000000000008713,26,Lunch-Peak Specialist,2020-02-15T19:31:47+08:00,2020-02-15T20:20:47+08:00,2020-02-15T21:13:13+08:00,False,6.0,4393.0,17299.0,116.507557,39.915986,116.526307,39.919206
profit_baseline,profit_baseline_w000879,6000000000000008777,26,Lunch-Peak Specialist,2020-02-15T19:34:56+08:00,2020-02-15T20:21:56+08:00,2020-02-15T21:13:13+08:00,False,6.0,4393.0,17299.0,116.489247,39.9225,116.47248700000002,39.913706
profit_baseline,profit_baseline_w000029,6000000000000000157,27,Lunch-Peak Specialist,2020-02-15T08:33:01+08:00,2020-02-15T11:15:00+08:00,2020-02-15T08:50:33+08:00,True,6.0,1233.0,4636.0,116.392795,39.944068,116.406917,39.935816
profit_baseline,profit_baseline_w000081,6000000000000000724,27,Lunch-Peak Specialist,2020-02-15T09:25:37+08:00,2020-02-15T10:30:00+08:00,2020-02-15T09:41:07+08:00,True,3.0,1267.0,4279.0,116.398151,39.945018,116.396887,39.944196
profit_baseline,profit_baseline_w000081,6000000000000000627,27,Lunch-Peak Specialist,2020-02-15T09:26:24+08:00,2020-02-15T11:15:00+08:00,2020-02-15T09:41:07+08:00,True,6.0,1267.0,4279.0,116.398151,39.945018,116.384687,39.948036
profit_baseline,profit_baseline_w000123,6000000000000000637,27,Lunch-Peak Specialist,2020-02-15T09:35:41+08:00,2020-02-15T10:15:41+08:00,2020-02-15T10:52:28+08:00,False,6.0,3748.0,14615.0,116.385457,39.937566,116.373447,39.945386
profit_baseline,profit_baseline_w000123,6000000000000000373,27,Lunch-Peak Specialist,2020-02-15T09:53:12+08:00,2020-02-15T10:34:12+08:00,2020-02-15T10:52:28+08:00,False,6.0,3748.0,14615.0,116.404707,39.939625,116.412717,39.949626
profit_baseline,profit_baseline_w000207,6000000000000000720,27,Lunch-Peak Specialist,2020-02-15T10:38:56+08:00,2020-02-15T11:20:56+08:00,2020-02-15T11:51:06+08:00,False,6.0,3066.0,11778.0,116.419143,39.940516,116.399207,39.937556
profit_baseline,profit_baseline_w000207,6000000000000001282,27,Lunch-Peak Specialist,2020-02-15T10:41:43+08:00,2020-02-15T11:24:43+08:00,2020-02-15T11:51:06+08:00,False,6.0,3066.0,11778.0,116.41133,39.947487,116.422797,39.963726
profit_baseline,profit_baseline_w000291,6000000000000002455,27,Lunch-Peak Specialist,2020-02-15T11:39:43+08:00,2020-02-15T12:20:43+08:00,2020-02-15T13:01:56+08:00,False,6.0,3716.0,14481.0,116.407537,39.960876,116.406017,39.949966
profit_baseline,profit_baseline_w000291,6000000000000002002,27,Lunch-Peak Specialist,2020-02-15T11:37:48+08:00,2020-02-15T12:30:48+08:00,2020-02-15T13:01:56+08:00,False,6.0,3716.0,14481.0,116.435299,39.954888,116.445347,39.967616
profit_baseline,profit_baseline_w000376,6000000000000003717,27,Lunch-Peak Specialist,2020-02-15T12:56:17+08:00,2020-02-15T13:30:17+08:00,2020-02-15T13:24:32+08:00,True,3.0,872.0,2633.0,116.451825,39.966849,116.452867,39.967946
profit_baseline,profit_baseline_w000376,6000000000000003582,27,Lunch-Peak Specialist,2020-02-15T12:56:03+08:00,2020-02-15T13:34:03+08:00,2020-02-15T13:24:32+08:00,True,6.0,872.0,2633.0,116.451825,39.966849,116.441287,39.961506
profit_baseline,profit_baseline_w000419,6000000000000004044,27,Lunch-Peak Specialist,2020-02-15T13:24:00+08:00,2020-02-15T13:59:00+08:00,2020-02-15T14:17:13+08:00,False,6.0,2233.0,8308.0,116.439968,39.965399,116.453067,39.957246
profit_baseline,profit_baseline_w000419,6000000000000004652,27,Lunch-Peak Specialist,2020-02-15T13:26:32+08:00,2020-02-15T14:03:32+08:00,2020-02-15T14:17:13+08:00,False,6.0,2233.0,8308.0,116.443406,39.961073,116.431467,39.967786
profit_baseline,profit_baseline_w000480,6000000000000004706,27,Lunch-Peak Specialist,2020-02-15T14:23:44+08:00,2020-02-15T14:55:44+08:00,2020-02-15T14:51:30+08:00,True,6.0,1890.0,6874.0,116.44161,39.961696,116.438977,39.971506
profit_baseline,profit_baseline_w000480,6000000000000004689,27,Lunch-Peak Specialist,2020-02-15T14:11:37+08:00,2020-02-15T14:57:37+08:00,2020-02-15T14:51:30+08:00,True,6.0,1890.0,6874.0,116.437347,39.970847,116.421157,39.977466
profit_baseline,profit_baseline_w000536,6000000000000005141,27,Lunch-Peak Specialist,2020-02-15T14:32:04+08:00,2020-02-15T17:31:04+08:00,2020-02-15T15:33:33+08:00,True,6.0,2013.0,7387.0,116.435008,39.965337,116.433007,39.950426
profit_baseline,profit_baseline_w000536,6000000000000005188,27,Lunch-Peak Specialist,2020-02-15T14:36:26+08:00,2020-02-15T17:36:26+08:00,2020-02-15T15:33:33+08:00,True,6.0,2013.0,7387.0,116.435008,39.965337,116.416817,39.962186
profit_baseline,profit_baseline_w000579,6000000000000005369,27,Lunch-Peak Specialist,2020-02-15T15:26:51+08:00,2020-02-15T16:09:51+08:00,2020-02-15T16:28:20+08:00,False,3.0,2900.0,11081.0,116.428297,39.96149,116.434107,39.969246
profit_baseline,profit_baseline_w000579,6000000000000005474,27,Lunch-Peak Specialist,2020-02-15T15:21:13+08:00,2020-02-15T16:10:13+08:00,2020-02-15T16:28:20+08:00,False,6.0,2900.0,11081.0,116.400957,39.965566,116.402067,39.978906
profit_baseline,profit_baseline_w000632,6000000000000006194,27,Lunch-Peak Specialist,2020-02-15T16:24:37+08:00,2020-02-15T17:17:37+08:00,2020-02-15T17:04:23+08:00,True,6.0,2063.0,7596.0,116.424243,39.982749,116.409477,39.991266
profit_baseline,profit_baseline_w000632,6000000000000006148,27,Lunch-Peak Specialist,2020-02-15T16:36:49+08:00,2020-02-15T17:24:49+08:00,2020-02-15T17:04:23+08:00,True,6.0,2063.0,7596.0,116.406793,39.985754,116.40510700000002,39.997736
profit_baseline,profit_baseline_w000677,6000000000000006294,27,Lunch-Peak Specialist,2020-02-15T16:48:13+08:00,2020-02-15T17:18:13+08:00,2020-02-15T17:36:56+08:00,False,3.0,1616.0,5736.0,116.418206,39.993062,116.418727,39.994906
profit_baseline,profit_baseline_w000677,6000000000000005975,27,Lunch-Peak Specialist,2020-02-15T16:45:44+08:00,2020-02-15T17:39:44+08:00,2020-02-15T17:36:56+08:00,True,10.0,1616.0,5736.0,116.418347,39.99297,116.410947,40.020396
profit_baseline,profit_baseline_w000720,6000000000000006669,27,Lunch-Peak Specialist,2020-02-15T17:25:54+08:00,2020-02-15T18:25:55+08:00,2020-02-15T18:02:52+08:00,True,3.0,1372.0,5216.0,116.407233,40.030001,116.407857,40.035056
profit_baseline,profit_baseline_w000750,6000000000000007474,27,Lunch-Peak Specialist,2020-02-15T18:06:40+08:00,2020-02-15T18:52:40+08:00,2020-02-15T18:45:35+08:00,True,6.0,2135.0,7896.0,116.40909,40.032462,116.404807,40.042376
profit_baseline,profit_baseline_w000750,6000000000000007136,27,Lunch-Peak Specialist,2020-02-15T18:10:18+08:00,2020-02-15T19:18:19+08:00,2020-02-15T18:45:35+08:00,True,6.0,2135.0,7896.0,116.407233,40.030001,116.409777,40.046736
profit_baseline,profit_baseline_w000799,6000000000000008422,27,Lunch-Peak Specialist,2020-02-15T18:35:20+08:00,2020-02-15T19:15:20+08:00,2020-02-15T19:23:19+08:00,False,3.0,1999.0,7328.0,116.412402,40.043157,116.409157,40.045846
profit_baseline,profit_baseline_w000799,6000000000000008105,27,Lunch-Peak Specialist,2020-02-15T18:45:06+08:00,2020-02-15T19:36:06+08:00,2020-02-15T19:23:19+08:00,True,6.0,1999.0,7328.0,116.40909,40.032462,116.410347,40.043776
profit_baseline,profit_baseline_w000839,6000000000000008466,27,Lunch-Peak Specialist,2020-02-15T19:07:06+08:00,2020-02-15T19:56:06+08:00,2020-02-15T20:07:25+08:00,False,6.0,2245.0,8356.0,116.412196,40.042637,116.421427,40.052166
profit_baseline,profit_baseline_w000839,6000000000000007967,27,Lunch-Peak Specialist,2020-02-15T19:18:48+08:00,2020-02-15T20:08:48+08:00,2020-02-15T20:07:25+08:00,True,6.0,2245.0,8356.0,116.403677,40.052098,116.421797,40.046346
profit_baseline,profit_baseline_w000030,6000000000000000243,28,Lunch-Peak Specialist,2020-02-15T08:30:48+08:00,2020-02-15T09:29:48+08:00,2020-02-15T09:05:39+08:00,True,10.0,2139.0,8412.0,116.351115,39.980531,116.376337,39.999936
profit_baseline,profit_baseline_w000074,6000000000000000315,28,Lunch-Peak Specialist,2020-02-15T09:10:43+08:00,2020-02-15T10:19:43+08:00,2020-02-15T09:31:44+08:00,True,6.0,1304.0,4933.0,116.398901,39.996912,116.417307,40.000806
profit_baseline,profit_baseline_w000107,6000000000000000455,28,Lunch-Peak Specialist,2020-02-15T09:19:23+08:00,2020-02-15T09:58:23+08:00,2020-02-15T09:59:46+08:00,False,6.0,1186.0,3942.0,116.418206,39.993062,116.406087,39.985446
profit_baseline,profit_baseline_w000107,6000000000000000193,28,Lunch-Peak Specialist,2020-02-15T09:20:55+08:00,2020-02-15T10:00:55+08:00,2020-02-15T09:59:46+08:00,True,6.0,1186.0,3942.0,116.418206,39.993062,116.407097,39.981126
profit_baseline,profit_baseline_w000126,6000000000000000585,28,Lunch-Peak Specialist,2020-02-15T09:31:33+08:00,2020-02-15T10:19:33+08:00,2020-02-15T10:28:12+08:00,False,3.0,1692.0,6052.0,116.406793,39.985754,116.411417,39.989096
profit_baseline,profit_baseline_w000126,6000000000000000947,28,Lunch-Peak Specialist,2020-02-15T09:56:47+08:00,2020-02-15T10:29:47+08:00,2020-02-15T10:28:12+08:00,True,3.0,1692.0,6052.0,116.406753,39.985226,116.404047,39.981076
profit_baseline,profit_baseline_w000169,6000000000000000977,28,Lunch-Peak Specialist,2020-02-15T10:27:51+08:00,2020-02-15T10:58:51+08:00,2020-02-15T11:17:09+08:00,False,6.0,2829.0,10787.0,116.411727,39.992476,116.402997,40.001206
profit_baseline,profit_baseline_w000169,6000000000000000832,28,Lunch-Peak Specialist,2020-02-15T10:19:08+08:00,2020-02-15T11:02:08+08:00,2020-02-15T11:17:09+08:00,False,3.0,2829.0,10787.0,116.401002,39.982468,116.400117,39.978486
profit_baseline,profit_baseline_w000241,6000000000000001253,28,Lunch-Peak Specialist,2020-02-15T11:02:18+08:00,2020-02-15T11:44:18+08:00,2020-02-15T11:50:53+08:00,False,6.0,1853.0,6718.0,116.411606,39.98756,116.398027,39.982696
profit_baseline,profit_baseline_w000241,6000000000000001949,28,Lunch-Peak Specialist,2020-02-15T11:12:03+08:00,2020-02-15T11:54:03+08:00,2020-02-15T11:50:53+08:00,True,3.0,1853.0,6718.0,116.403651,39.97669,116.403567,39.984396
profit_baseline,profit_baseline_w000293,6000000000000002611,28,Lunch-Peak Specialist,2020-02-15T11:35:52+08:00,2020-02-15T12:10:52+08:00,2020-02-15T12:36:49+08:00,False,6.0,2209.0,8207.0,116.408717,39.995436,116.421507,39.985616
profit_baseline,profit_baseline_w000293,6000000000000002990,28,Lunch-Peak Specialist,2020-02-15T11:44:13+08:00,2020-02-15T12:23:13+08:00,2020-02-15T12:36:49+08:00,False,6.0,2209.0,8207.0,116.420711,39.993859,116.407887,39.995226
profit_baseline,profit_baseline_w000337,6000000000000003217,28,Lunch-Peak Specialist,2020-02-15T12:11:57+08:00,2020-02-15T12:52:57+08:00,2020-02-15T13:03:50+08:00,False,6.0,1430.0,4957.0,116.408717,39.995436,116.403377,39.985166
profit_baseline,profit_baseline_w000337,6000000000000003229,28,Lunch-Peak Specialist,2020-02-15T12:16:39+08:00,2020-02-15T12:54:39+08:00,2020-02-15T13:03:50+08:00,False,6.0,1430.0,4957.0,116.406753,39.985226,116.401027,39.971786
profit_baseline,profit_baseline_w000385,6000000000000003484,28,Lunch-Peak Specialist,2020-02-15T12:44:22+08:00,2020-02-15T13:17:22+08:00,2020-02-15T14:03:15+08:00,False,3.0,3195.0,12311.0,116.400436,39.965779,116.402907,39.962186
profit_baseline,profit_baseline_w000385,6000000000000003065,28,Lunch-Peak Specialist,2020-02-15T12:41:29+08:00,2020-02-15T13:23:29+08:00,2020-02-15T14:03:15+08:00,False,6.0,3195.0,12311.0,116.413313,39.979773,116.413607,39.988966
profit_baseline,profit_baseline_w000467,6000000000000004547,28,Lunch-Peak Specialist,2020-02-15T14:08:08+08:00,2020-02-15T14:43:08+08:00,2020-02-15T14:42:35+08:00,True,6.0,1955.0,7148.0,116.399259,39.99704,116.413317,39.988866
profit_baseline,profit_baseline_w000467,6000000000000004550,28,Lunch-Peak Specialist,2020-02-15T14:10:59+08:00,2020-02-15T14:44:59+08:00,2020-02-15T14:42:35+08:00,True,6.0,1955.0,7148.0,116.400042,39.991122,116.412927,39.993686
profit_baseline,profit_baseline_w000510,6000000000000005054,28,Lunch-Peak Specialist,2020-02-15T14:31:36+08:00,2020-02-15T15:09:36+08:00,2020-02-15T15:08:06+08:00,True,3.0,1086.0,3521.0,116.41551,39.993029,116.410897,39.999136
profit_baseline,profit_baseline_w000510,6000000000000004769,28,Lunch-Peak Specialist,2020-02-15T14:53:57+08:00,2020-02-15T15:23:57+08:00,2020-02-15T15:08:06+08:00,True,3.0,1086.0,3521.0,116.418206,39.993062,116.420987,39.999416
profit_baseline,profit_baseline_w000555,6000000000000005315,28,Lunch-Peak Specialist,2020-02-15T15:13:04+08:00,2020-02-15T15:59:04+08:00,2020-02-15T15:38:25+08:00,True,3.0,1105.0,4105.0,116.410925,39.987217,116.408527,39.978756
profit_baseline,profit_baseline_w000568,6000000000000005312,28,Lunch-Peak Specialist,2020-02-15T15:11:40+08:00,2020-02-15T15:55:40+08:00,2020-02-15T16:14:49+08:00,False,6.0,2089.0,7702.0,116.407213,39.980035,116.423727,39.977576
profit_baseline,profit_baseline_w000568,6000000000000005730,28,Lunch-Peak Specialist,2020-02-15T15:25:52+08:00,2020-02-15T15:58:52+08:00,2020-02-15T16:14:49+08:00,False,3.0,2089.0,7702.0,116.396577,39.976761,116.398067,39.979636
profit_baseline,profit_baseline_w000619,6000000000000006245,28,Lunch-Peak Specialist,2020-02-15T16:15:21+08:00,2020-02-15T17:01:21+08:00,2020-02-15T17:05:50+08:00,False,6.0,2750.0,10453.0,116.396434,39.990367,116.39619700000002,39.999606
profit_baseline,profit_baseline_w000619,6000000000000005786,28,Lunch-Peak Specialist,2020-02-15T16:28:56+08:00,2020-02-15T17:18:56+08:00,2020-02-15T17:05:50+08:00,True,6.0,2750.0,10453.0,116.406793,39.985754,116.401447,39.994416
profit_baseline,profit_baseline_w000681,6000000000000006600,28,Lunch-Peak Specialist,2020-02-15T17:07:06+08:00,2020-02-15T17:43:06+08:00,2020-02-15T17:29:48+08:00,True,6.0,1188.0,4451.0,116.383701,39.999083,116.376517,40.008976
profit_baseline,profit_baseline_w000703,6000000000000006891,28,Lunch-Peak Specialist,2020-02-15T17:27:49+08:00,2020-02-15T18:12:49+08:00,2020-02-15T18:24:17+08:00,False,10.0,3257.0,12573.0,116.365528,40.003828,116.404577,40.007356
profit_baseline,profit_baseline_w000703,6000000000000006996,28,Lunch-Peak Specialist,2020-02-15T17:15:57+08:00,2020-02-15T18:21:57+08:00,2020-02-15T18:24:17+08:00,False,6.0,3257.0,12573.0,116.383701,39.999083,116.368637,39.992146
profit_baseline,profit_baseline_w000779,6000000000000007729,28,Lunch-Peak Specialist,2020-02-15T18:04:49+08:00,2020-02-15T19:01:49+08:00,2020-02-15T19:47:35+08:00,False,10.0,4655.0,18400.0,116.386252,39.99971,116.354177,40.014686
profit_baseline,profit_baseline_w000779,6000000000000007528,28,Lunch-Peak Specialist,2020-02-15T18:14:38+08:00,2020-02-15T19:22:39+08:00,2020-02-15T19:47:35+08:00,False,6.0,4655.0,18400.0,116.371691,39.979492,116.355897,39.985816
profit_baseline,profit_baseline_w000866,6000000000000008850,28,Lunch-Peak Specialist,2020-02-15T19:38:32+08:00,2020-02-15T20:08:32+08:00,2020-02-15T20:15:54+08:00,False,6.0,1554.0,5473.0,116.349338,39.980475,116.358967,39.987786
profit_baseline,profit_baseline_w000866,6000000000000008978,28,Lunch-Peak Specialist,2020-02-15T19:38:46+08:00,2020-02-15T20:15:46+08:00,2020-02-15T20:15:54+08:00,False,6.0,1554.0,5473.0,116.349874,39.980474,116.360957,39.989586
profit_baseline,profit_baseline_w000221,6000000000000002035,29,Lunch-Peak Specialist,2020-02-15T11:09:01+08:00,2020-02-15T11:43:01+08:00,2020-02-15T11:14:12+08:00,True,6.0,852.0,3052.0,116.321348,39.752737,116.307537,39.751546
profit_baseline,profit_baseline_w000239,6000000000000002039,29,Lunch-Peak Specialist,2020-02-15T11:10:18+08:00,2020-02-15T11:53:18+08:00,2020-02-15T11:59:41+08:00,False,6.0,2381.0,8922.0,116.32138,39.753189,116.299917,39.754406
profit_baseline,profit_baseline_w000239,6000000000000001886,29,Lunch-Peak Specialist,2020-02-15T11:22:40+08:00,2020-02-15T12:15:40+08:00,2020-02-15T11:59:41+08:00,True,3.0,2381.0,8922.0,116.306793,39.756064,116.303067,39.753296
profit_baseline,profit_baseline_w000286,6000000000000002575,29,Lunch-Peak Specialist,2020-02-15T12:05:55+08:00,2020-02-15T12:37:55+08:00,2020-02-15T12:28:27+08:00,True,3.0,1707.0,6616.0,116.307587,39.758156,116.302347,39.762486
profit_baseline,profit_baseline_w000405,6000000000000004194,29,Lunch-Peak Specialist,2020-02-15T13:24:01+08:00,2020-02-15T13:54:01+08:00,2020-02-15T13:34:18+08:00,True,3.0,858.0,3077.0,116.323829,39.762961,116.324467,39.756596
profit_baseline,profit_baseline_w000423,6000000000000003960,29,Lunch-Peak Specialist,2020-02-15T13:40:21+08:00,2020-02-15T14:16:21+08:00,2020-02-15T13:59:10+08:00,True,3.0,1150.0,3793.0,116.328459,39.749963,116.328647,39.747936
profit_baseline,profit_baseline_w000423,6000000000000004152,29,Lunch-Peak Specialist,2020-02-15T13:43:55+08:00,2020-02-15T14:31:55+08:00,2020-02-15T13:59:10+08:00,True,6.0,1150.0,3793.0,116.328459,39.749963,116.329007,39.740796
profit_baseline,profit_baseline_w000489,6000000000000005104,29,Lunch-Peak Specialist,2020-02-15T14:24:04+08:00,2020-02-15T15:30:04+08:00,2020-02-15T14:54:26+08:00,True,10.0,2066.0,8108.0,116.321147,39.729815,116.360027,39.733296
profit_baseline,profit_baseline_w000091,6000000000000000522,30,Lunch-Peak Specialist,2020-02-15T09:30:15+08:00,2020-02-15T10:14:15+08:00,2020-02-15T09:43:07+08:00,True,3.0,787.0,2782.0,116.533252,40.034361,116.525947,40.035596
profit_baseline,profit_baseline_w000142,6000000000000000891,30,Lunch-Peak Specialist,2020-02-15T10:14:59+08:00,2020-02-15T10:59:59+08:00,2020-02-15T10:26:35+08:00,True,3.0,995.0,3143.0,116.533252,40.034361,116.528147,40.035276
profit_baseline,profit_baseline_w000142,6000000000000000659,30,Lunch-Peak Specialist,2020-02-15T10:10:22+08:00,2020-02-15T11:15:00+08:00,2020-02-15T10:26:35+08:00,True,3.0,995.0,3143.0,116.533249,40.034183,116.531117,40.036966
profit_baseline,profit_baseline_w000165,6000000000000001921,30,Lunch-Peak Specialist,2020-02-15T10:31:13+08:00,2020-02-15T13:31:13+08:00,2020-02-15T10:48:34+08:00,True,3.0,1114.0,3642.0,116.537505,40.037141,116.536567,40.037006
profit_baseline,profit_baseline_w000165,6000000000000002028,30,Lunch-Peak Specialist,2020-02-15T10:32:20+08:00,2020-02-15T13:32:20+08:00,2020-02-15T10:48:34+08:00,True,6.0,1114.0,3642.0,116.537505,40.037141,116.524227,40.043186
profit_baseline,profit_baseline_w000197,6000000000000001085,30,Lunch-Peak Specialist,2020-02-15T10:52:28+08:00,2020-02-15T11:25:28+08:00,2020-02-15T11:47:08+08:00,False,3.0,3428.0,13284.0,116.532546,40.034516,116.531147,40.031596
profit_baseline,profit_baseline_w000197,6000000000000000995,30,Lunch-Peak Specialist,2020-02-15T10:42:19+08:00,2020-02-15T11:40:19+08:00,2020-02-15T11:47:08+08:00,False,15.0,3428.0,13284.0,116.533377,40.034134,116.472457,40.032326
profit_baseline,profit_baseline_w000280,6000000000000002464,30,Lunch-Peak Specialist,2020-02-15T11:43:02+08:00,2020-02-15T12:32:02+08:00,2020-02-15T12:27:04+08:00,True,6.0,2224.0,8767.0,116.487069,40.031095,116.500177,40.025186
profit_baseline,profit_baseline_w000322,6000000000000002776,30,Lunch-Peak Specialist,2020-02-15T12:14:20+08:00,2020-02-15T12:51:20+08:00,2020-02-15T13:04:21+08:00,False,6.0,2061.0,7589.0,116.500547,40.022526,116.482727,40.020746
profit_baseline,profit_baseline_w000322,6000000000000002667,30,Lunch-Peak Specialist,2020-02-15T12:24:40+08:00,2020-02-15T13:07:40+08:00,2020-02-15T13:04:21+08:00,True,6.0,2061.0,7589.0,116.499465,40.022691,116.505407,40.040066
profit_baseline,profit_baseline_w000430,6000000000000004216,30,Lunch-Peak Specialist,2020-02-15T13:45:06+08:00,2020-02-15T14:15:06+08:00,2020-02-15T14:12:32+08:00,True,3.0,1952.0,7131.0,116.496254,40.033467,116.495307,40.034556
profit_baseline,profit_baseline_w000430,6000000000000004605,30,Lunch-Peak Specialist,2020-02-15T13:47:41+08:00,2020-02-15T14:30:41+08:00,2020-02-15T14:12:32+08:00,True,6.0,1952.0,7131.0,116.500547,40.022526,116.505407,40.040066
profit_baseline,profit_baseline_w000482,6000000000000004835,30,Lunch-Peak Specialist,2020-02-15T13:50:52+08:00,2020-02-15T14:20:52+08:00,2020-02-15T14:52:06+08:00,False,3.0,1926.0,7025.0,116.496254,40.033467,116.495307,40.034556
profit_baseline,profit_baseline_w000482,6000000000000004537,30,Lunch-Peak Specialist,2020-02-15T13:58:01+08:00,2020-02-15T14:42:01+08:00,2020-02-15T14:52:06+08:00,False,6.0,1926.0,7025.0,116.49753,40.036744,116.508557,40.047696
profit_baseline,profit_baseline_w000705,6000000000000006690,30,Lunch-Peak Specialist,2020-02-15T17:37:55+08:00,2020-02-15T18:35:55+08:00,2020-02-15T17:46:04+08:00,True,3.0,964.0,3519.0,116.502205,40.035706,116.506397,40.033166
profit_baseline,profit_baseline_w000733,6000000000000007251,30,Lunch-Peak Specialist,2020-02-15T17:49:39+08:00,2020-02-15T18:32:39+08:00,2020-02-15T18:12:40+08:00,True,6.0,1360.0,5169.0,116.499465,40.022691,116.477807,40.030556
profit_baseline,profit_baseline_w000767,6000000000000007265,30,Lunch-Peak Specialist,2020-02-15T17:56:23+08:00,2020-02-15T18:55:23+08:00,2020-02-15T18:48:33+08:00,True,10.0,1713.0,6638.0,116.47268,40.040834,116.499927,40.022596
profit_baseline,profit_baseline_w000790,6000000000000007544,30,Lunch-Peak Specialist,2020-02-15T18:22:49+08:00,2020-02-15T19:08:49+08:00,2020-02-15T19:07:29+08:00,True,6.0,1049.0,3374.0,116.500215,40.022547,116.478827,40.032286
profit_baseline,profit_baseline_w000790,6000000000000007752,30,Lunch-Peak Specialist,2020-02-15T18:25:56+08:00,2020-02-15T19:12:56+08:00,2020-02-15T19:07:29+08:00,True,6.0,1049.0,3374.0,116.500215,40.022547,116.478147,40.031626
profit_baseline,profit_baseline_w000821,6000000000000007795,30,Lunch-Peak Specialist,2020-02-15T18:54:27+08:00,2020-02-15T20:03:27+08:00,2020-02-15T19:35:48+08:00,True,10.0,1548.0,5949.0,116.487069,40.031095,116.538217,40.034416
profit_baseline,profit_baseline_w000863,6000000000000008606,30,Lunch-Peak Specialist,2020-02-15T19:54:11+08:00,2020-02-15T20:55:11+08:00,2020-02-15T20:20:07+08:00,True,10.0,1807.0,7030.0,116.532422,40.036321,116.490817,40.007546
profit_baseline,profit_baseline_w000007,6000000000000000203,31,Super Stacker,2020-02-15T08:07:57+08:00,2020-02-15T09:45:00+08:00,2020-02-15T08:16:22+08:00,True,3.0,982.0,3592.0,116.334776,40.043281,116.336297,40.044776
profit_baseline,profit_baseline_w000035,6000000000000000390,31,Super Stacker,2020-02-15T08:44:13+08:00,2020-02-15T10:45:00+08:00,2020-02-15T08:50:53+08:00,True,3.0,653.0,2219.0,116.327938,40.041177,116.332237,40.037746
profit_baseline,profit_baseline_w000055,6000000000000000620,31,Super Stacker,2020-02-15T09:08:54+08:00,2020-02-15T09:48:54+08:00,2020-02-15T09:28:42+08:00,True,6.0,1722.0,6172.0,116.331118,40.041751,116.338357,40.034476
profit_baseline,profit_baseline_w000055,6000000000000000219,31,Super Stacker,2020-02-15T09:05:14+08:00,2020-02-15T09:52:14+08:00,2020-02-15T09:28:42+08:00,True,3.0,1722.0,6172.0,116.327956,40.041184,116.335847,40.042826
profit_baseline,profit_baseline_w000103,6000000000000000589,31,Super Stacker,2020-02-15T09:34:34+08:00,2020-02-15T12:04:34+08:00,2020-02-15T09:49:01+08:00,True,6.0,1141.0,4255.0,116.352575,40.030326,116.364387,40.034516
profit_baseline,profit_baseline_w000119,6000000000000000742,31,Super Stacker,2020-02-15T09:55:54+08:00,2020-02-15T10:37:54+08:00,2020-02-15T10:08:48+08:00,True,6.0,1128.0,4201.0,116.356859,40.031124,116.331387,40.034036
profit_baseline,profit_baseline_w000140,6000000000000000823,31,Super Stacker,2020-02-15T10:03:29+08:00,2020-02-15T10:40:29+08:00,2020-02-15T10:29:06+08:00,True,3.0,1146.0,3769.0,116.336902,40.032579,116.330267,40.034286
profit_baseline,profit_baseline_w000140,6000000000000001092,31,Super Stacker,2020-02-15T10:02:59+08:00,2020-02-15T10:52:59+08:00,2020-02-15T10:29:06+08:00,True,6.0,1146.0,3769.0,116.337449,40.032518,116.323907,40.035646
profit_baseline,profit_baseline_w000172,6000000000000001268,31,Super Stacker,2020-02-15T10:29:29+08:00,2020-02-15T11:01:29+08:00,2020-02-15T10:51:45+08:00,True,3.0,1305.0,4436.0,116.336902,40.032579,116.338637,40.034116
profit_baseline,profit_baseline_w000172,6000000000000000846,31,Super Stacker,2020-02-15T10:32:40+08:00,2020-02-15T11:29:41+08:00,2020-02-15T10:51:45+08:00,True,6.0,1305.0,4436.0,116.337449,40.032518,116.317787,40.029246
profit_baseline,profit_baseline_w000214,6000000000000001621,31,Super Stacker,2020-02-15T10:51:06+08:00,2020-02-15T11:30:06+08:00,2020-02-15T12:15:40+08:00,False,6.0,4540.0,17915.0,116.301862,40.027618,116.287737,40.029056
profit_baseline,profit_baseline_w000214,6000000000000002247,31,Super Stacker,2020-02-15T11:09:11+08:00,2020-02-15T11:59:11+08:00,2020-02-15T12:15:40+08:00,False,6.0,4540.0,17915.0,116.326547,40.028846,116.349317,40.032436
profit_baseline,profit_baseline_w000316,6000000000000003009,31,Super Stacker,2020-02-15T11:50:54+08:00,2020-02-15T12:42:54+08:00,2020-02-15T13:02:09+08:00,False,6.0,2529.0,9534.0,116.337449,40.032518,116.325877,40.034076
profit_baseline,profit_baseline_w000316,6000000000000003455,31,Super Stacker,2020-02-15T12:26:15+08:00,2020-02-15T13:10:15+08:00,2020-02-15T13:02:09+08:00,True,6.0,2529.0,9534.0,116.336124,40.02959,116.346967,40.015356
profit_baseline,profit_baseline_w000392,6000000000000003806,31,Super Stacker,2020-02-15T13:06:52+08:00,2020-02-15T13:53:52+08:00,2020-02-15T13:36:06+08:00,True,6.0,1566.0,6024.0,116.332098,40.006788,116.354637,40.000706
profit_baseline,profit_baseline_w000429,6000000000000004632,31,Super Stacker,2020-02-15T13:20:55+08:00,2020-02-15T14:01:55+08:00,2020-02-15T14:14:33+08:00,False,3.0,2073.0,7637.0,116.361954,40.012778,116.362197,40.015846
profit_baseline,profit_baseline_w000429,6000000000000004460,31,Super Stacker,2020-02-15T13:49:32+08:00,2020-02-15T14:38:32+08:00,2020-02-15T14:14:33+08:00,True,6.0,2073.0,7637.0,116.361954,40.012778,116.358287,39.995936
profit_baseline,profit_baseline_w000487,6000000000000005085,31,Super Stacker,2020-02-15T14:09:22+08:00,2020-02-15T14:39:22+08:00,2020-02-15T14:58:33+08:00,False,3.0,2313.0,8637.0,116.364137,40.001036,116.358287,39.995936
profit_baseline,profit_baseline_w000487,6000000000000004785,31,Super Stacker,2020-02-15T13:56:56+08:00,2020-02-15T14:40:56+08:00,2020-02-15T14:58:33+08:00,False,6.0,2313.0,8637.0,116.355541,39.9812,116.355417,39.996556
profit_baseline,profit_baseline_w000528,6000000000000005160,31,Super Stacker,2020-02-15T14:38:59+08:00,2020-02-15T15:22:59+08:00,2020-02-15T15:29:31+08:00,False,6.0,1771.0,6381.0,116.363315,40.000984,116.375757,39.994536
profit_baseline,profit_baseline_w000528,6000000000000005072,31,Super Stacker,2020-02-15T14:46:25+08:00,2020-02-15T15:25:25+08:00,2020-02-15T15:29:31+08:00,False,6.0,1771.0,6381.0,116.359147,40.002863,116.371947,39.999216
profit_baseline,profit_baseline_w000561,6000000000000005679,31,Super Stacker,2020-02-15T15:08:29+08:00,2020-02-15T15:49:29+08:00,2020-02-15T16:31:34+08:00,False,6.0,3694.0,14390.0,116.383701,39.999083,116.404007,39.999336
profit_baseline,profit_baseline_w000561,6000000000000005268,31,Super Stacker,2020-02-15T15:14:42+08:00,2020-02-15T17:44:42+08:00,2020-02-15T16:31:34+08:00,True,3.0,3694.0,14390.0,116.365086,39.995571,116.361997,39.998886
profit_baseline,profit_baseline_w000645,6000000000000006256,31,Super Stacker,2020-02-15T16:22:40+08:00,2020-02-15T17:14:40+08:00,2020-02-15T17:30:57+08:00,False,3.0,3057.0,11736.0,116.371476,40.00766,116.365017,40.004746
profit_baseline,profit_baseline_w000645,6000000000000006771,31,Super Stacker,2020-02-15T16:47:41+08:00,2020-02-15T17:28:41+08:00,2020-02-15T17:30:57+08:00,False,6.0,3057.0,11736.0,116.383701,39.999083,116.402437,39.995696
profit_baseline,profit_baseline_w000712,6000000000000006527,31,Super Stacker,2020-02-15T17:18:43+08:00,2020-02-15T17:53:43+08:00,2020-02-15T18:12:38+08:00,False,6.0,1958.0,7164.0,116.406234,40.003959,116.406827,39.992686
profit_baseline,profit_baseline_w000712,6000000000000006766,31,Super Stacker,2020-02-15T17:36:56+08:00,2020-02-15T18:07:56+08:00,2020-02-15T18:12:38+08:00,False,3.0,1958.0,7164.0,116.398437,39.99692,116.391897,39.995616
profit_baseline,profit_baseline_w000762,6000000000000007664,31,Super Stacker,2020-02-15T17:54:15+08:00,2020-02-15T18:35:15+08:00,2020-02-15T18:52:59+08:00,False,6.0,1979.0,7246.0,116.383557,39.999316,116.398507,39.997426
profit_baseline,profit_baseline_w000762,6000000000000007037,31,Super Stacker,2020-02-15T17:58:56+08:00,2020-02-15T18:40:56+08:00,2020-02-15T18:52:59+08:00,False,6.0,1979.0,7246.0,116.383701,39.999083,116.364877,39.996726
profit_baseline,profit_baseline_w000217,6000000000000001731,32,Super Stacker,2020-02-15T11:04:47+08:00,2020-02-15T11:55:47+08:00,2020-02-15T11:28:43+08:00,True,6.0,1723.0,6182.0,116.553236,39.801485,116.576447,39.794186
profit_baseline,profit_baseline_w000217,6000000000000002133,32,Super Stacker,2020-02-15T11:09:50+08:00,2020-02-15T12:05:51+08:00,2020-02-15T11:28:43+08:00,True,6.0,1723.0,6182.0,116.564779,39.801614,116.576247,39.794476
profit_baseline,profit_baseline_w000255,6000000000000001733,32,Super Stacker,2020-02-15T11:05:49+08:00,2020-02-15T12:01:49+08:00,2020-02-15T12:09:38+08:00,False,6.0,2378.0,8905.0,116.564779,39.801614,116.576617,39.791386
profit_baseline,profit_baseline_w000255,6000000000000001689,32,Super Stacker,2020-02-15T11:25:51+08:00,2020-02-15T12:25:51+08:00,2020-02-15T12:09:38+08:00,True,6.0,2378.0,8905.0,116.569143,39.801742,116.572407,39.816406
profit_baseline,profit_baseline_w000295,6000000000000002727,32,Super Stacker,2020-02-15T11:59:47+08:00,2020-02-15T12:45:47+08:00,2020-02-15T12:39:09+08:00,True,3.0,1749.0,6287.0,116.569921,39.81617,116.570757,39.811286
profit_baseline,profit_baseline_w000295,6000000000000003423,32,Super Stacker,2020-02-15T12:16:00+08:00,2020-02-15T13:12:00+08:00,2020-02-15T12:39:09+08:00,True,6.0,1749.0,6287.0,116.57017700000002,39.816475,116.564867,39.806506
profit_baseline,profit_baseline_w000335,6000000000000003859,32,Super Stacker,2020-02-15T12:40:19+08:00,2020-02-15T13:23:19+08:00,2020-02-15T13:04:46+08:00,True,3.0,1486.0,5193.0,116.559588,39.803217,116.567477,39.801356
profit_baseline,profit_baseline_w000335,6000000000000003839,32,Super Stacker,2020-02-15T12:32:52+08:00,2020-02-15T13:31:52+08:00,2020-02-15T13:04:46+08:00,True,6.0,1486.0,5193.0,116.564894,39.804666,116.553117,39.798126
profit_baseline,profit_baseline_w000381,6000000000000004118,32,Super Stacker,2020-02-15T13:19:12+08:00,2020-02-15T13:53:12+08:00,2020-02-15T13:23:49+08:00,True,3.0,829.0,2954.0,116.560301,39.794953,116.567297,39.797716
profit_baseline,profit_baseline_w000711,6000000000000007103,32,Super Stacker,2020-02-15T17:41:31+08:00,2020-02-15T18:46:32+08:00,2020-02-15T18:06:05+08:00,True,6.0,1565.0,5519.0,116.564779,39.801614,116.580997,39.785076
profit_baseline,profit_baseline_w000711,6000000000000007420,32,Super Stacker,2020-02-15T17:44:35+08:00,2020-02-15T18:47:36+08:00,2020-02-15T18:06:05+08:00,True,6.0,1565.0,5519.0,116.564779,39.801614,116.574717,39.792866
profit_baseline,profit_baseline_w000759,6000000000000007044,32,Super Stacker,2020-02-15T18:05:02+08:00,2020-02-15T18:57:02+08:00,2020-02-15T18:52:52+08:00,True,3.0,2572.0,9716.0,116.572733,39.799382,116.574797,39.792796
profit_baseline,profit_baseline_w000759,6000000000000007691,32,Super Stacker,2020-02-15T18:06:11+08:00,2020-02-15T19:06:11+08:00,2020-02-15T18:52:52+08:00,True,6.0,2572.0,9716.0,116.553667,39.796376,116.557007,39.781326
profit_baseline,profit_baseline_w000835,6000000000000008537,32,Super Stacker,2020-02-15T19:27:39+08:00,2020-02-15T20:19:39+08:00,2020-02-15T19:40:27+08:00,True,3.0,1227.0,4615.0,116.553667,39.796376,116.552717,39.789566
profit_baseline,profit_baseline_w000865,6000000000000008646,32,Super Stacker,2020-02-15T19:42:09+08:00,2020-02-15T20:41:09+08:00,2020-02-15T20:19:33+08:00,True,6.0,1773.0,6387.0,116.553667,39.796376,116.569427,39.796686
profit_baseline,profit_baseline_w000865,6000000000000008544,32,Super Stacker,2020-02-15T19:45:31+08:00,2020-02-15T20:41:31+08:00,2020-02-15T20:19:33+08:00,True,6.0,1773.0,6387.0,116.553667,39.796376,116.542917,39.787316
profit_baseline,profit_baseline_w000009,6000000000000000293,33,Super Stacker,2020-02-15T08:11:16+08:00,2020-02-15T10:45:00+08:00,2020-02-15T08:16:38+08:00,True,3.0,398.0,1160.0,116.646255,39.888966,116.641297,39.888796
profit_baseline,profit_baseline_w000014,6000000000000000503,33,Super Stacker,2020-02-15T08:27:41+08:00,2020-02-15T09:26:55+08:00,2020-02-15T08:34:56+08:00,True,3.0,896.0,3234.0,116.636117,39.883756,116.639807,39.876166
profit_baseline,profit_baseline_w000063,6000000000000000452,33,Super Stacker,2020-02-15T09:15:35+08:00,2020-02-15T10:00:35+08:00,2020-02-15T09:19:21+08:00,True,6.0,561.0,1837.0,116.637959,39.87628,116.651707,39.880456
profit_baseline,profit_baseline_w000098,6000000000000000587,33,Super Stacker,2020-02-15T09:32:56+08:00,2020-02-15T10:16:56+08:00,2020-02-15T09:48:23+08:00,True,6.0,1103.0,4098.0,116.637937,39.87622,116.655207,39.868586
profit_baseline,profit_baseline_w000134,6000000000000000821,33,Super Stacker,2020-02-15T10:01:37+08:00,2020-02-15T10:48:37+08:00,2020-02-15T10:55:20+08:00,False,6.0,3320.0,12833.0,116.656645,39.883346,116.641297,39.888796
profit_baseline,profit_baseline_w000134,6000000000000000687,33,Super Stacker,2020-02-15T10:06:10+08:00,2020-02-15T11:01:10+08:00,2020-02-15T10:55:20+08:00,True,6.0,3320.0,12833.0,116.655609,39.875004,116.639877,39.892426
profit_baseline,profit_baseline_w000222,6000000000000001234,33,Super Stacker,2020-02-15T10:53:01+08:00,2020-02-15T11:35:01+08:00,2020-02-15T12:34:02+08:00,False,6.0,5642.0,22512.0,116.637937,39.87622,116.641177,39.861126
profit_baseline,profit_baseline_w000222,6000000000000001728,33,Super Stacker,2020-02-15T11:03:13+08:00,2020-02-15T11:48:13+08:00,2020-02-15T12:34:02+08:00,False,6.0,5642.0,22512.0,116.632643,39.904136,116.650017,39.914806
profit_baseline,profit_baseline_w000347,6000000000000003275,33,Super Stacker,2020-02-15T12:19:54+08:00,2020-02-15T13:10:54+08:00,2020-02-15T13:06:42+08:00,True,6.0,1602.0,6176.0,116.630789,39.904632,116.651187,39.917006
profit_baseline,profit_baseline_w000388,6000000000000004332,33,Super Stacker,2020-02-15T13:13:28+08:00,2020-02-15T14:09:28+08:00,2020-02-15T13:38:19+08:00,True,6.0,1699.0,6579.0,116.66643,39.920401,116.672737,39.943926
profit_baseline,profit_baseline_w000431,6000000000000004643,33,Super Stacker,2020-02-15T13:23:25+08:00,2020-02-15T14:06:25+08:00,2020-02-15T14:28:08+08:00,False,6.0,2888.0,11034.0,116.663561,39.928834,116.678647,39.935686
profit_baseline,profit_baseline_w000431,6000000000000004714,33,Super Stacker,2020-02-15T13:44:04+08:00,2020-02-15T14:42:04+08:00,2020-02-15T14:28:08+08:00,True,6.0,2888.0,11034.0,116.671316,39.929669,116.667327,39.943016
profit_baseline,profit_baseline_w000502,6000000000000004997,33,Super Stacker,2020-02-15T14:34:42+08:00,2020-02-15T15:31:42+08:00,2020-02-15T15:15:27+08:00,True,6.0,2727.0,10366.0,116.675771,39.928609,116.651197,39.934946
profit_baseline,profit_baseline_w000502,6000000000000005222,33,Super Stacker,2020-02-15T14:36:01+08:00,2020-02-15T17:06:01+08:00,2020-02-15T15:15:27+08:00,True,6.0,2727.0,10366.0,116.671931,39.928068,116.666207,39.943186
profit_baseline,profit_baseline_w000557,6000000000000005644,33,Super Stacker,2020-02-15T15:27:07+08:00,2020-02-15T16:24:07+08:00,2020-02-15T15:41:29+08:00,True,6.0,1289.0,4872.0,116.675771,39.928609,116.668347,39.941626
profit_baseline,profit_baseline_w000591,6000000000000005736,33,Super Stacker,2020-02-15T15:27:41+08:00,2020-02-15T16:26:41+08:00,2020-02-15T16:56:41+08:00,False,6.0,4001.0,15669.0,116.663146,39.928254,116.644367,39.944196
profit_baseline,profit_baseline_w000591,6000000000000005385,33,Super Stacker,2020-02-15T15:39:54+08:00,2020-02-15T16:42:54+08:00,2020-02-15T16:56:41+08:00,False,6.0,4001.0,15669.0,116.671316,39.929669,116.666497,39.939526
profit_baseline,profit_baseline_w000666,6000000000000006416,33,Super Stacker,2020-02-15T16:51:28+08:00,2020-02-15T17:36:28+08:00,2020-02-15T17:28:21+08:00,True,3.0,1701.0,6086.0,116.678504,39.929602,116.680477,39.931946
profit_baseline,profit_baseline_w000666,6000000000000006420,33,Super Stacker,2020-02-15T16:56:49+08:00,2020-02-15T17:42:49+08:00,2020-02-15T17:28:21+08:00,True,6.0,1701.0,6086.0,116.675823,39.926315,116.677517,39.937136
profit_baseline,profit_baseline_w000700,6000000000000006917,33,Super Stacker,2020-02-15T17:15:01+08:00,2020-02-15T17:53:01+08:00,2020-02-15T17:58:08+08:00,False,3.0,1688.0,6032.0,116.677585,39.929644,116.680477,39.931946
profit_baseline,profit_baseline_w000700,6000000000000007229,33,Super Stacker,2020-02-15T17:33:36+08:00,2020-02-15T18:18:36+08:00,2020-02-15T17:58:08+08:00,True,3.0,1688.0,6032.0,116.672845,39.936857,116.668447,39.936376
profit_baseline,profit_baseline_w000818,6000000000000008119,33,Super Stacker,2020-02-15T19:05:21+08:00,2020-02-15T20:02:21+08:00,2020-02-15T19:36:55+08:00,True,6.0,2215.0,8731.0,116.66643,39.920401,116.691977,39.910646
profit_baseline,profit_baseline_w000850,6000000000000008598,33,Super Stacker,2020-02-15T19:46:36+08:00,2020-02-15T20:26:36+08:00,2020-02-15T20:14:20+08:00,True,3.0,2060.0,8083.0,116.688017,39.906071,116.687077,39.904456
profit_baseline,profit_baseline_w000006,6000000000000000245,34,Super Stacker,2020-02-15T08:07:36+08:00,2020-02-15T11:07:36+08:00,2020-02-15T08:23:32+08:00,True,6.0,1412.0,5384.0,116.303914,40.048656,116.275927,40.040806
profit_baseline,profit_baseline_w000028,6000000000000000210,34,Super Stacker,2020-02-15T08:32:22+08:00,2020-02-15T09:13:22+08:00,2020-02-15T08:44:46+08:00,True,3.0,886.0,3193.0,116.286864,40.032712,116.285697,40.030906
profit_baseline,profit_baseline_w000046,6000000000000000217,34,Super Stacker,2020-02-15T08:55:30+08:00,2020-02-15T09:50:30+08:00,2020-02-15T09:32:04+08:00,True,6.0,2524.0,9515.0,116.286864,40.032712,116.269987,40.029926
profit_baseline,profit_baseline_w000046,6000000000000000393,34,Super Stacker,2020-02-15T08:59:02+08:00,2020-02-15T10:01:02+08:00,2020-02-15T09:32:04+08:00,True,6.0,2524.0,9515.0,116.302092,40.03364,116.281387,40.024656
profit_baseline,profit_baseline_w000111,6000000000000000262,34,Super Stacker,2020-02-15T09:23:30+08:00,2020-02-15T10:19:30+08:00,2020-02-15T10:05:29+08:00,True,6.0,1529.0,5872.0,116.301115,40.028892,116.272567,40.017456
profit_baseline,profit_baseline_w000158,6000000000000001192,34,Super Stacker,2020-02-15T10:26:54+08:00,2020-02-15T11:02:54+08:00,2020-02-15T10:49:05+08:00,True,6.0,1745.0,6277.0,116.268285,40.028957,116.257357,40.037876
profit_baseline,profit_baseline_w000158,6000000000000000701,34,Super Stacker,2020-02-15T10:24:02+08:00,2020-02-15T11:15:00+08:00,2020-02-15T10:49:05+08:00,True,6.0,1745.0,6277.0,116.268917,40.028555,116.251467,40.046676
profit_baseline,profit_baseline_w000209,6000000000000001738,34,Super Stacker,2020-02-15T11:01:05+08:00,2020-02-15T11:45:05+08:00,2020-02-15T11:13:09+08:00,True,6.0,789.0,2788.0,116.242437,40.046631,116.230807,40.047926
profit_baseline,profit_baseline_w000243,6000000000000001497,34,Super Stacker,2020-02-15T11:21:25+08:00,2020-02-15T12:15:25+08:00,2020-02-15T12:04:03+08:00,True,10.0,2643.0,10014.0,116.242236,40.048368,116.268847,40.066176
profit_baseline,profit_baseline_w000243,6000000000000002522,34,Super Stacker,2020-02-15T11:24:13+08:00,2020-02-15T12:29:13+08:00,2020-02-15T12:04:03+08:00,True,6.0,2643.0,10014.0,116.242437,40.046631,116.235707,40.061706
profit_baseline,profit_baseline_w000304,6000000000000002739,34,Super Stacker,2020-02-15T12:02:54+08:00,2020-02-15T12:38:54+08:00,2020-02-15T12:40:55+08:00,False,6.0,1855.0,6729.0,116.239082,40.072874,116.235967,40.061036
profit_baseline,profit_baseline_w000304,6000000000000003247,34,Super Stacker,2020-02-15T12:05:22+08:00,2020-02-15T12:40:22+08:00,2020-02-15T12:40:55+08:00,False,6.0,1855.0,6729.0,116.239082,40.072874,116.246637,40.065836
profit_baseline,profit_baseline_w000358,6000000000000004167,34,Super Stacker,2020-02-15T12:57:47+08:00,2020-02-15T13:34:47+08:00,2020-02-15T13:13:42+08:00,True,6.0,1422.0,5427.0,116.239999,40.073555,116.223217,40.086236
profit_baseline,profit_baseline_w000406,6000000000000004086,34,Super Stacker,2020-02-15T13:01:47+08:00,2020-02-15T13:31:47+08:00,2020-02-15T13:42:49+08:00,False,6.0,1369.0,5208.0,116.237724,40.073266,116.240787,40.064546
profit_baseline,profit_baseline_w000441,6000000000000004373,34,Super Stacker,2020-02-15T13:35:04+08:00,2020-02-15T14:09:04+08:00,2020-02-15T14:11:15+08:00,False,6.0,1275.0,4314.0,116.239082,40.072874,116.245587,40.085506
profit_baseline,profit_baseline_w000441,6000000000000004589,34,Super Stacker,2020-02-15T13:38:27+08:00,2020-02-15T14:12:27+08:00,2020-02-15T14:11:15+08:00,True,6.0,1275.0,4314.0,116.239082,40.072874,116.245957,40.085206
profit_baseline,profit_baseline_w000490,6000000000000004397,34,Super Stacker,2020-02-15T13:53:46+08:00,2020-02-15T14:29:46+08:00,2020-02-15T14:46:50+08:00,False,6.0,1610.0,5709.0,116.239082,40.072874,116.212137,40.069236
profit_baseline,profit_baseline_w000490,6000000000000004620,34,Super Stacker,2020-02-15T14:03:21+08:00,2020-02-15T14:44:21+08:00,2020-02-15T14:46:50+08:00,False,6.0,1610.0,5709.0,116.239082,40.072874,116.211607,40.074436
profit_baseline,profit_baseline_w000509,6000000000000004992,34,Super Stacker,2020-02-15T14:26:49+08:00,2020-02-15T15:08:49+08:00,2020-02-15T15:10:50+08:00,False,6.0,1250.0,4706.0,116.212785,40.074593,116.235637,40.077076
profit_baseline,profit_baseline_w000556,6000000000000005300,34,Super Stacker,2020-02-15T14:55:59+08:00,2020-02-15T15:30:59+08:00,2020-02-15T15:38:29+08:00,False,6.0,1109.0,4118.0,116.251831,40.08469,116.259967,40.073106
profit_baseline,profit_baseline_w000582,6000000000000005658,34,Super Stacker,2020-02-15T15:49:53+08:00,2020-02-15T18:15:00+08:00,2020-02-15T15:58:19+08:00,True,6.0,1099.0,4080.0,116.251831,40.08469,116.237727,40.074586
profit_baseline,profit_baseline_w000593,6000000000000005825,34,Super Stacker,2020-02-15T16:03:21+08:00,2020-02-15T16:40:21+08:00,2020-02-15T16:17:11+08:00,True,6.0,1031.0,3798.0,116.239082,40.072874,116.235837,40.061976
profit_baseline,profit_baseline_w000623,6000000000000006253,34,Super Stacker,2020-02-15T16:20:32+08:00,2020-02-15T16:59:32+08:00,2020-02-15T16:41:24+08:00,True,6.0,1284.0,4849.0,116.239082,40.072874,116.262257,40.076796
profit_baseline,profit_baseline_w000655,6000000000000005787,34,Super Stacker,2020-02-15T16:29:28+08:00,2020-02-15T17:08:28+08:00,2020-02-15T17:12:35+08:00,False,6.0,1355.0,5146.0,116.251831,40.08469,116.225407,40.083226
profit_baseline,profit_baseline_w000695,6000000000000006309,34,Super Stacker,2020-02-15T17:01:33+08:00,2020-02-15T17:49:33+08:00,2020-02-15T17:48:58+08:00,True,6.0,1738.0,6741.0,116.239082,40.072874,116.208037,40.066076
profit_baseline,profit_baseline_w000724,6000000000000006674,34,Super Stacker,2020-02-15T17:32:53+08:00,2020-02-15T18:18:53+08:00,2020-02-15T18:09:23+08:00,True,3.0,1163.0,3846.0,116.20831,40.064022,116.204857,40.066626
profit_baseline,profit_baseline_w000724,6000000000000006751,34,Super Stacker,2020-02-15T17:28:27+08:00,2020-02-15T18:21:27+08:00,2020-02-15T18:09:23+08:00,True,3.0,1163.0,3846.0,116.20831,40.064022,116.206997,40.071716
profit_baseline,profit_baseline_w000751,6000000000000007241,34,Super Stacker,2020-02-15T17:41:01+08:00,2020-02-15T18:27:01+08:00,2020-02-15T18:37:01+08:00,False,3.0,1621.0,5755.0,116.211032,40.074285,116.215807,40.077746
profit_baseline,profit_baseline_w000751,6000000000000007637,34,Super Stacker,2020-02-15T17:42:56+08:00,2020-02-15T18:33:56+08:00,2020-02-15T18:37:01+08:00,False,3.0,1621.0,5755.0,116.211456,40.076132,116.213367,40.072546
profit_baseline,profit_baseline_w000788,6000000000000008008,34,Super Stacker,2020-02-15T18:16:34+08:00,2020-02-15T19:01:34+08:00,2020-02-15T19:46:15+08:00,False,6.0,3975.0,15566.0,116.233316,40.071362,116.244907,40.081936
profit_baseline,profit_baseline_w000788,6000000000000008225,34,Super Stacker,2020-02-15T18:19:55+08:00,2020-02-15T19:26:55+08:00,2020-02-15T19:46:15+08:00,False,6.0,3975.0,15566.0,116.20831,40.064022,116.221177,40.071456
profit_baseline,profit_baseline_w000005,6000000000000000109,35,Super Stacker,2020-02-15T08:08:58+08:00,2020-02-15T08:51:58+08:00,2020-02-15T09:13:38+08:00,False,6.0,4418.0,17409.0,116.348517,39.907678,116.333207,39.909166
profit_baseline,profit_baseline_w000005,6000000000000000204,35,Super Stacker,2020-02-15T08:08:07+08:00,2020-02-15T08:54:07+08:00,2020-02-15T09:13:38+08:00,False,3.0,4418.0,17409.0,116.363526,39.926884,116.372887,39.931276
profit_baseline,profit_baseline_w000084,6000000000000000319,35,Super Stacker,2020-02-15T09:22:51+08:00,2020-02-15T10:03:51+08:00,2020-02-15T10:30:39+08:00,False,6.0,4239.0,16659.0,116.361078,39.943279,116.344117,39.946716
profit_baseline,profit_baseline_w000084,6000000000000000577,35,Super Stacker,2020-02-15T09:23:43+08:00,2020-02-15T13:00:00+08:00,2020-02-15T10:30:39+08:00,True,6.0,4239.0,16659.0,116.368547,39.921833,116.357227,39.909566
profit_baseline,profit_baseline_w000179,6000000000000001042,35,Super Stacker,2020-02-15T10:24:42+08:00,2020-02-15T11:15:00+08:00,2020-02-15T11:08:08+08:00,True,3.0,1688.0,6034.0,116.363225,39.908622,116.360797,39.912966
profit_baseline,profit_baseline_w000179,6000000000000001036,35,Super Stacker,2020-02-15T10:18:18+08:00,2020-02-15T11:15:18+08:00,2020-02-15T11:08:08+08:00,True,10.0,1688.0,6034.0,116.36442,39.908428,116.32993700000002,39.900516
profit_baseline,profit_baseline_w000232,6000000000000001448,35,Super Stacker,2020-02-15T10:52:11+08:00,2020-02-15T11:40:11+08:00,2020-02-15T12:09:53+08:00,False,3.0,3593.0,13967.0,116.318689,39.895397,116.321547,39.901046
profit_baseline,profit_baseline_w000232,6000000000000001760,35,Super Stacker,2020-02-15T11:14:20+08:00,2020-02-15T11:47:22+08:00,2020-02-15T12:09:53+08:00,False,6.0,3593.0,13967.0,116.348577,39.907776,116.334007,39.905206
profit_baseline,profit_baseline_w000303,6000000000000002625,35,Super Stacker,2020-02-15T11:40:27+08:00,2020-02-15T12:24:27+08:00,2020-02-15T12:49:27+08:00,False,6.0,2367.0,8866.0,116.342826,39.894091,116.354697,39.898066
profit_baseline,profit_baseline_w000303,6000000000000002642,35,Super Stacker,2020-02-15T11:53:19+08:00,2020-02-15T12:30:19+08:00,2020-02-15T12:49:27+08:00,False,6.0,2367.0,8866.0,116.342339,39.907255,116.360097,39.915526
profit_baseline,profit_baseline_w000351,6000000000000003542,35,Super Stacker,2020-02-15T12:28:16+08:00,2020-02-15T13:07:16+08:00,2020-02-15T13:04:19+08:00,True,3.0,859.0,2578.0,116.364143,39.910296,116.363017,39.909926
profit_baseline,profit_baseline_w000351,6000000000000003280,35,Super Stacker,2020-02-15T12:21:46+08:00,2020-02-15T13:07:46+08:00,2020-02-15T13:04:19+08:00,True,3.0,859.0,2578.0,116.362504,39.910451,116.357557,39.908936
profit_baseline,profit_baseline_w000379,6000000000000003639,35,Super Stacker,2020-02-15T12:44:02+08:00,2020-02-15T13:24:02+08:00,2020-02-15T13:36:14+08:00,False,6.0,1574.0,5561.0,116.351303,39.911535,116.363937,39.914896
profit_baseline,profit_baseline_w000379,6000000000000003640,35,Super Stacker,2020-02-15T12:50:51+08:00,2020-02-15T13:24:51+08:00,2020-02-15T13:36:14+08:00,False,3.0,1574.0,5561.0,116.365099,39.908612,116.367147,39.910106
profit_baseline,profit_baseline_w000418,6000000000000003743,35,Super Stacker,2020-02-15T13:11:47+08:00,2020-02-15T13:45:56+08:00,2020-02-15T13:53:29+08:00,False,3.0,809.0,2372.0,116.364357,39.911396,116.366217,39.909466
profit_baseline,profit_baseline_w000418,6000000000000004116,35,Super Stacker,2020-02-15T13:18:42+08:00,2020-02-15T13:48:42+08:00,2020-02-15T13:53:29+08:00,False,3.0,809.0,2372.0,116.363553,39.908702,116.363017,39.909926
profit_baseline,profit_baseline_w000450,6000000000000004205,35,Super Stacker,2020-02-15T13:34:50+08:00,2020-02-15T14:16:50+08:00,2020-02-15T14:42:26+08:00,False,6.0,2546.0,9610.0,116.366194,39.909134,116.371967,39.925096
profit_baseline,profit_baseline_w000450,6000000000000004230,35,Super Stacker,2020-02-15T13:42:26+08:00,2020-02-15T14:26:44+08:00,2020-02-15T14:42:26+08:00,False,6.0,2546.0,9610.0,116.357477,39.906996,116.340227,39.903626
profit_baseline,profit_baseline_w000513,6000000000000005153,35,Super Stacker,2020-02-15T14:35:37+08:00,2020-02-15T15:18:37+08:00,2020-02-15T15:37:16+08:00,False,6.0,2836.0,10814.0,116.337442,39.913143,116.320447,39.907436
profit_baseline,profit_baseline_w000513,6000000000000005340,35,Super Stacker,2020-02-15T14:53:49+08:00,2020-02-15T15:34:49+08:00,2020-02-15T15:37:16+08:00,False,3.0,2836.0,10814.0,116.344519,39.898519,116.341547,39.898866
profit_baseline,profit_baseline_w000571,6000000000000005210,35,Super Stacker,2020-02-15T15:20:38+08:00,2020-02-15T15:50:38+08:00,2020-02-15T16:18:47+08:00,False,6.0,2327.0,8697.0,116.349201,39.896337,116.365787,39.894546
profit_baseline,profit_baseline_w000571,6000000000000005570,35,Super Stacker,2020-02-15T15:17:50+08:00,2020-02-15T16:09:50+08:00,2020-02-15T16:18:47+08:00,False,6.0,2327.0,8697.0,116.34339,39.893493,116.331787,39.891846
profit_baseline,profit_baseline_w000618,6000000000000005908,35,Super Stacker,2020-02-15T15:55:45+08:00,2020-02-15T16:41:46+08:00,2020-02-15T17:07:27+08:00,False,6.0,2847.0,10861.0,116.343601,39.877731,116.336757,39.869866
profit_baseline,profit_baseline_w000618,6000000000000006083,35,Super Stacker,2020-02-15T16:27:58+08:00,2020-02-15T17:13:58+08:00,2020-02-15T17:07:27+08:00,True,6.0,2847.0,10861.0,116.330308,39.891783,116.343277,39.879536
profit_baseline,profit_baseline_w000679,6000000000000006496,35,Super Stacker,2020-02-15T16:50:59+08:00,2020-02-15T17:29:59+08:00,2020-02-15T17:47:39+08:00,False,3.0,2259.0,8410.0,116.354848,39.870939,116.349597,39.869326
profit_baseline,profit_baseline_w000679,6000000000000006596,35,Super Stacker,2020-02-15T17:05:59+08:00,2020-02-15T17:57:59+08:00,2020-02-15T17:47:39+08:00,True,6.0,2259.0,8410.0,116.354869,39.870899,116.378557,39.877956
profit_baseline,profit_baseline_w000730,6000000000000007175,35,Super Stacker,2020-02-15T17:30:31+08:00,2020-02-15T18:10:31+08:00,2020-02-15T18:19:07+08:00,False,6.0,1747.0,6278.0,116.378965,39.869538,116.372167,39.877886
profit_baseline,profit_baseline_w000730,6000000000000007019,35,Super Stacker,2020-02-15T17:39:32+08:00,2020-02-15T18:20:32+08:00,2020-02-15T18:19:07+08:00,True,6.0,1747.0,6278.0,116.378965,39.869538,116.39337700000002,39.876896
profit_baseline,profit_baseline_w000763,6000000000000007130,35,Super Stacker,2020-02-15T18:03:57+08:00,2020-02-15T19:21:57+08:00,2020-02-15T19:21:43+08:00,True,10.0,3703.0,14433.0,116.402228,39.872605,116.397337,39.902406
profit_baseline,profit_baseline_w000763,6000000000000008333,35,Super Stacker,2020-02-15T18:29:21+08:00,2020-02-15T19:26:21+08:00,2020-02-15T19:21:43+08:00,True,6.0,3703.0,14433.0,116.385327,39.882987,116.380277,39.874046
profit_baseline,profit_baseline_w000842,6000000000000008464,35,Super Stacker,2020-02-15T19:03:30+08:00,2020-02-15T19:48:30+08:00,2020-02-15T19:59:50+08:00,False,6.0,1790.0,6455.0,116.36736,39.877458,116.380437,39.879376
profit_baseline,profit_baseline_w000842,6000000000000007906,35,Super Stacker,2020-02-15T19:10:04+08:00,2020-02-15T19:54:06+08:00,2020-02-15T19:59:50+08:00,False,6.0,1790.0,6455.0,116.378967,39.869536,116.371787,39.877876
profit_baseline,profit_baseline_w000880,6000000000000008934,35,Super Stacker,2020-02-15T19:50:36+08:00,2020-02-15T20:23:36+08:00,2020-02-15T20:12:21+08:00,True,3.0,741.0,2589.0,116.358759,39.865741,116.357577,39.865516
profit_baseline,profit_baseline_w000031,6000000000000000348,36,Super Stacker,2020-02-15T08:33:39+08:00,2020-02-15T10:15:00+08:00,2020-02-15T08:50:38+08:00,True,6.0,1238.0,4656.0,116.368498,40.077757,116.351167,40.077466
profit_baseline,profit_baseline_w000117,6000000000000000603,36,Super Stacker,2020-02-15T09:48:29+08:00,2020-02-15T10:27:29+08:00,2020-02-15T10:23:49+08:00,True,6.0,2029.0,7451.0,116.357252,40.073895,116.364297,40.085386
profit_baseline,profit_baseline_w000117,6000000000000000606,36,Super Stacker,2020-02-15T09:50:44+08:00,2020-02-15T10:37:44+08:00,2020-02-15T10:23:49+08:00,True,6.0,2029.0,7451.0,116.34936700000002,40.071692,116.361127,40.078376
profit_baseline,profit_baseline_w000170,6000000000000000889,36,Super Stacker,2020-02-15T10:14:34+08:00,2020-02-15T10:50:34+08:00,2020-02-15T11:16:23+08:00,False,3.0,2783.0,10598.0,116.357187,40.082356,116.363947,40.083386
profit_baseline,profit_baseline_w000170,6000000000000001051,36,Super Stacker,2020-02-15T10:30:08+08:00,2020-02-15T11:20:08+08:00,2020-02-15T11:16:23+08:00,True,10.0,2783.0,10598.0,116.34936700000002,40.071692,116.31417700000002,40.084486
profit_baseline,profit_baseline_w000247,6000000000000001487,36,Super Stacker,2020-02-15T11:21:42+08:00,2020-02-15T12:12:42+08:00,2020-02-15T12:06:55+08:00,True,6.0,2815.0,10731.0,116.336583,40.07912,116.357977,40.081606
profit_baseline,profit_baseline_w000247,6000000000000002184,36,Super Stacker,2020-02-15T11:24:04+08:00,2020-02-15T12:30:00+08:00,2020-02-15T12:06:55+08:00,True,10.0,2815.0,10731.0,116.314101,40.076264,116.351937,40.074046
profit_baseline,profit_baseline_w000300,6000000000000003163,36,Super Stacker,2020-02-15T11:54:23+08:00,2020-02-15T12:48:23+08:00,2020-02-15T12:45:07+08:00,True,6.0,2107.0,7779.0,116.348128,40.081539,116.323707,40.066256
profit_baseline,profit_baseline_w000300,6000000000000002499,36,Super Stacker,2020-02-15T11:56:15+08:00,2020-02-15T12:49:15+08:00,2020-02-15T12:45:07+08:00,True,6.0,2107.0,7779.0,116.344643,40.079313,116.334517,40.070766
profit_baseline,profit_baseline_w000354,6000000000000003309,36,Super Stacker,2020-02-15T12:42:15+08:00,2020-02-15T13:17:15+08:00,2020-02-15T13:05:24+08:00,True,3.0,924.0,3350.0,116.325863,40.078247,116.319977,40.077756
profit_baseline,profit_baseline_w000374,6000000000000004098,36,Super Stacker,2020-02-15T13:09:33+08:00,2020-02-15T13:47:33+08:00,2020-02-15T13:36:33+08:00,True,3.0,1593.0,5634.0,116.320835,40.07725,116.317737,40.082686
profit_baseline,profit_baseline_w000374,6000000000000004033,36,Super Stacker,2020-02-15T13:17:05+08:00,2020-02-15T14:02:05+08:00,2020-02-15T13:36:33+08:00,True,6.0,1593.0,5634.0,116.319367,40.077666,116.335677,40.090886
profit_baseline,profit_baseline_w000432,6000000000000004520,36,Super Stacker,2020-02-15T13:38:49+08:00,2020-02-15T14:09:49+08:00,2020-02-15T13:53:35+08:00,True,3.0,815.0,2893.0,116.32247,40.078633,116.319907,40.080036
profit_baseline,profit_baseline_w000451,6000000000000004206,36,Super Stacker,2020-02-15T13:35:16+08:00,2020-02-15T14:20:16+08:00,2020-02-15T14:25:44+08:00,False,6.0,1544.0,5433.0,116.314101,40.076264,116.331057,40.072726
profit_baseline,profit_baseline_w000451,6000000000000004600,36,Super Stacker,2020-02-15T13:44:54+08:00,2020-02-15T14:25:54+08:00,2020-02-15T14:25:44+08:00,True,3.0,1544.0,5433.0,116.322293,40.078641,116.320037,40.075626
profit_baseline,profit_baseline_w000495,6000000000000005144,36,Super Stacker,2020-02-15T14:21:39+08:00,2020-02-15T15:04:51+08:00,2020-02-15T14:58:44+08:00,True,6.0,1724.0,6183.0,116.328327,40.071136,116.320497,40.081666
profit_baseline,profit_baseline_w000495,6000000000000005221,36,Super Stacker,2020-02-15T14:33:38+08:00,2020-02-15T15:12:56+08:00,2020-02-15T14:58:44+08:00,True,6.0,1724.0,6183.0,116.326607,40.074416,116.307337,40.078176
profit_baseline,profit_baseline_w000526,6000000000000005005,36,Super Stacker,2020-02-15T14:43:47+08:00,2020-02-15T15:28:47+08:00,2020-02-15T15:46:14+08:00,False,6.0,2774.0,10557.0,116.320835,40.07725,116.306897,40.085056
profit_baseline,profit_baseline_w000526,6000000000000005422,36,Super Stacker,2020-02-15T15:07:16+08:00,2020-02-15T16:13:16+08:00,2020-02-15T15:46:14+08:00,True,6.0,2774.0,10557.0,116.30906,40.075243,116.332917,40.071696
profit_baseline,profit_baseline_w000587,6000000000000005372,36,Super Stacker,2020-02-15T15:28:20+08:00,2020-02-15T16:16:20+08:00,2020-02-15T16:43:34+08:00,False,6.0,3214.0,12390.0,116.348469,40.072231,116.344917,40.062646
profit_baseline,profit_baseline_w000587,6000000000000005979,36,Super Stacker,2020-02-15T15:55:18+08:00,2020-02-15T16:31:18+08:00,2020-02-15T16:43:34+08:00,False,6.0,3214.0,12390.0,116.326609,40.07442,116.339207,40.085696
profit_baseline,profit_baseline_w000649,6000000000000006198,36,Super Stacker,2020-02-15T16:29:32+08:00,2020-02-15T17:15:00+08:00,2020-02-15T17:07:34+08:00,True,3.0,1054.0,3394.0,116.344569,40.082519,116.349957,40.082406
profit_baseline,profit_baseline_w000649,6000000000000006208,36,Super Stacker,2020-02-15T16:37:49+08:00,2020-02-15T17:21:49+08:00,2020-02-15T17:07:34+08:00,True,6.0,1054.0,3394.0,116.348128,40.081539,116.354947,40.073616
profit_baseline,profit_baseline_w000678,6000000000000006167,36,Super Stacker,2020-02-15T16:48:33+08:00,2020-02-15T17:22:33+08:00,2020-02-15T17:27:14+08:00,False,6.0,1034.0,3306.0,116.344569,40.082519,116.356807,40.082656
profit_baseline,profit_baseline_w000678,6000000000000006227,36,Super Stacker,2020-02-15T16:55:17+08:00,2020-02-15T17:31:17+08:00,2020-02-15T17:27:14+08:00,True,6.0,1034.0,3306.0,116.344569,40.082519,116.357017,40.082426
profit_baseline,profit_baseline_w000704,6000000000000006851,36,Super Stacker,2020-02-15T17:05:55+08:00,2020-02-15T17:42:55+08:00,2020-02-15T17:50:01+08:00,False,6.0,1201.0,4000.0,116.348568,40.072136,116.357867,40.077726
profit_baseline,profit_baseline_w000704,6000000000000006845,36,Super Stacker,2020-02-15T17:02:29+08:00,2020-02-15T17:45:29+08:00,2020-02-15T17:50:01+08:00,False,6.0,1201.0,4000.0,116.349112,40.071893,116.358167,40.081236
profit_baseline,profit_baseline_w000739,6000000000000006675,36,Super Stacker,2020-02-15T17:33:16+08:00,2020-02-15T18:22:16+08:00,2020-02-15T18:28:50+08:00,False,6.0,1730.0,6213.0,116.348128,40.081539,116.333957,40.064156
profit_baseline,profit_baseline_w000739,6000000000000007459,36,Super Stacker,2020-02-15T18:02:32+08:00,2020-02-15T18:49:32+08:00,2020-02-15T18:28:50+08:00,True,6.0,1730.0,6213.0,116.348128,40.081539,116.342427,40.065796
profit_baseline,profit_baseline_w000778,6000000000000008005,36,Super Stacker,2020-02-15T18:21:48+08:00,2020-02-15T19:07:48+08:00,2020-02-15T18:57:22+08:00,True,6.0,1642.0,5842.0,116.336347,40.078986,116.357957,40.073796
profit_baseline,profit_baseline_w000778,6000000000000008336,36,Super Stacker,2020-02-15T18:35:02+08:00,2020-02-15T19:15:02+08:00,2020-02-15T18:57:22+08:00,True,3.0,1642.0,5842.0,116.348261,40.071948,116.357957,40.073796
profit_baseline,profit_baseline_w000809,6000000000000008504,36,Super Stacker,2020-02-15T18:47:49+08:00,2020-02-15T19:34:49+08:00,2020-02-15T19:26:45+08:00,True,6.0,1605.0,5689.0,116.348469,40.072231,116.347997,40.081506
profit_baseline,profit_baseline_w000809,6000000000000008453,36,Super Stacker,2020-02-15T18:54:56+08:00,2020-02-15T19:44:56+08:00,2020-02-15T19:26:45+08:00,True,6.0,1605.0,5689.0,116.348747,40.074475,116.370877,40.076876
profit_baseline,profit_baseline_w000847,6000000000000008135,36,Super Stacker,2020-02-15T19:15:26+08:00,2020-02-15T20:05:26+08:00,2020-02-15T19:51:13+08:00,True,6.0,1273.0,4805.0,116.348469,40.072231,116.357577,40.083636
profit_baseline,profit_baseline_w000877,6000000000000008859,36,Super Stacker,2020-02-15T19:45:07+08:00,2020-02-15T20:27:07+08:00,2020-02-15T20:21:48+08:00,True,6.0,1308.0,4951.0,116.348568,40.072136,116.357147,40.085476
profit_baseline,profit_baseline_w000015,6000000000000000242,37,Super Stacker,2020-02-15T08:29:20+08:00,2020-02-15T10:15:00+08:00,2020-02-15T08:37:32+08:00,True,6.0,1052.0,3883.0,116.408074,39.961742,116.432497,39.968486
profit_baseline,profit_baseline_w000037,6000000000000000155,37,Super Stacker,2020-02-15T08:10:53+08:00,2020-02-15T09:12:53+08:00,2020-02-15T09:25:07+08:00,False,6.0,2707.0,10281.0,116.436007,39.955315,116.434687,39.944116
profit_baseline,profit_baseline_w000037,6000000000000000506,37,Super Stacker,2020-02-15T08:44:26+08:00,2020-02-15T09:18:26+08:00,2020-02-15T09:25:07+08:00,False,3.0,2707.0,10281.0,116.434102,39.96412,116.429887,39.957316
profit_baseline,profit_baseline_w000096,6000000000000000466,37,Super Stacker,2020-02-15T09:11:50+08:00,2020-02-15T12:11:50+08:00,2020-02-15T09:51:03+08:00,True,3.0,1263.0,4259.0,116.435008,39.965337,116.435707,39.966216
profit_baseline,profit_baseline_w000096,6000000000000000602,37,Super Stacker,2020-02-15T09:18:52+08:00,2020-02-15T12:18:52+08:00,2020-02-15T09:51:03+08:00,True,6.0,1263.0,4259.0,116.435008,39.965337,116.431207,39.977596
profit_baseline,profit_baseline_w000133,6000000000000000529,37,Super Stacker,2020-02-15T09:41:52+08:00,2020-02-15T10:11:52+08:00,2020-02-15T10:24:04+08:00,False,3.0,1444.0,5018.0,116.441987,39.970776,116.434007,39.970166
profit_baseline,profit_baseline_w000133,6000000000000000272,37,Super Stacker,2020-02-15T09:48:59+08:00,2020-02-15T10:28:59+08:00,2020-02-15T10:24:04+08:00,True,3.0,1444.0,5018.0,116.437347,39.970847,116.447247,39.968456
profit_baseline,profit_baseline_w000171,6000000000000001272,37,Super Stacker,2020-02-15T10:31:43+08:00,2020-02-15T11:39:43+08:00,2020-02-15T11:33:04+08:00,True,6.0,3784.0,14764.0,116.453655,39.960951,116.460077,39.945826
profit_baseline,profit_baseline_w000171,6000000000000001198,37,Super Stacker,2020-02-15T10:03:11+08:00,2020-02-15T13:02:11+08:00,2020-02-15T11:33:04+08:00,True,3.0,3784.0,14764.0,116.450694,39.9779,116.448007,39.980456
profit_baseline,profit_baseline_w000270,6000000000000002273,37,Super Stacker,2020-02-15T11:27:29+08:00,2020-02-15T12:13:29+08:00,2020-02-15T12:48:58+08:00,False,6.0,4138.0,16241.0,116.458841,39.991924,116.468037,39.980596
profit_baseline,profit_baseline_w000270,6000000000000002214,37,Super Stacker,2020-02-15T11:34:14+08:00,2020-02-15T12:27:14+08:00,2020-02-15T12:48:58+08:00,False,6.0,4138.0,16241.0,116.437575,39.970377,116.423397,39.966306
profit_baseline,profit_baseline_w000360,6000000000000003674,37,Super Stacker,2020-02-15T12:24:28+08:00,2020-02-15T13:00:28+08:00,2020-02-15T13:43:06+08:00,False,6.0,3186.0,12276.0,116.40052,39.966067,116.415617,39.967396
profit_baseline,profit_baseline_w000360,6000000000000003855,37,Super Stacker,2020-02-15T12:39:24+08:00,2020-02-15T13:21:24+08:00,2020-02-15T13:43:06+08:00,False,6.0,3186.0,12276.0,116.438329,39.970052,116.430967,39.977476
profit_baseline,profit_baseline_w000444,6000000000000004531,37,Super Stacker,2020-02-15T13:53:53+08:00,2020-02-15T14:32:53+08:00,2020-02-15T14:21:05+08:00,True,6.0,1865.0,7270.0,116.439968,39.965399,116.466037,39.981946
profit_baseline,profit_baseline_w000498,6000000000000004856,37,Super Stacker,2020-02-15T14:25:10+08:00,2020-02-15T15:04:10+08:00,2020-02-15T14:59:19+08:00,True,6.0,1759.0,6327.0,116.468042,39.989419,116.458867,39.995586
profit_baseline,profit_baseline_w000498,6000000000000004920,37,Super Stacker,2020-02-15T14:23:53+08:00,2020-02-15T15:05:53+08:00,2020-02-15T14:59:19+08:00,True,6.0,1759.0,6327.0,116.468042,39.989419,116.455147,39.978216
profit_baseline,profit_baseline_w000529,6000000000000005401,37,Super Stacker,2020-02-15T14:53:07+08:00,2020-02-15T15:23:07+08:00,2020-02-15T15:59:32+08:00,False,6.0,3572.0,13885.0,116.473284,39.97545,116.475827,39.961426
profit_baseline,profit_baseline_w000529,6000000000000005531,37,Super Stacker,2020-02-15T14:54:37+08:00,2020-02-15T17:54:37+08:00,2020-02-15T15:59:32+08:00,True,3.0,3572.0,13885.0,116.450694,39.9779,116.461377,39.978256
profit_baseline,profit_baseline_w000600,6000000000000005332,37,Super Stacker,2020-02-15T15:30:36+08:00,2020-02-15T16:00:36+08:00,2020-02-15T17:04:45+08:00,False,6.0,3885.0,15185.0,116.480197,39.980318,116.495337,39.977996
profit_baseline,profit_baseline_w000600,6000000000000006116,37,Super Stacker,2020-02-15T15:33:14+08:00,2020-02-15T18:32:14+08:00,2020-02-15T17:04:45+08:00,True,6.0,3885.0,15185.0,116.450694,39.9779,116.469707,39.984276
profit_baseline,profit_baseline_w000671,6000000000000006162,37,Super Stacker,2020-02-15T16:42:25+08:00,2020-02-15T17:26:25+08:00,2020-02-15T17:30:08+08:00,False,3.0,1208.0,4035.0,116.472074,39.98896,116.467667,39.989686
profit_baseline,profit_baseline_w000671,6000000000000006708,37,Super Stacker,2020-02-15T16:58:24+08:00,2020-02-15T17:29:24+08:00,2020-02-15T17:30:08+08:00,False,3.0,1208.0,4035.0,116.47224,39.988907,116.471677,39.986416
profit_baseline,profit_baseline_w000709,6000000000000006468,37,Super Stacker,2020-02-15T17:16:27+08:00,2020-02-15T17:54:27+08:00,2020-02-15T18:18:15+08:00,False,3.0,2295.0,8563.0,116.472585,39.989308,116.471587,39.995746
profit_baseline,profit_baseline_w000709,6000000000000006666,37,Super Stacker,2020-02-15T17:24:34+08:00,2020-02-15T17:59:34+08:00,2020-02-15T18:18:15+08:00,False,6.0,2295.0,8563.0,116.476867,39.98392,116.470367,39.971146
profit_baseline,profit_baseline_w000770,6000000000000007749,37,Super Stacker,2020-02-15T18:25:32+08:00,2020-02-15T19:10:32+08:00,2020-02-15T19:48:26+08:00,False,6.0,5306.0,21108.0,116.492887,39.970276,116.497707,39.954856
profit_baseline,profit_baseline_w000770,6000000000000008209,37,Super Stacker,2020-02-15T18:25:31+08:00,2020-02-15T21:25:31+08:00,2020-02-15T19:48:26+08:00,True,6.0,5306.0,21108.0,116.450694,39.9779,116.464297,39.987706
profit_baseline,profit_baseline_w000860,6000000000000008938,37,Super Stacker,2020-02-15T19:58:21+08:00,2020-02-15T20:38:21+08:00,2020-02-15T20:24:44+08:00,True,6.0,2084.0,7685.0,116.462413,39.990947,116.447747,39.981106
profit_baseline,profit_baseline_w000860,6000000000000009052,37,Super Stacker,2020-02-15T19:54:50+08:00,2020-02-15T20:48:50+08:00,2020-02-15T20:24:44+08:00,True,6.0,2084.0,7685.0,116.464766,39.988321,116.472407,39.969096
profit_baseline,profit_baseline_w000003,6000000000000000557,38,Super Stacker,2020-02-15T08:04:41+08:00,2020-02-15T10:45:00+08:00,2020-02-15T08:14:42+08:00,True,3.0,882.0,3178.0,116.464045,39.89318,116.463927,39.885486
profit_baseline,profit_baseline_w000016,6000000000000000339,38,Super Stacker,2020-02-15T08:14:41+08:00,2020-02-15T08:52:41+08:00,2020-02-15T08:42:48+08:00,True,3.0,1368.0,4701.0,116.455166,39.890279,116.456077,39.890396
profit_baseline,profit_baseline_w000016,6000000000000000502,38,Super Stacker,2020-02-15T08:21:43+08:00,2020-02-15T09:01:43+08:00,2020-02-15T08:42:48+08:00,True,6.0,1368.0,4701.0,116.45922600000002,39.890149,116.461037,39.873846
profit_baseline,profit_baseline_w000068,6000000000000000574,38,Super Stacker,2020-02-15T09:16:54+08:00,2020-02-15T10:45:00+08:00,2020-02-15T09:52:26+08:00,True,6.0,2546.0,9611.0,116.468374,39.883906,116.442707,39.883246
profit_baseline,profit_baseline_w000068,6000000000000000530,38,Super Stacker,2020-02-15T09:15:03+08:00,2020-02-15T12:15:03+08:00,2020-02-15T09:52:26+08:00,True,6.0,2546.0,9611.0,116.452478,39.884308,116.468137,39.897316
profit_baseline,profit_baseline_w000148,6000000000000000421,38,Super Stacker,2020-02-15T09:52:03+08:00,2020-02-15T10:22:04+08:00,2020-02-15T10:57:46+08:00,False,3.0,2866.0,10944.0,116.45064800000002,39.896061,116.448567,39.895566
profit_baseline,profit_baseline_w000148,6000000000000000473,38,Super Stacker,2020-02-15T09:53:54+08:00,2020-02-15T10:28:54+08:00,2020-02-15T10:57:46+08:00,False,3.0,2866.0,10944.0,116.467167,39.88449,116.467207,39.886696
profit_baseline,profit_baseline_w000208,6000000000000001055,38,Super Stacker,2020-02-15T10:34:41+08:00,2020-02-15T11:15:41+08:00,2020-02-15T11:17:10+08:00,False,3.0,1030.0,3292.0,116.47012,39.892838,116.474227,39.890596
profit_baseline,profit_baseline_w000208,6000000000000001205,38,Super Stacker,2020-02-15T10:36:35+08:00,2020-02-15T11:20:35+08:00,2020-02-15T11:17:10+08:00,True,3.0,1030.0,3292.0,116.470015,39.892929,116.473937,39.889646
profit_baseline,profit_baseline_w000240,6000000000000001023,38,Super Stacker,2020-02-15T11:00:02+08:00,2020-02-15T11:44:02+08:00,2020-02-15T12:10:16+08:00,False,6.0,3016.0,11567.0,116.459747,39.890366,116.471367,39.874206
profit_baseline,profit_baseline_w000240,6000000000000001082,38,Super Stacker,2020-02-15T10:51:30+08:00,2020-02-15T11:46:30+08:00,2020-02-15T12:10:16+08:00,False,6.0,3016.0,11567.0,116.469583,39.892722,116.440787,39.880816
profit_baseline,profit_baseline_w000309,6000000000000002659,38,Super Stacker,2020-02-15T12:06:38+08:00,2020-02-15T12:36:38+08:00,2020-02-15T12:48:06+08:00,False,3.0,1686.0,6028.0,116.446276,39.879354,116.448727,39.880966
profit_baseline,profit_baseline_w000309,6000000000000002940,38,Super Stacker,2020-02-15T12:02:27+08:00,2020-02-15T12:37:27+08:00,2020-02-15T12:48:06+08:00,False,3.0,1686.0,6028.0,116.440794,39.880851,116.447237,39.881496
profit_baseline,profit_baseline_w000355,6000000000000003601,38,Super Stacker,2020-02-15T12:30:27+08:00,2020-02-15T13:03:27+08:00,2020-02-15T13:16:36+08:00,False,3.0,1596.0,5648.0,116.458552,39.890743,116.455477,39.889716
profit_baseline,profit_baseline_w000355,6000000000000003825,38,Super Stacker,2020-02-15T12:29:11+08:00,2020-02-15T13:07:11+08:00,2020-02-15T13:16:36+08:00,False,3.0,1596.0,5648.0,116.458463,39.88285,116.457287,39.879406
profit_baseline,profit_baseline_w000398,6000000000000003521,38,Super Stacker,2020-02-15T13:00:33+08:00,2020-02-15T13:35:33+08:00,2020-02-15T13:27:03+08:00,True,3.0,423.0,1262.0,116.452081,39.883094,116.455047,39.881386
profit_baseline,profit_baseline_w000412,6000000000000003795,38,Super Stacker,2020-02-15T13:00:31+08:00,2020-02-15T13:48:31+08:00,2020-02-15T13:46:28+08:00,True,6.0,988.0,3614.0,116.460707,39.883136,116.460207,39.893936
profit_baseline,profit_baseline_w000439,6000000000000004658,38,Super Stacker,2020-02-15T13:34:32+08:00,2020-02-15T14:08:32+08:00,2020-02-15T14:06:48+08:00,True,6.0,1008.0,3700.0,116.458552,39.890743,116.475027,39.897836
profit_baseline,profit_baseline_w000466,6000000000000003964,38,Super Stacker,2020-02-15T13:47:40+08:00,2020-02-15T14:29:40+08:00,2020-02-15T15:05:52+08:00,False,3.0,3352.0,12965.0,116.469583,39.892722,116.476227,39.893236
profit_baseline,profit_baseline_w000466,6000000000000004773,38,Super Stacker,2020-02-15T13:42:50+08:00,2020-02-15T14:31:50+08:00,2020-02-15T15:05:52+08:00,False,6.0,3352.0,12965.0,116.469127,39.909206,116.467417,39.925076
profit_baseline,profit_baseline_w000545,6000000000000005339,38,Super Stacker,2020-02-15T14:53:27+08:00,2020-02-15T15:49:27+08:00,2020-02-15T15:37:59+08:00,True,6.0,1679.0,5997.0,116.481502,39.915072,116.493777,39.911226
profit_baseline,profit_baseline_w000545,6000000000000005522,38,Super Stacker,2020-02-15T15:14:55+08:00,2020-02-15T16:05:55+08:00,2020-02-15T15:37:59+08:00,True,6.0,1679.0,5997.0,116.48582,39.916193,116.502277,39.910776
profit_baseline,profit_baseline_w000572,6000000000000005425,38,Super Stacker,2020-02-15T15:18:00+08:00,2020-02-15T15:48:00+08:00,2020-02-15T15:55:46+08:00,False,6.0,946.0,2939.0,116.495134,39.914462,116.490287,39.922656
profit_baseline,profit_baseline_w000572,6000000000000005564,38,Super Stacker,2020-02-15T15:15:41+08:00,2020-02-15T15:57:41+08:00,2020-02-15T15:55:46+08:00,True,6.0,946.0,2939.0,116.49568,39.914159,116.489407,39.922866
profit_baseline,profit_baseline_w000605,6000000000000005545,38,Super Stacker,2020-02-15T15:44:29+08:00,2020-02-15T16:36:29+08:00,2020-02-15T16:19:22+08:00,True,6.0,1162.0,4345.0,116.471286,39.914835,116.483517,39.917316
profit_baseline,profit_baseline_w000616,6000000000000005747,38,Super Stacker,2020-02-15T15:55:13+08:00,2020-02-15T16:29:13+08:00,2020-02-15T17:02:19+08:00,False,3.0,2539.0,9575.0,116.479348,39.910881,116.484777,39.915746
profit_baseline,profit_baseline_w000616,6000000000000005776,38,Super Stacker,2020-02-15T16:22:34+08:00,2020-02-15T16:58:34+08:00,2020-02-15T17:02:19+08:00,False,3.0,2539.0,9575.0,116.491684,39.923499,116.493407,39.923066
profit_baseline,profit_baseline_w000669,6000000000000006548,38,Super Stacker,2020-02-15T16:45:01+08:00,2020-02-15T17:24:01+08:00,2020-02-15T17:42:25+08:00,False,3.0,1945.0,7104.0,116.491087,39.921482,116.486517,39.922036
profit_baseline,profit_baseline_w000669,6000000000000006558,38,Super Stacker,2020-02-15T16:47:35+08:00,2020-02-15T17:34:35+08:00,2020-02-15T17:42:25+08:00,False,3.0,1945.0,7104.0,116.491684,39.923499,116.489777,39.926916
profit_baseline,profit_baseline_w000723,6000000000000007016,38,Super Stacker,2020-02-15T17:34:19+08:00,2020-02-15T18:10:19+08:00,2020-02-15T18:24:58+08:00,False,3.0,2098.0,7739.0,116.491768,39.926461,116.488527,39.927096
profit_baseline,profit_baseline_w000723,6000000000000007305,38,Super Stacker,2020-02-15T17:31:15+08:00,2020-02-15T18:11:15+08:00,2020-02-15T18:24:58+08:00,False,3.0,2098.0,7739.0,116.486896,39.927424,116.488827,39.922416
profit_baseline,profit_baseline_w000774,6000000000000007269,38,Super Stacker,2020-02-15T18:01:55+08:00,2020-02-15T18:44:55+08:00,2020-02-15T19:14:14+08:00,False,3.0,2654.0,10057.0,116.493923,39.915282,116.495047,39.915886
profit_baseline,profit_baseline_w000774,6000000000000007132,38,Super Stacker,2020-02-15T18:04:40+08:00,2020-02-15T18:54:40+08:00,2020-02-15T19:14:14+08:00,False,6.0,2654.0,10057.0,116.491645,39.924321,116.511697,39.922246
profit_baseline,profit_baseline_w000831,6000000000000008281,38,Super Stacker,2020-02-15T19:01:28+08:00,2020-02-15T19:40:28+08:00,2020-02-15T20:00:21+08:00,False,3.0,2421.0,9087.0,116.521328,39.916693,116.512827,39.913026
profit_baseline,profit_baseline_w000831,6000000000000008368,38,Super Stacker,2020-02-15T18:56:05+08:00,2020-02-15T19:51:05+08:00,2020-02-15T20:00:21+08:00,False,6.0,2421.0,9087.0,116.504756,39.932538,116.511307,39.914766
profit_baseline,profit_baseline_w000042,6000000000000000387,39,Super Stacker,2020-02-15T08:40:53+08:00,2020-02-15T09:33:53+08:00,2020-02-15T09:15:50+08:00,True,6.0,2150.0,8458.0,116.332098,40.006788,116.327577,40.025756
profit_baseline,profit_baseline_w000110,6000000000000000468,39,Super Stacker,2020-02-15T09:49:35+08:00,2020-02-15T11:11:35+08:00,2020-02-15T10:06:33+08:00,True,6.0,1593.0,6138.0,116.327938,40.041177,116.334657,40.053376
profit_baseline,profit_baseline_w000149,6000000000000000536,39,Super Stacker,2020-02-15T09:50:53+08:00,2020-02-15T11:12:53+08:00,2020-02-15T10:37:45+08:00,True,6.0,1665.0,6438.0,116.327938,40.041177,116.318567,40.057896
profit_baseline,profit_baseline_w000189,6000000000000000842,39,Super Stacker,2020-02-15T10:30:34+08:00,2020-02-15T11:26:34+08:00,2020-02-15T11:07:34+08:00,True,6.0,1654.0,6393.0,116.303899,40.067199,116.302127,40.048646
profit_baseline,profit_baseline_w000230,6000000000000002143,39,Super Stacker,2020-02-15T11:15:36+08:00,2020-02-15T11:49:36+08:00,2020-02-15T12:18:56+08:00,False,6.0,4136.0,16233.0,116.320696,40.050245,116.321977,40.038496
profit_baseline,profit_baseline_w000230,6000000000000001585,39,Super Stacker,2020-02-15T11:13:18+08:00,2020-02-15T11:50:18+08:00,2020-02-15T12:18:56+08:00,False,3.0,4136.0,16233.0,116.293209,40.053724,116.295127,40.050536
profit_baseline,profit_baseline_w000313,6000000000000002397,39,Super Stacker,2020-02-15T11:50:51+08:00,2020-02-15T12:31:51+08:00,2020-02-15T12:52:53+08:00,False,6.0,1973.0,7223.0,116.295825,40.042391,116.304187,40.051006
profit_baseline,profit_baseline_w000313,6000000000000003168,39,Super Stacker,2020-02-15T11:55:18+08:00,2020-02-15T12:37:18+08:00,2020-02-15T12:52:53+08:00,False,6.0,1973.0,7223.0,116.295753,40.042107,116.279217,40.040686
profit_baseline,profit_baseline_w000368,6000000000000002690,39,Super Stacker,2020-02-15T12:33:51+08:00,2020-02-15T13:16:51+08:00,2020-02-15T13:27:42+08:00,False,6.0,1662.0,5921.0,116.291958,40.042893,116.299497,40.050156
profit_baseline,profit_baseline_w000368,6000000000000002696,39,Super Stacker,2020-02-15T12:40:13+08:00,2020-02-15T13:18:13+08:00,2020-02-15T13:27:42+08:00,False,6.0,1662.0,5921.0,116.292116,40.042699,116.304937,40.035966
profit_baseline,profit_baseline_w000411,6000000000000004025,39,Super Stacker,2020-02-15T13:13:43+08:00,2020-02-15T13:44:43+08:00,2020-02-15T13:58:01+08:00,False,3.0,1681.0,6010.0,116.309362,40.031629,116.312977,40.039446
profit_baseline,profit_baseline_w000411,6000000000000004491,39,Super Stacker,2020-02-15T13:10:39+08:00,2020-02-15T13:52:39+08:00,2020-02-15T13:58:01+08:00,False,6.0,1681.0,6010.0,116.302073,40.030335,116.312267,40.040886
profit_baseline,profit_baseline_w000459,6000000000000004150,39,Super Stacker,2020-02-15T13:42:47+08:00,2020-02-15T14:23:47+08:00,2020-02-15T14:45:09+08:00,False,6.0,2709.0,10289.0,116.309849,40.031112,116.322037,40.031876
profit_baseline,profit_baseline_w000459,6000000000000003965,39,Super Stacker,2020-02-15T13:47:51+08:00,2020-02-15T14:24:51+08:00,2020-02-15T14:45:09+08:00,False,6.0,2709.0,10289.0,116.301516,40.027451,116.303527,40.036746
profit_baseline,profit_baseline_w000516,6000000000000004866,39,Super Stacker,2020-02-15T14:32:17+08:00,2020-02-15T15:36:18+08:00,2020-02-15T15:36:08+08:00,True,6.0,2768.0,10531.0,116.301542,40.02805,116.311217,40.035336
profit_baseline,profit_baseline_w000516,6000000000000005512,39,Super Stacker,2020-02-15T14:39:26+08:00,2020-02-15T17:39:26+08:00,2020-02-15T15:36:08+08:00,True,6.0,2768.0,10531.0,116.303914,40.048656,116.297587,40.056256
profit_baseline,profit_baseline_w000583,6000000000000005428,39,Super Stacker,2020-02-15T15:18:33+08:00,2020-02-15T16:15:33+08:00,2020-02-15T16:11:26+08:00,True,10.0,1886.0,7362.0,116.293857,40.041673,116.266627,40.065406
profit_baseline,profit_baseline_w000175,6000000000000000711,40,Super Stacker,2020-02-15T10:36:25+08:00,2020-02-15T11:08:25+08:00,2020-02-15T11:40:12+08:00,False,3.0,4212.0,16550.0,116.285057,39.886239,116.282757,39.887086
profit_baseline,profit_baseline_w000175,6000000000000000794,40,Super Stacker,2020-02-15T10:38:38+08:00,2020-02-15T11:19:38+08:00,2020-02-15T11:40:12+08:00,False,6.0,4212.0,16550.0,116.245371,39.888885,116.239457,39.874656
profit_baseline,profit_baseline_w000277,6000000000000002189,40,Super Stacker,2020-02-15T11:25:01+08:00,2020-02-15T12:12:01+08:00,2020-02-15T12:28:03+08:00,False,6.0,2283.0,8518.0,116.246047,39.888859,116.239327,39.876936
profit_baseline,profit_baseline_w000277,6000000000000002524,40,Super Stacker,2020-02-15T11:32:23+08:00,2020-02-15T12:29:23+08:00,2020-02-15T12:28:03+08:00,True,6.0,2283.0,8518.0,116.24185500000002,39.874994,116.245637,39.890256
profit_baseline,profit_baseline_w000321,6000000000000003211,40,Super Stacker,2020-02-15T12:10:16+08:00,2020-02-15T12:45:16+08:00,2020-02-15T13:05:29+08:00,False,6.0,2129.0,7871.0,116.24532,39.888758,116.238647,39.874666
profit_baseline,profit_baseline_w000321,6000000000000003031,40,Super Stacker,2020-02-15T12:07:31+08:00,2020-02-15T12:51:31+08:00,2020-02-15T13:05:29+08:00,False,6.0,2129.0,7871.0,116.244971,39.888776,116.223687,39.905526
profit_baseline,profit_baseline_w000378,6000000000000004579,40,Super Stacker,2020-02-15T12:54:20+08:00,2020-02-15T15:54:20+08:00,2020-02-15T13:20:40+08:00,True,3.0,640.0,2165.0,116.216416,39.904877,116.215267,39.897096
profit_baseline,profit_baseline_w000414,6000000000000004353,40,Super Stacker,2020-02-15T13:23:03+08:00,2020-02-15T13:53:03+08:00,2020-02-15T13:53:54+08:00,False,3.0,1434.0,4974.0,116.217317,39.903336,116.218507,39.898816
profit_baseline,profit_baseline_w000414,6000000000000004402,40,Super Stacker,2020-02-15T13:25:47+08:00,2020-02-15T16:25:47+08:00,2020-02-15T13:53:54+08:00,True,6.0,1434.0,4974.0,116.216416,39.904877,116.232187,39.892176
profit_baseline,profit_baseline_w000455,6000000000000004961,40,Super Stacker,2020-02-15T14:09:26+08:00,2020-02-15T14:50:26+08:00,2020-02-15T14:19:25+08:00,True,6.0,1165.0,4354.0,116.225899,39.901857,116.220497,39.890226
profit_baseline,profit_baseline_w000492,6000000000000004533,40,Super Stacker,2020-02-15T13:55:39+08:00,2020-02-15T14:25:39+08:00,2020-02-15T14:35:35+08:00,False,3.0,935.0,3395.0,116.214966,39.905178,116.218117,39.903826
profit_baseline,profit_baseline_w000505,6000000000000005113,40,Super Stacker,2020-02-15T14:33:48+08:00,2020-02-15T15:13:48+08:00,2020-02-15T15:24:51+08:00,False,6.0,2691.0,10208.0,116.225899,39.901857,116.214987,39.893516
profit_baseline,profit_baseline_w000505,6000000000000004878,40,Super Stacker,2020-02-15T14:40:43+08:00,2020-02-15T15:22:43+08:00,2020-02-15T15:24:51+08:00,False,6.0,2691.0,10208.0,116.227034,39.903247,116.223547,39.922166
profit_baseline,profit_baseline_w000565,6000000000000005532,40,Super Stacker,2020-02-15T15:24:42+08:00,2020-02-15T16:14:42+08:00,2020-02-15T16:05:03+08:00,True,6.0,2103.0,8260.0,116.24423,39.929229,116.241547,39.938416
profit_baseline,profit_baseline_w000640,6000000000000006228,40,Super Stacker,2020-02-15T16:45:42+08:00,2020-02-15T19:00:00+08:00,2020-02-15T17:11:04+08:00,True,6.0,1864.0,7265.0,116.23716,39.928156,116.258667,39.942316
profit_baseline,profit_baseline_w000697,6000000000000006726,40,Super Stacker,2020-02-15T17:12:42+08:00,2020-02-15T17:59:42+08:00,2020-02-15T17:59:35+08:00,True,6.0,2375.0,8896.0,116.243907,39.929996,116.254967,39.920726
profit_baseline,profit_baseline_w000697,6000000000000007223,40,Super Stacker,2020-02-15T17:28:01+08:00,2020-02-15T18:17:01+08:00,2020-02-15T17:59:35+08:00,True,6.0,2375.0,8896.0,116.243907,39.929996,116.246167,39.915646
profit_baseline,profit_baseline_w000746,6000000000000007815,40,Super Stacker,2020-02-15T18:04:31+08:00,2020-02-15T18:54:31+08:00,2020-02-15T18:29:37+08:00,True,6.0,1777.0,6403.0,116.254166,39.927445,116.241127,39.928936
profit_baseline,profit_baseline_w000746,6000000000000007275,40,Super Stacker,2020-02-15T18:05:30+08:00,2020-02-15T19:13:30+08:00,2020-02-15T18:29:37+08:00,True,6.0,1777.0,6403.0,116.243792,39.929568,116.219287,39.926376
profit_baseline,profit_baseline_w000052,6000000000000000509,41,Super Stacker,2020-02-15T08:57:22+08:00,2020-02-15T12:15:00+08:00,2020-02-15T09:12:39+08:00,True,6.0,1359.0,5165.0,116.327938,40.041177,116.311807,40.040916
profit_baseline,profit_baseline_w000083,6000000000000000316,41,Super Stacker,2020-02-15T09:12:52+08:00,2020-02-15T10:34:52+08:00,2020-02-15T09:42:22+08:00,True,6.0,1342.0,5092.0,116.327938,40.041177,116.31332700000002,40.057096
profit_baseline,profit_baseline_w000132,6000000000000000825,41,Super Stacker,2020-02-15T10:04:29+08:00,2020-02-15T10:48:29+08:00,2020-02-15T10:20:12+08:00,True,6.0,1212.0,4550.0,116.303709,40.052374,116.322127,40.044206
profit_baseline,profit_baseline_w000190,6000000000000001754,41,Super Stacker,2020-02-15T10:43:30+08:00,2020-02-15T13:43:30+08:00,2020-02-15T11:10:36+08:00,True,6.0,1836.0,7150.0,116.303914,40.048656,116.287077,40.031486
profit_baseline,profit_baseline_w000242,6000000000000002054,41,Super Stacker,2020-02-15T11:14:04+08:00,2020-02-15T11:54:04+08:00,2020-02-15T11:50:34+08:00,True,6.0,1834.0,6639.0,116.297423,40.035006,116.280757,40.032586
profit_baseline,profit_baseline_w000242,6000000000000001699,41,Super Stacker,2020-02-15T11:29:07+08:00,2020-02-15T12:04:07+08:00,2020-02-15T11:50:34+08:00,True,6.0,1834.0,6639.0,116.290526,40.0233,116.281497,40.031066
profit_baseline,profit_baseline_w000284,6000000000000002204,41,Super Stacker,2020-02-15T11:32:05+08:00,2020-02-15T12:12:05+08:00,2020-02-15T12:21:46+08:00,False,6.0,1306.0,4443.0,116.286864,40.032712,116.271707,40.042946
profit_baseline,profit_baseline_w000284,6000000000000001709,41,Super Stacker,2020-02-15T11:36:10+08:00,2020-02-15T12:19:10+08:00,2020-02-15T12:21:46+08:00,False,6.0,1306.0,4443.0,116.287514,40.032674,116.273847,40.043206
profit_baseline,profit_baseline_w000333,6000000000000003023,41,Super Stacker,2020-02-15T12:00:14+08:00,2020-02-15T12:44:14+08:00,2020-02-15T13:19:10+08:00,False,6.0,2950.0,11294.0,116.287514,40.032674,116.266327,40.026706
profit_baseline,profit_baseline_w000333,6000000000000003028,41,Super Stacker,2020-02-15T12:01:54+08:00,2020-02-15T12:48:54+08:00,2020-02-15T13:19:10+08:00,False,6.0,2950.0,11294.0,116.294008,40.041728,116.274177,40.049496
profit_baseline,profit_baseline_w000403,6000000000000003933,41,Super Stacker,2020-02-15T13:12:55+08:00,2020-02-15T13:45:55+08:00,2020-02-15T13:57:17+08:00,False,6.0,2237.0,8318.0,116.294008,40.041728,116.291987,40.053636
profit_baseline,profit_baseline_w000403,6000000000000004255,41,Super Stacker,2020-02-15T13:11:26+08:00,2020-02-15T13:55:26+08:00,2020-02-15T13:57:17+08:00,False,6.0,2237.0,8318.0,116.291487,40.052136,116.297677,40.066956
profit_baseline,profit_baseline_w000449,6000000000000004847,41,Super Stacker,2020-02-15T14:05:16+08:00,2020-02-15T14:47:16+08:00,2020-02-15T14:37:16+08:00,True,3.0,2236.0,8322.0,116.296088,40.065187,116.302997,40.062576
profit_baseline,profit_baseline_w000449,6000000000000004623,41,Super Stacker,2020-02-15T13:55:03+08:00,2020-02-15T14:53:03+08:00,2020-02-15T14:37:16+08:00,True,6.0,2236.0,8322.0,116.296088,40.065187,116.293747,40.078296
profit_baseline,profit_baseline_w000519,6000000000000004768,41,Super Stacker,2020-02-15T14:53:25+08:00,2020-02-15T15:36:25+08:00,2020-02-15T15:03:00+08:00,True,6.0,780.0,2749.0,116.306459,40.082356,116.309567,40.072456
profit_baseline,profit_baseline_w000537,6000000000000005260,41,Super Stacker,2020-02-15T15:03:30+08:00,2020-02-15T15:50:30+08:00,2020-02-15T15:38:12+08:00,True,3.0,1692.0,6050.0,116.309608,40.072971,116.312287,40.064586
profit_baseline,profit_baseline_w000537,6000000000000005361,41,Super Stacker,2020-02-15T15:15:29+08:00,2020-02-15T16:13:29+08:00,2020-02-15T15:38:12+08:00,True,6.0,1692.0,6050.0,116.30906,40.075243,116.324547,40.081286
profit_baseline,profit_baseline_w000578,6000000000000005551,41,Super Stacker,2020-02-15T15:48:39+08:00,2020-02-15T16:25:39+08:00,2020-02-15T16:05:13+08:00,True,6.0,1513.0,5305.0,116.328332,40.071139,116.331597,40.081256
profit_baseline,profit_baseline_w000578,6000000000000005653,41,Super Stacker,2020-02-15T15:44:45+08:00,2020-02-15T16:33:45+08:00,2020-02-15T16:05:13+08:00,True,6.0,1513.0,5305.0,116.328213,40.070959,116.338327,40.087356
profit_baseline,profit_baseline_w000611,6000000000000005727,41,Super Stacker,2020-02-15T16:15:44+08:00,2020-02-15T16:55:44+08:00,2020-02-15T16:32:01+08:00,True,6.0,1321.0,5003.0,116.323341,40.078574,116.326977,40.090396
profit_baseline,profit_baseline_w000638,6000000000000006091,41,Super Stacker,2020-02-15T16:31:16+08:00,2020-02-15T17:10:16+08:00,2020-02-15T17:42:19+08:00,False,6.0,3739.0,14577.0,116.33404,40.087635,116.349777,40.088356
profit_baseline,profit_baseline_w000638,6000000000000006270,41,Super Stacker,2020-02-15T16:33:23+08:00,2020-02-15T17:11:23+08:00,2020-02-15T17:42:19+08:00,False,6.0,3739.0,14577.0,116.319367,40.077666,116.314717,40.068716
profit_baseline,profit_baseline_w000731,6000000000000007018,41,Super Stacker,2020-02-15T17:39:12+08:00,2020-02-15T18:31:12+08:00,2020-02-15T18:58:51+08:00,False,6.0,4131.0,16210.0,116.307198,40.065888,116.300227,40.050526
profit_baseline,profit_baseline_w000731,6000000000000007336,41,Super Stacker,2020-02-15T17:53:14+08:00,2020-02-15T18:40:14+08:00,2020-02-15T18:58:51+08:00,False,6.0,4131.0,16210.0,116.322297,40.077786,116.322277,40.067936
profit_baseline,profit_baseline_w000813,6000000000000008349,41,Super Stacker,2020-02-15T18:41:12+08:00,2020-02-15T19:28:12+08:00,2020-02-15T19:31:38+08:00,False,3.0,1898.0,6905.0,116.314101,40.076264,116.314797,40.073486
profit_baseline,profit_baseline_w000813,6000000000000008358,41,Super Stacker,2020-02-15T18:44:05+08:00,2020-02-15T19:33:05+08:00,2020-02-15T19:31:38+08:00,True,6.0,1898.0,6905.0,116.323341,40.078574,116.313027,40.071556
profit_baseline,profit_baseline_w000027,6000000000000000616,42,Super Stacker,2020-02-15T08:31:10+08:00,2020-02-15T11:31:10+08:00,2020-02-15T08:47:57+08:00,True,6.0,1077.0,3987.0,116.323448,39.971733,116.323797,39.988076
profit_baseline,profit_baseline_w000062,6000000000000000586,42,Super Stacker,2020-02-15T09:02:42+08:00,2020-02-15T12:02:42+08:00,2020-02-15T09:32:16+08:00,True,6.0,1936.0,7066.0,116.323448,39.971733,116.308777,39.980966
profit_baseline,profit_baseline_w000062,6000000000000000632,42,Super Stacker,2020-02-15T09:04:01+08:00,2020-02-15T12:04:01+08:00,2020-02-15T09:32:16+08:00,True,6.0,1936.0,7066.0,116.306018,39.97894,116.318957,39.989556
profit_baseline,profit_baseline_w000108,6000000000000000674,42,Super Stacker,2020-02-15T09:42:36+08:00,2020-02-15T10:30:00+08:00,2020-02-15T10:22:39+08:00,True,6.0,2559.0,9660.0,116.329037,39.991301,116.317877,39.995636
profit_baseline,profit_baseline_w000108,6000000000000001100,42,Super Stacker,2020-02-15T09:40:35+08:00,2020-02-15T12:40:35+08:00,2020-02-15T10:22:39+08:00,True,6.0,2559.0,9660.0,116.306018,39.97894,116.320607,39.990526
profit_baseline,profit_baseline_w000176,6000000000000000779,42,Super Stacker,2020-02-15T10:30:13+08:00,2020-02-15T11:30:00+08:00,2020-02-15T11:01:56+08:00,True,6.0,1916.0,6984.0,116.304095,39.977996,116.315847,39.986936
profit_baseline,profit_baseline_w000176,6000000000000001286,42,Super Stacker,2020-02-15T10:13:52+08:00,2020-02-15T13:13:52+08:00,2020-02-15T11:01:56+08:00,True,6.0,1916.0,6984.0,116.306018,39.97894,116.326217,39.981216
profit_baseline,profit_baseline_w000227,6000000000000001294,42,Super Stacker,2020-02-15T10:50:38+08:00,2020-02-15T11:25:38+08:00,2020-02-15T11:57:47+08:00,False,6.0,2867.0,10944.0,116.324115,39.987352,116.312327,39.983906
profit_baseline,profit_baseline_w000227,6000000000000001064,42,Super Stacker,2020-02-15T10:46:44+08:00,2020-02-15T11:30:00+08:00,2020-02-15T11:57:47+08:00,False,6.0,2867.0,10944.0,116.32582,39.995618,116.332057,40.012206
profit_baseline,profit_baseline_w000292,6000000000000002805,42,Super Stacker,2020-02-15T11:44:05+08:00,2020-02-15T12:14:05+08:00,2020-02-15T12:38:48+08:00,False,6.0,2328.0,8702.0,116.343057,40.003686,116.337777,40.012756
profit_baseline,profit_baseline_w000292,6000000000000002898,42,Super Stacker,2020-02-15T11:38:06+08:00,2020-02-15T12:19:06+08:00,2020-02-15T12:38:48+08:00,False,6.0,2328.0,8702.0,116.342057,40.000316,116.344067,40.012726
profit_baseline,profit_baseline_w000342,6000000000000003850,42,Super Stacker,2020-02-15T12:37:12+08:00,2020-02-15T13:24:12+08:00,2020-02-15T13:08:06+08:00,True,6.0,1686.0,6025.0,116.342057,40.000316,116.355477,40.016366
profit_baseline,profit_baseline_w000342,6000000000000003475,42,Super Stacker,2020-02-15T12:41:18+08:00,2020-02-15T13:25:18+08:00,2020-02-15T13:08:06+08:00,True,6.0,1686.0,6025.0,116.342057,40.000316,116.358437,40.010356
profit_baseline,profit_baseline_w000390,6000000000000004566,42,Super Stacker,2020-02-15T13:17:49+08:00,2020-02-15T14:00:49+08:00,2020-02-15T14:00:12+08:00,True,6.0,3012.0,11552.0,116.342057,40.000316,116.364487,39.998126
profit_baseline,profit_baseline_w000390,6000000000000003822,42,Super Stacker,2020-02-15T13:16:59+08:00,2020-02-15T14:12:59+08:00,2020-02-15T14:00:12+08:00,True,6.0,3012.0,11552.0,116.371476,40.00766,116.364607,40.015016
profit_baseline,profit_baseline_w000470,6000000000000004232,42,Super Stacker,2020-02-15T13:51:11+08:00,2020-02-15T14:35:11+08:00,2020-02-15T15:19:28+08:00,False,6.0,4168.0,16367.0,116.34405,40.008794,116.353297,40.002156
profit_baseline,profit_baseline_w000470,6000000000000004558,42,Super Stacker,2020-02-15T14:16:06+08:00,2020-02-15T16:46:06+08:00,2020-02-15T15:19:28+08:00,True,6.0,4168.0,16367.0,116.352575,40.030326,116.331777,40.032306
profit_baseline,profit_baseline_w000554,6000000000000005174,42,Super Stacker,2020-02-15T14:53:22+08:00,2020-02-15T15:26:22+08:00,2020-02-15T15:50:03+08:00,False,6.0,1803.0,6514.0,116.3398,40.042487,116.336687,40.051876
profit_baseline,profit_baseline_w000554,6000000000000005135,42,Super Stacker,2020-02-15T14:53:24+08:00,2020-02-15T15:30:24+08:00,2020-02-15T15:50:03+08:00,False,6.0,1803.0,6514.0,116.3398,40.042487,116.349317,40.032436
profit_baseline,profit_baseline_w000599,6000000000000005484,42,Super Stacker,2020-02-15T15:43:36+08:00,2020-02-15T16:54:36+08:00,2020-02-15T16:42:09+08:00,True,6.0,2529.0,9538.0,116.360193,40.036036,116.343537,40.035586
profit_baseline,profit_baseline_w000599,6000000000000006047,42,Super Stacker,2020-02-15T16:05:51+08:00,2020-02-15T17:14:51+08:00,2020-02-15T16:42:09+08:00,True,6.0,2529.0,9538.0,116.334235,40.038302,116.317887,40.039416
profit_baseline,profit_baseline_w000654,6000000000000006188,42,Super Stacker,2020-02-15T16:21:12+08:00,2020-02-15T16:57:12+08:00,2020-02-15T17:30:31+08:00,False,3.0,2431.0,9131.0,116.309849,40.031112,116.312167,40.029886
profit_baseline,profit_baseline_w000654,6000000000000006267,42,Super Stacker,2020-02-15T16:31:56+08:00,2020-02-15T17:17:56+08:00,2020-02-15T17:30:31+08:00,False,10.0,2431.0,9131.0,116.309362,40.031629,116.267127,40.030656
profit_baseline,profit_baseline_w000713,6000000000000006521,42,Super Stacker,2020-02-15T17:18:02+08:00,2020-02-15T18:01:02+08:00,2020-02-15T18:06:17+08:00,False,6.0,1577.0,5574.0,116.261576,40.019582,116.269747,40.030946
profit_baseline,profit_baseline_w000713,6000000000000007435,42,Super Stacker,2020-02-15T17:49:41+08:00,2020-02-15T18:24:41+08:00,2020-02-15T18:06:17+08:00,True,6.0,1577.0,5574.0,116.268285,40.028957,116.259737,40.022066
profit_baseline,profit_baseline_w000755,6000000000000007430,42,Super Stacker,2020-02-15T17:47:06+08:00,2020-02-15T18:36:06+08:00,2020-02-15T18:51:08+08:00,False,6.0,2468.0,9288.0,116.26718,40.029099,116.269207,40.017996
profit_baseline,profit_baseline_w000755,6000000000000007923,42,Super Stacker,2020-02-15T18:15:07+08:00,2020-02-15T19:00:07+08:00,2020-02-15T18:51:08+08:00,True,6.0,2468.0,9288.0,116.26676,40.028505,116.280407,40.041216
profit_baseline,profit_baseline_w000805,6000000000000008493,42,Super Stacker,2020-02-15T18:36:31+08:00,2020-02-15T19:23:31+08:00,2020-02-15T19:37:12+08:00,False,6.0,2232.0,8298.0,116.279635,40.042486,116.254847,40.051556
profit_baseline,profit_baseline_w000805,6000000000000008430,42,Super Stacker,2020-02-15T18:39:47+08:00,2020-02-15T19:34:47+08:00,2020-02-15T19:37:12+08:00,False,10.0,2232.0,8298.0,116.293857,40.041673,116.259807,40.050716
profit_baseline,profit_baseline_w000852,6000000000000008790,42,Super Stacker,2020-02-15T19:43:23+08:00,2020-02-15T20:18:23+08:00,2020-02-15T20:01:52+08:00,True,3.0,1312.0,4464.0,116.254561,40.049781,116.254847,40.051556
profit_baseline,profit_baseline_w000852,6000000000000008982,42,Super Stacker,2020-02-15T19:44:11+08:00,2020-02-15T20:22:11+08:00,2020-02-15T20:01:52+08:00,True,6.0,1312.0,4464.0,116.242236,40.048368,116.258577,40.049746
profit_baseline,profit_baseline_w000008,6000000000000000386,43,Super Stacker,2020-02-15T08:09:24+08:00,2020-02-15T11:09:24+08:00,2020-02-15T08:31:46+08:00,True,6.0,1906.0,7442.0,116.435008,39.965337,116.435947,39.943836
profit_baseline,profit_baseline_w000038,6000000000000000553,43,Super Stacker,2020-02-15T08:15:37+08:00,2020-02-15T09:05:37+08:00,2020-02-15T08:59:21+08:00,True,6.0,1161.0,4337.0,116.434679,39.952347,116.428727,39.938696
profit_baseline,profit_baseline_w000061,6000000000000000246,43,Super Stacker,2020-02-15T08:38:26+08:00,2020-02-15T09:24:26+08:00,2020-02-15T09:15:14+08:00,True,3.0,914.0,3310.0,116.435,39.95137,116.438977,39.954046
profit_baseline,profit_baseline_w000085,6000000000000000456,43,Super Stacker,2020-02-15T09:23:39+08:00,2020-02-15T10:32:39+08:00,2020-02-15T09:43:20+08:00,True,6.0,1400.0,4834.0,116.453655,39.960951,116.440437,39.967066
profit_baseline,profit_baseline_w000085,6000000000000000626,43,Super Stacker,2020-02-15T09:26:09+08:00,2020-02-15T10:48:09+08:00,2020-02-15T09:43:20+08:00,True,6.0,1400.0,4834.0,116.453947,39.961052,116.437837,39.962346
profit_baseline,profit_baseline_w000112,6000000000000000578,43,Super Stacker,2020-02-15T09:24:37+08:00,2020-02-15T11:30:00+08:00,2020-02-15T10:11:53+08:00,True,3.0,1313.0,4470.0,116.439968,39.965399,116.431027,39.964556
profit_baseline,profit_baseline_w000112,6000000000000000819,43,Super Stacker,2020-02-15T09:30:11+08:00,2020-02-15T12:30:11+08:00,2020-02-15T10:11:53+08:00,True,3.0,1313.0,4470.0,116.435008,39.965337,116.429867,39.957276
profit_baseline,profit_baseline_w000154,6000000000000000492,43,Super Stacker,2020-02-15T10:09:36+08:00,2020-02-15T10:51:36+08:00,2020-02-15T10:52:58+08:00,False,3.0,1978.0,7242.0,116.436007,39.955315,116.436257,39.956346
profit_baseline,profit_baseline_w000154,6000000000000000778,43,Super Stacker,2020-02-15T10:28:59+08:00,2020-02-15T11:23:59+08:00,2020-02-15T10:52:58+08:00,True,6.0,1978.0,7242.0,116.428613,39.958127,116.425507,39.941596
profit_baseline,profit_baseline_w000211,6000000000000001074,43,Super Stacker,2020-02-15T10:50:05+08:00,2020-02-15T11:24:05+08:00,2020-02-15T11:16:49+08:00,True,6.0,1009.0,3704.0,116.41779,39.933144,116.411817,39.922756
profit_baseline,profit_baseline_w000244,6000000000000001150,43,Super Stacker,2020-02-15T10:54:45+08:00,2020-02-15T11:26:45+08:00,2020-02-15T11:59:32+08:00,False,6.0,2372.0,8882.0,116.426638,39.915116,116.431977,39.923446
profit_baseline,profit_baseline_w000244,6000000000000001565,43,Super Stacker,2020-02-15T11:03:53+08:00,2020-02-15T11:33:53+08:00,2020-02-15T11:59:32+08:00,False,6.0,2372.0,8882.0,116.421817,39.926136,116.403017,39.924706
profit_baseline,profit_baseline_w000290,6000000000000001905,43,Super Stacker,2020-02-15T11:30:35+08:00,2020-02-15T12:16:35+08:00,2020-02-15T12:36:46+08:00,False,6.0,2206.0,8197.0,116.40213,39.912873,116.397957,39.902376
profit_baseline,profit_baseline_w000290,6000000000000002478,43,Super Stacker,2020-02-15T11:46:53+08:00,2020-02-15T12:19:53+08:00,2020-02-15T12:36:46+08:00,False,6.0,2206.0,8197.0,116.400151,39.912798,116.398137,39.921956
profit_baseline,profit_baseline_w000340,6000000000000003845,43,Super Stacker,2020-02-15T12:34:10+08:00,2020-02-15T13:12:10+08:00,2020-02-15T13:05:39+08:00,True,6.0,1539.0,5412.0,116.408087,39.918797,116.403027,39.927796
profit_baseline,profit_baseline_w000340,6000000000000003057,43,Super Stacker,2020-02-15T12:27:21+08:00,2020-02-15T13:21:21+08:00,2020-02-15T13:05:39+08:00,True,6.0,1539.0,5412.0,116.401906,39.913255,116.398807,39.929866
profit_baseline,profit_baseline_w000391,6000000000000003742,43,Super Stacker,2020-02-15T13:00:16+08:00,2020-02-15T13:37:16+08:00,2020-02-15T13:39:27+08:00,False,6.0,1767.0,6365.0,116.398151,39.945018,116.417397,39.951256
profit_baseline,profit_baseline_w000391,6000000000000004409,43,Super Stacker,2020-02-15T13:07:15+08:00,2020-02-15T13:47:15+08:00,2020-02-15T13:39:27+08:00,True,6.0,1767.0,6365.0,116.407015,39.941267,116.419317,39.952596
profit_baseline,profit_baseline_w000425,6000000000000003906,43,Super Stacker,2020-02-15T13:12:16+08:00,2020-02-15T13:47:16+08:00,2020-02-15T13:59:16+08:00,False,3.0,1156.0,3816.0,116.430049,39.955605,116.430547,39.954566
profit_baseline,profit_baseline_w000425,6000000000000004102,43,Super Stacker,2020-02-15T13:10:04+08:00,2020-02-15T13:51:04+08:00,2020-02-15T13:59:16+08:00,False,6.0,1156.0,3816.0,116.430049,39.955605,116.421227,39.941196
profit_baseline,profit_baseline_w000456,6000000000000004522,43,Super Stacker,2020-02-15T13:41:46+08:00,2020-02-15T14:20:46+08:00,2020-02-15T14:19:58+08:00,True,6.0,1198.0,4489.0,116.417779,39.932541,116.393507,39.939006
profit_baseline,profit_baseline_w000491,6000000000000004484,43,Super Stacker,2020-02-15T14:20:24+08:00,2020-02-15T14:50:24+08:00,2020-02-15T14:56:09+08:00,False,3.0,2169.0,8042.0,116.406307,39.947616,116.403107,39.949546
profit_baseline,profit_baseline_w000491,6000000000000004811,43,Super Stacker,2020-02-15T14:26:21+08:00,2020-02-15T15:05:21+08:00,2020-02-15T14:56:09+08:00,True,6.0,2169.0,8042.0,116.411268,39.947688,116.408257,39.937336
profit_baseline,profit_baseline_w000527,6000000000000004998,43,Super Stacker,2020-02-15T14:35:02+08:00,2020-02-15T15:17:02+08:00,2020-02-15T15:39:51+08:00,False,6.0,2391.0,8963.0,116.407267,39.936115,116.382117,39.924776
profit_baseline,profit_baseline_w000527,6000000000000005243,43,Super Stacker,2020-02-15T14:57:27+08:00,2020-02-15T15:30:27+08:00,2020-02-15T15:39:51+08:00,False,3.0,2391.0,8963.0,116.393694,39.93232,116.398087,39.930906
profit_baseline,profit_baseline_w000567,6000000000000005520,43,Super Stacker,2020-02-15T15:13:40+08:00,2020-02-15T15:51:40+08:00,2020-02-15T16:12:10+08:00,False,6.0,1930.0,7042.0,116.396897,39.938745,116.388657,39.929326
profit_baseline,profit_baseline_w000567,6000000000000005542,43,Super Stacker,2020-02-15T15:42:17+08:00,2020-02-15T16:12:17+08:00,2020-02-15T16:12:10+08:00,True,3.0,1930.0,7042.0,116.398318,39.932907,116.400837,39.924646
profit_baseline,profit_baseline_w000620,6000000000000005554,43,Super Stacker,2020-02-15T15:51:25+08:00,2020-02-15T16:25:25+08:00,2020-02-15T16:50:06+08:00,False,6.0,1806.0,6528.0,116.407397,39.922876,116.417607,39.917946
profit_baseline,profit_baseline_w000620,6000000000000006033,43,Super Stacker,2020-02-15T15:56:27+08:00,2020-02-15T16:33:27+08:00,2020-02-15T16:50:06+08:00,False,6.0,1806.0,6528.0,116.420043,39.92378,116.408497,39.929806
profit_baseline,profit_baseline_w000662,6000000000000006640,43,Super Stacker,2020-02-15T17:02:14+08:00,2020-02-15T17:37:14+08:00,2020-02-15T17:10:06+08:00,True,3.0,606.0,2021.0,116.408861,39.923743,116.409177,39.921826
profit_baseline,profit_baseline_w000687,6000000000000006632,43,Super Stacker,2020-02-15T16:55:23+08:00,2020-02-15T17:29:23+08:00,2020-02-15T17:40:05+08:00,False,6.0,1205.0,4023.0,116.407951,39.917592,116.397927,39.929116
profit_baseline,profit_baseline_w000687,6000000000000006626,43,Super Stacker,2020-02-15T16:54:20+08:00,2020-02-15T17:40:20+08:00,2020-02-15T17:40:05+08:00,True,6.0,1205.0,4023.0,116.408009,39.919439,116.391817,39.930386
profit_baseline,profit_baseline_w000732,6000000000000006937,43,Super Stacker,2020-02-15T17:22:22+08:00,2020-02-15T18:01:22+08:00,2020-02-15T18:45:04+08:00,False,6.0,3304.0,12769.0,116.394758,39.947291,116.383107,39.950466
profit_baseline,profit_baseline_w000732,6000000000000007209,43,Super Stacker,2020-02-15T17:55:50+08:00,2020-02-15T18:28:50+08:00,2020-02-15T18:45:04+08:00,False,3.0,3304.0,12769.0,116.393694,39.93232,116.390617,39.929496
profit_baseline,profit_baseline_w000801,6000000000000008023,43,Super Stacker,2020-02-15T18:36:01+08:00,2020-02-15T19:10:01+08:00,2020-02-15T20:11:21+08:00,False,6.0,4881.0,19336.0,116.369461,39.924885,116.358327,39.920856
profit_baseline,profit_baseline_w000801,6000000000000008431,43,Super Stacker,2020-02-15T18:40:30+08:00,2020-02-15T19:19:30+08:00,2020-02-15T20:11:21+08:00,False,6.0,4881.0,19336.0,116.404707,39.939625,116.391197,39.934806
profit_baseline,profit_baseline_w000066,6000000000000000454,44,Super Stacker,2020-02-15T09:18:08+08:00,2020-02-15T10:04:08+08:00,2020-02-15T09:53:31+08:00,True,6.0,2611.0,9877.0,116.354905,39.836519,116.372937,39.836976
profit_baseline,profit_baseline_w000066,6000000000000000575,44,Super Stacker,2020-02-15T09:17:19+08:00,2020-02-15T10:10:19+08:00,2020-02-15T09:53:31+08:00,True,6.0,2611.0,9877.0,116.35823200000002,39.834056,116.363037,39.813226
profit_baseline,profit_baseline_w000581,6000000000000005713,44,Super Stacker,2020-02-15T15:47:22+08:00,2020-02-15T16:28:22+08:00,2020-02-15T16:07:31+08:00,True,3.0,1651.0,5875.0,116.357464,39.800955,116.357097,39.805356
profit_baseline,profit_baseline_w000581,6000000000000005389,44,Super Stacker,2020-02-15T15:46:06+08:00,2020-02-15T16:34:06+08:00,2020-02-15T16:07:31+08:00,True,6.0,1651.0,5875.0,116.357464,39.800955,116.349327,39.808236
profit_baseline,profit_baseline_w000607,6000000000000006127,44,Super Stacker,2020-02-15T16:12:48+08:00,2020-02-15T17:01:48+08:00,2020-02-15T16:59:34+08:00,True,6.0,2974.0,11390.0,116.357464,39.800955,116.351167,39.809496
profit_baseline,profit_baseline_w000607,6000000000000006044,44,Super Stacker,2020-02-15T16:01:38+08:00,2020-02-15T17:05:38+08:00,2020-02-15T16:59:34+08:00,True,6.0,2974.0,11390.0,116.358352,39.812868,116.331527,39.810486
profit_baseline,profit_baseline_w000735,6000000000000007214,44,Super Stacker,2020-02-15T17:58:05+08:00,2020-02-15T19:00:06+08:00,2020-02-15T18:22:56+08:00,True,6.0,1976.0,7734.0,116.322892,39.798531,116.340737,39.789276
profit_baseline,profit_baseline_w000785,6000000000000007934,44,Super Stacker,2020-02-15T18:43:20+08:00,2020-02-15T19:44:20+08:00,2020-02-15T19:13:52+08:00,True,6.0,2032.0,7468.0,116.334427,39.789866,116.329067,39.806996
profit_baseline,profit_baseline_w000785,6000000000000007784,44,Super Stacker,2020-02-15T18:49:05+08:00,2020-02-15T19:49:05+08:00,2020-02-15T19:13:52+08:00,True,10.0,2032.0,7468.0,116.33190700000002,39.791936,116.324467,39.818476
profit_baseline,profit_baseline_w000001,6000000000000000177,45,Super Stacker,2020-02-15T08:01:41+08:00,2020-02-15T10:15:00+08:00,2020-02-15T08:46:40+08:00,True,6.0,2800.0,10666.0,116.408074,39.961742,116.377907,39.964606
profit_baseline,profit_baseline_w000001,6000000000000000238,45,Super Stacker,2020-02-15T08:02:53+08:00,2020-02-15T10:15:00+08:00,2020-02-15T08:46:40+08:00,True,6.0,2800.0,10666.0,116.408074,39.961742,116.422727,39.976566
profit_baseline,profit_baseline_w000053,6000000000000000610,45,Super Stacker,2020-02-15T08:50:53+08:00,2020-02-15T12:45:00+08:00,2020-02-15T09:12:23+08:00,True,6.0,1343.0,5095.0,116.40194,39.968515,116.401427,39.977566
profit_baseline,profit_baseline_w000088,6000000000000000303,45,Super Stacker,2020-02-15T08:51:25+08:00,2020-02-15T10:15:00+08:00,2020-02-15T10:32:37+08:00,False,10.0,4357.0,17156.0,116.407537,39.960876,116.441177,39.950416
profit_baseline,profit_baseline_w000088,6000000000000000324,45,Super Stacker,2020-02-15T09:27:40+08:00,2020-02-15T10:22:40+08:00,2020-02-15T10:32:37+08:00,False,6.0,4357.0,17156.0,116.391397,39.967252,116.397217,39.954296
profit_baseline,profit_baseline_w000184,6000000000000001176,45,Super Stacker,2020-02-15T10:14:48+08:00,2020-02-15T11:09:48+08:00,2020-02-15T11:34:55+08:00,False,6.0,3295.0,12730.0,116.395405,39.957583,116.388197,39.946966
profit_baseline,profit_baseline_w000184,6000000000000001111,45,Super Stacker,2020-02-15T10:17:41+08:00,2020-02-15T11:12:41+08:00,2020-02-15T11:34:55+08:00,False,10.0,3295.0,12730.0,116.407015,39.941267,116.437167,39.925366
profit_baseline,profit_baseline_w000263,6000000000000001693,45,Super Stacker,2020-02-15T11:26:24+08:00,2020-02-15T11:56:24+08:00,2020-02-15T12:17:41+08:00,False,3.0,2261.0,8417.0,116.445491,39.925536,116.450627,39.929946
profit_baseline,profit_baseline_w000263,6000000000000001611,45,Super Stacker,2020-02-15T11:17:22+08:00,2020-02-15T11:57:22+08:00,2020-02-15T12:17:41+08:00,False,3.0,2261.0,8417.0,116.439897,39.918606,116.444287,39.914426
profit_baseline,profit_baseline_w000314,6000000000000002493,45,Super Stacker,2020-02-15T11:54:48+08:00,2020-02-15T12:28:48+08:00,2020-02-15T12:47:24+08:00,False,3.0,1644.0,5849.0,116.438893,39.918679,116.446007,39.923116
profit_baseline,profit_baseline_w000314,6000000000000003181,45,Super Stacker,2020-02-15T11:58:12+08:00,2020-02-15T12:31:12+08:00,2020-02-15T12:47:24+08:00,False,6.0,1644.0,5849.0,116.446389,39.92748,116.439437,39.939576
profit_baseline,profit_baseline_w000359,6000000000000003711,45,Super Stacker,2020-02-15T12:53:34+08:00,2020-02-15T13:37:34+08:00,2020-02-15T13:22:18+08:00,True,6.0,1938.0,7072.0,116.435178,39.955209,116.439877,39.946456
profit_baseline,profit_baseline_w000359,6000000000000003645,45,Super Stacker,2020-02-15T12:58:02+08:00,2020-02-15T13:42:02+08:00,2020-02-15T13:22:18+08:00,True,6.0,1938.0,7072.0,116.450476,39.948593,116.438967,39.954236
profit_baseline,profit_baseline_w000409,6000000000000004328,45,Super Stacker,2020-02-15T13:12:01+08:00,2020-02-15T13:50:01+08:00,2020-02-15T13:46:27+08:00,True,3.0,987.0,3112.0,116.437203,39.957749,116.432237,39.955856
profit_baseline,profit_baseline_w000409,6000000000000004573,45,Super Stacker,2020-02-15T13:19:45+08:00,2020-02-15T13:51:45+08:00,2020-02-15T13:46:27+08:00,True,3.0,987.0,3112.0,116.437203,39.957749,116.435157,39.959656
profit_baseline,profit_baseline_w000435,6000000000000003946,45,Super Stacker,2020-02-15T13:28:49+08:00,2020-02-15T14:08:49+08:00,2020-02-15T14:20:32+08:00,False,3.0,1832.0,6637.0,116.430643,39.961367,116.428007,39.954066
profit_baseline,profit_baseline_w000435,6000000000000004650,45,Super Stacker,2020-02-15T13:25:43+08:00,2020-02-15T14:11:43+08:00,2020-02-15T14:20:32+08:00,False,6.0,1832.0,6637.0,116.437162,39.959078,116.427067,39.949246
profit_baseline,profit_baseline_w000499,6000000000000005015,45,Super Stacker,2020-02-15T14:01:43+08:00,2020-02-15T14:40:43+08:00,2020-02-15T14:54:49+08:00,False,3.0,1489.0,5206.0,116.435178,39.955209,116.440607,39.952506
profit_baseline,profit_baseline_w000499,6000000000000004478,45,Super Stacker,2020-02-15T14:13:10+08:00,2020-02-15T14:50:10+08:00,2020-02-15T14:54:49+08:00,False,3.0,1489.0,5206.0,116.444664,39.951461,116.444507,39.951286
profit_baseline,profit_baseline_w000525,6000000000000004936,45,Super Stacker,2020-02-15T14:33:43+08:00,2020-02-15T15:03:43+08:00,2020-02-15T15:17:09+08:00,False,3.0,1029.0,3288.0,116.442024,39.947447,116.434997,39.951366
profit_baseline,profit_baseline_w000525,6000000000000004754,45,Super Stacker,2020-02-15T14:30:03+08:00,2020-02-15T15:22:03+08:00,2020-02-15T15:17:09+08:00,True,6.0,1029.0,3288.0,116.440547,39.947456,116.425207,39.954046
profit_baseline,profit_baseline_w000553,6000000000000005558,45,Super Stacker,2020-02-15T15:03:04+08:00,2020-02-15T15:40:04+08:00,2020-02-15T15:52:19+08:00,False,6.0,1939.0,7080.0,116.443406,39.961073,116.427187,39.959606
profit_baseline,profit_baseline_w000553,6000000000000005632,45,Super Stacker,2020-02-15T15:21:30+08:00,2020-02-15T15:51:30+08:00,2020-02-15T15:52:19+08:00,False,3.0,1939.0,7080.0,116.430337,39.953736,116.426997,39.953386
profit_baseline,profit_baseline_w000595,6000000000000005857,45,Super Stacker,2020-02-15T15:36:32+08:00,2020-02-15T16:12:32+08:00,2020-02-15T16:39:46+08:00,False,3.0,2386.0,8943.0,116.435299,39.954888,116.437687,39.959536
profit_baseline,profit_baseline_w000595,6000000000000005379,45,Super Stacker,2020-02-15T15:34:35+08:00,2020-02-15T16:12:35+08:00,2020-02-15T16:39:46+08:00,False,3.0,2386.0,8943.0,116.415321,39.957301,116.415107,39.954366
profit_baseline,profit_baseline_w000633,6000000000000005847,45,Super Stacker,2020-02-15T16:27:15+08:00,2020-02-15T16:57:16+08:00,2020-02-15T17:04:49+08:00,False,6.0,1489.0,5202.0,116.422517,39.956316,116.422437,39.966686
profit_baseline,profit_baseline_w000633,6000000000000005890,45,Super Stacker,2020-02-15T16:15:40+08:00,2020-02-15T17:01:40+08:00,2020-02-15T17:04:49+08:00,False,3.0,1489.0,5202.0,116.41502,39.954592,116.414457,39.961846
profit_baseline,profit_baseline_w000676,6000000000000006170,45,Super Stacker,2020-02-15T16:49:23+08:00,2020-02-15T17:36:23+08:00,2020-02-15T17:49:28+08:00,False,6.0,2368.0,8869.0,116.407537,39.960876,116.401347,39.971726
profit_baseline,profit_baseline_w000676,6000000000000006604,45,Super Stacker,2020-02-15T17:08:48+08:00,2020-02-15T18:12:48+08:00,2020-02-15T17:49:28+08:00,True,10.0,2368.0,8869.0,116.429497,39.953433,116.399037,39.970746
profit_baseline,profit_baseline_w000727,6000000000000006660,45,Super Stacker,2020-02-15T17:20:51+08:00,2020-02-15T18:06:51+08:00,2020-02-15T18:32:16+08:00,False,6.0,2536.0,9572.0,116.400436,39.965779,116.412787,39.966296
profit_baseline,profit_baseline_w000727,6000000000000007310,45,Super Stacker,2020-02-15T17:34:24+08:00,2020-02-15T18:10:24+08:00,2020-02-15T18:32:16+08:00,False,3.0,2536.0,9572.0,116.391413,39.967226,116.390037,39.963746
profit_baseline,profit_baseline_w000786,6000000000000007383,45,Super Stacker,2020-02-15T18:13:54+08:00,2020-02-15T18:47:54+08:00,2020-02-15T19:00:45+08:00,False,3.0,1245.0,4184.0,116.40052,39.966067,116.403337,39.965486
profit_baseline,profit_baseline_w000786,6000000000000008495,45,Super Stacker,2020-02-15T18:39:09+08:00,2020-02-15T19:16:09+08:00,2020-02-15T19:00:45+08:00,True,6.0,1245.0,4184.0,116.40052,39.966067,116.409197,39.959126
profit_baseline,profit_baseline_w000819,6000000000000007943,45,Super Stacker,2020-02-15T18:53:14+08:00,2020-02-15T19:32:14+08:00,2020-02-15T19:21:25+08:00,True,3.0,685.0,1858.0,116.407537,39.960876,116.401927,39.956896
profit_baseline,profit_baseline_w000819,6000000000000008280,45,Super Stacker,2020-02-15T19:00:54+08:00,2020-02-15T19:38:54+08:00,2020-02-15T19:21:25+08:00,True,3.0,685.0,1858.0,116.407537,39.960876,116.403857,39.956176
profit_baseline,profit_baseline_w000843,6000000000000008148,45,Super Stacker,2020-02-15T19:10:28+08:00,2020-02-15T20:05:28+08:00,2020-02-15T20:15:51+08:00,False,6.0,2751.0,10464.0,116.398151,39.945018,116.404697,39.963366
profit_baseline,profit_baseline_w000843,6000000000000008642,45,Super Stacker,2020-02-15T19:26:52+08:00,2020-02-15T20:06:52+08:00,2020-02-15T20:15:51+08:00,False,3.0,2751.0,10464.0,116.406187,39.950046,116.400267,39.946756
profit_baseline,profit_baseline_w000077,6000000000000000229,46,Dinner-Peak Core,2020-02-15T09:16:27+08:00,2020-02-15T09:55:28+08:00,2020-02-15T09:42:53+08:00,True,3.0,1373.0,4726.0,116.481895,39.913428,116.481207,39.911486
profit_baseline,profit_baseline_w000077,6000000000000000314,46,Dinner-Peak Core,2020-02-15T09:10:11+08:00,2020-02-15T09:58:11+08:00,2020-02-15T09:42:53+08:00,True,3.0,1373.0,4726.0,116.481895,39.913428,116.492067,39.916186
profit_baseline,profit_baseline_w000118,6000000000000000638,46,Dinner-Peak Core,2020-02-15T09:39:04+08:00,2020-02-15T10:30:04+08:00,2020-02-15T10:24:03+08:00,True,3.0,2043.0,7509.0,116.494054,39.915226,116.486727,39.910376
profit_baseline,profit_baseline_w000118,6000000000000000733,46,Dinner-Peak Core,2020-02-15T09:44:49+08:00,2020-02-15T10:32:49+08:00,2020-02-15T10:24:03+08:00,True,6.0,2043.0,7509.0,116.486367,39.906436,116.493997,39.895416
profit_baseline,profit_baseline_w000164,6000000000000000907,46,Dinner-Peak Core,2020-02-15T10:28:55+08:00,2020-02-15T10:58:55+08:00,2020-02-15T10:43:16+08:00,True,3.0,796.0,2817.0,116.491245,39.891022,116.497267,39.896956
profit_baseline,profit_baseline_w000195,6000000000000000997,46,Dinner-Peak Core,2020-02-15T10:46:37+08:00,2020-02-15T11:16:37+08:00,2020-02-15T11:05:38+08:00,True,3.0,938.0,2912.0,116.491245,39.891022,116.492997,39.894716
profit_baseline,profit_baseline_w000195,6000000000000001535,46,Dinner-Peak Core,2020-02-15T10:53:54+08:00,2020-02-15T11:23:55+08:00,2020-02-15T11:05:38+08:00,True,3.0,938.0,2912.0,116.491245,39.891022,116.494557,39.895456
profit_baseline,profit_baseline_w000233,6000000000000001458,46,Dinner-Peak Core,2020-02-15T11:04:37+08:00,2020-02-15T12:02:37+08:00,2020-02-15T11:42:23+08:00,True,6.0,1943.0,7098.0,116.476182,39.899793,116.464297,39.894256
profit_baseline,profit_baseline_w000233,6000000000000001953,46,Dinner-Peak Core,2020-02-15T11:14:32+08:00,2020-02-15T12:12:32+08:00,2020-02-15T11:42:23+08:00,True,6.0,1943.0,7098.0,116.477378,39.896605,116.463527,39.880316
profit_baseline,profit_baseline_w000276,6000000000000002281,46,Dinner-Peak Core,2020-02-15T11:29:48+08:00,2020-02-15T12:20:48+08:00,2020-02-15T12:26:29+08:00,False,6.0,2189.0,8125.0,116.451949,39.883999,116.445647,39.869266
profit_baseline,profit_baseline_w000276,6000000000000002375,46,Dinner-Peak Core,2020-02-15T11:39:11+08:00,2020-02-15T12:22:11+08:00,2020-02-15T12:26:29+08:00,False,6.0,2189.0,8125.0,116.456461,39.88223,116.431497,39.882586
profit_baseline,profit_baseline_w000329,6000000000000003250,46,Dinner-Peak Core,2020-02-15T12:07:13+08:00,2020-02-15T12:55:13+08:00,2020-02-15T13:11:54+08:00,False,6.0,2514.0,9471.0,116.451929,39.884293,116.448657,39.873946
profit_baseline,profit_baseline_w000329,6000000000000003301,46,Dinner-Peak Core,2020-02-15T12:38:17+08:00,2020-02-15T13:22:17+08:00,2020-02-15T13:11:54+08:00,True,6.0,2514.0,9471.0,116.441168,39.881283,116.463737,39.883976
profit_baseline,profit_baseline_w000416,6000000000000004349,46,Dinner-Peak Core,2020-02-15T13:22:47+08:00,2020-02-15T13:52:48+08:00,2020-02-15T13:52:24+08:00,True,6.0,1344.0,5101.0,116.45099,39.894333,116.454257,39.884266
profit_baseline,profit_baseline_w000452,6000000000000004527,46,Dinner-Peak Core,2020-02-15T13:46:03+08:00,2020-02-15T14:22:03+08:00,2020-02-15T14:17:58+08:00,True,3.0,1078.0,3488.0,116.460707,39.883136,116.459217,39.878716
profit_baseline,profit_baseline_w000452,6000000000000004712,46,Dinner-Peak Core,2020-02-15T13:42:28+08:00,2020-02-15T14:23:28+08:00,2020-02-15T14:17:58+08:00,True,6.0,1078.0,3488.0,116.459457,39.883096,116.467107,39.873056
profit_baseline,profit_baseline_w000473,6000000000000004726,46,Dinner-Peak Core,2020-02-15T13:54:37+08:00,2020-02-15T14:34:37+08:00,2020-02-15T14:37:32+08:00,False,3.0,1052.0,3386.0,116.466969,39.872289,116.458437,39.876206
profit_baseline,profit_baseline_w000473,6000000000000004743,46,Dinner-Peak Core,2020-02-15T14:09:14+08:00,2020-02-15T14:39:15+08:00,2020-02-15T14:37:32+08:00,True,3.0,1052.0,3386.0,116.462487,39.878726,116.461237,39.883086
profit_baseline,profit_baseline_w000507,6000000000000005099,46,Dinner-Peak Core,2020-02-15T14:20:25+08:00,2020-02-15T14:57:25+08:00,2020-02-15T15:08:04+08:00,False,3.0,1684.0,6017.0,116.458827,39.890986,116.453777,39.892986
profit_baseline,profit_baseline_w000507,6000000000000005277,46,Dinner-Peak Core,2020-02-15T14:26:52+08:00,2020-02-15T15:11:52+08:00,2020-02-15T15:08:04+08:00,True,6.0,1684.0,6017.0,116.452138,39.888071,116.461407,39.878126
profit_baseline,profit_baseline_w000540,6000000000000004943,46,Dinner-Peak Core,2020-02-15T14:41:35+08:00,2020-02-15T15:19:35+08:00,2020-02-15T15:47:49+08:00,False,6.0,2269.0,8455.0,116.467034,39.885093,116.476007,39.893086
profit_baseline,profit_baseline_w000540,6000000000000005289,46,Dinner-Peak Core,2020-02-15T14:40:39+08:00,2020-02-15T15:28:39+08:00,2020-02-15T15:47:49+08:00,False,3.0,2269.0,8455.0,116.464881,39.875722,116.465687,39.881476
profit_baseline,profit_baseline_w000592,6000000000000005533,46,Dinner-Peak Core,2020-02-15T15:26:17+08:00,2020-02-15T16:38:17+08:00,2020-02-15T16:17:38+08:00,True,10.0,1658.0,6407.0,116.44576800000002,39.882133,116.469297,39.859966
profit_baseline,profit_baseline_w000626,6000000000000006138,46,Dinner-Peak Core,2020-02-15T16:27:34+08:00,2020-02-15T17:13:34+08:00,2020-02-15T16:40:28+08:00,True,6.0,1228.0,4617.0,116.447885,39.865935,116.458127,39.873226
profit_baseline,profit_baseline_w000650,6000000000000006774,46,Dinner-Peak Core,2020-02-15T16:52:32+08:00,2020-02-15T17:22:32+08:00,2020-02-15T17:45:23+08:00,False,3.0,3323.0,12844.0,116.449822,39.864764,116.451327,39.862046
profit_baseline,profit_baseline_w000650,6000000000000006405,46,Dinner-Peak Core,2020-02-15T16:43:50+08:00,2020-02-15T17:28:50+08:00,2020-02-15T17:45:23+08:00,False,3.0,3323.0,12844.0,116.453648,39.875413,116.462697,39.871386
profit_baseline,profit_baseline_w000726,6000000000000007164,46,Dinner-Peak Core,2020-02-15T17:25:29+08:00,2020-02-15T18:13:29+08:00,2020-02-15T18:30:19+08:00,False,6.0,2419.0,9081.0,116.460902,39.873657,116.467007,39.889046
profit_baseline,profit_baseline_w000726,6000000000000006823,46,Dinner-Peak Core,2020-02-15T17:34:06+08:00,2020-02-15T18:24:06+08:00,2020-02-15T18:30:19+08:00,False,6.0,2419.0,9081.0,116.457396,39.867843,116.444867,39.874406
profit_baseline,profit_baseline_w000789,6000000000000008320,46,Dinner-Peak Core,2020-02-15T18:24:38+08:00,2020-02-15T19:22:38+08:00,2020-02-15T20:13:00+08:00,False,6.0,5580.0,22251.0,116.454025,39.890254,116.464707,39.885026
profit_baseline,profit_baseline_w000789,6000000000000008410,46,Dinner-Peak Core,2020-02-15T18:32:17+08:00,2020-02-15T19:40:17+08:00,2020-02-15T20:13:00+08:00,False,10.0,5580.0,22251.0,116.429496,39.861207,116.394877,39.855966
profit_baseline,profit_baseline_w000020,6000000000000000612,47,Dinner-Peak Core,2020-02-15T08:23:01+08:00,2020-02-15T19:45:00+08:00,2020-02-15T08:45:58+08:00,True,6.0,1558.0,5994.0,116.132985,39.730869,116.162457,39.721366
profit_baseline,profit_baseline_w000082,6000000000000000457,47,Dinner-Peak Core,2020-02-15T09:29:57+08:00,2020-02-15T10:46:57+08:00,2020-02-15T09:32:51+08:00,True,3.0,771.0,2713.0,116.14645,39.721946,116.149457,39.721046
profit_baseline,profit_baseline_w000153,6000000000000001357,47,Dinner-Peak Core,2020-02-15T10:12:42+08:00,2020-02-15T12:30:00+08:00,2020-02-15T10:27:38+08:00,True,6.0,1058.0,3911.0,116.170913,39.721049,116.184057,39.715116
profit_baseline,profit_baseline_w000234,6000000000000001951,47,Dinner-Peak Core,2020-02-15T11:12:13+08:00,2020-02-15T11:50:13+08:00,2020-02-15T11:26:12+08:00,True,3.0,972.0,3551.0,116.163684,39.723408,116.162457,39.721366
profit_baseline,profit_baseline_w000248,6000000000000001587,47,Dinner-Peak Core,2020-02-15T11:13:27+08:00,2020-02-15T11:58:27+08:00,2020-02-15T11:52:25+08:00,True,3.0,1345.0,4604.0,116.163684,39.723408,116.171747,39.719426
profit_baseline,profit_baseline_w000248,6000000000000002620,47,Dinner-Peak Core,2020-02-15T11:37:19+08:00,2020-02-15T12:10:19+08:00,2020-02-15T11:52:25+08:00,True,3.0,1345.0,4604.0,116.163543,39.723752,116.161967,39.724336
profit_baseline,profit_baseline_w000285,6000000000000002764,47,Dinner-Peak Core,2020-02-15T12:09:45+08:00,2020-02-15T12:46:45+08:00,2020-02-15T12:46:16+08:00,True,6.0,2776.0,10566.0,116.159934,39.721748,116.149637,39.733136
profit_baseline,profit_baseline_w000285,6000000000000003165,47,Dinner-Peak Core,2020-02-15T11:45:21+08:00,2020-02-15T14:00:00+08:00,2020-02-15T12:46:16+08:00,True,3.0,2776.0,10566.0,116.170913,39.721049,116.182287,39.721456
profit_baseline,profit_baseline_w000357,6000000000000003632,47,Dinner-Peak Core,2020-02-15T12:47:09+08:00,2020-02-15T13:19:09+08:00,2020-02-15T13:19:05+08:00,True,6.0,1745.0,6271.0,116.159934,39.721748,116.171787,39.719416
profit_baseline,profit_baseline_w000357,6000000000000002691,47,Dinner-Peak Core,2020-02-15T12:27:47+08:00,2020-02-15T14:30:00+08:00,2020-02-15T13:19:05+08:00,True,3.0,1745.0,6271.0,116.170913,39.721049,116.160007,39.723706
profit_baseline,profit_baseline_w000394,6000000000000004631,47,Dinner-Peak Core,2020-02-15T13:20:38+08:00,2020-02-15T13:50:38+08:00,2020-02-15T13:36:10+08:00,True,3.0,970.0,3042.0,116.159934,39.721748,116.158137,39.721426
profit_baseline,profit_baseline_w000394,6000000000000004272,47,Dinner-Peak Core,2020-02-15T13:17:22+08:00,2020-02-15T13:54:22+08:00,2020-02-15T13:36:10+08:00,True,6.0,970.0,3042.0,116.159934,39.721748,116.181987,39.720206
profit_baseline,profit_baseline_w000445,6000000000000004786,47,Dinner-Peak Core,2020-02-15T13:57:08+08:00,2020-02-15T14:34:08+08:00,2020-02-15T13:59:48+08:00,True,3.0,588.0,1952.0,116.163684,39.723408,116.163947,39.723646
profit_baseline,profit_baseline_w000460,6000000000000004735,47,Dinner-Peak Core,2020-02-15T14:01:03+08:00,2020-02-15T15:23:03+08:00,2020-02-15T14:18:16+08:00,True,3.0,1096.0,4065.0,116.14645,39.721946,116.153307,39.729026
profit_baseline,profit_baseline_w000483,6000000000000005096,47,Dinner-Peak Core,2020-02-15T14:17:26+08:00,2020-02-15T15:39:26+08:00,2020-02-15T14:31:04+08:00,True,3.0,664.0,1767.0,116.14645,39.721946,116.148867,39.720586
profit_baseline,profit_baseline_w000483,6000000000000005029,47,Dinner-Peak Core,2020-02-15T14:20:33+08:00,2020-02-15T15:42:33+08:00,2020-02-15T14:31:04+08:00,True,3.0,664.0,1767.0,116.14645,39.721946,116.148867,39.720586
profit_baseline,profit_baseline_w000503,6000000000000004926,47,Dinner-Peak Core,2020-02-15T14:27:22+08:00,2020-02-15T15:05:22+08:00,2020-02-15T15:26:54+08:00,False,3.0,2814.0,10728.0,116.160042,39.721346,116.171167,39.723816
profit_baseline,profit_baseline_w000503,6000000000000005145,47,Dinner-Peak Core,2020-02-15T14:23:43+08:00,2020-02-15T15:13:43+08:00,2020-02-15T15:26:54+08:00,False,3.0,2814.0,10728.0,116.148157,39.722357,116.142407,39.718536
profit_baseline,profit_baseline_w000613,6000000000000005766,47,Dinner-Peak Core,2020-02-15T16:16:08+08:00,2020-02-15T17:30:00+08:00,2020-02-15T16:31:54+08:00,True,6.0,1314.0,4976.0,116.130908,39.734077,116.141457,39.723116
profit_baseline,profit_baseline_w000642,6000000000000006001,47,Dinner-Peak Core,2020-02-15T16:16:04+08:00,2020-02-15T17:28:04+08:00,2020-02-15T17:12:08+08:00,True,6.0,1928.0,7030.0,116.140011,39.739024,116.127547,39.729316
profit_baseline,profit_baseline_w000642,6000000000000006348,47,Dinner-Peak Core,2020-02-15T16:22:58+08:00,2020-02-15T18:00:00+08:00,2020-02-15T17:12:08+08:00,True,6.0,1928.0,7030.0,116.132985,39.730869,116.108527,39.725726
profit_baseline,profit_baseline_w000691,6000000000000006703,47,Dinner-Peak Core,2020-02-15T16:57:11+08:00,2020-02-15T17:41:11+08:00,2020-02-15T17:50:46+08:00,False,6.0,1846.0,6693.0,116.114984,39.72985,116.132477,39.721756
profit_baseline,profit_baseline_w000691,6000000000000006566,47,Dinner-Peak Core,2020-02-15T16:51:30+08:00,2020-02-15T17:55:30+08:00,2020-02-15T17:50:46+08:00,True,6.0,1846.0,6693.0,116.125583,39.729588,116.138397,39.720466
profit_baseline,profit_baseline_w000745,6000000000000007400,47,Dinner-Peak Core,2020-02-15T17:32:59+08:00,2020-02-15T18:27:59+08:00,2020-02-15T18:59:42+08:00,False,6.0,3582.0,13928.0,116.159883,39.721425,116.171767,39.718506
profit_baseline,profit_baseline_w000745,6000000000000007021,47,Dinner-Peak Core,2020-02-15T17:41:52+08:00,2020-02-15T18:28:52+08:00,2020-02-15T18:59:42+08:00,False,6.0,3582.0,13928.0,116.131934,39.728898,116.141187,39.714466
profit_baseline,profit_baseline_w000817,6000000000000008455,47,Dinner-Peak Core,2020-02-15T18:55:16+08:00,2020-02-15T19:30:16+08:00,2020-02-15T19:25:48+08:00,True,3.0,1548.0,5453.0,116.159934,39.721748,116.159767,39.723546
profit_baseline,profit_baseline_w000817,6000000000000008219,47,Dinner-Peak Core,2020-02-15T19:06:46+08:00,2020-02-15T19:50:46+08:00,2020-02-15T19:25:48+08:00,True,3.0,1548.0,5453.0,116.159127,39.721476,116.160627,39.720946
profit_baseline,profit_baseline_w000836,6000000000000008382,47,Dinner-Peak Core,2020-02-15T19:14:49+08:00,2020-02-15T19:52:49+08:00,2020-02-15T20:04:53+08:00,False,6.0,2093.0,7719.0,116.163684,39.723408,116.162537,39.735896
profit_baseline,profit_baseline_w000836,6000000000000008573,47,Dinner-Peak Core,2020-02-15T19:19:24+08:00,2020-02-15T19:56:24+08:00,2020-02-15T20:04:53+08:00,False,6.0,2093.0,7719.0,116.159934,39.721748,116.172857,39.734716
profit_baseline,profit_baseline_w000022,6000000000000000288,48,Dinner-Peak Core,2020-02-15T08:27:34+08:00,2020-02-15T10:45:00+08:00,2020-02-15T08:40:39+08:00,True,6.0,1239.0,4663.0,116.323719,39.875486,116.325777,39.892926
profit_baseline,profit_baseline_w000060,6000000000000000309,48,Dinner-Peak Core,2020-02-15T09:02:48+08:00,2020-02-15T10:00:48+08:00,2020-02-15T09:16:29+08:00,True,6.0,989.0,3620.0,116.326969,39.905982,116.339037,39.908756
profit_baseline,profit_baseline_w000087,6000000000000000613,48,Dinner-Peak Core,2020-02-15T08:53:13+08:00,2020-02-15T09:37:13+08:00,2020-02-15T10:15:28+08:00,False,6.0,3328.0,12868.0,116.353757,39.904099,116.336537,39.898966
profit_baseline,profit_baseline_w000087,6000000000000000318,48,Dinner-Peak Core,2020-02-15T09:13:52+08:00,2020-02-15T09:53:52+08:00,2020-02-15T10:15:28+08:00,False,6.0,3328.0,12868.0,116.356152,39.917305,116.368057,39.913636
profit_baseline,profit_baseline_w000157,6000000000000000870,48,Dinner-Peak Core,2020-02-15T09:54:10+08:00,2020-02-15T10:27:10+08:00,2020-02-15T10:50:05+08:00,False,3.0,1805.0,6521.0,116.356152,39.917305,116.356237,39.916366
profit_baseline,profit_baseline_w000157,6000000000000000491,48,Dinner-Peak Core,2020-02-15T10:09:35+08:00,2020-02-15T10:43:35+08:00,2020-02-15T10:50:05+08:00,False,3.0,1805.0,6521.0,116.364614,39.910539,116.363497,39.913206
profit_baseline,profit_baseline_w000210,6000000000000000790,48,Dinner-Peak Core,2020-02-15T10:38:19+08:00,2020-02-15T11:15:19+08:00,2020-02-15T11:11:11+08:00,True,3.0,671.0,2297.0,116.363558,39.916538,116.356247,39.923066
profit_baseline,profit_baseline_w000236,6000000000000001227,48,Dinner-Peak Core,2020-02-15T10:51:52+08:00,2020-02-15T11:31:52+08:00,2020-02-15T11:41:41+08:00,False,6.0,1301.0,4424.0,116.347776,39.922938,116.344477,39.911546
profit_baseline,profit_baseline_w000236,6000000000000001241,48,Dinner-Peak Core,2020-02-15T10:54:51+08:00,2020-02-15T11:33:51+08:00,2020-02-15T11:41:41+08:00,False,6.0,1301.0,4424.0,116.347776,39.922938,116.352057,39.914036
profit_baseline,profit_baseline_w000275,6000000000000001894,48,Dinner-Peak Core,2020-02-15T11:27:56+08:00,2020-02-15T12:01:56+08:00,2020-02-15T12:20:02+08:00,False,3.0,1802.0,6509.0,116.363316,39.921907,116.359687,39.921076
profit_baseline,profit_baseline_w000275,6000000000000002334,48,Dinner-Peak Core,2020-02-15T11:23:01+08:00,2020-02-15T12:02:01+08:00,2020-02-15T12:20:02+08:00,False,3.0,1802.0,6509.0,116.353651,39.915512,116.355727,39.921606
profit_baseline,profit_baseline_w000325,6000000000000003120,48,Dinner-Peak Core,2020-02-15T12:07:50+08:00,2020-02-15T12:43:50+08:00,2020-02-15T13:09:16+08:00,False,6.0,2356.0,8820.0,116.363111,39.925692,116.350067,39.927276
profit_baseline,profit_baseline_w000325,6000000000000002947,48,Dinner-Peak Core,2020-02-15T12:04:54+08:00,2020-02-15T12:47:54+08:00,2020-02-15T13:09:16+08:00,False,6.0,2356.0,8820.0,116.356152,39.917305,116.348787,39.907546
profit_baseline,profit_baseline_w000382,6000000000000003861,48,Dinner-Peak Core,2020-02-15T12:40:47+08:00,2020-02-15T13:10:48+08:00,2020-02-15T13:28:31+08:00,False,6.0,1111.0,4129.0,116.337807,39.904236,116.321397,39.903866
profit_baseline,profit_baseline_w000415,6000000000000003887,48,Dinner-Peak Core,2020-02-15T13:04:59+08:00,2020-02-15T13:41:59+08:00,2020-02-15T14:32:14+08:00,False,6.0,3734.0,14560.0,116.318387,39.895736,116.321787,39.883466
profit_baseline,profit_baseline_w000415,6000000000000004415,48,Dinner-Peak Core,2020-02-15T13:15:56+08:00,2020-02-15T13:55:56+08:00,2020-02-15T14:32:14+08:00,False,6.0,3734.0,14560.0,116.326151,39.897137,116.342317,39.895166
profit_baseline,profit_baseline_w000508,6000000000000004999,48,Dinner-Peak Core,2020-02-15T14:37:17+08:00,2020-02-15T15:12:17+08:00,2020-02-15T15:28:38+08:00,False,6.0,2918.0,11157.0,116.353703,39.89785,116.341407,39.894226
profit_baseline,profit_baseline_w000508,6000000000000004933,48,Dinner-Peak Core,2020-02-15T14:31:30+08:00,2020-02-15T15:23:31+08:00,2020-02-15T15:28:38+08:00,False,6.0,2918.0,11157.0,116.343601,39.877731,116.362977,39.881016
profit_baseline,profit_baseline_w000563,6000000000000005561,48,Dinner-Peak Core,2020-02-15T15:09:17+08:00,2020-02-15T15:45:17+08:00,2020-02-15T16:08:38+08:00,False,3.0,2318.0,8661.0,116.364971,39.89271,116.365667,39.895696
profit_baseline,profit_baseline_w000563,6000000000000005364,48,Dinner-Peak Core,2020-02-15T15:21:31+08:00,2020-02-15T15:56:31+08:00,2020-02-15T16:08:38+08:00,False,6.0,2318.0,8661.0,116.351183,39.887967,116.344367,39.896546
profit_baseline,profit_baseline_w000608,6000000000000005808,48,Dinner-Peak Core,2020-02-15T15:40:19+08:00,2020-02-15T16:27:19+08:00,2020-02-15T17:07:02+08:00,False,6.0,3422.0,13261.0,116.342826,39.894091,116.327467,39.892386
profit_baseline,profit_baseline_w000608,6000000000000006111,48,Dinner-Peak Core,2020-02-15T15:55:45+08:00,2020-02-15T16:47:45+08:00,2020-02-15T17:07:02+08:00,False,6.0,3422.0,13261.0,116.366335,39.894443,116.366027,39.884196
profit_baseline,profit_baseline_w000680,6000000000000006456,48,Dinner-Peak Core,2020-02-15T17:10:09+08:00,2020-02-15T17:58:09+08:00,2020-02-15T18:22:20+08:00,False,6.0,4340.0,17084.0,116.354537,39.870916,116.344327,39.855266
profit_baseline,profit_baseline_w000680,6000000000000006868,48,Dinner-Peak Core,2020-02-15T17:17:27+08:00,2020-02-15T17:59:27+08:00,2020-02-15T18:22:20+08:00,False,6.0,4340.0,17084.0,116.377736,39.879389,116.397307,39.872466
profit_baseline,profit_baseline_w000780,6000000000000007910,48,Dinner-Peak Core,2020-02-15T18:08:36+08:00,2020-02-15T18:48:36+08:00,2020-02-15T19:20:53+08:00,False,6.0,3053.0,11723.0,116.378965,39.869538,116.384467,39.878976
profit_baseline,profit_baseline_w000780,6000000000000008249,48,Dinner-Peak Core,2020-02-15T18:29:14+08:00,2020-02-15T19:29:14+08:00,2020-02-15T19:20:53+08:00,True,10.0,3053.0,11723.0,116.378965,39.869538,116.361547,39.840596
profit_baseline,profit_baseline_w000845,6000000000000007903,48,Dinner-Peak Core,2020-02-15T19:07:32+08:00,2020-02-15T19:57:32+08:00,2020-02-15T20:13:40+08:00,False,6.0,2620.0,9913.0,116.359379,39.833487,116.339947,39.826426
profit_baseline,profit_baseline_w000845,6000000000000008577,48,Dinner-Peak Core,2020-02-15T19:26:26+08:00,2020-02-15T19:58:26+08:00,2020-02-15T20:13:40+08:00,False,6.0,2620.0,9913.0,116.348897,39.850266,116.344517,39.840256
profit_baseline,profit_baseline_w000047,6000000000000000615,49,Dinner-Peak Core,2020-02-15T08:54:00+08:00,2020-02-15T10:15:00+08:00,2020-02-15T09:26:27+08:00,True,6.0,2187.0,8112.0,116.295725,39.980575,116.313377,39.992356
profit_baseline,profit_baseline_w000047,6000000000000000261,49,Dinner-Peak Core,2020-02-15T08:50:29+08:00,2020-02-15T10:45:00+08:00,2020-02-15T09:26:27+08:00,True,6.0,2187.0,8112.0,116.306018,39.97894,116.318127,39.990116
profit_baseline,profit_baseline_w000102,6000000000000000605,49,Dinner-Peak Core,2020-02-15T09:20:45+08:00,2020-02-15T12:20:45+08:00,2020-02-15T10:00:53+08:00,True,6.0,1853.0,6722.0,116.306018,39.97894,116.322197,39.991346
profit_baseline,profit_baseline_w000102,6000000000000000420,49,Dinner-Peak Core,2020-02-15T09:22:05+08:00,2020-02-15T12:22:05+08:00,2020-02-15T10:00:53+08:00,True,6.0,1853.0,6722.0,116.306018,39.97894,116.326437,39.988706
profit_baseline,profit_baseline_w000138,6000000000000000541,49,Dinner-Peak Core,2020-02-15T09:55:40+08:00,2020-02-15T10:25:40+08:00,2020-02-15T10:21:16+08:00,True,3.0,676.0,2316.0,116.329423,39.991171,116.323707,39.987676
profit_baseline,profit_baseline_w000177,6000000000000001136,49,Dinner-Peak Core,2020-02-15T10:46:34+08:00,2020-02-15T11:19:34+08:00,2020-02-15T11:01:37+08:00,True,3.0,1297.0,4409.0,116.324049,39.991577,116.329197,39.996926
profit_baseline,profit_baseline_w000177,6000000000000001058,49,Dinner-Peak Core,2020-02-15T10:40:48+08:00,2020-02-15T11:19:48+08:00,2020-02-15T11:01:37+08:00,True,6.0,1297.0,4409.0,116.324115,39.987352,116.334317,39.999256
profit_baseline,profit_baseline_w000245,6000000000000001305,49,Dinner-Peak Core,2020-02-15T11:03:17+08:00,2020-02-15T11:51:17+08:00,2020-02-15T12:16:51+08:00,False,6.0,3411.0,13216.0,116.329275,39.990524,116.316107,40.001976
profit_baseline,profit_baseline_w000245,6000000000000001843,49,Dinner-Peak Core,2020-02-15T11:04:46+08:00,2020-02-15T11:52:46+08:00,2020-02-15T12:16:51+08:00,False,10.0,3411.0,13216.0,116.323826,39.987101,116.359607,39.989566
profit_baseline,profit_baseline_w000320,6000000000000003432,49,Dinner-Peak Core,2020-02-15T12:17:41+08:00,2020-02-15T13:05:41+08:00,2020-02-15T13:01:40+08:00,True,6.0,2500.0,9414.0,116.370471,39.975366,116.376637,39.962356
profit_baseline,profit_baseline_w000320,6000000000000002566,49,Dinner-Peak Core,2020-02-15T12:03:07+08:00,2020-02-15T14:33:07+08:00,2020-02-15T13:01:40+08:00,True,6.0,2500.0,9414.0,116.369014,39.975133,116.348747,39.978516
profit_baseline,profit_baseline_w000375,6000000000000004103,49,Dinner-Peak Core,2020-02-15T13:00:03+08:00,2020-02-15T13:48:03+08:00,2020-02-15T13:32:28+08:00,True,3.0,1348.0,4615.0,116.34955,39.980442,116.352977,39.981716
profit_baseline,profit_baseline_w000375,6000000000000004490,49,Dinner-Peak Core,2020-02-15T13:15:35+08:00,2020-02-15T13:51:35+08:00,2020-02-15T13:32:28+08:00,True,6.0,1348.0,4615.0,116.35596,39.97676,116.348567,39.984636
profit_baseline,profit_baseline_w000422,6000000000000004636,49,Dinner-Peak Core,2020-02-15T13:21:56+08:00,2020-02-15T14:01:56+08:00,2020-02-15T14:22:26+08:00,False,6.0,2546.0,9612.0,116.355541,39.9812,116.371527,39.991666
profit_baseline,profit_baseline_w000422,6000000000000004587,49,Dinner-Peak Core,2020-02-15T13:37:28+08:00,2020-02-15T14:07:28+08:00,2020-02-15T14:22:26+08:00,False,3.0,2546.0,9612.0,116.349338,39.980475,116.349357,39.985376
profit_baseline,profit_baseline_w000494,6000000000000004955,49,Dinner-Peak Core,2020-02-15T14:02:16+08:00,2020-02-15T14:39:16+08:00,2020-02-15T15:02:53+08:00,False,3.0,1973.0,7220.0,116.355541,39.9812,116.362627,39.980026
profit_baseline,profit_baseline_w000494,6000000000000005293,49,Dinner-Peak Core,2020-02-15T14:35:43+08:00,2020-02-15T15:24:43+08:00,2020-02-15T15:02:53+08:00,True,6.0,1973.0,7220.0,116.34955,39.980442,116.363367,39.979366
profit_baseline,profit_baseline_w000541,6000000000000005200,49,Dinner-Peak Core,2020-02-15T15:13:43+08:00,2020-02-15T17:43:43+08:00,2020-02-15T15:38:06+08:00,True,3.0,1686.0,6027.0,116.369014,39.975133,116.36691700000002,39.980966
profit_baseline,profit_baseline_w000541,6000000000000005376,49,Dinner-Peak Core,2020-02-15T15:04:08+08:00,2020-02-15T18:04:08+08:00,2020-02-15T15:38:06+08:00,True,6.0,1686.0,6027.0,116.3717,39.979481,116.350597,39.985446
profit_baseline,profit_baseline_w000569,6000000000000005690,49,Dinner-Peak Core,2020-02-15T15:22:25+08:00,2020-02-15T16:08:25+08:00,2020-02-15T16:19:17+08:00,False,6.0,2357.0,8822.0,116.345236,39.98082,116.364817,39.997866
profit_baseline,profit_baseline_w000569,6000000000000005852,49,Dinner-Peak Core,2020-02-15T15:33:49+08:00,2020-02-15T16:18:49+08:00,2020-02-15T16:19:17+08:00,False,6.0,2357.0,8822.0,116.349874,39.980474,116.336827,39.987256
profit_baseline,profit_baseline_w000617,6000000000000006190,49,Dinner-Peak Core,2020-02-15T16:21:57+08:00,2020-02-15T16:59:57+08:00,2020-02-15T17:08:53+08:00,False,6.0,2933.0,11224.0,116.345121,39.980827,116.358697,39.995426
profit_baseline,profit_baseline_w000617,6000000000000006086,49,Dinner-Peak Core,2020-02-15T16:29:18+08:00,2020-02-15T17:05:18+08:00,2020-02-15T17:08:53+08:00,False,3.0,2933.0,11224.0,116.32914,39.991074,116.327267,39.988986
profit_baseline,profit_baseline_w000672,6000000000000006488,49,Dinner-Peak Core,2020-02-15T16:48:10+08:00,2020-02-15T17:24:10+08:00,2020-02-15T18:00:15+08:00,False,6.0,3015.0,11561.0,116.32392,39.992806,116.332577,40.008066
profit_baseline,profit_baseline_w000672,6000000000000006837,49,Dinner-Peak Core,2020-02-15T16:57:07+08:00,2020-02-15T17:30:07+08:00,2020-02-15T18:00:15+08:00,False,6.0,3015.0,11561.0,116.323838,39.982289,116.310987,39.986246
profit_baseline,profit_baseline_w000757,6000000000000007198,49,Dinner-Peak Core,2020-02-15T17:45:03+08:00,2020-02-15T18:23:03+08:00,2020-02-15T18:40:23+08:00,False,6.0,1823.0,6593.0,116.29582,39.97839,116.308257,39.976946
profit_baseline,profit_baseline_w000757,6000000000000007608,49,Dinner-Peak Core,2020-02-15T18:03:38+08:00,2020-02-15T18:33:38+08:00,2020-02-15T18:40:23+08:00,False,3.0,1823.0,6593.0,116.306015,39.979507,116.304847,39.977166
profit_baseline,profit_baseline_w000791,6000000000000008235,49,Dinner-Peak Core,2020-02-15T18:22:31+08:00,2020-02-15T19:03:31+08:00,2020-02-15T19:45:01+08:00,False,6.0,3301.0,12754.0,116.295917,39.978399,116.283127,39.971986
profit_baseline,profit_baseline_w000791,6000000000000008253,49,Dinner-Peak Core,2020-02-15T18:32:16+08:00,2020-02-15T19:09:16+08:00,2020-02-15T19:45:01+08:00,False,3.0,3301.0,12754.0,116.304273,39.978389,116.312497,39.981486
profit_baseline,profit_baseline_w000867,6000000000000009053,49,Dinner-Peak Core,2020-02-15T19:57:15+08:00,2020-02-15T21:15:00+08:00,2020-02-15T20:31:28+08:00,True,6.0,2488.0,9365.0,116.308492,39.971103,116.294697,39.965346
profit_baseline,profit_baseline_w000867,6000000000000008728,49,Dinner-Peak Core,2020-02-15T19:27:58+08:00,2020-02-15T22:27:58+08:00,2020-02-15T20:31:28+08:00,True,3.0,2488.0,9365.0,116.306018,39.97894,116.306287,39.987856
profit_baseline,profit_baseline_w000032,6000000000000000443,50,Dinner-Peak Core,2020-02-15T08:41:45+08:00,2020-02-15T09:40:45+08:00,2020-02-15T08:52:31+08:00,True,3.0,751.0,2629.0,116.475354,39.921519,116.471247,39.929616
profit_baseline,profit_baseline_w000105,6000000000000000805,50,Dinner-Peak Core,2020-02-15T09:45:51+08:00,2020-02-15T10:28:51+08:00,2020-02-15T09:55:54+08:00,True,6.0,954.0,3475.0,116.475845,39.930812,116.460947,39.927476
profit_baseline,profit_baseline_w000136,6000000000000000958,50,Dinner-Peak Core,2020-02-15T10:06:52+08:00,2020-02-15T10:39:52+08:00,2020-02-15T11:02:10+08:00,False,6.0,3730.0,14545.0,116.446389,39.92748,116.441277,39.937796
profit_baseline,profit_baseline_w000136,6000000000000000429,50,Dinner-Peak Core,2020-02-15T09:57:03+08:00,2020-02-15T10:41:03+08:00,2020-02-15T11:02:10+08:00,False,6.0,3730.0,14545.0,116.475845,39.930812,116.462347,39.912096
profit_baseline,profit_baseline_w000228,6000000000000001849,50,Dinner-Peak Core,2020-02-15T11:06:36+08:00,2020-02-15T11:46:36+08:00,2020-02-15T11:50:33+08:00,False,3.0,2433.0,9137.0,116.467901,39.925326,116.467777,39.924806
profit_baseline,profit_baseline_w000228,6000000000000001618,50,Dinner-Peak Core,2020-02-15T10:47:13+08:00,2020-02-15T11:47:13+08:00,2020-02-15T11:50:33+08:00,False,6.0,2433.0,9137.0,116.471286,39.914835,116.441497,39.907926
profit_baseline,profit_baseline_w000288,6000000000000001819,50,Dinner-Peak Core,2020-02-15T11:35:03+08:00,2020-02-15T12:16:03+08:00,2020-02-15T12:23:57+08:00,False,3.0,1437.0,4986.0,116.440007,39.918246,116.447367,39.916566
profit_baseline,profit_baseline_w000288,6000000000000002111,50,Dinner-Peak Core,2020-02-15T11:39:13+08:00,2020-02-15T12:31:13+08:00,2020-02-15T12:23:57+08:00,True,6.0,1437.0,4986.0,116.441137,39.915866,116.438707,39.903666
profit_baseline,profit_baseline_w000328,6000000000000003453,50,Dinner-Peak Core,2020-02-15T12:16:42+08:00,2020-02-15T13:01:42+08:00,2020-02-15T13:10:48+08:00,False,6.0,2448.0,9205.0,116.448446,39.904739,116.442927,39.912686
profit_baseline,profit_baseline_w000328,6000000000000003122,50,Dinner-Peak Core,2020-02-15T12:09:17+08:00,2020-02-15T13:03:17+08:00,2020-02-15T13:10:48+08:00,False,6.0,2448.0,9205.0,116.452714,39.904197,116.454317,39.894586
profit_baseline,profit_baseline_w000396,6000000000000004067,50,Dinner-Peak Core,2020-02-15T12:52:08+08:00,2020-02-15T13:22:09+08:00,2020-02-15T13:46:31+08:00,False,6.0,1591.0,5632.0,116.450157,39.892116,116.465117,39.889156
profit_baseline,profit_baseline_w000396,6000000000000003889,50,Dinner-Peak Core,2020-02-15T13:05:44+08:00,2020-02-15T13:35:45+08:00,2020-02-15T13:46:31+08:00,False,3.0,1591.0,5632.0,116.45064800000002,39.896061,116.454477,39.899896
profit_baseline,profit_baseline_w000453,6000000000000004444,50,Dinner-Peak Core,2020-02-15T13:40:37+08:00,2020-02-15T14:15:37+08:00,2020-02-15T14:54:15+08:00,False,6.0,3255.0,12563.0,116.453197,39.905886,116.440697,39.907796
profit_baseline,profit_baseline_w000453,6000000000000004594,50,Dinner-Peak Core,2020-02-15T13:40:43+08:00,2020-02-15T14:18:43+08:00,2020-02-15T14:54:15+08:00,False,3.0,3255.0,12563.0,116.450679,39.894508,116.449887,39.894386
profit_baseline,profit_baseline_w000524,6000000000000005179,50,Dinner-Peak Core,2020-02-15T14:59:02+08:00,2020-02-15T15:29:02+08:00,2020-02-15T15:20:09+08:00,True,3.0,1209.0,4041.0,116.45099,39.894333,116.455237,39.893756
profit_baseline,profit_baseline_w000524,6000000000000005140,50,Dinner-Peak Core,2020-02-15T15:00:19+08:00,2020-02-15T15:30:19+08:00,2020-02-15T15:20:09+08:00,True,6.0,1209.0,4041.0,116.452933,39.893163,116.452267,39.881406
profit_baseline,profit_baseline_w000559,6000000000000005671,50,Dinner-Peak Core,2020-02-15T15:05:15+08:00,2020-02-15T15:44:15+08:00,2020-02-15T16:03:27+08:00,False,3.0,2007.0,7362.0,116.452396,39.873208,116.449607,39.872606
profit_baseline,profit_baseline_w000559,6000000000000005377,50,Dinner-Peak Core,2020-02-15T15:33:58+08:00,2020-02-15T16:11:58+08:00,2020-02-15T16:03:27+08:00,True,3.0,2007.0,7362.0,116.451929,39.884293,116.443367,39.881366
profit_baseline,profit_baseline_w000606,6000000000000005748,50,Dinner-Peak Core,2020-02-15T15:57:43+08:00,2020-02-15T16:33:43+08:00,2020-02-15T16:45:02+08:00,False,6.0,2102.0,7759.0,116.44576800000002,39.884215,116.457167,39.893896
profit_baseline,profit_baseline_w000606,6000000000000005828,50,Dinner-Peak Core,2020-02-15T16:06:44+08:00,2020-02-15T16:41:44+08:00,2020-02-15T16:45:02+08:00,False,3.0,2102.0,7759.0,116.454818,39.874982,116.456447,39.874666
profit_baseline,profit_baseline_w000652,6000000000000005968,50,Dinner-Peak Core,2020-02-15T16:43:55+08:00,2020-02-15T17:21:55+08:00,2020-02-15T17:10:06+08:00,True,6.0,1206.0,4523.0,116.44576800000002,39.884215,116.427117,39.881016
profit_baseline,profit_baseline_w000694,6000000000000006991,50,Dinner-Peak Core,2020-02-15T17:12:26+08:00,2020-02-15T17:48:26+08:00,2020-02-15T17:36:46+08:00,True,3.0,1006.0,3690.0,116.437744,39.891373,116.436927,39.893076
profit_baseline,profit_baseline_w000708,6000000000000006467,50,Dinner-Peak Core,2020-02-15T17:16:25+08:00,2020-02-15T17:55:25+08:00,2020-02-15T17:57:55+08:00,False,3.0,1075.0,3478.0,116.438879,39.891925,116.439277,39.885946
profit_baseline,profit_baseline_w000708,6000000000000006733,50,Dinner-Peak Core,2020-02-15T17:18:42+08:00,2020-02-15T18:12:42+08:00,2020-02-15T17:57:55+08:00,True,3.0,1075.0,3478.0,116.44012,39.890385,116.448447,39.893986
profit_baseline,profit_baseline_w000738,6000000000000007245,50,Dinner-Peak Core,2020-02-15T17:44:51+08:00,2020-02-15T18:27:51+08:00,2020-02-15T18:56:44+08:00,False,6.0,3404.0,13180.0,116.44116,39.882763,116.428557,39.873876
profit_baseline,profit_baseline_w000738,6000000000000007497,50,Dinner-Peak Core,2020-02-15T17:56:21+08:00,2020-02-15T18:32:21+08:00,2020-02-15T18:56:44+08:00,False,3.0,3404.0,13180.0,116.450881,39.893301,116.447527,39.892036
profit_baseline,profit_baseline_w000806,6000000000000008095,50,Dinner-Peak Core,2020-02-15T18:30:37+08:00,2020-02-15T19:25:37+08:00,2020-02-15T19:30:45+08:00,False,6.0,1845.0,6688.0,116.455139,39.890607,116.446817,39.878126
profit_baseline,profit_baseline_w000806,6000000000000008046,50,Dinner-Peak Core,2020-02-15T18:50:07+08:00,2020-02-15T19:33:07+08:00,2020-02-15T19:30:45+08:00,True,3.0,1845.0,6688.0,116.455139,39.890607,116.459797,39.893376
profit_baseline,profit_baseline_w000848,6000000000000008907,50,Dinner-Peak Core,2020-02-15T19:21:56+08:00,2020-02-15T19:56:56+08:00,2020-02-15T20:01:55+08:00,False,6.0,1315.0,4482.0,116.45922600000002,39.890149,116.469657,39.880206
profit_baseline,profit_baseline_w000848,6000000000000008631,50,Dinner-Peak Core,2020-02-15T19:20:07+08:00,2020-02-15T19:57:07+08:00,2020-02-15T20:01:55+08:00,False,3.0,1315.0,4482.0,116.459747,39.890366,116.461997,39.887106
profit_baseline,profit_baseline_w000002,6000000000000000154,51,Dinner-Peak Core,2020-02-15T08:09:23+08:00,2020-02-15T08:42:23+08:00,2020-02-15T08:10:49+08:00,True,3.0,649.0,2205.0,116.362749,39.937453,116.355197,39.937626
profit_baseline,profit_baseline_w000017,6000000000000000555,51,Dinner-Peak Core,2020-02-15T08:22:52+08:00,2020-02-15T09:04:52+08:00,2020-02-15T09:21:40+08:00,False,6.0,3700.0,14417.0,116.341986,39.940502,116.334567,39.932966
profit_baseline,profit_baseline_w000017,6000000000000000209,51,Dinner-Peak Core,2020-02-15T08:29:23+08:00,2020-02-15T09:06:23+08:00,2020-02-15T09:21:40+08:00,False,3.0,3700.0,14417.0,116.362749,39.937453,116.360367,39.932556
profit_baseline,profit_baseline_w000097,6000000000000000231,51,Dinner-Peak Core,2020-02-15T09:17:24+08:00,2020-02-15T09:47:24+08:00,2020-02-15T10:21:05+08:00,False,3.0,3065.0,11769.0,116.362713,39.939269,116.361247,39.942356
profit_baseline,profit_baseline_w000097,6000000000000000567,51,Dinner-Peak Core,2020-02-15T09:07:13+08:00,2020-02-15T09:49:13+08:00,2020-02-15T10:21:05+08:00,False,6.0,3065.0,11769.0,116.34864,39.922954,116.333797,39.930306
profit_baseline,profit_baseline_w000174,6000000000000001340,51,Dinner-Peak Core,2020-02-15T10:15:20+08:00,2020-02-15T10:59:20+08:00,2020-02-15T10:54:25+08:00,True,6.0,1465.0,5104.0,116.348917,39.930946,116.358747,39.936326
profit_baseline,profit_baseline_w000174,6000000000000000768,51,Dinner-Peak Core,2020-02-15T10:24:03+08:00,2020-02-15T11:01:03+08:00,2020-02-15T10:54:25+08:00,True,6.0,1465.0,5104.0,116.353967,39.938066,116.359657,39.929676
profit_baseline,profit_baseline_w000203,6000000000000001388,51,Dinner-Peak Core,2020-02-15T10:42:52+08:00,2020-02-15T11:17:52+08:00,2020-02-15T11:21:22+08:00,False,3.0,1282.0,4346.0,116.358212,39.930374,116.359047,39.933916
profit_baseline,profit_baseline_w000203,6000000000000001530,51,Dinner-Peak Core,2020-02-15T10:45:51+08:00,2020-02-15T11:19:51+08:00,2020-02-15T11:21:22+08:00,False,3.0,1282.0,4346.0,116.363172,39.925106,116.363777,39.925826
profit_baseline,profit_baseline_w000253,6000000000000001604,51,Dinner-Peak Core,2020-02-15T11:15:55+08:00,2020-02-15T11:51:55+08:00,2020-02-15T12:01:39+08:00,False,3.0,1899.0,6910.0,116.362877,39.930785,116.37179700000002,39.925716
profit_baseline,profit_baseline_w000253,6000000000000001739,51,Dinner-Peak Core,2020-02-15T11:09:16+08:00,2020-02-15T11:52:16+08:00,2020-02-15T12:01:39+08:00,False,6.0,1899.0,6910.0,116.370176,39.934216,116.35630700000002,39.943296
profit_baseline,profit_baseline_w000299,6000000000000002804,51,Dinner-Peak Core,2020-02-15T11:44:14+08:00,2020-02-15T12:23:14+08:00,2020-02-15T12:40:09+08:00,False,3.0,1809.0,6536.0,116.362648,39.942124,116.356487,39.936416
profit_baseline,profit_baseline_w000299,6000000000000003162,51,Dinner-Peak Core,2020-02-15T11:54:03+08:00,2020-02-15T12:26:03+08:00,2020-02-15T12:40:09+08:00,False,3.0,1809.0,6536.0,116.36162,39.946191,116.361117,39.950566
profit_baseline,profit_baseline_w000350,6000000000000002597,51,Dinner-Peak Core,2020-02-15T12:21:02+08:00,2020-02-15T13:06:02+08:00,2020-02-15T13:37:02+08:00,False,6.0,2822.0,10759.0,116.361367,39.945046,116.375797,39.931886
profit_baseline,profit_baseline_w000350,6000000000000003457,51,Dinner-Peak Core,2020-02-15T12:28:15+08:00,2020-02-15T13:08:15+08:00,2020-02-15T13:37:02+08:00,False,6.0,2822.0,10759.0,116.361123,39.946227,116.349387,39.949186
profit_baseline,profit_baseline_w000421,6000000000000004035,51,Dinner-Peak Core,2020-02-15T13:20:08+08:00,2020-02-15T13:50:08+08:00,2020-02-15T14:03:12+08:00,False,3.0,1392.0,4802.0,116.346081,39.952449,116.344247,39.950236
profit_baseline,profit_baseline_w000421,6000000000000004355,51,Dinner-Peak Core,2020-02-15T13:25:33+08:00,2020-02-15T13:55:34+08:00,2020-02-15T14:03:12+08:00,False,6.0,1392.0,4802.0,116.346081,39.952449,116.347807,39.964316
profit_baseline,profit_baseline_w000469,6000000000000004528,51,Dinner-Peak Core,2020-02-15T13:46:36+08:00,2020-02-15T14:29:36+08:00,2020-02-15T14:59:45+08:00,False,6.0,2985.0,11439.0,116.355541,39.9812,116.354507,39.996486
profit_baseline,profit_baseline_w000469,6000000000000004532,51,Dinner-Peak Core,2020-02-15T13:55:52+08:00,2020-02-15T14:36:52+08:00,2020-02-15T14:59:45+08:00,False,6.0,2985.0,11439.0,116.351175,39.980225,116.348147,39.966086
profit_baseline,profit_baseline_w000530,6000000000000004826,51,Dinner-Peak Core,2020-02-15T14:40:51+08:00,2020-02-15T15:29:51+08:00,2020-02-15T15:34:55+08:00,False,6.0,2095.0,7728.0,116.353724,39.956879,116.345397,39.972906
profit_baseline,profit_baseline_w000530,6000000000000005129,51,Dinner-Peak Core,2020-02-15T14:45:23+08:00,2020-02-15T15:32:23+08:00,2020-02-15T15:34:55+08:00,False,6.0,2095.0,7728.0,116.353724,39.956879,116.339987,39.967576
profit_baseline,profit_baseline_w000584,6000000000000005633,51,Dinner-Peak Core,2020-02-15T15:21:41+08:00,2020-02-15T15:57:41+08:00,2020-02-15T15:55:22+08:00,True,6.0,922.0,3342.0,116.346824,39.952122,116.342627,39.961006
profit_baseline,profit_baseline_w000596,6000000000000005978,51,Dinner-Peak Core,2020-02-15T15:54:27+08:00,2020-02-15T16:32:27+08:00,2020-02-15T16:24:17+08:00,True,3.0,1457.0,5070.0,116.346434,39.951576,116.345797,39.955316
profit_baseline,profit_baseline_w000596,6000000000000005395,51,Dinner-Peak Core,2020-02-15T15:50:42+08:00,2020-02-15T16:44:42+08:00,2020-02-15T16:24:17+08:00,True,6.0,1457.0,5070.0,116.346237,39.952276,116.366547,39.957336
profit_baseline,profit_baseline_w000629,6000000000000005775,51,Dinner-Peak Core,2020-02-15T16:22:32+08:00,2020-02-15T16:58:32+08:00,2020-02-15T17:29:49+08:00,False,6.0,3589.0,13952.0,116.360949,39.962035,116.349807,39.973836
profit_baseline,profit_baseline_w000629,6000000000000005998,51,Dinner-Peak Core,2020-02-15T16:13:32+08:00,2020-02-15T17:03:32+08:00,2020-02-15T17:29:49+08:00,False,6.0,3589.0,13952.0,116.346607,39.951596,116.330197,39.947476
profit_baseline,profit_baseline_w000707,6000000000000006356,51,Dinner-Peak Core,2020-02-15T17:01:21+08:00,2020-02-15T17:42:21+08:00,2020-02-15T18:21:19+08:00,False,6.0,3079.0,11830.0,116.34288,39.941651,116.334677,39.948636
profit_baseline,profit_baseline_w000707,6000000000000006453,51,Dinner-Peak Core,2020-02-15T17:00:19+08:00,2020-02-15T17:58:19+08:00,2020-02-15T18:21:19+08:00,False,6.0,3079.0,11830.0,116.350866,39.953466,116.34936700000002,39.942946
profit_baseline,profit_baseline_w000776,6000000000000007364,51,Dinner-Peak Core,2020-02-15T18:05:08+08:00,2020-02-15T18:45:08+08:00,2020-02-15T19:05:10+08:00,False,3.0,2110.0,7793.0,116.33868,39.937614,116.343787,39.934506
profit_baseline,profit_baseline_w000776,6000000000000007541,51,Dinner-Peak Core,2020-02-15T18:22:10+08:00,2020-02-15T18:52:10+08:00,2020-02-15T19:05:10+08:00,False,3.0,2110.0,7793.0,116.342322,39.941123,116.344197,39.935766
profit_baseline,profit_baseline_w000828,6000000000000008503,51,Dinner-Peak Core,2020-02-15T18:46:44+08:00,2020-02-15T19:18:44+08:00,2020-02-15T20:25:02+08:00,False,6.0,4502.0,17756.0,116.34864,39.922954,116.348007,39.911656
profit_baseline,profit_baseline_w000828,6000000000000008193,51,Dinner-Peak Core,2020-02-15T18:45:40+08:00,2020-02-15T19:26:40+08:00,2020-02-15T20:25:02+08:00,False,6.0,4502.0,17756.0,116.362614,39.943477,116.370577,39.954266
profit_baseline,profit_baseline_w000206,6000000000000001471,52,Dinner-Peak Core,2020-02-15T11:09:04+08:00,2020-02-15T11:47:04+08:00,2020-02-15T11:07:49+08:00,True,3.0,469.0,1453.0,116.544248,40.009268,116.541927,40.008906
profit_baseline,profit_baseline_w000223,6000000000000001778,52,Dinner-Peak Core,2020-02-15T11:18:50+08:00,2020-02-15T12:08:50+08:00,2020-02-15T11:20:24+08:00,True,6.0,624.0,2101.0,116.544248,40.009268,116.531467,40.008516
profit_baseline,profit_baseline_w000254,6000000000000002185,52,Dinner-Peak Core,2020-02-15T11:24:16+08:00,2020-02-15T12:05:16+08:00,2020-02-15T11:41:38+08:00,True,3.0,698.0,2410.0,116.544248,40.009268,116.544047,40.008856
profit_baseline,profit_baseline_w000800,6000000000000007801,52,Dinner-Peak Core,2020-02-15T18:57:36+08:00,2020-02-15T19:41:36+08:00,2020-02-15T19:02:54+08:00,True,3.0,774.0,2724.0,116.558981,40.009662,116.561487,40.006826
profit_baseline,profit_baseline_w000820,6000000000000008302,52,Dinner-Peak Core,2020-02-15T19:10:32+08:00,2020-02-15T19:50:32+08:00,2020-02-15T19:43:42+08:00,True,3.0,2022.0,7424.0,116.558981,40.009662,116.560737,40.010756
profit_baseline,profit_baseline_w000820,6000000000000008600,52,Dinner-Peak Core,2020-02-15T19:18:20+08:00,2020-02-15T22:18:20+08:00,2020-02-15T19:43:42+08:00,True,3.0,2022.0,7424.0,116.567815,40.00138,116.564567,40.001316
profit_baseline,profit_baseline_w000868,6000000000000008848,52,Dinner-Peak Core,2020-02-15T19:32:54+08:00,2020-02-15T20:11:54+08:00,2020-02-15T20:02:25+08:00,True,3.0,745.0,2602.0,116.558981,40.009662,116.564987,40.005176
profit_baseline,profit_baseline_w000198,6000000000000001625,53,Dinner-Peak Core,2020-02-15T10:57:16+08:00,2020-02-15T13:15:00+08:00,2020-02-15T11:08:09+08:00,True,6.0,1089.0,4038.0,116.31622,39.756655,116.317317,39.774206
profit_baseline,profit_baseline_w000281,6000000000000002496,53,Dinner-Peak Core,2020-02-15T11:55:27+08:00,2020-02-15T12:29:27+08:00,2020-02-15T12:07:45+08:00,True,3.0,1065.0,3938.0,116.307587,39.758156,116.303007,39.762106
profit_baseline,profit_baseline_w000308,6000000000000003203,53,Dinner-Peak Core,2020-02-15T12:08:56+08:00,2020-02-15T12:38:56+08:00,2020-02-15T12:21:55+08:00,True,3.0,715.0,2479.0,116.323829,39.762961,116.327887,39.763796
profit_baseline,profit_baseline_w000326,6000000000000003244,53,Dinner-Peak Core,2020-02-15T12:05:02+08:00,2020-02-15T12:40:02+08:00,2020-02-15T13:04:10+08:00,False,3.0,2050.0,7540.0,116.322187,39.763597,116.324047,39.755606
profit_baseline,profit_baseline_w000326,6000000000000003444,53,Dinner-Peak Core,2020-02-15T12:24:09+08:00,2020-02-15T13:04:09+08:00,2020-02-15T13:04:10+08:00,False,3.0,2050.0,7540.0,116.324937,39.774351,116.324497,39.772316
profit_baseline,profit_baseline_w000386,6000000000000003930,53,Dinner-Peak Core,2020-02-15T13:11:45+08:00,2020-02-15T13:41:45+08:00,2020-02-15T13:29:39+08:00,True,6.0,1179.0,4415.0,116.323829,39.762961,116.308777,39.760676
profit_baseline,profit_baseline_w000468,6000000000000005089,53,Dinner-Peak Core,2020-02-15T14:10:39+08:00,2020-02-15T14:48:39+08:00,2020-02-15T14:49:12+08:00,False,6.0,2352.0,8798.0,116.320134,39.77414,116.320227,39.785966
profit_baseline,profit_baseline_w000468,6000000000000004751,53,Dinner-Peak Core,2020-02-15T14:15:32+08:00,2020-02-15T15:11:32+08:00,2020-02-15T14:49:12+08:00,True,6.0,2352.0,8798.0,116.323813,39.762869,116.328227,39.783616
profit_baseline,profit_baseline_w000518,6000000000000005291,53,Dinner-Peak Core,2020-02-15T14:45:02+08:00,2020-02-15T15:16:02+08:00,2020-02-15T15:20:39+08:00,False,3.0,1839.0,6662.0,116.325218,39.77238,116.318907,39.774016
profit_baseline,profit_baseline_w000518,6000000000000005062,53,Dinner-Peak Core,2020-02-15T14:39:33+08:00,2020-02-15T15:28:33+08:00,2020-02-15T15:20:39+08:00,True,6.0,1839.0,6662.0,116.324937,39.774351,116.309237,39.774836
profit_baseline,profit_baseline_w000590,6000000000000006037,53,Dinner-Peak Core,2020-02-15T15:58:51+08:00,2020-02-15T16:35:51+08:00,2020-02-15T16:31:15+08:00,True,3.0,2475.0,9313.0,116.317186,39.771352,116.315267,39.770656
profit_baseline,profit_baseline_w000590,6000000000000005487,53,Dinner-Peak Core,2020-02-15T15:53:14+08:00,2020-02-15T16:51:14+08:00,2020-02-15T16:31:15+08:00,True,6.0,2475.0,9313.0,116.323591,39.762882,116.326197,39.774056
profit_baseline,profit_baseline_w000636,6000000000000006108,53,Dinner-Peak Core,2020-02-15T16:40:31+08:00,2020-02-15T17:20:31+08:00,2020-02-15T17:14:38+08:00,True,6.0,2078.0,7658.0,116.317643,39.775667,116.333217,39.773596
profit_baseline,profit_baseline_w000636,6000000000000006165,53,Dinner-Peak Core,2020-02-15T16:46:13+08:00,2020-02-15T17:25:13+08:00,2020-02-15T17:14:38+08:00,True,6.0,2078.0,7658.0,116.324877,39.763766,116.336507,39.760306
profit_baseline,profit_baseline_w000690,6000000000000006718,53,Dinner-Peak Core,2020-02-15T17:02:05+08:00,2020-02-15T17:45:05+08:00,2020-02-15T17:33:42+08:00,True,3.0,822.0,2926.0,116.324375,39.762863,116.314707,39.765466
profit_baseline,profit_baseline_w000715,6000000000000007070,53,Dinner-Peak Core,2020-02-15T17:17:27+08:00,2020-02-15T18:27:27+08:00,2020-02-15T18:01:56+08:00,True,6.0,1316.0,4984.0,116.323591,39.762882,116.317837,39.736976
profit_baseline,profit_baseline_w000758,6000000000000007113,53,Dinner-Peak Core,2020-02-15T17:48:25+08:00,2020-02-15T18:24:25+08:00,2020-02-15T19:06:45+08:00,False,6.0,3405.0,13187.0,116.323479,39.721558,116.318577,39.732176
profit_baseline,profit_baseline_w000758,6000000000000007734,53,Dinner-Peak Core,2020-02-15T18:11:03+08:00,2020-02-15T20:41:03+08:00,2020-02-15T19:06:45+08:00,True,6.0,3405.0,13187.0,116.318381,39.730098,116.303717,39.710136
profit_baseline,profit_baseline_w000011,6000000000000000338,54,Dinner-Peak Core,2020-02-15T08:14:06+08:00,2020-02-15T09:15:06+08:00,2020-02-15T08:35:38+08:00,True,10.0,1538.0,5908.0,116.148157,39.722357,116.181997,39.713326
profit_baseline,profit_baseline_w000039,6000000000000000440,54,Dinner-Peak Core,2020-02-15T08:40:23+08:00,2020-02-15T10:30:00+08:00,2020-02-15T09:09:01+08:00,True,10.0,1741.0,6752.0,116.170908,39.72138,116.136637,39.728656
profit_baseline,profit_baseline_w000065,6000000000000000257,54,Dinner-Peak Core,2020-02-15T09:08:41+08:00,2020-02-15T09:57:41+08:00,2020-02-15T09:40:37+08:00,True,6.0,1837.0,6655.0,116.128983,39.733849,116.136267,39.749446
profit_baseline,profit_baseline_w000065,6000000000000000415,54,Dinner-Peak Core,2020-02-15T09:17:25+08:00,2020-02-15T10:30:00+08:00,2020-02-15T09:40:37+08:00,True,3.0,1837.0,6655.0,116.132985,39.730869,116.134887,39.732826
profit_baseline,profit_baseline_w000116,6000000000000000463,54,Dinner-Peak Core,2020-02-15T09:38:39+08:00,2020-02-15T10:34:39+08:00,2020-02-15T10:22:59+08:00,True,6.0,1979.0,7249.0,116.126422,39.732806,116.138907,39.719296
profit_baseline,profit_baseline_w000116,6000000000000000599,54,Dinner-Peak Core,2020-02-15T09:34:36+08:00,2020-02-15T12:04:36+08:00,2020-02-15T10:22:59+08:00,True,3.0,1979.0,7249.0,116.129108,39.734254,116.134297,39.735606
profit_baseline,profit_baseline_w000168,6000000000000000487,54,Dinner-Peak Core,2020-02-15T10:07:20+08:00,2020-02-15T10:59:20+08:00,2020-02-15T10:59:24+08:00,False,6.0,1764.0,6349.0,116.131818,39.73898,116.142847,39.746206
profit_baseline,profit_baseline_w000168,6000000000000000783,54,Dinner-Peak Core,2020-02-15T10:36:16+08:00,2020-02-15T11:18:16+08:00,2020-02-15T10:59:24+08:00,True,3.0,1764.0,6349.0,116.131502,39.744607,116.130737,39.744576
profit_baseline,profit_baseline_w000220,6000000000000000930,54,Dinner-Peak Core,2020-02-15T10:45:45+08:00,2020-02-15T11:33:46+08:00,2020-02-15T11:51:01+08:00,False,6.0,3061.0,11754.0,116.125583,39.729588,116.110877,39.727066
profit_baseline,profit_baseline_w000220,6000000000000001290,54,Dinner-Peak Core,2020-02-15T10:47:51+08:00,2020-02-15T11:45:00+08:00,2020-02-15T11:51:01+08:00,False,3.0,3061.0,11754.0,116.129021,39.733715,116.125297,39.733716
profit_baseline,profit_baseline_w000282,6000000000000002007,54,Dinner-Peak Core,2020-02-15T11:39:00+08:00,2020-02-15T12:16:00+08:00,2020-02-15T12:28:02+08:00,False,3.0,1682.0,6009.0,116.127767,39.733831,116.127947,39.738876
profit_baseline,profit_baseline_w000282,6000000000000003012,54,Dinner-Peak Core,2020-02-15T11:52:04+08:00,2020-02-15T12:48:04+08:00,2020-02-15T12:28:02+08:00,True,6.0,1682.0,6009.0,116.125743,39.733033,116.130907,39.748866
profit_baseline,profit_baseline_w000334,6000000000000003337,54,Dinner-Peak Core,2020-02-15T12:16:06+08:00,2020-02-15T13:09:06+08:00,2020-02-15T12:49:43+08:00,True,3.0,1183.0,4428.0,116.126422,39.732806,116.117447,39.728216
profit_baseline,profit_baseline_w000348,6000000000000003306,54,Dinner-Peak Core,2020-02-15T12:41:32+08:00,2020-02-15T13:30:32+08:00,2020-02-15T13:53:56+08:00,False,6.0,3836.0,14986.0,116.115587,39.729851,116.098117,39.733296
profit_baseline,profit_baseline_w000348,6000000000000003621,54,Dinner-Peak Core,2020-02-15T12:40:15+08:00,2020-02-15T13:40:16+08:00,2020-02-15T13:53:56+08:00,False,10.0,3836.0,14986.0,116.125583,39.729588,116.171747,39.719416
profit_baseline,profit_baseline_w000485,6000000000000005106,54,Dinner-Peak Core,2020-02-15T14:25:36+08:00,2020-02-15T15:11:36+08:00,2020-02-15T14:44:10+08:00,True,6.0,1450.0,5543.0,116.159934,39.721748,116.172857,39.734716
profit_baseline,profit_baseline_w000511,6000000000000005155,54,Dinner-Peak Core,2020-02-15T14:36:28+08:00,2020-02-15T15:25:28+08:00,2020-02-15T15:08:33+08:00,True,6.0,1113.0,4138.0,116.171999,39.73033,116.164537,39.747186
profit_baseline,profit_baseline_w000544,6000000000000005516,54,Dinner-Peak Core,2020-02-15T15:12:07+08:00,2020-02-15T16:06:07+08:00,2020-02-15T15:39:08+08:00,True,3.0,1748.0,6782.0,116.151137,39.755126,116.146877,39.763156
profit_baseline,profit_baseline_w000257,6000000000000001914,55,Dinner-Peak Core,2020-02-15T11:35:41+08:00,2020-02-15T12:22:41+08:00,2020-02-15T11:48:27+08:00,True,3.0,1107.0,4112.0,116.48574800000002,39.784203,116.491617,39.791576
profit_baseline,profit_baseline_w000278,6000000000000002010,55,Dinner-Peak Core,2020-02-15T11:40:33+08:00,2020-02-15T12:24:33+08:00,2020-02-15T12:08:47+08:00,True,6.0,1127.0,4198.0,116.48506700000002,39.783646,116.490947,39.791436
profit_baseline,profit_baseline_w000302,6000000000000003197,55,Dinner-Peak Core,2020-02-15T12:03:48+08:00,2020-02-15T12:51:48+08:00,2020-02-15T12:38:03+08:00,True,3.0,1683.0,6012.0,116.501793,39.790868,116.502087,39.787996
profit_baseline,profit_baseline_w000302,6000000000000002871,55,Dinner-Peak Core,2020-02-15T12:07:42+08:00,2020-02-15T13:14:42+08:00,2020-02-15T12:38:03+08:00,True,6.0,1683.0,6012.0,116.501853,39.790929,116.531337,39.800586
profit_baseline,profit_baseline_w000373,6000000000000004009,55,Dinner-Peak Core,2020-02-15T13:08:32+08:00,2020-02-15T13:51:32+08:00,2020-02-15T13:26:36+08:00,True,6.0,1596.0,5649.0,116.553667,39.796376,116.570277,39.797196
profit_baseline,profit_baseline_w000373,6000000000000004089,55,Dinner-Peak Core,2020-02-15T13:06:04+08:00,2020-02-15T13:53:04+08:00,2020-02-15T13:26:36+08:00,True,6.0,1596.0,5649.0,116.553667,39.796376,116.572167,39.798446
profit_baseline,profit_baseline_w000728,6000000000000007662,55,Dinner-Peak Core,2020-02-15T17:52:16+08:00,2020-02-15T19:06:17+08:00,2020-02-15T18:12:42+08:00,True,10.0,1362.0,5175.0,116.564779,39.801614,116.545347,39.827026
profit_baseline,profit_baseline_w000130,6000000000000001102,56,Dinner-Peak Core,2020-02-15T10:09:46+08:00,2020-02-15T10:58:46+08:00,2020-02-15T10:38:42+08:00,True,10.0,2322.0,8678.0,115.977747,40.464246,115.961747,40.439096
profit_baseline,profit_baseline_w000130,6000000000000000875,56,Dinner-Peak Core,2020-02-15T10:05:19+08:00,2020-02-15T11:01:19+08:00,2020-02-15T10:38:42+08:00,True,10.0,2322.0,8678.0,115.967939,40.459067,115.948907,40.429596
profit_baseline,profit_baseline_w000034,6000000000000000298,57,Dinner-Peak Core,2020-02-15T08:46:20+08:00,2020-02-15T09:33:20+08:00,2020-02-15T08:52:18+08:00,True,6.0,738.0,2571.0,116.415582,39.903099,116.400797,39.899546
profit_baseline,profit_baseline_w000059,6000000000000000446,57,Dinner-Peak Core,2020-02-15T08:59:56+08:00,2020-02-15T09:47:56+08:00,2020-02-15T09:20:26+08:00,True,6.0,1226.0,4109.0,116.415582,39.903099,116.407277,39.910646
profit_baseline,profit_baseline_w000059,6000000000000000566,57,Dinner-Peak Core,2020-02-15T09:06:51+08:00,2020-02-15T09:49:51+08:00,2020-02-15T09:20:26+08:00,True,3.0,1226.0,4109.0,116.408137,39.911666,116.408407,39.910656
profit_baseline,profit_baseline_w000100,6000000000000000400,57,Dinner-Peak Core,2020-02-15T09:16:36+08:00,2020-02-15T10:06:36+08:00,2020-02-15T09:59:52+08:00,True,6.0,1792.0,6462.0,116.415582,39.903099,116.404557,39.908466
profit_baseline,profit_baseline_w000100,6000000000000000573,57,Dinner-Peak Core,2020-02-15T09:13:58+08:00,2020-02-15T10:45:00+08:00,2020-02-15T09:59:52+08:00,True,3.0,1792.0,6462.0,116.405009,39.896238,116.404947,39.899456
profit_baseline,profit_baseline_w000127,6000000000000000601,57,Dinner-Peak Core,2020-02-15T09:48:08+08:00,2020-02-15T10:21:08+08:00,2020-02-15T10:33:07+08:00,False,3.0,1987.0,7276.0,116.409354,39.895322,116.411447,39.893626
profit_baseline,profit_baseline_w000127,6000000000000000744,57,Dinner-Peak Core,2020-02-15T09:56:25+08:00,2020-02-15T10:51:25+08:00,2020-02-15T10:33:07+08:00,True,3.0,1987.0,7276.0,116.399043,39.899455,116.393617,39.895886
profit_baseline,profit_baseline_w000183,6000000000000001277,57,Dinner-Peak Core,2020-02-15T10:39:57+08:00,2020-02-15T11:30:00+08:00,2020-02-15T11:34:59+08:00,False,6.0,3299.0,12747.0,116.390083,39.891142,116.371757,39.899696
profit_baseline,profit_baseline_w000183,6000000000000000865,57,Dinner-Peak Core,2020-02-15T10:43:51+08:00,2020-02-15T11:45:00+08:00,2020-02-15T11:34:59+08:00,True,6.0,3299.0,12747.0,116.409422,39.896023,116.419367,39.906096
profit_baseline,profit_baseline_w000268,6000000000000002041,57,Dinner-Peak Core,2020-02-15T11:11:30+08:00,2020-02-15T11:47:30+08:00,2020-02-15T11:48:38+08:00,False,3.0,518.0,1655.0,116.406314,39.908638,116.406887,39.908906
profit_baseline,profit_baseline_w000272,6000000000000001491,57,Dinner-Peak Core,2020-02-15T11:22:47+08:00,2020-02-15T11:59:47+08:00,2020-02-15T12:15:02+08:00,False,3.0,1502.0,5259.0,116.406314,39.908638,116.407247,39.916236
profit_baseline,profit_baseline_w000272,6000000000000002346,57,Dinner-Peak Core,2020-02-15T11:26:16+08:00,2020-02-15T12:06:16+08:00,2020-02-15T12:15:02+08:00,False,6.0,1502.0,5259.0,116.415582,39.903099,116.411017,39.912476
profit_baseline,profit_baseline_w000311,6000000000000002757,57,Dinner-Peak Core,2020-02-15T12:06:53+08:00,2020-02-15T12:42:53+08:00,2020-02-15T12:57:56+08:00,False,3.0,2276.0,8484.0,116.417006,39.915784,116.420557,39.917826
profit_baseline,profit_baseline_w000311,6000000000000002581,57,Dinner-Peak Core,2020-02-15T12:11:32+08:00,2020-02-15T12:44:32+08:00,2020-02-15T12:57:56+08:00,False,3.0,2276.0,8484.0,116.402499,39.908678,116.406187,39.908796
profit_baseline,profit_baseline_w000365,6000000000000003871,57,Dinner-Peak Core,2020-02-15T12:45:59+08:00,2020-02-15T13:25:59+08:00,2020-02-15T13:22:20+08:00,True,6.0,1340.0,4581.0,116.401996,39.913359,116.411397,39.902286
profit_baseline,profit_baseline_w000365,6000000000000003729,57,Dinner-Peak Core,2020-02-15T13:01:37+08:00,2020-02-15T13:31:37+08:00,2020-02-15T13:22:20+08:00,True,3.0,1340.0,4581.0,116.410197,39.89736,116.409497,39.897346
profit_baseline,profit_baseline_w000408,6000000000000004001,57,Dinner-Peak Core,2020-02-15T13:02:45+08:00,2020-02-15T13:33:45+08:00,2020-02-15T13:42:40+08:00,False,3.0,760.0,2165.0,116.407999,39.897643,116.412467,39.898336
profit_baseline,profit_baseline_w000408,6000000000000004320,57,Dinner-Peak Core,2020-02-15T13:08:33+08:00,2020-02-15T13:39:33+08:00,2020-02-15T13:42:40+08:00,False,3.0,760.0,2165.0,116.406107,39.898466,116.405467,39.898526
profit_baseline,profit_baseline_w000447,6000000000000004200,57,Dinner-Peak Core,2020-02-15T13:28:15+08:00,2020-02-15T14:08:15+08:00,2020-02-15T14:18:00+08:00,False,6.0,1680.0,5998.0,116.401996,39.913359,116.416587,39.911016
profit_baseline,profit_baseline_w000447,6000000000000004836,57,Dinner-Peak Core,2020-02-15T13:51:05+08:00,2020-02-15T14:30:05+08:00,2020-02-15T14:18:00+08:00,True,6.0,1680.0,5998.0,116.41228,39.914438,116.421887,39.919626
profit_baseline,profit_baseline_w000476,6000000000000004564,57,Dinner-Peak Core,2020-02-15T14:17:07+08:00,2020-02-15T14:56:07+08:00,2020-02-15T14:45:12+08:00,True,6.0,1512.0,5300.0,116.417177,39.91248,116.412827,39.928646
profit_baseline,profit_baseline_w000476,6000000000000004988,57,Dinner-Peak Core,2020-02-15T14:23:55+08:00,2020-02-15T15:02:55+08:00,2020-02-15T14:45:12+08:00,True,6.0,1512.0,5300.0,116.421641,39.921455,116.411357,39.929186
profit_baseline,profit_baseline_w000521,6000000000000004763,57,Dinner-Peak Core,2020-02-15T14:45:50+08:00,2020-02-15T15:24:50+08:00,2020-02-15T15:14:07+08:00,True,6.0,1447.0,5032.0,116.417177,39.91248,116.405007,39.913156
profit_baseline,profit_baseline_w000521,6000000000000004889,57,Dinner-Peak Core,2020-02-15T14:48:50+08:00,2020-02-15T15:26:50+08:00,2020-02-15T15:14:07+08:00,True,6.0,1447.0,5032.0,116.417006,39.915784,116.405007,39.913156
profit_baseline,profit_baseline_w000549,6000000000000005458,57,Dinner-Peak Core,2020-02-15T14:56:44+08:00,2020-02-15T15:31:44+08:00,2020-02-15T15:33:56+08:00,False,3.0,836.0,2483.0,116.40213,39.912873,116.405387,39.916866
profit_baseline,profit_baseline_w000549,6000000000000005684,57,Dinner-Peak Core,2020-02-15T15:11:34+08:00,2020-02-15T15:59:34+08:00,2020-02-15T15:33:56+08:00,True,6.0,836.0,2483.0,116.401726,39.914278,116.417177,39.918786
profit_baseline,profit_baseline_w000575,6000000000000005432,57,Dinner-Peak Core,2020-02-15T15:19:55+08:00,2020-02-15T16:05:55+08:00,2020-02-15T16:41:25+08:00,False,6.0,3685.0,14354.0,116.420423,39.908534,116.420407,39.895306
profit_baseline,profit_baseline_w000575,6000000000000005429,57,Dinner-Peak Core,2020-02-15T15:19:15+08:00,2020-02-15T16:09:15+08:00,2020-02-15T16:41:25+08:00,False,10.0,3685.0,14354.0,116.420043,39.92378,116.383217,39.925416
profit_baseline,profit_baseline_w000653,6000000000000006191,57,Dinner-Peak Core,2020-02-15T16:22:52+08:00,2020-02-15T17:11:52+08:00,2020-02-15T17:30:49+08:00,False,6.0,2449.0,9206.0,116.385835,39.937661,116.390397,39.924466
profit_baseline,profit_baseline_w000653,6000000000000006220,57,Dinner-Peak Core,2020-02-15T16:45:17+08:00,2020-02-15T17:54:17+08:00,2020-02-15T17:30:49+08:00,True,6.0,2449.0,9206.0,116.382994,39.932334,116.399037,39.920306
profit_baseline,profit_baseline_w000714,6000000000000007399,57,Dinner-Peak Core,2020-02-15T17:32:57+08:00,2020-02-15T18:10:57+08:00,2020-02-15T18:03:06+08:00,True,6.0,1386.0,4771.0,116.408009,39.919439,116.421047,39.911346
profit_baseline,profit_baseline_w000714,6000000000000006952,57,Dinner-Peak Core,2020-02-15T17:33:48+08:00,2020-02-15T18:13:48+08:00,2020-02-15T18:03:06+08:00,True,6.0,1386.0,4771.0,116.408087,39.918797,116.420557,39.911416
profit_baseline,profit_baseline_w000752,6000000000000007661,57,Dinner-Peak Core,2020-02-15T17:51:42+08:00,2020-02-15T18:32:42+08:00,2020-02-15T18:50:37+08:00,False,3.0,2437.0,9157.0,116.420423,39.908534,116.410767,39.905696
profit_baseline,profit_baseline_w000752,6000000000000007494,57,Dinner-Peak Core,2020-02-15T17:55:24+08:00,2020-02-15T18:40:24+08:00,2020-02-15T18:50:37+08:00,False,6.0,2437.0,9157.0,116.421641,39.921455,116.402477,39.931826
profit_baseline,profit_baseline_w000807,6000000000000008029,57,Dinner-Peak Core,2020-02-15T18:37:00+08:00,2020-02-15T19:17:00+08:00,2020-02-15T19:32:24+08:00,False,6.0,1944.0,7103.0,116.417779,39.932541,116.403897,39.929876
profit_baseline,profit_baseline_w000807,6000000000000008360,57,Dinner-Peak Core,2020-02-15T18:46:36+08:00,2020-02-15T19:21:36+08:00,2020-02-15T19:32:24+08:00,False,6.0,1944.0,7103.0,116.401902,39.932111,116.383677,39.931516
profit_baseline,profit_baseline_w000853,6000000000000008474,57,Dinner-Peak Core,2020-02-15T19:12:22+08:00,2020-02-15T20:02:22+08:00,2020-02-15T20:01:51+08:00,True,6.0,1311.0,4963.0,116.392843,39.940046,116.404037,39.956116
profit_baseline,profit_baseline_w000161,6000000000000000902,58,Dinner-Peak Core,2020-02-15T10:23:13+08:00,2020-02-15T11:06:13+08:00,2020-02-15T10:47:41+08:00,True,6.0,1661.0,6422.0,116.48118,39.959474,116.481647,39.968816
profit_baseline,profit_baseline_w000194,6000000000000001237,58,Dinner-Peak Core,2020-02-15T10:53:25+08:00,2020-02-15T11:28:25+08:00,2020-02-15T11:28:34+08:00,False,3.0,2314.0,8642.0,116.492887,39.970276,116.495937,39.971496
profit_baseline,profit_baseline_w000194,6000000000000001402,58,Dinner-Peak Core,2020-02-15T10:47:31+08:00,2020-02-15T11:30:00+08:00,2020-02-15T11:28:34+08:00,True,6.0,2314.0,8642.0,116.480889,39.970553,116.485387,39.954806
profit_baseline,profit_baseline_w000250,6000000000000001633,58,Dinner-Peak Core,2020-02-15T11:04:55+08:00,2020-02-15T11:54:55+08:00,2020-02-15T12:14:10+08:00,False,6.0,2650.0,10044.0,116.48118,39.959474,116.489917,39.974196
profit_baseline,profit_baseline_w000250,6000000000000002279,58,Dinner-Peak Core,2020-02-15T11:29:21+08:00,2020-02-15T12:02:21+08:00,2020-02-15T12:14:10+08:00,False,3.0,2650.0,10044.0,116.486081,39.953898,116.482967,39.955496
profit_baseline,profit_baseline_w000318,6000000000000003220,58,Dinner-Peak Core,2020-02-15T12:12:46+08:00,2020-02-15T12:50:46+08:00,2020-02-15T12:33:15+08:00,True,3.0,795.0,2314.0,116.493221,39.963001,116.493837,39.964376
profit_baseline,profit_baseline_w000318,6000000000000003046,58,Dinner-Peak Core,2020-02-15T12:20:55+08:00,2020-02-15T12:58:55+08:00,2020-02-15T12:33:15+08:00,True,3.0,795.0,2314.0,116.493221,39.963001,116.491467,39.965136
profit_baseline,profit_baseline_w000336,6000000000000003052,58,Dinner-Peak Core,2020-02-15T12:25:24+08:00,2020-02-15T13:04:24+08:00,2020-02-15T12:54:52+08:00,True,3.0,892.0,2719.0,116.493631,39.963989,116.492537,39.970306
profit_baseline,profit_baseline_w000336,6000000000000003476,58,Dinner-Peak Core,2020-02-15T12:41:51+08:00,2020-02-15T13:16:51+08:00,2020-02-15T12:54:52+08:00,True,3.0,892.0,2719.0,116.492887,39.970276,116.490387,39.974816
profit_baseline,profit_baseline_w000369,6000000000000003501,58,Dinner-Peak Core,2020-02-15T12:51:34+08:00,2020-02-15T13:22:34+08:00,2020-02-15T13:26:49+08:00,False,3.0,1609.0,5705.0,116.474748,39.974926,116.471057,39.972236
profit_baseline,profit_baseline_w000369,6000000000000003786,58,Dinner-Peak Core,2020-02-15T12:52:59+08:00,2020-02-15T13:22:59+08:00,2020-02-15T13:26:49+08:00,False,3.0,1609.0,5705.0,116.480582,39.969483,116.471007,39.971076
profit_baseline,profit_baseline_w000413,6000000000000004099,58,Dinner-Peak Core,2020-02-15T13:08:25+08:00,2020-02-15T13:51:25+08:00,2020-02-15T14:11:06+08:00,False,3.0,2466.0,9275.0,116.469748,39.976836,116.473447,39.974436
profit_baseline,profit_baseline_w000413,6000000000000004568,58,Dinner-Peak Core,2020-02-15T13:18:03+08:00,2020-02-15T13:53:03+08:00,2020-02-15T14:11:06+08:00,False,6.0,2466.0,9275.0,116.480647,39.970666,116.476387,39.960236
profit_baseline,profit_baseline_w000501,6000000000000004913,58,Dinner-Peak Core,2020-02-15T14:14:24+08:00,2020-02-15T15:09:24+08:00,2020-02-15T14:56:06+08:00,True,6.0,1566.0,6025.0,116.465271,39.948092,116.430747,39.943116
profit_baseline,profit_baseline_w000531,6000000000000004931,58,Dinner-Peak Core,2020-02-15T14:30:03+08:00,2020-02-15T15:04:03+08:00,2020-02-15T15:20:25+08:00,False,6.0,1225.0,4602.0,116.444766,39.935907,116.437867,39.925346
profit_baseline,profit_baseline_w000562,6000000000000005624,58,Dinner-Peak Core,2020-02-15T15:11:24+08:00,2020-02-15T15:47:24+08:00,2020-02-15T15:59:37.312500+08:00,False,3.0,1777.31,6405.0,116.43957,39.918589,116.438897,39.918616
profit_baseline,profit_baseline_w000562,6000000000000005635,58,Dinner-Peak Core,2020-02-15T15:23:05+08:00,2020-02-15T16:00:05+08:00,2020-02-15T15:59:37.312500+08:00,True,6.0,1777.31,6405.0,116.426847,39.931434,116.438887,39.918626
profit_baseline,profit_baseline_w000594,6000000000000005703,58,Dinner-Peak Core,2020-02-15T15:38:28+08:00,2020-02-15T16:14:28+08:00,2020-02-15T16:50:53+08:00,False,6.0,3053.0,11721.0,116.440718,39.923396,116.464637,39.915126
profit_baseline,profit_baseline_w000594,6000000000000005862,58,Dinner-Peak Core,2020-02-15T15:39:10+08:00,2020-02-15T16:24:10+08:00,2020-02-15T16:50:53+08:00,False,6.0,3053.0,11721.0,116.432278,39.921768,116.430957,39.939206
profit_baseline,profit_baseline_w000661,6000000000000006413,58,Dinner-Peak Core,2020-02-15T16:47:26+08:00,2020-02-15T17:30:27+08:00,2020-02-15T17:48:21+08:00,False,6.0,2901.0,11091.0,116.437946,39.931657,116.432967,39.919116
profit_baseline,profit_baseline_w000661,6000000000000006543,58,Dinner-Peak Core,2020-02-15T16:38:21+08:00,2020-02-15T17:33:21+08:00,2020-02-15T17:48:21+08:00,False,6.0,2901.0,11091.0,116.419143,39.940516,116.429937,39.933236
profit_baseline,profit_baseline_w000734,6000000000000007230,58,Dinner-Peak Core,2020-02-15T17:34:14+08:00,2020-02-15T18:12:14+08:00,2020-02-15T18:27:37+08:00,False,3.0,2257.0,8406.0,116.436028,39.924559,116.433667,39.920416
profit_baseline,profit_baseline_w000734,6000000000000006818,58,Dinner-Peak Core,2020-02-15T17:25:11+08:00,2020-02-15T18:20:11+08:00,2020-02-15T18:27:37+08:00,False,6.0,2257.0,8406.0,116.440748,39.920931,116.433737,39.934806
profit_baseline,profit_baseline_w000775,6000000000000007359,58,Dinner-Peak Core,2020-02-15T18:02:27+08:00,2020-02-15T18:38:27+08:00,2020-02-15T18:53:37+08:00,False,3.0,1417.0,4907.0,116.440727,39.931057,116.444207,39.930496
profit_baseline,profit_baseline_w000775,6000000000000007220,58,Dinner-Peak Core,2020-02-15T18:00:01+08:00,2020-02-15T18:45:01+08:00,2020-02-15T18:53:37+08:00,False,3.0,1417.0,4907.0,116.4375,39.928334,116.442147,39.927746
profit_baseline,profit_baseline_w000812,6000000000000008251,58,Dinner-Peak Core,2020-02-15T18:31:12+08:00,2020-02-15T19:14:12+08:00,2020-02-15T19:36:11+08:00,False,6.0,2171.0,8046.0,116.434903,39.921917,116.448867,39.924936
profit_baseline,profit_baseline_w000812,6000000000000008341,58,Dinner-Peak Core,2020-02-15T18:37:54+08:00,2020-02-15T19:24:54+08:00,2020-02-15T19:36:11+08:00,False,6.0,2171.0,8046.0,116.442171,39.916069,116.429937,39.914136
profit_baseline,profit_baseline_w000854,6000000000000008967,58,Dinner-Peak Core,2020-02-15T19:25:38+08:00,2020-02-15T20:09:38+08:00,2020-02-15T19:59:13+08:00,True,6.0,1153.0,4305.0,116.43835,39.90377,116.442577,39.918916
profit_baseline,profit_baseline_w000874,6000000000000008972,58,Dinner-Peak Core,2020-02-15T19:35:06+08:00,2020-02-15T20:34:06+08:00,2020-02-15T20:32:39+08:00,True,6.0,1959.0,7163.0,116.453132,39.922229,116.444907,39.914406
profit_baseline,profit_baseline_w000874,6000000000000008928,58,Dinner-Peak Core,2020-02-15T19:49:11+08:00,2020-02-15T20:36:11+08:00,2020-02-15T20:32:39+08:00,True,6.0,1959.0,7163.0,116.45236,39.920189,116.466787,39.915836
profit_baseline,profit_baseline_w000004,6000000000000000212,59,Dinner-Peak Core,2020-02-15T08:07:54+08:00,2020-02-15T10:45:00+08:00,2020-02-15T08:21:49+08:00,True,6.0,1309.0,4952.0,116.434859,39.938419,116.427477,39.928296
profit_baseline,profit_baseline_w000090,6000000000000000670,59,Dinner-Peak Core,2020-02-15T09:27:35+08:00,2020-02-15T10:02:35+08:00,2020-02-15T10:06:21+08:00,False,6.0,2781.0,10587.0,116.446389,39.92748,116.429167,39.926216
profit_baseline,profit_baseline_w000090,6000000000000000263,59,Dinner-Peak Core,2020-02-15T09:23:52+08:00,2020-02-15T10:18:52+08:00,2020-02-15T10:06:21+08:00,True,6.0,2781.0,10587.0,116.419637,39.911836,116.420717,39.924046
profit_baseline,profit_baseline_w000141,6000000000000000598,59,Dinner-Peak Core,2020-02-15T09:43:34+08:00,2020-02-15T10:45:00+08:00,2020-02-15T10:33:25+08:00,True,6.0,1405.0,4853.0,116.416098,39.919745,116.432967,39.924936
profit_baseline,profit_baseline_w000141,6000000000000000549,59,Dinner-Peak Core,2020-02-15T10:06:25+08:00,2020-02-15T10:52:25+08:00,2020-02-15T10:33:25+08:00,True,6.0,1405.0,4853.0,116.416098,39.919745,116.432207,39.924816
profit_baseline,profit_baseline_w000187,6000000000000000496,59,Dinner-Peak Core,2020-02-15T10:11:02+08:00,2020-02-15T11:00:02+08:00,2020-02-15T11:17:59+08:00,False,6.0,2279.0,8497.0,116.417006,39.915784,116.411627,39.926266
profit_baseline,profit_baseline_w000187,6000000000000001263,59,Dinner-Peak Core,2020-02-15T10:21:00+08:00,2020-02-15T11:03:00+08:00,2020-02-15T11:17:59+08:00,False,6.0,2279.0,8497.0,116.42895,39.9178,116.427777,39.927176
profit_baseline,profit_baseline_w000235,6000000000000001312,59,Dinner-Peak Core,2020-02-15T11:05:00+08:00,2020-02-15T11:38:00+08:00,2020-02-15T11:32:04+08:00,True,6.0,724.0,2015.0,116.426847,39.931434,116.425937,39.920656
profit_baseline,profit_baseline_w000235,6000000000000001462,59,Dinner-Peak Core,2020-02-15T11:05:58+08:00,2020-02-15T11:38:58+08:00,2020-02-15T11:32:04+08:00,True,6.0,724.0,2015.0,116.426847,39.931434,116.425937,39.920656
profit_baseline,profit_baseline_w000264,6000000000000001962,59,Dinner-Peak Core,2020-02-15T11:18:02+08:00,2020-02-15T11:49:02+08:00,2020-02-15T12:19:57+08:00,False,3.0,2397.0,8986.0,116.428914,39.9238,116.437437,39.923646
profit_baseline,profit_baseline_w000264,6000000000000001666,59,Dinner-Peak Core,2020-02-15T11:16:14+08:00,2020-02-15T11:57:14+08:00,2020-02-15T12:19:57+08:00,False,6.0,2397.0,8986.0,116.419637,39.911836,116.417477,39.923876
profit_baseline,profit_baseline_w000315,6000000000000003090,59,Dinner-Peak Core,2020-02-15T11:52:16+08:00,2020-02-15T12:24:16+08:00,2020-02-15T12:38:24+08:00,False,3.0,1104.0,3598.0,116.430137,39.923786,116.434437,39.921416
profit_baseline,profit_baseline_w000315,6000000000000002508,59,Dinner-Peak Core,2020-02-15T11:58:36+08:00,2020-02-15T12:36:36+08:00,2020-02-15T12:38:24+08:00,False,3.0,1104.0,3598.0,116.42927,39.920828,116.431687,39.925186
profit_baseline,profit_baseline_w000341,6000000000000003230,59,Dinner-Peak Core,2020-02-15T12:16:40+08:00,2020-02-15T13:01:40+08:00,2020-02-15T13:18:51+08:00,False,6.0,2331.0,8713.0,116.421206,39.932948,116.404457,39.929436
profit_baseline,profit_baseline_w000341,6000000000000003357,59,Dinner-Peak Core,2020-02-15T12:24:06+08:00,2020-02-15T13:04:06+08:00,2020-02-15T13:18:51+08:00,False,3.0,2331.0,8713.0,116.421641,39.921455,116.416927,39.924556
profit_baseline,profit_baseline_w000404,6000000000000003886,59,Dinner-Peak Core,2020-02-15T13:04:42+08:00,2020-02-15T13:35:42+08:00,2020-02-15T14:24:58+08:00,False,6.0,3898.0,15242.0,116.422522,39.939235,116.411417,39.932906
profit_baseline,profit_baseline_w000404,6000000000000004331,59,Dinner-Peak Core,2020-02-15T13:13:03+08:00,2020-02-15T13:47:03+08:00,2020-02-15T14:24:58+08:00,False,6.0,3898.0,15242.0,116.439021,39.92233,116.443807,39.912276
profit_baseline,profit_baseline_w000493,6000000000000004472,59,Dinner-Peak Core,2020-02-15T14:08:01+08:00,2020-02-15T14:49:01+08:00,2020-02-15T14:50:15+08:00,False,3.0,1215.0,4063.0,116.448545,39.911598,116.451147,39.919166
profit_baseline,profit_baseline_w000493,6000000000000005105,59,Dinner-Peak Core,2020-02-15T14:25:17+08:00,2020-02-15T15:14:17+08:00,2020-02-15T14:50:15+08:00,True,6.0,1215.0,4063.0,116.446566,39.91035,116.459507,39.923406
profit_baseline,profit_baseline_w000535,6000000000000005061,59,Dinner-Peak Core,2020-02-15T14:39:26+08:00,2020-02-15T15:20:26+08:00,2020-02-15T15:37:36+08:00,False,6.0,2256.0,8399.0,116.450857,39.911421,116.465957,39.920206
profit_baseline,profit_baseline_w000535,6000000000000005408,59,Dinner-Peak Core,2020-02-15T14:58:05+08:00,2020-02-15T15:43:05+08:00,2020-02-15T15:37:36+08:00,True,6.0,2256.0,8399.0,116.441156,39.915621,116.452307,39.922616
profit_baseline,profit_baseline_w000573,6000000000000005536,59,Dinner-Peak Core,2020-02-15T15:35:46+08:00,2020-02-15T16:20:46+08:00,2020-02-15T16:39:12+08:00,False,6.0,3552.0,13798.0,116.443289,39.93116,116.430767,39.941646
profit_baseline,profit_baseline_w000573,6000000000000005656,59,Dinner-Peak Core,2020-02-15T15:47:52+08:00,2020-02-15T16:36:52+08:00,2020-02-15T16:39:12+08:00,False,6.0,3552.0,13798.0,116.45257300000002,39.919785,116.474767,39.931946
profit_baseline,profit_baseline_w000641,6000000000000006509,59,Dinner-Peak Core,2020-02-15T16:35:45+08:00,2020-02-15T19:35:45+08:00,2020-02-15T16:57:56+08:00,True,3.0,1076.0,3983.0,116.491472,39.932166,116.497557,39.932266
profit_baseline,profit_baseline_w000660,6000000000000006430,59,Dinner-Peak Core,2020-02-15T17:02:37+08:00,2020-02-15T18:14:37+08:00,2020-02-15T17:22:37+08:00,True,6.0,1357.0,4652.0,116.495335,39.932599,116.495797,39.921256
profit_baseline,profit_baseline_w000660,6000000000000007017,59,Dinner-Peak Core,2020-02-15T17:07:21+08:00,2020-02-15T20:06:21+08:00,2020-02-15T17:22:37+08:00,True,6.0,1357.0,4652.0,116.491472,39.932166,116.513767,39.922006
profit_baseline,profit_baseline_w000701,6000000000000007159,59,Dinner-Peak Core,2020-02-15T17:22:58+08:00,2020-02-15T18:10:58+08:00,2020-02-15T18:18:49+08:00,False,3.0,2929.0,11202.0,116.508466,39.922514,116.504307,39.925106
profit_baseline,profit_baseline_w000701,6000000000000007015,59,Dinner-Peak Core,2020-02-15T17:33:57+08:00,2020-02-15T18:20:57+08:00,2020-02-15T18:18:49+08:00,True,10.0,2929.0,11202.0,116.506787,39.915936,116.545897,39.914626
profit_baseline,profit_baseline_w000760,6000000000000007668,59,Dinner-Peak Core,2020-02-15T17:56:12+08:00,2020-02-15T19:08:12+08:00,2020-02-15T18:48:25+08:00,True,6.0,1705.0,6105.0,116.545654,39.915477,116.557627,39.905376
profit_baseline,profit_baseline_w000760,6000000000000007525,59,Dinner-Peak Core,2020-02-15T18:14:10+08:00,2020-02-15T19:18:10+08:00,2020-02-15T18:48:25+08:00,True,6.0,1705.0,6105.0,116.541672,39.915172,116.548237,39.906586
profit_baseline,profit_baseline_w000797,6000000000000008520,59,Dinner-Peak Core,2020-02-15T18:58:09+08:00,2020-02-15T19:51:09+08:00,2020-02-15T19:11:26+08:00,True,6.0,1286.0,4859.0,116.551064,39.916399,116.551067,39.903386
profit_baseline,profit_baseline_w000833,6000000000000008571,59,Dinner-Peak Core,2020-02-15T19:17:49+08:00,2020-02-15T20:05:49+08:00,2020-02-15T20:06:10+08:00,False,6.0,2770.0,10544.0,116.5584,39.915093,116.577657,39.912546
profit_baseline,profit_baseline_w000833,6000000000000008704,59,Dinner-Peak Core,2020-02-15T19:20:21+08:00,2020-02-15T20:30:21+08:00,2020-02-15T20:06:10+08:00,True,10.0,2770.0,10544.0,116.557814,39.919338,116.594917,39.912076
profit_baseline,profit_baseline_w000010,6000000000000000442,60,Dinner-Peak Core,2020-02-15T08:11:04+08:00,2020-02-15T10:45:00+08:00,2020-02-15T08:19:02+08:00,True,3.0,542.0,1758.0,116.306018,39.97894,116.311937,39.979456
profit_baseline,profit_baseline_w000012,6000000000000000562,60,Dinner-Peak Core,2020-02-15T08:26:09+08:00,2020-02-15T11:15:00+08:00,2020-02-15T08:36:53+08:00,True,6.0,1013.0,3724.0,116.306018,39.97894,116.324447,39.989186
profit_baseline,profit_baseline_w000073,6000000000000000735,60,Dinner-Peak Core,2020-02-15T09:16:57+08:00,2020-02-15T12:16:57+08:00,2020-02-15T09:42:04+08:00,True,10.0,1924.0,7517.0,116.306018,39.97894,116.322767,40.010126
profit_baseline,profit_baseline_w000152,6000000000000000893,60,Dinner-Peak Core,2020-02-15T10:15:20+08:00,2020-02-15T11:15:00+08:00,2020-02-15T10:39:50+08:00,True,6.0,1790.0,6961.0,116.343574,40.008209,116.357567,40.010666
profit_baseline,profit_baseline_w000191,6000000000000001440,60,Dinner-Peak Core,2020-02-15T10:44:13+08:00,2020-02-15T13:14:13+08:00,2020-02-15T11:04:33+08:00,True,6.0,1473.0,5640.0,116.365086,39.995571,116.391127,40.003596
profit_baseline,profit_baseline_w000226,6000000000000000996,60,Dinner-Peak Core,2020-02-15T10:45:11+08:00,2020-02-15T11:30:11+08:00,2020-02-15T11:36:13+08:00,False,3.0,1573.0,5555.0,116.395221,40.004671,116.399897,40.004196
profit_baseline,profit_baseline_w000226,6000000000000002126,60,Dinner-Peak Core,2020-02-15T11:06:36+08:00,2020-02-15T11:39:36+08:00,2020-02-15T11:36:13+08:00,True,6.0,1573.0,5555.0,116.405292,40.005857,116.409297,39.992286
profit_baseline,profit_baseline_w000265,6000000000000001330,60,Dinner-Peak Core,2020-02-15T11:22:23+08:00,2020-02-15T11:52:24+08:00,2020-02-15T12:09:46+08:00,False,6.0,1786.0,6446.0,116.422482,39.989411,116.415297,40.000286
profit_baseline,profit_baseline_w000265,6000000000000002263,60,Dinner-Peak Core,2020-02-15T11:18:59+08:00,2020-02-15T12:00:59+08:00,2020-02-15T12:09:46+08:00,False,3.0,1786.0,6446.0,116.406706,39.995221,116.416987,39.998616
profit_baseline,profit_baseline_w000306,6000000000000002715,60,Dinner-Peak Core,2020-02-15T11:46:17+08:00,2020-02-15T12:43:17+08:00,2020-02-15T12:32:03+08:00,True,6.0,1323.0,4514.0,116.422278,39.98921,116.408467,39.985336
profit_baseline,profit_baseline_w000306,6000000000000002577,60,Dinner-Peak Core,2020-02-15T12:08:40+08:00,2020-02-15T12:43:40+08:00,2020-02-15T12:32:03+08:00,True,3.0,1323.0,4514.0,116.406793,39.985754,116.407947,39.985626
profit_baseline,profit_baseline_w000352,6000000000000003146,60,Dinner-Peak Core,2020-02-15T12:27:49+08:00,2020-02-15T12:57:49+08:00,2020-02-15T13:18:11+08:00,False,3.0,1691.0,6047.0,116.413329,39.988372,116.413567,39.982126
profit_baseline,profit_baseline_w000352,6000000000000003359,60,Dinner-Peak Core,2020-02-15T12:27:55+08:00,2020-02-15T13:06:55+08:00,2020-02-15T13:18:11+08:00,False,3.0,1691.0,6047.0,116.399187,39.982024,116.399477,39.985746
profit_baseline,profit_baseline_w000399,6000000000000003663,60,Dinner-Peak Core,2020-02-15T13:03:24+08:00,2020-02-15T13:33:24+08:00,2020-02-15T14:19:27+08:00,False,6.0,3567.0,13861.0,116.414643,39.986435,116.429437,39.985956
profit_baseline,profit_baseline_w000399,6000000000000003888,60,Dinner-Peak Core,2020-02-15T13:05:18+08:00,2020-02-15T13:44:18+08:00,2020-02-15T14:19:27+08:00,False,3.0,3567.0,13861.0,116.400121,39.993694,116.405817,39.995676
profit_baseline,profit_baseline_w000478,6000000000000004858,60,Dinner-Peak Core,2020-02-15T14:27:07+08:00,2020-02-15T15:01:07+08:00,2020-02-15T14:45:58+08:00,True,3.0,1558.0,5490.0,116.412054,39.992106,116.414457,39.993406
profit_baseline,profit_baseline_w000478,6000000000000005049,60,Dinner-Peak Core,2020-02-15T14:28:47+08:00,2020-02-15T15:04:47+08:00,2020-02-15T14:45:58+08:00,True,6.0,1558.0,5490.0,116.398434,39.996922,116.412617,39.991946
profit_baseline,profit_baseline_w000512,6000000000000005077,60,Dinner-Peak Core,2020-02-15T14:51:30+08:00,2020-02-15T15:27:30+08:00,2020-02-15T15:00:32+08:00,True,3.0,632.0,2132.0,116.406793,39.985754,116.409137,39.985636
profit_baseline,profit_baseline_w000538,6000000000000005297,60,Dinner-Peak Core,2020-02-15T14:53:17+08:00,2020-02-15T15:27:17+08:00,2020-02-15T15:30:17+08:00,False,3.0,1217.0,4070.0,116.411606,39.98756,116.412487,39.981146
profit_baseline,profit_baseline_w000538,6000000000000005472,60,Dinner-Peak Core,2020-02-15T15:19:42+08:00,2020-02-15T17:49:42+08:00,2020-02-15T15:30:17+08:00,True,6.0,1217.0,4070.0,116.407064,39.980573,116.421367,39.976716
profit_baseline,profit_baseline_w000577,6000000000000005652,60,Dinner-Peak Core,2020-02-15T15:42:47+08:00,2020-02-15T16:20:47+08:00,2020-02-15T15:53:19+08:00,True,3.0,799.0,2830.0,116.42561200000002,39.968176,116.427727,39.964506
profit_baseline,profit_baseline_w000597,6000000000000005650,60,Dinner-Peak Core,2020-02-15T15:41:35+08:00,2020-02-15T16:22:35+08:00,2020-02-15T16:48:36+08:00,False,6.0,2916.0,11148.0,116.42295,39.957621,116.402247,39.957726
profit_baseline,profit_baseline_w000597,6000000000000005550,60,Dinner-Peak Core,2020-02-15T15:47:52+08:00,2020-02-15T16:25:52+08:00,2020-02-15T16:48:36+08:00,False,6.0,2916.0,11148.0,116.440257,39.957399,116.436077,39.969266
profit_baseline,profit_baseline_w000648,6000000000000006217,60,Dinner-Peak Core,2020-02-15T16:43:36+08:00,2020-02-15T17:30:36+08:00,2020-02-15T17:07:38+08:00,True,3.0,1058.0,3412.0,116.436723,39.970194,116.443577,39.966426
profit_baseline,profit_baseline_w000648,6000000000000006707,60,Dinner-Peak Core,2020-02-15T16:58:47+08:00,2020-02-15T17:34:47+08:00,2020-02-15T17:07:38+08:00,True,3.0,1058.0,3412.0,116.441683,39.967167,116.444857,39.966236
profit_baseline,profit_baseline_w000683,6000000000000006587,60,Dinner-Peak Core,2020-02-15T17:03:07+08:00,2020-02-15T17:52:07+08:00,2020-02-15T18:39:11+08:00,False,6.0,5351.0,21294.0,116.451267,39.978316,116.443807,39.992826
profit_baseline,profit_baseline_w000683,6000000000000006798,60,Dinner-Peak Core,2020-02-15T17:17:59+08:00,2020-02-15T17:52:59+08:00,2020-02-15T18:39:11+08:00,False,6.0,5351.0,21294.0,116.445074,39.949573,116.433327,39.952476
profit_baseline,profit_baseline_w000782,6000000000000007622,60,Dinner-Peak Core,2020-02-15T18:22:22+08:00,2020-02-15T19:04:22+08:00,2020-02-15T19:00:32+08:00,True,3.0,1232.0,4131.0,116.435299,39.954888,116.434997,39.956306
profit_baseline,profit_baseline_w000782,6000000000000007550,60,Dinner-Peak Core,2020-02-15T18:13:40+08:00,2020-02-15T19:11:40+08:00,2020-02-15T19:00:32+08:00,True,6.0,1232.0,4131.0,116.435259,39.951275,116.430207,39.964056
profit_baseline,profit_baseline_w000822,6000000000000007946,60,Dinner-Peak Core,2020-02-15T18:59:10+08:00,2020-02-15T19:34:10+08:00,2020-02-15T19:45:05+08:00,False,3.0,2105.0,7772.0,116.429473,39.960532,116.429757,39.962346
profit_baseline,profit_baseline_w000822,6000000000000008554,60,Dinner-Peak Core,2020-02-15T19:00:06+08:00,2020-02-15T19:37:06+08:00,2020-02-15T19:45:05+08:00,False,6.0,2105.0,7772.0,116.440257,39.957399,116.452227,39.956056
profit_baseline,profit_baseline_w000861,6000000000000008632,60,Dinner-Peak Core,2020-02-15T19:20:24+08:00,2020-02-15T19:53:24+08:00,2020-02-15T20:12:16+08:00,False,6.0,1336.0,4568.0,116.454667,39.957306,116.444037,39.947906
profit_baseline,profit_baseline_w000861,6000000000000009035,60,Dinner-Peak Core,2020-02-15T19:28:56+08:00,2020-02-15T20:04:56+08:00,2020-02-15T20:12:16+08:00,False,6.0,1336.0,4568.0,116.454667,39.957306,116.443977,39.947896
